{
  "A Group": "",
  "Add Link": "",
  "Add a description": "",
  "Add a tag": "",
  "Admin Settings": "",
  "All Invoices": "",
  "Assign Members": "",
  "Assigned Members": "",
  "Attach / Link": "",
  "Back to Board Tiles": "",
  "Bookmark": "",
  "By using this service you agree to the": "",
  "Card": "",
  "Card Created": "",
  "Card Tags": "",
  "Choose Board": "",
  "Choose List": "",
  "Choose List/Card": "",
  "Choose a folder": "",
  "Click to set": "",
  "Collapse All": "",
  "Copy Board": "",
  "Copy of": "",
  "Created this {{ type }}": "",
  "Dates": "",
  "Disable {{groupTitle}} notifications": "",
  "Does not change which users have completed the task.": "",
  "Due: {{{ date }}}": "",
  "Enable {{groupTitle}} notifications": "",
  "End": "",
  "End date": "",
  "End: {{{ date }}}": "",
  "Enter Board Details": "",
  "Error, please try again later": "",
  "Everyone": "",
  "Expand All": "",
  "File Provider": "",
  "First {{num}} users": "",
  "Group timeline by Assignment": "",
  "Group timeline by Colour": "",
  "Group timeline by List": "",
  "Include email body": "",
  "Invite by email": "",
  "Jump to card/today": "",
  "Links and Attachments ({{count}})": "",
  "Loading": "",
  "Loading Boards": "",
  "Mark Task Complete": "",
  "Mark Task Incomplete": "",
  "Meetings": "",
  "My Files": "",
  "My Organisation": "",
  "No files/folders to show": "",
  "No folders to show": "",
  "No results found": "",
  "Open Board": "",
  "Open boards in new tab": "",
  "Pinned Files": "",
  "Private": "",
  "Remove": "",
  "Search Board Name": "",
  "Search Boards": "",
  "Search Templates": "",
  "Search Users and Groups": "",
  "Select Boards": "",
  "Select boards to show todos from": "",
  "Shared Files": "",
  "Show All": "",
  "Show Details": "",
  "Show more ancestors": "",
  "Show {{n}} more": "",
  "Showing All My Todos": "",
  "Showing My Todos from": "",
  "Something went wrong": "",
  "Something went wrong. Please try again later.": "",
  "Sorry, this file is {{size}} which is larger than the maximum of {{max}}": "",
  "Sorry, we are unable to find what you requested": "",
  "Start date": "",
  "Start: {{{ date }}}": "",
  "Switch Profile": "",
  "Task will be completed for all, you will still see which individuals completed the task.": "",
  "Terms & Conditions": "",
  "The licence for your organisation has expired": "",
  "The trial for your organisation has expired": "",
  "Unknown": "",
  "Updated this {{type}}": "",
  "Upload to": "",
  "Upload to this board": "",
  "User options": "",
  "You are not authorised to perform this action": "",
  "Zoom Level": "",
  "board": "",
  "boards": "",
  "comment": "",
  "entry": "",
  "list": "",
  "task": "",
  "team": "",
  "{{count}} future card(s) not currently visible": "",
  "{{count}} historical card(s) not currently visible": "",
  "{{num}} named users": ""
}