{
  "Attach / Link": "",
  "Back to Board Tiles": "",
  "Card Created": "",
  "Collapse All": "",
  "Created this {{ type }}": "",
  "Disable {{groupTitle}} notifications": "",
  "Does not change which users have completed the task.": "",
  "Enable {{groupTitle}} notifications": "",
  "Error, please try again later": "",
  "Expand All": "",
  "Loading Boards": "",
  "Mark Task Complete": "",
  "Mark Task Incomplete": "",
  "No results found": "",
  "Remove": "",
  "Select boards to show todos from": "",
  "Show Details": "",
  "Sorry, this file is {{size}} which is larger than the maximum of {{max}}": "",
  "Task will be completed for all, you will still see which individuals completed the task.": "",
  "Updated this {{type}}": "",
  "board": "",
  "boards": "",
  "comment": "",
  "list": "",
  "team": ""
}