{
  "": "",
  "'{{userName}}' will not be able to view the message because they cannot access this Board": "ليس بإمكان '{{userName}}' عرض الرسالة لعدم إمكانية التوصل إلى هذه اللوحة",
  "(Copy Of) ": "(نسخة من)",
  "A problem occurred when creating invite": "حدثت مشكلة أثناء إنشاء الدعوة",
  "A problem occurred when deleting node": "حدثت مشكلة أثناء حذف العُقدة",
  "A problem occurred when getting a node": "حدثت مشكلة أثناء الحصول على عُقدة",
  "A problem occurred when redeeming invite": "حدثت مشكلة أثناء استرداد الدعوة",
  "A problem occurred when removing invite": "حدثت مشكلة أثناء إزالة الدعوة",
  "A problem occurred when removing member": "حدثت مشكلة أثناء إزالة العضو",
  "A problem occurred when saving invite": "حدثت مشكلة أثناء حفظ الدعوة",
  "A problem occurred when saving member": "حدثت مشكلة أثناء حفظ العضو",
  "A problem occurred when saving node": "حدثت مشكلة أثناء حفظ العقدة",
  "A problem occurred when updating invite": "حدثت مشكلة أثناء تحديث الدعوة",
  "A user with that email address already exists": "يوجد مستخدم بعنوان البريد الإلكتروني هذا بالفعل",
  "A user with that email address already exists as a member of this board": "يوجد مستخدم بعنوان البريد الإلكتروني هذا بالفعل كعضو في هذه اللوحة",
  "Accessed in the Last Month": "نسبة التوصل في الشهر الأخير",
  "Accessed since": "نسبة التوصل منذ",
  "Account Balance: {{credit}}": "رصيد الحساب: {{credit}}",
  "Account Unlinked": "الحساب غير المرتبط",
  "Actions": "التصرفات",
  "Active": "فعّال",
  "Active Boards": "اللوحات الفعالة",
  "Active Workspace Meetings": "اجتماعات مساحة العمل الفعالة",
  "Activity": "النشاط",
  "Activity data is loading...": "جاري تحميل بيانات النشاط...",
  "Activity Migration": "تطوير نسخة النشاط",
  "Activity Name": "اسم النشاط",
  "Add": "اضافة",
  "Add a Card": "إضافة بطاقة",
  "Add a Comment": "اضافة تعقيب",
  "Add a Description": "إضافة وصف",
  "Add a List": "إضافة كشف",
  "Add a list": "إضافة كشف",
  "Add a Tag": "إضافة شارة تعليم",
  "Add an attachment or link": "إضافة ملحق أو رابط",
  "Add another": "إضافة آخر",
  "Add Attachment": "إضافة ملحق",
  "Add Bookmark": "اضافة علامة توقف",
  "Add Client": "إضافة وحدة تابعة",
  "Add Custom Field": "إضافة مجال مهيأ",
  "Add file": "إضافة ملف",
  "Add individuals or groups as members, or invite by email": "اضافة أشخاص أو مجموعات كأعضاء أو دعوتهم بالبريد الإلكتروني",
  "Add Label": "إضافة تسمية",
  "Add label '{{filter}}'": "إضافة تسمية '{{filter}}'",
  "Add Licence": "إضافة ترخيص",
  "Add Member": "اضافة عضو",
  "Add members": "إضافة أعضاء",
  "Add Organisation": "إضافة مؤسسة",
  "Add people to your board or invite by email": "إضافة أشخاص إلى اللوحة أو دعوتهم بالبريد الإلكتروني",
  "Add User": "إضافة مستخدم",
  "Admin approval failed": "فشل اعتماد المسؤول",
  "Admin Users": "المستخدمون المسؤولون",
  "Administrator approval required.": "اعتماد المسؤول مطلوب.",
  "Administrators": "المسؤولين",
  "Advanced": "متقدم",
  "Agenda": "الأجندة",
  "All": "الكل",
  "All Activities": "كل الأنشطة",
  "All Boards": "كل اللوحات",
  "All cards are scheduled.": "تمت جدولة كل البطاقات.",
  "All Templates": "كل القوالب",
  "Allow Invite by Email": "إتاحة الدعوة بالبريد الإلكتروني",
  "Already linked": "مرتبط بالفعل",
  "Amount": "المبلغ",
  "Amount Due": "المبلغ المستحق",
  "Amount Due Now: {{due}}": "المبلغ المستحق حاليًا: {{due}}",
  "Amount Paid": "المبلغ المدفوع",
  "An account of this type already linked": "يوجد حساب من هذا النوع مرتبط بالفعل",
  "An invitation for the specified email address already exists on this board": "توجد دعوة لعنوان البريد الإلكتروني المحدد على هذه اللوحة بالفعل",
  "and is already a member of this board": "وهو بالفعل عضو في هذه اللوحة",
  "Apply Template": "تطبيق القالب",
  "Approve": "‏موافقة‏",
  "Approve Advanced Features": "اعتماد الخصائص المتقدمة",
  "Archive": "تخزين",
  "Archive Card": "تخزين البطاقة",
  "Archive Cards in List": "تخزين البطاقات في الكشف",
  "Archive List": "تخزين الكشف",
  "Archived": "مُخزَّن",
  "Archived Boards": "اللوحات المُخزَّنة",
  "Archived Templates": "القوالب المُخزَّنة",
  "Are you sure you want to cancel this licence? This will take effect at the end of the current period.": "هل تريد بالتأكيد إلغاء هذا الترخيص؟ سيدخل هذا حيز النفاذ في نهاية الفترة الحالية.",
  "Are you sure you want to delete this licence? CAUTION: This will delete any associated credit card information": "هل تريد بالتأكيد حذف هذا الترخيص؟ تنبيه: سيؤدي ذلك إلى حذف أي معلومات خاصة ببطاقة الائتمان المرتبطة",
  "Are you sure you want to reactivate this licence?": "هل تريد بالفعل إعادة تنشيط هذا الترخيص؟",
  "Are you sure you want to unlink your {{provider}} account?": "هل تريد بالفعل إلغاء ربط حساب {{provider}} الخاص بك؟",
  "Are you sure you wish to leave '{{boardName}}'? This action cannot be undone by you.": "هل تريد بالفعل مغادرة {{boardName}}؟ لا يمكن التراجع عن هذا التصرف بواسطتك؟",
  "Are you sure?": "هل تريد بالفعل؟",
  "Are You Sure?": "هل أنت متأكد؟",
  "Are you sure? This will reinstate the previous billing schedule": "هل أنت متأكد؟ سيؤدي ذلك إلى إعادة المطالبة بجدول الفوترة السابق",
  "Are you sure? This will take effect at the end of the current billing cycle": "هل أنت متأكد؟ سوف يسري مفعول ذلك في نهاية دورة الفوترة الحالية",
  "Asia Pacific": "آسيا والمحيط الهادئ",
  "Assign Users": "تكليف المستخدمين",
  "Assigned": "المخصص",
  "Assigned to": "مخصص الى",
  "Assigned To Me": "مخصص لي",
  "Assigned Users that will be added to the Destination Board": "المستخدمون المكلفون الذين ستتم إضافتهم إلى اللوحة الوجهة",
  "Assignees": "المكلفون",
  "Assignments": "التخصيصات",
  "Attach": "إلحاق",
  "Attachments": "المرفقات",
  "Auth0 url": "Auth0 url",
  "Authentication Clients": "وحدات التوثيق التابعة",
  "Author": "‏المؤلف‏",
  "author": "المؤلف",
  "awaiting acceptance": "في انتظار القبول",
  "Back": "للخلف",
  "Back to Boards": "العودة إلى اللوحات",
  "Back to Colour Selection": "العودة إلى تحديد اللون",
  "Bad Request": "طلب غير صحيح",
  "Best viewed in fullscreen": "أفضل عرض في وضع ملء الشاشة",
  "Billing Cycle": "دورة الفوترة",
  "Billing period: {{interval}}": "فترة الفوترة: {{interval}}",
  "Blank": "فارغ",
  "Board": "اللوحة",
  "Board Archive": "تخزين بيانات اللوحة",
  "Board Labels": "تسميات اللوحة",
  "Board Members": "أعضاء اللوحة",
  "Board Name": "اسم اللوحة",
  "Boards": "اللوحات",
  "Boards linked directly to this user": "اللوحات المرتبطة مباشرة بهذا المستخدم",
  "Boards linked through group membership": "اللوحات المرتبطة عبر عضوية المجموعة",
  "Boards premium preview": "معاينة متميزة للوحات",
  "Bookmarks": "علامات التوقف",
  "Buy Licence": "شراء ترخيص",
  "Buy Online": "شراء عبر الإنترنت",
  "by": "بواسطة",
  "Cancel": "الغاء",
  "Cancel Licence": "إلغاء الترخيص",
  "Cancelled": "مُلغى",
  "Cannot Leave Board": "يتعذر مغادرة اللوحة",
  "Card Name": "اسم البطاقة",
  "Card Number": "رقم البطاقة",
  "Cards": "البطاقات",
  "Central Europe": "أوروبا الوسطى",
  "Choose a board": "اختيار لوحة",
  "Choose a Template": "اختيار قالب",
  "Classic": "تقليدي",
  "Clear Search": "مسح البحث",
  "Clear Selected": "مسح المُحدد",
  "Clear Selected Filters": "محو مرشحات البيانات المحددة",
  "Click for details": "اضغط للتفاصيل",
  "Click for more information about approving advanced features": "اضغط للحصول على مزيد من المعلومات حول الموافقة على الميزات المتقدمة",
  "Click here": "اضغط هنا",
  "Click here for details": "اضغط هنا للحصول على التفاصيل",
  "Click here for details.": "اضغط هنا للحصول على التفاصيل.",
  "Click here to buy a licence online or get a quote": "اضغط هنا لشراء ترخيص عبر الإنترنت أو الحصول على عرض أسعار",
  "Click here to start a 30 day free trial for your organisation. Contact support for trials with more users.": "اضغط هنا لبدء إصدار تجريبي مجاني لمدة 30 يومًا لمؤسستك. اتصل بالدعم بخصوص الإصدارات التجريبية مع عدد أكبر من المستخدمين.",
  "Click to see more details": "اضغط هنا لعرض مزيد من التفاصيل",
  "Client": "الوحدة التابعة",
  "Clients": "الوحدات التابعة",
  "Close": "‏اغلاق‏",
  "Close Activity After Import": "إغلاق النشاط بعد الاستيراد",
  "Close Board Menu": "إغلاق قائمة اللوحة",
  "Close the activity after the import has completed successfully. You can still access it through 'Trash'": "اكتمل إغلاق النشاط بعد الاستيراد بنجاح. يظل بإمكانك التوصل إليه من خلال \"حافظة المحذوفات\"",
  "Closed": "مغلق",
  "Collaborate on projects involving different departments": "التعاون على المشروعات التي تضم أقسامًا مختلفة",
  "Collapse": "طي",
  "Colour": "اللون",
  "Colour Labels": "تسميات الألوان",
  "Colour-Tags": "شارات الألوان",
  "Colours": "الألوان",
  "Column View": "مشاهدة العمود",
  "Comments": "التعقيبات",
  "Community Activities": "أنشطة المجتمع",
  "Community Templates": "قوالب المجتمع",
  "Complete Todos": "المهام الواجبة المكتملة",
  "Completed": "تام",
  "Configuration": "التوصيف",
  "Confirm": "تأكيد",
  "Confirmation Required": "يجب التأكيد",
  "Connections Cloud session expired. Click here to validate.": "انتهت جلسة Connections Cloud. اضغط هنا للتحقق من الصلاحية.",
  "Connections On-Premise": "Connections محلي",
  "Connections URL": "عنوان URL الخاص بـ Connections",
  "Contact Email": "البريد الإلكتروني للاتصال",
  "Contact Name": "اسم جهة الاتصال",
  "Contact Support": "الاتصال بالدعم",
  "Contact your System Administrator for more information or email us at": "اتصل بمسؤول النظام للحصول على مزيد من المعلومات أو مراسلتنا عبر البريد الإلكتروني على",
  "Content": "المحتوى",
  "Continue": "استمرار",
  "Continue Without Transferring": "متابعة دون النقل",
  "Convert into Entry": "تحويل إلى إدخال",
  "Convert into Todo": "تحويل إلى المهام الواجبة",
  "Copy embed code": "نسخ كود التضمين",
  "Copy embed code to clipboard": "نسخ كود التضمين إلى المسودة",
  "Create": "تكوين",
  "Create a new board": "تكوين لوحة جديدة",
  "Create Board": "تكوين لوحة",
  "Create Board from Template": "تكوين لوحة من القالب",
  "Create Boards for anything, manage your workflow, and streamline processes with template creation.": "تكوين لوحات لأي شيء وإدارة مسار العمل وتبسيط العمليات باستخدام تكوين القوالب.",
  "Create card": "تكوين بطاقة",
  "Create Copy": "تكوين نسخة",
  "Create Link to Board": "تكوين رابط إلى اللوحة",
  "Create Template": "تكوين قالب",
  "Create Template from Board": "تكوين قالب من اللوحة",
  "Create your own structure for organising projects, workflows, ideas and more!": "يمكنك تكوين البنية الخاصة بك لتنظيم المشاريع ومسارات العمل والأفكار وغيرها!",
  "Create {{numCards}} cards?": "هل تريد تكوين {{numCards}} من البطاقات؟",
  "Create {{numCards}} lists?": "هل تريد تكوين {{numCards}} من الكشوف؟",
  "Created": "تكوين",
  "Created By Me": "مكون من خلالي",
  "Created {{ date }}": "تم التكوين في {{ date }}",
  "Created: {{date}}": "تاريخ التكوين: {{date}}",
  "Credit Card Ending in {{last4}}": "تنتهي بطاقة الائتمان خلال {{last4}}",
  "Current Account:": "الحساب الحالي:",
  "Currently the ability to search for groups in {{provider}} is not available until an administrator grants permissions for your organisation. ": "لا تتوفر حاليًا إمكانية البحث عن المجموعات في {{provider}} إلا بعد أن يمنح أحد المسؤولين الأذونات لمؤسستك.",
  "Curve": "منحنى",
  "Custom Fields": "مجالات مهيأة",
  "Customer ID": "كود العميل",
  "CVC": "CVC",
  "Date": "تاريخ",
  "Decisions": "القرارات",
  "Default templates to exclude": "القوالب المفترضة المطلوب استبعادها",
  "Delete": "حذف",
  "Delete Board": "حذف اللوحة",
  "Delete Card": "حذف البطاقة",
  "Delete Comment": "حذف تعقيب",
  "Delete File": "حذف ملف",
  "Delete items": "حذف البنود",
  "Delete Label": "حذف التسمية",
  "Delete Link": "حذف رابط",
  "Delete List": "حذف الكشف",
  "Delete mode": "نمط الحذف",
  "Delete Selected Items": "حذف البنود المحددة",
  "Deleted": "‏تم الحذف‏",
  "Deleting": "حذف",
  "Departments": "الأقسام",
  "Description": "الوصف",
  "Description (optional)": "الوصف (اختياري)",
  "Details": "تفاصيل",
  "Direct Order via ISW": "الأمر المباشر عبر ISW",
  "Discount": "الخصم",
  "Discount Code (optional)": "كود الخصم (اختياري)",
  "Discount: {{discount}}": "الخصم: {{discount}}",
  "Display an existing board": "حذف لوحة موجودة",
  "Documentation": "المطبوعات الفنية",
  "Doing": "تنفيذ",
  "Done": "اتمام",
  "Done ({{num}})": "تم ({{num}})",
  "Download": "تنزيل",
  "Download file": "تحميل ملف",
  "Drop file here to save": "ضع الملف هنا لحفظه",
  "Due": "الاستحقاق",
  "Due Date": "تاريخ الاستحقاق",
  "Due date": "تاريخ الاستحقاق",
  "Earliest Licence Expired on": "تاريخ انتهاء صلاحية الترخيص الأقدم",
  "Earliest Upcoming Expiry": "تاريخ انتهاء الصلاحية التالي الأقدم",
  "Edit": "تعديل",
  "Edit Board Colour Labels": "تحرير تسميات ألوان اللوحة",
  "Edit Client": "تحرير الوحدة التابعة",
  "Edit Client Licence": "تحرير ترخيص الوحدة التابعة",
  "Edit Colour Labels": "تحرير تسميات الألوان",
  "Edit Comment": "تحرير تعقيب",
  "Edit Description": "تحرير الوصف",
  "Edit Filename": "تحرير اسم الملف",
  "Edit Label": "تحرير التسمية",
  "Edit label": "تحرير التسمية",
  "Edit Licence": "تحرير الترخيص",
  "Edit Link": "تحرير الرابط",
  "Edit name": "تحرير الاسم",
  "Edit Tile Colour Labels": "تحرير تسميات الألوان المتجانبة",
  "Edit User Licence": "تحرير ترخيص المستخدم",
  "Edited": "تم تحريره",
  "Editor": "‏المحرر‏",
  "editor": "المحرر",
  "Email": "بريد الكتروني",
  "Email Address": "عنوان البريد الإلكتروني",
  "Email address is required": "عنوان البريد الإلكتروني مطلوب",
  "Email addresses to copy invoices to": "عناوين البريد الإلكتروني المطلوب نسخ الفواتير إليها",
  "Email addresses to copy quote to": "عناوين البريد الإلكتروني المطلوب نسخ عرض الأسعار إليها",
  "Email Us": "مراسلتنا عبر البريد الإلكتروني",
  "Embed code copied to clipboard": "كود التضمين المنسوخ إلى المسودة",
  "Empty Lists": "الكشوف الفارغة",
  "empty name": "اسم فارغ",
  "Enable Boards File Uploads": "إتاحة عمليات تحميل ملفات اللوحات",
  "Enabled": "‏متاح‏",
  "End Date": "تاريخ الانتهاء",
  "Ending Balance": "الرصيد الختامي",
  "Enter a title for the link (Optional)": "أدخل عنوانًا للرابط (اختياري)",
  "Enter an email address": "أدخل عنوان البريد الإلكتروني",
  "Enter Label": "إدخال التسمية",
  "Enter label name": "أدخل اسم التسمية",
  "Enter New Name": "إدخال الاسم الجديد",
  "Enter Text": "إدخال النص",
  "Entry": "الادخال",
  "Error": "لا يمكن لوحدة الخدمة اجراء البحث الآن.  حاول اجراء البحث في وقت لاحق.",
  "Error creating board": "حدث خطأ أثناء تكوين اللوحة",
  "Error processing quote request. Please email sales@kudosbadges.com": "حدث خطأ أثناء معالجة طلب عرض الأسعار. يرجى إرسال بريد إلكتروني إلى sales@kudosbadges.com",
  "Error processing your request": "حدث خطأ أثناء معالجة طلبك",
  "Error starting trial": "حدث خطأ أثناء بدء الإصدار التجريبي",
  "Error uploading file": "حدث خطأ أثناء تحميل الملف",
  "Error: an unknown error occurred - cannot move": "خطأ: حدث خطأ غير معروف - يتعذر النقل",
  "Error: you are not authorised to add content to this board": "خطأ: غير مصرح لك بإضافة محتوى إلى هذه اللوحة",
  "Existing Kudos Partner (optional)": "شريك Kudos الموجود (اختياري)",
  "Existing Login Detected": "تسجيل الدخول الموجود المكتشف",
  "Existing Tab": "علامة التبويب الموجودة",
  "Expand": "توسيع",
  "Expand/Collapse": "عرض/طي",
  "Expand/Collapse All Lists": "عرض/طي كل الكشوف",
  "Expired": "انتهاء الصلاحية",
  "Expires": "انتهاء الصلاحية",
  "Expires: {{date}}": "تاريخ انتهاء الصلاحية: {{date}}",
  "Expires: {{{date}}}": "تاريخ انتهاء الصلاحية: {{{date}}}",
  "Expiry": "انتهاء الصلاحية",
  "Expiry Date": "تاريخ انتهاء الصلاحية",
  "Explore the Template Library": "استكشاف مكتبة القوالب",
  "Extend": "توسيع",
  "ExternalId": "ExternalId",
  "Fields": "المجالات",
  "Filter Activities to migrate": "ترشيح الأنشطة المطلوب تطوير نسختها",
  "Finance": "الماليات",
  "Find a Group": "إيجاد مجموعة",
  "Find a User": "إيجاد مستخدم",
  "Finding your Connections Cloud Organisation...": "جاري البحث عن مؤسسة Connections Cloud...",
  "Free": "مجاني",
  "Free Trial": "إصدار تجريبي مجاني",
  "Friday": "جمعة",
  "From Provider": "من جهة الإتاحة",
  "Functionality is currently limited.": "الوظائف محدودة حاليًا.",
  "Furthest Upcoming Expiry": "أبعد تاريخ انتهاء صلاحية قادم",
  "Future": "القادم",
  "General": "عام",
  "Get a Licence Quote": "الحصول على عرض أسعار للترخيص",
  "Get a Quote": "الحصول على عرض أسعار",
  "Give users the ability to invite external users to a Board by email address": "امنح المستخدمين إمكانية دعوة مستخدمين خارجيين إلى اللوحة بواسطة عنوان البريد الإلكتروني",
  "Global Access": "توصل عام",
  "Global OAuth": "OAuth عام",
  "Go to licence": "انتقال إلى الترخيص",
  "Go to Today": "انتقال إلى اليوم",
  "Goals": "الأهداف",
  "Group": "مجموعة",
  "Group Boards": "لوحات المجموعة",
  "Group By": "تجميع بواسطة",
  "Group Owners: Owners of this Board.</br>Group Members: Authors of this Board": "مالكو المجموعة: مالكو هذه اللوحة.</br>أعضاء المجموعة: مؤلفو هذه اللوحة",
  "Groups": "‏المجموعات‏",
  "Help": "‏مساعدة‏",
  "Hide": "‏اخفاء‏",
  "Hide Completed Todos": "إخفاء المهام الواجبة المكتملة",
  "Hide Dates": "إخفاء التواريخ",
  "Horizontal": "أفقي",
  "How would you like to proceed?": "كيف ترغب في المتابعة؟",
  "HR": "الموارد البشرية",
  "I accept the above Terms & Conditions": "أقبل الشروط والأحكام الواردة أعلاه",
  "I accept the terms of service": "أقبل شروط الخدمة",
  "ID": "كود التعريف",
  "If this setting is switched off, cards are created as entries on enter press.": "إذا تم إيقاف تشغيل هذه المحددات، يتم تكوين البطاقات كإدخالات عند الضغط على إدخال.",
  "Ignore Completed": "تجاهل المكتمل",
  "Ignore Deleted": "تجاهل المحذوف",
  "Ignore Templates": "تجاهل القوالب",
  "Import": "استقبال",
  "Import an Activity": "استيراد نشاط",
  "Import an Activity Template": "استيراد قالب نشاط",
  "Import from Activities": "استيراد من الأنشطة",
  "Import From Activities": "استيراد من الأنشطة",
  "In a Group": "في مجموعة",
  "Include email body in description": "تضمين نص البريد الإلكتروني في الوصف",
  "Inherit": "توارث",
  "Inherit from Group": "توارث من المجموعة",
  "Inherited from Group": "مُتوارَث من المجموعة",
  "Integration Env": "بيئة التكامل",
  "Internal server error": "خطأ داخلي بوحدة الخدمة",
  "Invitation sent to": "تم إرسال الدعوة إلى",
  "Invite": "دعوة",
  "Invite by Email": "دعوة بالبريد الإلكتروني",
  "Invite sent on": "تاريخ إرسال الدعوة",
  "Invoice": "الفاتورة",
  "Invoice Details": "تفاصيل الفاتورة",
  "Invoices": "الفواتير",
  "Invoices for": "الفواتير الخاصة بـ",
  "Is Enabled": "تمت إتاحته",
  "Is Trial": "إصدار تجريبي",
  "IT": "تكنولوجيا المعلومات",
  "It is valid until {{expiry}}.": "صالح حتى {{expiry}}.",
  "Items": "العناصر",
  "Join Workspace Meetings": "الانضمام إلى اجتماعات مساحة العمل",
  "Kanban": "كانبان",
  "Kanban View": "مشاهدة كانبان",
  "Kudos Boards": "Kudos Boards",
  "Kudos Boards - Terms & Conditions": "Kudos Boards - الشروط والأحكام",
  "Kudos Boards API": "واجهة API الخاصة بـ Kudos Boards",
  "Kudos Boards cannot be added as a tab until an administrator approves required functionality": "لا يمكن إضافة Kudos Boards كعلامة تبويب حتى يوافق المسؤول على الوظائف المطلوبة",
  "Kudos Boards has been updated in the background. Please reload the app!": "تم تحديث Kudos Boards في الخلفية. يرجى إعادة تحميل التطبيق!",
  "Kudos Partner Reference Code (optional)": "الكود المرجعي لشريك Kudos (اختياري)",
  "Kudos Team Name": "اسم فريق Kudos",
  "Label deleted": "تاريخ حذف التسمية",
  "Labels": "التسميات",
  "Last Accessed": "آخر توصل",
  "Last Licence Expired on": "تاريخ انتهاء صلاحية آخر ترخيص",
  "Later This Month": "لاحقًا هذا الشهر",
  "Later This Week": "لاحقًا هذا الأسبوع",
  "Layout": "الشكل العام",
  "Leave Board": "مغادرة اللوحة",
  "Licence Assigned": "تاريخ تعيين الترخيص",
  "Licence Details": "تفاصيل الترخيص",
  "Licence expired": "تاريخ انتهاء صلاحية الترخيص",
  "Licence Type": "نوع الترخيص",
  "Licences": "التراخيص",
  "Licenses": "التراخيص",
  "Licensing": "منح التراخيص",
  "Limit": "الحد",
  "Line": "السطر",
  "Line Items": "المفردات",
  "Lines in file:": "البنود في الملف:",
  "Link": "رابط",
  "Link Accounts": "ربط الحسابات",
  "Link another account": "ربط حساب آخر",
  "Link another Kudos Boards account": "ربط حساب Kudos Boards آخر",
  "Link Exists": "الرابط الموجود",
  "Link to Board": "الربط باللوحة",
  "Link to Card, List or Board": "الربط بالبطاقة أو الكشف أو اللوحة",
  "Link to File": "الربط بالملف",
  "Link to Folder": "الربط بالحافظة",
  "Link {{provider}} with the current account": "ربط {{provider}} بالحساب الحالي",
  "Linked Accounts": "الحسابات المرتبطة",
  "Linked Groups": "المجموعات المرتبطة",
  "Links": "الروابط",
  "Links & Attachments": "الروابط والملحقات",
  "List": "الكشف",
  "List all Boards": "سرد كل اللوحات",
  "List Name": "اسم الكشف",
  "List View": "مشاهدة الكشف",
  "Lists": "الكشوف",
  "Lite": "Lite",
  "Local": "محلي",
  "Logging in, please wait...": "جاري تسجيل الدخول، يرجى الانتظار...",
  "Login": "تسجيل الدخول",
  "Logout": "تسجيل الخروج",
  "Look in": "بحث في",
  "Make the most of your Kudos Boards Premium Preview": "استفد إلى أقصى حد من معاينة Kudos Boards المتميزة",
  "Manage Org": "إدارة المؤسسة",
  "Manage Payments": "إدارة عمليات الدفع",
  "Mark Board as Complete": "تعليم اللوحة كمكتملة",
  "Mark Board as Incomplete": "تعليم اللوحة كغير مكتملة",
  "Mark Complete": "تعليم كتام",
  "Mark Incomplete": "تعليم كغير مكتمل",
  "Marketing": "التسويق",
  "Match All Filters": "مطابقة كل مرشحات البيانات",
  "Meeting": "اجتماع",
  "Members": "‏الأعضاء‏",
  "Merge": "دمج",
  "Microsoft Office365": "Microsoft Office365",
  "Migrate ALL ({{num}})": "تطوير نسخة الكل ({{num}})",
  "Migrate Selected ({{num}})": "تطوير نسخة المحدد ({{num}})",
  "Mind Map": "مخطط تفصيلي رسومي",
  "MindMap": "مخطط تفصيلي رسومي",
  "Mindmap": "مخطط تفصيلي رسومي",
  "Mindmap View": "مشاهدة مخطط تفصيلي رسومي",
  "Minimum number of users for the selected licence type is {{minimumSeats}}": "الحد الأدنى لعدد المستخدمين لنوع الترخيص المحدد هو {{minimumSeats}}",
  "Mirror": "انعكاس",
  "Modified": "معدَّل",
  "Modify": "تعديل",
  "Modify Licence": "تعديل الترخيص",
  "Monday": "اثنين",
  "monthly": "شهريًا",
  "Monthly": "شهريا",
  "More": "يتبع",
  "Move": "نقل",
  "Move and Open": "نقل وفتح",
  "Move Card": "نقل البطاقة",
  "Move List": "نقل الكشف",
  "Move To Another Board": "نقل إلى لوحة أخرى",
  "Move to another list or parent card": "نقل إلى كشف آخر أو البطاقة الرئيسية",
  "My": "الخاص بي",
  "My Account": "حسابي",
  "My Activities": "الأنشطة الخاصة بي",
  "My Boards": "لوحاتي",
  "My Subscriptions": "اشتراكاتي",
  "My Templates": "قوالبي",
  "My Todos": "المهام الواجبة الخاصة بي",
  "Name": "الاسم",
  "Name on Card": "الاسم بالبطاقة",
  "Named Users": "المستخدمون المحددون",
  "Named Users Licence": "ترخيص المستخدمين المحددين",
  "Never": "مطلقًا",
  "New Board": "لوحة جديدة",
  "New card created, however the search filter currently applied is preventing it from being displayed": "تم تكوين بطاقة جديدة، ولكن مرشح بيانات البحث المُطبَّق حاليًا يمنع عرضها",
  "New cards created as tasks on enter key press": "يتم تكوين بطاقات جديدة كمهام عند الضغط على مفتاح Enter",
  "New Client": "وحدة تابعة جديدة",
  "New Client Licence": "ترخيص وحدة تابعة جديدة",
  "New Credit Card": "بطاقة ائتمان جديدة",
  "New Label": "تسمية جديدة",
  "New Label Text": "نص التسمية الجديدة",
  "New Licence": "ترخيص جديد",
  "New Since Last Week": "جديد منذ آخر أسبوع",
  "New Sub-Card": "بطاقة فرعية جديدة",
  "New Tab": "علامة تبويب جديدة",
  "New Template": "قالب جديد",
  "New User Licence": "ترخيص مستخدم جديد",
  "Next": "التالي",
  "Next Invoice Amount: {{nextAmount}}": "مبلغ الفاتورة التالية: {{nextAmount}}",
  "Next Invoice Date: {{date}}": "تاريخ الفاتورة التالية: {{date}}",
  "Next Payment": "عملية الدفع التالية",
  "Next Payment Attempt": "محاولة الدفع التالية",
  "Next Payment: {{{date}}}": "عملية الدفع التالية: {{{date}}}",
  "Next Week": "الأسبوع التالي",
  "No": "‏لا‏",
  "No action available": "لا يتوفر تصرف",
  "No Active Meetings found. Click below to go to a Workspace": "لم يتم العثور على اجتماعات فعالة. اضغط أدناه للانتقال إلى إحدى مساحات العمل.",
  "No Activities found": "لم يتم العثور على أنشطة",
  "No Archived items to show": "لا توجد بنود مُخزَّنة لعرضها",
  "No Assignment": "لا يوجد تخصيص",
  "No boards found for this group": "لم يتم العثور على لوحات لهذه المجموعة",
  "No Boards found.": "لم يتم العثور على لوحات.",
  "No boards yet, please create one first": "لا توجد لوحات حتى الآن، يرجى تكوين لوحة أولاً",
  "No clients found": "لم يتم العثور على وحدات تابعة",
  "No Colour": "بلا لون",
  "No Date": "بلا تاريخ",
  "No files found": "لم يتم العثور على ملفات",
  "No folders found": "لم يتم العثور على حافظات",
  "No Group": "بلا مجموعة",
  "No invoices to display": "لا توجد فواتير لعرضها",
  "No items were selected": "لم يتم تحديد أي بنود",
  "No Label": "بلا تسمية",
  "No label": "بلا تسمية",
  "No labels defined": "لم يتم تحديد تسميات",
  "No licences available. Functionality will be limited for new users.": "لا تتوفر تراخيص. ستكون الوظائف محدودة للمستخدمين الجدد.",
  "No licences found": "لم يتم العثور على تراخيص",
  "No licences to show": "لا توجد تراخيص لعرضها",
  "No organisations found": "لم يتم العثور على مؤسسات",
  "No pinned boards": "لا توجد لوحات مُثبَّتة",
  "No Pinned Boards found.": "لم يتم العثور على لوحات مُثبَّتة.",
  "No Recent Boards found.": "لم يتم العثور على لوحات حديثة.",
  "No user trials found": "لم يتم العثور على إصدارات تجريبية للمستخدمين",
  "No users found": "لم يتم العثور على مستخدمين",
  "No users to show": "لا يوجد مستخدمون لعرضهم",
  "None": "‏لا شيء‏",
  "North America": "أمريكا الشمالية",
  "Not Licensed": "لم يتم ترخيصه",
  "Not Supported": "غير مدعَّم",
  "Note that file security is managed by {{provider}}, not by Kudos Boards": "لاحظ أن سرية الملفات مُدارة بواسطة {{provider}}، وليس Kudos Boards",
  "Nothing to show": "لا يوجد شيء لعرضه",
  "Number of Attempts": "عدد المحاولات",
  "Number of cards": "عدد البطاقات",
  "Number of Expired Licences": "عدد التراخيص المنتهية",
  "Number of Users": "عدد المستخدمين",
  "Number of Valid Licences": "عدد التراخيص الصالحة",
  "oAuth Client ID": "كود تعريف وحدة oAuth التابعة",
  "OAuth Client ID": "كود تعريف وحدة oAuth التابعة",
  "OAuth Client Secret": "سرية وحدة oAuth التابعة",
  "oAuth Client Secret": "سرية وحدة oAuth التابعة",
  "ok": "حسنًا",
  "OK": "حسنا",
  "Only Entries": "الإدخالات فقط",
  "Only the members of this board will be able to see and access this board.": "لن يتمكن من رؤية هذه اللوحة والتوصل إليها إلا أعضاء هذه اللوحة.",
  "Only Todos": "المهام الواجبة فقط",
  "Open": "فتح",
  "Open Board Options": "فتح اختيارات اللوحة",
  "Open Boards in:": "فتح اللوحات في:",
  "Open in Boards": "فتح في اللوحات",
  "Open Licence": "فتح الترخيص",
  "Open this board": "فتح هذه اللوحة",
  "Opt in below to receive tips and tricks from the Kudos Boards team to make the most of your premium preview.": "اشترك فيما يلي أدناه للحصول على نصائح وتلميحات من فريق Kudos Boards للاستفادة إلى أقصى حد من المعاينة المتميزة.",
  "Order": "الترتيب",
  "Order Summary": "ملخص الطلب",
  "Order via ISW Partner": "الطلب عبر شريك ISW",
  "Org Administration": "إدارة المؤسسة",
  "Organisation": "المؤسسة",
  "Organisation Name": "اسم المؤسسة",
  "Organisations": "المؤسسات",
  "Organise any project productively using the classic Todo, Doing, Done methodology": "تنظيم أي مشروع حسب الإنتاجية باستخدام منهجية المهام الواجبة أو المهام الجارية أو المهام المكتملة التقليدية",
  "Our Terms & Conditions have changed": "تم تغيير الشروط والأحكام الخاصة بنا",
  "Overdue": "متأخر",
  "owner": "مالك",
  "Owner": "المالك",
  "Owners": "‏المالكين‏",
  "Page Not Found": "لم يتم إيجاد الصفحة",
  "Paid": "مدفوع",
  "Paste link or drop file to upload": "قم بلصق الرابط أو وضع الملف لتحميله",
  "Payment Method": "طريقة الدفع",
  "Period": "الفترة",
  "Person": "شخص",
  "Pin Board": "تثبيت اللوحة",
  "Pinned": "تم الالحاق",
  "Pinned Boards": "اللوحات المُثبَّتة",
  "Pinned boards": "اللوحات المُثبَّتة",
  "Plan and collaborate on tasks on a weekly basis": "تخطيط المهام والتعاون عليها على أساس أسبوعي",
  "Please approve the Kudos Boards app to allow it to be added as a tab.": "يرجى الموافقة على تطبيق Kudos Boards للسماح بإضافته كعلامة تبويب.",
  "Please approve the Kudos Boards app to use advanced features.": "يرجى الموافقة على تطبيق Kudos Boards لاستخدام الخصائص المتقدمة.",
  "Please contact your Administrator": "يرجى الاتصال بالمسؤول",
  "Please contact your IBM Connections Admin to purchase a licence.": "يرجى الاتصال بمسؤول IBM Connections لشراء ترخيص.",
  "Please ensure you login with the same Office 365 user account as you are using in Microsoft Teams": "يرجى التأكد من تسجيل الدخول باستخدام حساب مستخدم Office 365 نفسه الذي تستخدمه في Microsoft Teams",
  "Please enter a board name": "يرجى إدخال اسم اللوحة",
  "Please enter a valid email address": "يرجى إدخال عنوان بريد إلكتروني صالحًا",
  "Please enter a valid URL": "برجاء ادخال عنوان URL صحيح",
  "Please enter the number of users in your Connections Cloud Organisation": "يرجى إدخال عدد المستخدمين في مؤسسة Connections Cloud الخاصة بك",
  "Please enter the number of users you wish to name under this licence": "يرجى إدخال عدد المستخدمين الذين ترغب في تضمينهم ضمن هذا الترخيص",
  "Please read our Terms & Conditions": "يرجى قراءة الشروط والأحكام",
  "Please reload the page and try again, if this issue persists please let us know": "يرجى إعادة تحميل الصفحة والمحاولة مرة أخرى. إذا استمرت هذه المشكلة، يُرجى إخبارنا",
  "Please review your licences here": "يرجى مراجعة التراخيص الخاصة بك هنا",
  "Please see the <a href='{{url}}'>new board</a>": "يرجى الاطلاع على <a href='{{url}}'>اللوحة الجديدة</a>",
  "Please sign in": "يرجى تسجيل الدخول",
  "Please start a trial to use Boards in your {{provider}} organisation": "يرجى بدء إصدار تجريبي لاستخدام اللوحات في مؤسسة {{provider}}",
  "Position": "المنصب",
  "Post": "نشر",
  "Premium": "متميز",
  "Premium Preview Status": "حالة المعاينة المتميزة",
  "Preview": "معاينة",
  "Preview available": "تتوفر معاينة",
  "Previous": "‏سابق‏",
  "Pricing": "التسعير",
  "primary": "أولي",
  "Primary": "أولي",
  "Print": "طباعة",
  "Private (me only)": "خاص (وحدي)",
  "Product Information": "معلومات المنتج",
  "Product Version": "نسخة المنتج",
  "Provider": "جهة الإتاحة",
  "Provider not supported": "جهة الإتاحة غير مُدعَّمة",
  "Public": "عام",
  "Public Access": "التوصل العام",
  "Public Activities": "أنشطة عامة",
  "Public Boards": "اللوحات العامة",
  "Public Templates": "القوالب العامة",
  "Quarterly": "ربع سنوي",
  "Questions": "الأسئلة",
  "Quick Edit": "تحرير سريع",
  "Radial": "شعاعي",
  "RE-CENTER": "إعادة توسيط",
  "Reactivate Licence": "إعادة تنشيط الترخيص",
  "reader": "القارئ",
  "Reader": "القارئ",
  "Recent": "الأحدث",
  "Recent boards": "اللوحات الحديثة",
  "Recent Boards": "اللوحات الحديثة",
  "Recurring Amount Due: {{recurring}}": "المبلغ المتكرر المستحق: {{recurring}}",
  "Redeeming Invitation...": "جاري استرداد الدعوة...",
  "Redirecting to Connections Cloud...": "جاري إعادة التوجيه إلى Connections Cloud...",
  "Redirecting to Watson Workspace...": "جاري إعادة التوجيه إلى مساحة عمل Watson...",
  "Refresh": "‏تجديد‏",
  "Region": "المنطقة",
  "Reload": "إعادة تحميل",
  "Remaining ({{num}})": "المتبقي ({{num}})",
  "Remove Admin": "إزالة المسؤول",
  "Remove Client": "إزالة الوحدة التابعة",
  "Remove Invite": "إزالة الدعوة",
  "Remove Licence": "إزالة الترخيص",
  "Replace": "‏استبدال‏",
  "Resend Invite": "إعادة إرسال الدعوة",
  "Reset": "إرجاع",
  "Restore": "استعادة",
  "Restore Card": "استعادة البطاقة",
  "Restore items": "استعادة البنود",
  "Restore List": "استعادة الكشف",
  "Restore mode": "نمط الاستعادة",
  "Reverse": "عكس",
  "Revoke All": "إبطال الكل",
  "Revoke Licence": "إبطال الترخيص",
  "Role": "الوظيفة",
  "Roles": "الأدوار",
  "Rows": "الصفوف",
  "Sales": "المبيعات",
  "Save": "حفظ",
  "Save card for future purchases": "حفظ البطاقة لإجراء عمليات الشراء المستقبلية",
  "Save Changes": "حفظ التغييرات",
  "Save link": "حفظ الرابط",
  "Scroll To": "تمرير إلى",
  "Search": "بحث",
  "Search All Templates": "بحث كل القوالب",
  "Search this view": "بحث في هذه المشاهدة",
  "Search...": "بحث...",
  "Select a Board": "تحديد لوحة",
  "Select board": "تحديد لوحة",
  "Select Board": "تحديد لوحة",
  "Select Board Label": "تحديد تسمية اللوحة",
  "Select Card Colours": "تحديد ألوان البطاقة",
  "Select Colour": "تحديد لون",
  "Select Colours": "تحديد الألوان",
  "Select Destination Board": "تحديد اللوحة الوجهة",
  "Select destination folder": "تحديد حافظة الوجهة",
  "Select File": "تحديد ملف",
  "Select Folder": "تحديد حافظة",
  "Select items for delete": "تحديد بنود للحذف",
  "Select items for restore": "تحديد بنود للاستعادة",
  "Select List or Card": "تحديد الكشف أو البطاقة",
  "Select the boards below that you would like to transfer membership over to your primary ({{toName}}) account": "حدد أدناه اللوحات التي تريد نقل العضوية منها إلى حساب ({{toName}}) الأساسي الخاص بك",
  "Selected Activity": "النشاط المحدد",
  "Send an email notifying each member that the Activity has been migrated to a Board.": "أرسل بريدًا إلكترونيًا لإعلام كل عضو بأنه تم ترحيل النشاط إلى إحدى اللوحات.",
  "Send Invitation": "إرسال دعوة",
  "Send Notification Email to Members": "إرسال بريد إلكتروني إعلامي إلى الأعضاء",
  "Sending invitations": "إرسال الدعوات",
  "Set as primary account": "تحديد كحساب أساسي",
  "Set Dates": "تحديد التواريخ",
  "Set enter key press action to create a task when creating new cards in a list.": "حدد تصرف الضغط على مفتاح Enter لتكوين مهمة عند تكوين بطاقات جديدة في أحد الكشوف.",
  "Setup Subscription": "إعداد الاشتراك",
  "Share with": "مشاركة مع",
  "Shared by me": "تتم المشاركة بواسطتي",
  "Shared with me": "ما تم مشاركته معي",
  "Show": "عرض",
  "Show all ancestors": "عرض كل البنود السابقة",
  "Show all boards for this team": "عرض كل اللوحات لهذا الفريق",
  "Show Board Menu": "عرض قائمة اللوحة",
  "Show Filter Options": "عرض اختيارات ترشيح البيانات",
  "Show Less": "عرض أقل",
  "Show Licences for your organisation": "عرض تراخيص مؤسستك",
  "Show More": "عرض المزيد",
  "Show on Card": "عرض على البطاقة",
  "Show previous comments": "عرض التعقيبات السابقة",
  "Show previous links & attachments": "عرض الروابط والملحقات السابقة",
  "Show Sub-cards": "عرض البطاقات الفرعية",
  "Sign In": "تسجيل الدخول",
  "Sign in with": "تسجيل الدخول باستخدام",
  "SIGN IN WITH:": "تسجيل الدخول باستخدام:",
  "Sign Out": "تسجيل الخروج",
  "Sign Out of Kudos Boards": "تسجيل الخروج من Kudos Boards",
  "Signing in...": "جاري تسجيل الدخول...",
  "Signing out...": "جاري تسجيل الخروج...",
  "Smartcloud": "Smartcloud",
  "Something went wrong.": "حدث شيء غير صحيح.",
  "Source Board/Template": "اللوحة/القالب المصدر",
  "Source Template": "القالب المصدر",
  "Specific Board": "لوحة خاصة",
  "Start a Trial": "بدء إصدار تجريبي",
  "Start a trial or purchase a subscription to start creating boards": "ابدأ إصدارًا تجريبيًا أو اشترِ اشتراكًا لبدء تكوين اللوحات",
  "Start Boards Premium Preview": "بدء معاينة اللوحات المتميزة",
  "Start Date": "تاريخ البدء",
  "Start Free Trial": "بدء إصدار تجريبي مجاني",
  "Start my trial": "بدء الإصدار التجريبي الخاص بي",
  "Start Now": "بدء الآن",
  "Start page updated": "تم تحديث صفحة البدء",
  "Start Page:": "صفحة البدء:",
  "Starting Balance": "الرصيد الافتتاحي",
  "Starting View": "بدء المشاهدة",
  "Status": "الحالة",
  "Step": "الخطوة",
  "Sub Cards": "البطاقات الفرعية",
  "Sub Tasks": "المهام الفرعية",
  "Submit": "إحالة",
  "Subscription": "الوصف",
  "Subscription expired.": "انتهت صلاحية الاشتراك.",
  "Subtotal": "الاجمالي الفرعي",
  "Summary": "الملخص",
  "Support for browsers is currently limited.  This browser is not yet supported. <br>Please use one of the following browsers:": "دعم برامج الاستعراض محدود حاليًا. برنامج الاستعراض هذا غير مُدعَّم بعد. <br>يرجى استخدام أحد برامج الاستعراض التالية:",
  "Tab Content": "محتوى علامة التبويب",
  "Tab Name": "اسم علامة التبويب",
  "Tags": "شارات التعليم",
  "Tags (optional)": "الشارات (اختياري)",
  "Take away meaningful and collaborative notes from any meeting!": "سجِّل ملاحظات مفيدة وتعاونية من أي اجتماع!",
  "Task": "المهمة",
  "Team Boards": "لوحات الفريق",
  "Team Name": "اسم الفريق",
  "Team Name is used as a method to log in to certain authentication providers. e.g. Auth0": "يُستخدم اسم الفريق كطريقة لتسجيل الدخول إلى بعض جهات إتاحة التوثيق. على سبيل المثال، Auth0",
  "Template": "القالب",
  "Templates": "القوالب",
  "Templates tagged with": "القوالب التي بها شارة",
  "Text": "‏النص‏",
  "Text Mode": "نمط النص",
  "That can't be pasted there.": "لا يمكن لصق ذلك هنا.",
  "The board has been deleted": "تم حذف اللوحة",
  "The files below cannot be uploaded to Kudos Boards as they are larger than the limit of {{limit}}": "لا يمكن تحميل الملفات الواردة أدناه إلى Kudos Boards لأنها أكبر من الحد الذي يبلغ {{limit}}",
  "The following links have already been added to this card:": "تمت إضافة الروابط التالية إلى هذه البطاقة بالفعل:",
  "The invite was resent to": "تمت إعادة إرسال الدعوة إلى",
  "The selected board(s) were successfully transferred": "تم نقل اللوحة (اللوحات) المحددة بنجاح",
  "The selected items have been deleted": "تم حذف البنود المحددة",
  "The selected items have been restored": "تمت استعادة البنود المحددة",
  "There was an error when uploading the file. Server response: ": "حدث خطأ أثناء تحميل الملف. رد وحدة الخدمة:",
  "This Activity has been migrated to Kudos Boards": "تم ترحيل هذا النشاط إلى Kudos Boards",
  "This billing cycle affords a {{discount}}% discount": "تقدّم دورة الفوترة هذه خصمًا بنسبة {{discount}}%",
  "This Board": "هذه اللوحة",
  "This Board is available with AUTHOR access to everyone across all organisations.": "هذه اللوحة متوفرة مع إمكانية توصل \"المؤلف\" لكل شخص عبر كل المؤسسات.",
  "This Board is available with EDITOR access to everyone across all organisations.": "هذه اللوحة متوفرة مع إمكانية توصل \"المحرر\" لكل شخص عبر كل المؤسسات.",
  "This Board is in one or more Groups": "هذه اللوحة موجودة في مجموعة واحدة أو أكثر",
  "This Board is read-only to everyone across all organisations.": "هذه اللوحة للقراءة فقط لكل شخص عبر كل المؤسسات.",
  "This Board will be visible to everyone in your organisation. <br>Non-members can create new content and edit their own content.": "ستكون هذه اللوحة مرئية لكل شخص في مؤسستك. <br>يمكن لغير الأعضاء تكوين محتوى جديد وتحرير المحتوى الخاص بهم.",
  "This Board will be visible to everyone in your organisation. <br>Non-members can only view the board's contents.": "ستكون هذه اللوحة مرئية لكل شخص في مؤسستك. <br>يمكن لغير الأعضاء مشاهدة محتويات اللوحة فقط.",
  "This Board will be visible to everyone in your organisation. <br>Please note: This access level allows non-members to edit <b>all</b> board content.": "ستكون هذه اللوحة مرئية لكل شخص في مؤسستك. <br>يرجى ملاحظة أن مستوى التوصل هذا يتيح لغير الأعضاء تحرير <b>كل</b> محتوى اللوحة.",
  "This card will be restored with its parent": "ستتم استعادة هذه البطاقة مع الأصل الخاص بها",
  "This Community": "هذا المجتمع",
  "This feature is coming soon!": "تتوفر هذه الخاصية قريبًا!",
  "This feature is currently not supported by the IBM Connections Cloud API": "هذه الخاصية غير مدعمة حاليًا من قِبل IBM Connections Cloud API",
  "This field is required": "هذا المجال مطلوب",
  "This invoice has been closed. Payment will not be automatically attempted again. Contact support for more information": "تم إغلاق هذه الفاتورة. لن تتم محاولة إجراء عملية الدفع تلقائيًا مرة أخرى. اتصل بالدعم للحصول على مزيد من المعلومات",
  "This is a Free trial of Kudos Boards and will expire in {{numDays}} day(s).": "هذا إصدار تجريبي مجاني من Kudos Boards وستنتهي صلاحيته خلال {{numDays}} من الأيام.",
  "This is a read-only preview of this Activity. Import to Boards for full functionality": "هذه معاينة للقراءة فقط لهذا النشاط. قم بالاستيراد إلى Boards للاستفادة من الوظائف الكاملة",
  "This licence grants access to a set number of users as they use the app. You may view the user-licences already assigned.": "يمنح هذا الترخيص حق التوصل لعدد محدد من المستخدمين أثناء استخدامهم التطبيق. يمكنك مشاهدة تراخيص المستخدمين التي تم تخصيصها بالفعل.",
  "This licence has been cancelled.": "تم إلغاء هذا الترخيص.",
  "This licence only grants access to a selected group of named users. Access will not be granted to users not named by the Org Admins. You can view and edit the named users from the Admin settings.": "يمنح هذا الترخيص حق التوصل لمجموعة محددة من المستخدمين المخصصين فقط. لن يتم منح حق التوصل للمستخدمين الذين لم يتم تخصيصهم من قِبل مسؤولي المؤسسة. يمكنك مشاهدة المستخدمين المخصصين وتحرير بياناتهم من إعدادات المسؤول.",
  "This option is only available when paying by credit card": "لا يتوفر هذا الاختيار إلا عند الدفع ببطاقة الائتمان",
  "This option is only editable if paying by credit card": "لا يكون هذا الاختيار قابلاً للتحرير إلا عند الدفع ببطاقة الائتمان",
  "This team account is already linked": "حساب الفريق هذا مرتبط بالفعل",
  "This will go to your provider for an administrator to approve access to Kudos Boards": "سيذهب هذا إلى جهة الإتاحة لديك لكي يوافق أحد المسؤولين على حق التوصل إلى Kudos Boards",
  "This will permanently delete the board and all its data, are you sure?": "سيؤدي ذلك إلى حذف اللوحة وجميع بياناتها نهائيًا، هل تريد ذلك بالفعل؟",
  "This will remove this data permanently from the board, are you sure?": "سيؤدي ذلك إلى إزالة هذه البيانات نهائيًا من اللوحة، هل تريد ذلك بالفعل؟",
  "Thursday": "خميس",
  "Tile Colours": "ألوان الإطارات",
  "Timeline": "جدول زمني",
  "Timeline View": "مشاهدة الجدول الزمني",
  "Title": "العنوان",
  "to go to Connections Cloud, then access Kudos Boards via the link in the 'Apps' menu.": "للانتقال إلى Connections Cloud، ثم توصل إلى Kudos Boards عبر الرابط في قائمة \"التطبيقات\".",
  "To interact with this card the parent will need to be restored": "للتفاعل مع هذه البطاقة، يجب استعادة الأصل",
  "To unselect this card you will need to unselect its parent": "لإلغاء تحديد هذه البطاقة، ستحتاج إلى إلغاء تحديد الأصل الخاص بها",
  "to view this content": "لمشاهدة هذا المحتوى",
  "Today": "اليوم",
  "Todo": "المهام الواجبة",
  "Todos": "المهام الواجبة",
  "Todos by Date": "المهام الواجبة حسب التاريخ",
  "Todos by Due Date": "المهام الواجبة حسب تاريخ الاستحقاق",
  "Toggle Completion": "اكتمال التبديل",
  "Toggle Editor": "تبديل برنامج التحرير",
  "Toggle Sidebar": "تبديل الشريط الجانبي",
  "Tomorrow": "غدًا",
  "Total": "الاجمالي",
  "Transfer Board Membership": "نقل عضوية اللوحة",
  "Transfer Membership": "نقل العضوية",
  "TRIAL": "إصدار تجريبي",
  "Trial": "إصدار تجريبي",
  "Trial End Date: {{trialEnd}}": "تاريخ انتهاء الإصدار التجريبي: {{trialEnd}}",
  "Trial expired": "انتهت صلاحية الإصدار التجريبي",
  "Trial expired.": "انتهت صلاحية الإصدار التجريبي.",
  "Trial extended {{extensions}} time(s)": "تم تمديد الإصدار التجريبي {{extensions}} من المرات",
  "Try again": "حاول مرة أخرى",
  "Tuesday": "ثلاثاء",
  "Type": "النوع",
  "Type to filter archive": "اكتب لترشيح بيانات التخزين",
  "Type to filter list": "اكتب لترشيح بيانات الكشف",
  "Type to filter members": "اكتب لترشيح بيانات الأعضاء",
  "Type to search": "قم بالادخال لاجراء عملية البحث",
  "Unassigned": "غير مخصص",
  "Undo": "تراجع",
  "UNDO": "تراجع",
  "Unit price: {{unitPrice}} per user": "سعر الوحدة: {{unitPrice}} لكل مستخدم",
  "Unknown Connections Cloud organisation. Redirecting...": "مؤسسة Connections Cloud غير معروفة. جاري إعادة التوجيه...",
  "Unknown Team": "فريق غير معروف",
  "Unlimited": "غير محدودة",
  "Unlink account": "إلغاء ربط الحساب",
  "Unlink Board": "إلغاء ربط اللوحة",
  "Unlink {{fromName}} Account": "إلغاء ربط حساب {{fromName}}",
  "Unlock Kudos Boards Premium Preview": "إلغاء قفل معاينة Kudos Boards المتميزة",
  "Unpaid": "غير مدفوع",
  "Unpin Board": "إلغاء تثبيت اللوحة",
  "Unscheduled cards": "البطاقات غير المجدولة",
  "Update": "‏تحديث‏",
  "Updated": "تحديث في",
  "Updated Since Last Accessed": "تاريخ التحديث منذ آخر توصل",
  "Updated {{ date }}": "تم التحديث في {{ date }}",
  "Updating...": "جاري التحديث...",
  "Upload": "‏تحميل‏",
  "Upload file from computer": "تحميل ملف من الحاسب",
  "Upload to Kudos Boards": "تحميل إلى Kudos Boards",
  "Upload Users": "تحميل المستخدمين",
  "Upload Users from CSV": "تحميل المستخدمين من CSV",
  "uploaded successfully": "تم التحميل بنجاح",
  "Uploading file:": "تحميل ملف:",
  "URL": "عنوان URL",
  "URL of Connections header frame (optional)": "عنوان URL الخاص بإطار عنوان Connections (اختياري)",
  "Use another file service": "استخدام خدمة ملفات أخرى",
  "Use current account": "استخدام الحساب الحالي",
  "Use Email": "استخدام البريد الإلكتروني",
  "Use the Kudos Boards File Attachment Service for attaching files to cards": "استخدام خدمة إلحاق الملفات في Kudos Boards لإلحاق الملفات بالبطاقات",
  "Use {{provider}} instead": "استخدم {{provider}} كبديل",
  "Used": "مُستخدَم",
  "User": "المستخدم",
  "User Emails": "عناوين البريد الإلكتروني للمستخدمين",
  "User ExternalID": "كود التعريف الخارجي للمستخدم",
  "User Licences": "تراخيص المستخدمين",
  "User Options": "اختيارات المستخدمين",
  "User Trials": "الإصدارات التجريبية للمستخدمين",
  "User upload success!": "تم تحميل المستخدم بنجاح!",
  "Username": "اسم المستخدم",
  "Users": "المستخدمين",
  "Users may need to be added to the destination board to maintain access to their assigned todos.": "قد يحتاج المستخدمون إلى إضافتهم إلى لوحة الوجهة للحفاظ على حقوق التوصل إلى المهام الواجبة المخصصة لهم.",
  "Users: {{num}}": "المستخدمون: {{num}}",
  "Vertical": "رأسي",
  "View": "‏مشاهدة‏",
  "View and Accept ↗": "عرض وقبول ↗",
  "View Details": "مشاهدة التفاصيل",
  "View licences": "مشاهدة التراخيص",
  "View subscriptions": "مشاهدة الاشتراكات",
  "View Subscriptions": "مشاهدة الاشتراكات",
  "Want to know more?": "هل تريد معرفة المزيد؟",
  "Warning: you are not authorised to add members in this board": "تحذير: غير مصرح لك بإضافة أعضاء إلى هذه اللوحة",
  "We found one board linked your {{fromName}} user account. Once you unlink the account you may no longer have access to this board.": "لقد عثرنا على لوحة واحدة مرتبطة بحساب المستخدم {{fromName}}. بعد إلغاء ربط الحساب، قد لا يعود بإمكانك التوصل إلى هذه اللوحة.",
  "We found {{count}} boards linked to your {{fromName}} user account. Once you unlink the account you may no longer have access to these boards.": "لقد عثرنا على {{count}} من اللوحات المرتبطة بحساب المستخدم {{fromName}}. بعد إلغاء ربط الحساب، قد لا يعود بإمكانك التوصل إلى هذه اللوحات.",
  "We recommended you change the widget title from the actions menu above": "ننصحك بتغيير عنوان عنصر واجهة التعامل من قائمة التصرفات أعلاه",
  "Wednesday": "أربعاء",
  "Weekdays": "أيام الأسبوع",
  "Welcome": "مرحبا",
  "Welcome to Kudos Boards": "مرحبًا بك في Kudos Boards",
  "When you unlock Kudos Boards Premium View, your current Activities will immediately be available in Board, Timeline and MindMap view.": "عند إلغاء قفل معاينة Kudos Boards المتميزة، ستتوفر الأنشطة الحالية الخاصة بك على الفور في مشاهدة اللوحة والمخطط الزمني والمخطط التفصيلي الرسومي.",
  "Widget Settings": "محددات عنصر واجهة التعامل",
  "yearly": "سنويًا",
  "Yearly": "سنويًا",
  "Yes": "نعم",
  "Yes Please": "نعم، من فضلك",
  "You are in DELETE mode, select items to delete": "أنت في وضع الحذف، حدد البنود التي تريد حذفها",
  "You are in restore mode, select items to restore": "أنت في وضع الاستعادة، حدد البنود التي تريد استعادتها",
  "You are not a direct member of this board. Please consider leaving any Groups that may be members of this board.": "أنت لست عضوًا مباشرًا في هذه اللوحة. يرجى التفكير في مغادرة أي مجموعات قد تكون أعضاء في هذه اللوحة.",
  "You are not allowed to leave this Board. Please consider archiving board.": "غير مسموح لك بمغادرة هذه اللوحة. يرجى مراعاة تخزين اللوحة.",
  "You are not authorised to access this resource": "غير مصرح لك بالتوصل لهذا المصدر",
  "You are not licensed to access this resource.": "غير مصرح لك بالتوصل لهذا المصدر.",
  "You are the only owner of this board. Please consider adding other owners or archiving this board instead.": "أنت المالك الوحيد لهذه اللوحة. يرجى التفكير في إضافة مالكين آخرين أو تخزين هذه اللوحة بدلاً من ذلك.",
  "You can enhance your workflow by unlocking Kudos Boards Premium Preview. In addition to your Activities view, you’ll also be able to work in the Boards, Timeline and Mind Map views!": "يمكنك تحسين مسار العمل من خلال إلغاء قفل معاينة Kudos Boards المتميزة. بالإضافة إلى مشاهدة الأنشطة، ستتمكن أيضًا من العمل في مشاهدة اللوحات والمخطط الزمني والمخطط التفصيلي الرسومي!",
  "You have READ ONLY access to this Board": "لديك حق التوصل من نوع \"قراءة فقط\" إلى هذه اللوحة",
  "You have {{remaining}} day(s) remaining in your premium preview.": "لديك {{remaining}} من الأيام المتبقية في المعاينة المتميزة.",
  "Your account's email address and other admin emails for your org ({{emails}}) are already included": "تم تضمين عنوان البريد الإلكتروني الخاص بحسابك وعناوين البريد الإلكتروني الخاصة بالمسؤولين الآخرين في مؤسستك ({{emails}}) بالفعل",
  "Your api key for kudos boards is shown below": "مفتاح واجهة API الخاص بتطبيق Kudos Boards معروض أدناه",
  "Your changes have been saved": "تم حفظ التغييرات الخاصة بك",
  "Your initial premium preview with {{orgName}} has expired. Click extend if you would like to continue access for an additional 30 days": "انتهت صلاحية المعاينة المتميزة الأولية مع {{orgName}}. اضغط على توسيع إذا كنت ترغب في متابعة إمكانية التوصل لمدة 30 يومًا إضافية",
  "Your premium preview expires today.": "تنتهي صلاحية المعاينة المتميزة اليوم.",
  "Your premium preview has expired, Let your administrator know you'd like to continue using Kudos Boards Premium view.": "انتهت صلاحية المعاينة المميزة، أخبِر المسؤول بأنك ترغب في متابعة استخدام مشاهدة Boards Premium المتميزة.",
  "Your session with {{provider}} has expired. Redirecting...": "انتهت صلاحية الجلسة مع {{provider}}. جاري إعادة التوجيه...",
  "Your session with {{provider}} has expired. Some functionality (ie notifications, groups, files) will be restricted until you login again.": "انتهت صلاحية الجلسة مع {{provider}}. سيتم تقييد بعض الوظائف (أي، الإعلامات والمجموعات والملفات) حتى تقوم بتسجيل الدخول مرة أخرى.",
  "{{count}} more card(s) this way": "{{count}} أخرى من البطاقات بهذه الطريقة",
  "{{num}} users": "{{num}} من المستخدمين",
  "{{quantity}} x subscriptions to '{{plan.name}}' ({{planPrice}} / {{plan.interval}})": "{{quantity}} x من الاشتراكات إلى '{{plan.name}}' ({{planPrice}} / {{plan.interval}})",
  "{{remaining}} days of trial remaining": "{{remaining}} من الأيام المتبقية في الإصدار التجريبي",
  "{{remaining}} days remaining in your premium preview.": "{{remaining}} من الأيام المتبقية في المعاينة المتميزة.",
  "{{userTrialCount}} user(s) have started a trial of Kudos Boards Premium": "بدأ {{userTrialCount}} من المستخدمين إصدارًا تجريبيًا من Kudos Boards Premium"
}