{
  "": "",
  "'{{userName}}' will not be able to view the message because they cannot access this Board": "\"{{userName}}\" няма да може да вижда съобщението, защото няма достъп до това табло:",
  "(Copy Of) ": "(Копие на) ",
  "A problem occurred when creating invite": "Възникна проблем при създаването на поканата",
  "A problem occurred when deleting node": "Възникна проблем при изтриването на възела",
  "A problem occurred when getting a node": "Възникна проблем при получаването на възел",
  "A problem occurred when redeeming invite": "Възникна проблем при изпълнението на поканата",
  "A problem occurred when removing invite": "Възникна проблем при премахването на поканата",
  "A problem occurred when removing member": "Възникна проблем при премахването на члена",
  "A problem occurred when saving invite": "Възникна проблем при записването на поканата",
  "A problem occurred when saving member": "Възникна проблем при записването на члена",
  "A problem occurred when saving node": "Възникна проблем при записването на възела",
  "A problem occurred when updating invite": "Възникна проблем при актуализирането на поканата",
  "A user with that email address already exists": "Вече съществува потребител със същия имейл адрес",
  "A user with that email address already exists as a member of this board": "Потребиктел с този имейл адрес вече съществува като член на това табло",
  "Accessed in the Last Month": "Отварян през последния месец",
  "Accessed since": "Отварян след",
  "Account Balance: {{credit}}": "Баланс на акаунта: {{credit}}",
  "Account Unlinked": "Прекъсната е връзката към акаунта",
  "Actions": "Действия",
  "Active": "Активен",
  "Active Boards": "Активни табла",
  "Active Workspace Meetings": "Активни събрания в работната област",
  "Activity": "Дейност",
  "Activity data is loading...": "Данните за активност се зареждат...",
  "Activity Migration": "Мигриране на дейност",
  "Activity Name": "Име на дейност",
  "Add": "Добавяне",
  "Add a Card": "Добавяне на карта",
  "Add a Comment": "Добавяне на коментар",
  "Add a Description": "Добавяне на описание",
  "Add a List": "Добавяне на списък",
  "Add a list": "Добавяне на списък",
  "Add a Tag": "Добавяне на етикет",
  "Add an attachment or link": "Добавяне на прикачен файл или връзка",
  "Add another": "Добавяне на друго",
  "Add Attachment": "Добавяне на прикачен файл",
  "Add Bookmark": "Добавяне на показалец",
  "Add Client": "Добавяне на клиент",
  "Add Custom Field": "Добавяне на поле по избор",
  "Add file": "Добавяне на файл",
  "Add individuals or groups as members, or invite by email": "Добавяне на лица или групи като членове или покана по имейл",
  "Add Label": "Добавяне на етикет",
  "Add label '{{filter}}'": "Добавяне на етикет '{{filter}}'",
  "Add Licence": "Добавяне на лиценз",
  "Add Member": "Добавяне на член",
  "Add members": "Добавяне на членове",
  "Add Organisation": "Добавяне на организация",
  "Add people to your board or invite by email": "Добавяне на хора към Вашето табло или покана по имейл",
  "Add User": "Добавяне на потребител",
  "Admin approval failed": "Одобрението от администратор е неуспешно",
  "Admin Users": "Потребители администратори",
  "Administrator approval required.": "Изисква се одобрение от администратор",
  "Administrators": "Администратори",
  "Advanced": "Разширено",
  "Agenda": "Дневен ред",
  "All": "Всички",
  "All Activities": "Всички Дейности",
  "All Boards": "Всички табла",
  "All cards are scheduled.": "Всички карти са планирани.",
  "All Templates": "Всички шаблони",
  "Allow Invite by Email": "Позволяване на покана по имейл",
  "Already linked": "Вече свързан",
  "Amount": "Сума",
  "Amount Due": "Дължима сума",
  "Amount Due Now: {{due}}": "Сума, дължима сега: {{due}}",
  "Amount Paid": "Платена сума",
  "An account of this type already linked": "Акаунт от този тип вече е свързан",
  "An invitation for the specified email address already exists on this board": "Покана за указания имейл адрес вече съществува в това табло",
  "and is already a member of this board": "и вече е член на това табло",
  "Apply Template": "Приложи шаблона",
  "Approve": "Одобряване",
  "Approve Advanced Features": "Одобрение на разширените характеристики",
  "Archive": "Архив",
  "Archive Card": "Архивиране на карта",
  "Archive Cards in List": "Архивиране на картите в списъка",
  "Archive List": "Архивиране на списъка",
  "Archived": "Архивирано",
  "Archived Boards": "Архивирани табла",
  "Archived Templates": "Архивирани шаблони",
  "Are you sure you want to cancel this licence? This will take effect at the end of the current period.": "Наистина ли искате да прекратите този лиценз? Това ще влезе в действие след завършване на сегашния период.",
  "Are you sure you want to delete this licence? CAUTION: This will delete any associated credit card information": "Наистина ли искате да изтриете този лиценз? ВНИМАНИЕ: Това ще изтрие цялата свързана информация за кредитни карти",
  "Are you sure you want to reactivate this licence?": "Наистина ли желаете да активирате повторно този лиценз?",
  "Are you sure you want to unlink your {{provider}} account?": "Наистина ли искате да премахнете връзката към своя акаунт за {{provider}}?",
  "Are you sure you wish to leave '{{boardName}}'? This action cannot be undone by you.": "Наистина ли желаете да напуснете \"{{boardName}}\"? Това действие не може да бъде върнато от Вас.",
  "Are you sure?": "Сигурни ли сте?",
  "Are You Sure?": "Сигурни ли сте?",
  "Are you sure? This will reinstate the previous billing schedule": "Сигурни ли сте? Това ще върне предишната схема на плащане",
  "Are you sure? This will take effect at the end of the current billing cycle": "Сигурни ли сте? Това ще влезе в действие след завършване на сегашния цикъл на плащане",
  "Asia Pacific": "Азиатско-Тихоокеански регион",
  "Assign Users": "Задаване на потребители",
  "Assigned": "Възложени",
  "Assigned to": "Назначени към",
  "Assigned To Me": "Възложено на мен",
  "Assigned Users that will be added to the Destination Board": "Зададени потребители, които ще бъдат добавени към таблото местоназначение",
  "Assignees": "Получатели",
  "Assignments": "Възложени задачи",
  "Attach": "Прикачване",
  "Attachments": "Прикачени файлове",
  "Auth0 url": "URL адрес на Auth0",
  "Authentication Clients": "Клиенти на удостоверяването",
  "Author": "Автор",
  "author": "автор",
  "awaiting acceptance": "очакващи приемане",
  "Back": "Назад",
  "Back to Boards": "Назад към таблата",
  "Back to Colour Selection": "Назад към избора на цвят",
  "Bad Request": "Лоша заявка",
  "Best viewed in fullscreen": "Най-добре изглеждащо на цял екран",
  "Billing Cycle": "Цикъл на плащане",
  "Billing period: {{interval}}": "Период на плащане: {{interval}}",
  "Blank": "Празно",
  "Board": "Табло",
  "Board Archive": "Архив на таблото",
  "Board Labels": "Етикети на таблото",
  "Board Members": "Членове на табло",
  "Board Name": "Име на таблото",
  "Boards": "Табла",
  "Boards linked directly to this user": "Табла, свързани пряко с този потребител",
  "Boards linked through group membership": "Табла, свързани чрез членство в група",
  "Boards premium preview": "Premium предварителен преглед на табла",
  "Bookmarks": "Показалци",
  "Buy Licence": "Закупуване на лиценз",
  "Buy Online": "Купуване онлайн",
  "by": "от",
  "Cancel": "Отказ",
  "Cancel Licence": "Отмяна на лиценз",
  "Cancelled": "Отменено",
  "Cannot Leave Board": "Не може да се излезе от таблото",
  "Card Name": "Име на карта",
  "Card Number": "Номер на карта",
  "Cards": "Карти",
  "Central Europe": "Централна Европа",
  "Choose a board": "Избор на табло",
  "Choose a Template": "Избор на шаблон",
  "Classic": "Класическо",
  "Clear Search": "Изчистване на търсене",
  "Clear Selected": "Изчистване на избраните",
  "Clear Selected Filters": "Изчистване на избраните филтри",
  "Click for details": "Щракнете за подробни данни",
  "Click for more information about approving advanced features": "Щракнете за повече информация за одобряване на разширените характеристики",
  "Click here": "Щракнете тук",
  "Click here for details": "Щракнете тук за подробни данни",
  "Click here for details.": "Щракнете тук за подробни данни.",
  "Click here to buy a licence online or get a quote": "Щракнете тук, за да закупите лиценз онлайн или да получите оферта",
  "Click here to start a 30 day free trial for your organisation. Contact support for trials with more users.": "Щракнете тук, за да стартирате 30 дни безплатно изпробване за вашата организация. Свържете се с поддръжката за изпробвания с повече потребители.",
  "Click to see more details": "Щракнете, за да видите повече подробности",
  "Client": "Клиент",
  "Clients": "Клиенти",
  "Close": "Затваряне",
  "Close Activity After Import": "Затваряне на дейност след импортиране",
  "Close Board Menu": "Затваряне на менюто с табла",
  "Close the activity after the import has completed successfully. You can still access it through 'Trash'": "Затворете дейността след импортирането завърши успешно. Все още имате достъп чрез \"Кошче\"",
  "Closed": "Затворен",
  "Collaborate on projects involving different departments": "Съвместна работа по проекти, включващи различни отдели",
  "Collapse": "Сгъване",
  "Colour": "Цвят",
  "Colour Labels": "Етикети с цветове",
  "Colour-Tags": "Цветни етикети",
  "Colours": "Цветове",
  "Column View": "Изклед на колони",
  "Comments": "Коментари",
  "Community Activities": "Дейности на общността",
  "Community Templates": "Шаблони на общност",
  "Complete Todos": "Завършени задачи",
  "Completed": "Завършени",
  "Configuration": "Конфигурация",
  "Confirm": "Потвърждаване",
  "Confirmation Required": "Изисква се потвърждение",
  "Connections Cloud session expired. Click here to validate.": "Срокът на сесията на Connections Cloud изтече. Щракнете тук, за да я валидирате.",
  "Connections On-Premise": "Локални връзки",
  "Connections URL": "Поща на Connections",
  "Contact Email": "Имейл на контакт",
  "Contact Name": "Име на контакт",
  "Contact Support": "Връзка с поддръжката",
  "Contact your System Administrator for more information or email us at": "Свържете се със своя администратор за повече информация или ни пишете имейл на",
  "Content": "Съдържание",
  "Continue": "Продължаване",
  "Continue Without Transferring": "Продължаване без прехвърляне",
  "Convert into Entry": "Превръщане в запис",
  "Convert into Todo": "Преобразуване в задача",
  "Copy embed code": "Копиране на код за вграждане",
  "Copy embed code to clipboard": "Копиране на код за вграждане в клипборда",
  "Create": "Създаване",
  "Create a new board": "Създаване на ново табло",
  "Create Board": "Създаване на табло",
  "Create Board from Template": "Създаване табло от шаблон",
  "Create Boards for anything, manage your workflow, and streamline processes with template creation.": "Създавайте табла за всичко, управлявайте своя работен поток и опростете процесите със създаване на шаблони.",
  "Create card": "Създаване на карта",
  "Create Copy": "Създаване на копие",
  "Create Link to Board": "Създаване на връзка към таблото",
  "Create Template": "Създаване на шаблон",
  "Create Template from Board": "Създаване на шаблон от таблото",
  "Create your own structure for organising projects, workflows, ideas and more!": "Създайте своя структура за организиране на проекти, работни потоци, идеи и още много!",
  "Create {{numCards}} cards?": "Създаване на {{numCards}} карти?",
  "Create {{numCards}} lists?": "Създаване на {{numCards}} списъка?",
  "Created": "Създадено",
  "Created By Me": "Създадени от мен",
  "Created {{ date }}": "Създадено на {{ date }}",
  "Created: {{date}}": "Създаден: {{date}}",
  "Credit Card Ending in {{last4}}": "Създаване на карта, завършваща на {{last4}}",
  "Current Account:": "Текуща сметка:",
  "Currently the ability to search for groups in {{provider}} is not available until an administrator grants permissions for your organisation. ": "В момента възможност да се търсят групи в {{provider}} не се предлага, докато администратор не даде разрешения за вашата организация. ",
  "Curve": "Крива",
  "Custom Fields": "Полета по избор",
  "Customer ID": "ИД на клиент",
  "CVC": "CVC",
  "Date": "Дата",
  "Decisions": "Решения",
  "Default templates to exclude": "Шаблони по подразбиране за изключване",
  "Delete": "Изтриване",
  "Delete Board": "Изтриване на табло",
  "Delete Card": "Изтриване на карта",
  "Delete Comment": "Изтриване на коментар",
  "Delete File": "Изтриване на файл",
  "Delete items": "Изтриване на елементи",
  "Delete Label": "Изтриване на етикет",
  "Delete Link": "Изтриване на връзка",
  "Delete List": "Изтриване на списък",
  "Delete mode": "Изтриване на режим",
  "Delete Selected Items": "Изтриване на избраните елементи",
  "Deleted": "Изтрито",
  "Deleting": "Изтриване",
  "Departments": "Отдели",
  "Description": "Описание",
  "Description (optional)": "Описание (по избор)",
  "Details": "Подробни данни",
  "Direct Order via ISW": "Насочване на поръчка посредством ISW",
  "Discount": "Отстъпка",
  "Discount Code (optional)": "Код на отстъпка (по избор)",
  "Discount: {{discount}}": "Отстъпка: {{discount}}",
  "Display an existing board": "Показване на съществуващо табло",
  "Documentation": "Документация",
  "Doing": "Изпълнение",
  "Done": "Готово",
  "Done ({{num}})": "Изпълнено ({{num}})",
  "Download": "Изтегляне",
  "Download file": "Изтегляне на файл",
  "Drop file here to save": "Пуснете файла тук, за да го запишете",
  "Due": "Срок",
  "Due Date": "Краен срок",
  "Due date": "Краен срок",
  "Earliest Licence Expired on": "Срокът на най-ранния лиценз е изтекъл на",
  "Earliest Upcoming Expiry": "Най-ранно предстоящо изтичане на срок",
  "Edit": "Редактиране",
  "Edit Board Colour Labels": "Редактиране на етикети с цветове на табла",
  "Edit Client": "Редактиране на клиент",
  "Edit Client Licence": "Редактиране на",
  "Edit Colour Labels": "Редактиране на етикети с цветове",
  "Edit Comment": "Редактиране на коментар",
  "Edit Description": "Редактиране на описание",
  "Edit Filename": "Редактиране на име на файл",
  "Edit Label": "Редактиране на етикет",
  "Edit label": "Редактиране на етикет",
  "Edit Licence": "Редактиране на лиценз",
  "Edit Link": "Редактиране на връзка",
  "Edit name": "Редактиране на име",
  "Edit Tile Colour Labels": "Редактиране на етикети с цветове на плочки",
  "Edit User Licence": "Редактиране на потребителски лиценз",
  "Edited": "Редактирани",
  "Editor": "Редактор",
  "editor": "редактор",
  "Email": "Имейл",
  "Email Address": "Имейл адрес",
  "Email address is required": "Изисква се имейл адрес",
  "Email addresses to copy invoices to": "Имейл адреси, до които да се копират фактури",
  "Email addresses to copy quote to": "Имейл адреси, до които да се копира оферта",
  "Email Us": "Пишете ни имейл",
  "Embed code copied to clipboard": "Код за граждане е копиран в клипборда",
  "Empty Lists": "Празни списъци",
  "empty name": "празно име",
  "Enable Boards File Uploads": "Разрешаване на качване на файлове в табла",
  "Enabled": "Активирано",
  "End Date": "Крайна дата",
  "Ending Balance": "Краен баланс",
  "Enter a title for the link (Optional)": "Въведете заглавие за връзката (по избор)",
  "Enter an email address": "Въведете имейл адрес",
  "Enter Label": "Въведете етикет",
  "Enter label name": "Въведете име на етикет",
  "Enter New Name": "Въведете ново име",
  "Enter Text": "Въведете текст",
  "Entry": "Запис",
  "Error": "Грешка",
  "Error creating board": "Грешка при създаване на табло",
  "Error processing quote request. Please email sales@kudosbadges.com": "Грешка при обработка на заявка за оферта. Напишете имейл до sales@kudosbadges.com",
  "Error processing your request": "Грешка при обработка на вашата заявка",
  "Error starting trial": "Грешка при стартиране на изпробване",
  "Error uploading file": "Грешка при качване на файл",
  "Error: an unknown error occurred - cannot move": "Грешка: възникна неизвестна грешка - не е възможно преместване",
  "Error: you are not authorised to add content to this board": "Грешка: нямате разрешение да добавяте съдържание към таблото",
  "Existing Kudos Partner (optional)": "Съществуващ партньор на Kudos (по избор)",
  "Existing Login Detected": "Открито е съществуващ акаунт за влизане",
  "Existing Tab": "Съществуващ раздел",
  "Expand": "Разгъване",
  "Expand/Collapse": "Разгъване/свиване",
  "Expand/Collapse All Lists": "Разгъване/свиване на всички списъци",
  "Expired": "Изтекла",
  "Expires": "Изтича",
  "Expires: {{date}}": "Срокът изтича на: {{date}}}",
  "Expires: {{{date}}}": "Срокът изтича на: {{{date}}}",
  "Expiry": "Изтичане на срок",
  "Expiry Date": "Дата на изтичане на срок",
  "Explore the Template Library": "Изследване на библиотеката с шаблони",
  "Extend": "Удължаване",
  "ExternalId": "ExternalId",
  "Fields": "Полета",
  "Filter Activities to migrate": "Филтриране на дейностите за мигриране",
  "Finance": "Финанси",
  "Find a Group": "Намиране на група",
  "Find a User": "Намиране на потребител",
  "Finding your Connections Cloud Organisation...": "Намиране на Вашата организация за Connections Cloud...",
  "Free": "Безплатно",
  "Free Trial": "Безплатно изпробване",
  "Friday": "петък",
  "From Provider": "От доставчика",
  "Functionality is currently limited.": "Понастоящем функионалността е ограничена.",
  "Furthest Upcoming Expiry": "Най-късно предстоящо изтичане на срок",
  "Future": "Бъдещо",
  "General": "Общо",
  "Get a Licence Quote": "Получаване на оферта за лиценз",
  "Get a Quote": "Получете оферта",
  "Give users the ability to invite external users to a Board by email address": "Дайте на потребителите възможност да поканват външни потребители за табло по имейл адрес",
  "Global Access": "Глобален достъп",
  "Global OAuth": "Глобален OAuth",
  "Go to licence": "Към лиценза",
  "Go to Today": "Отиване към днес",
  "Goals": "Цели",
  "Group": "Група",
  "Group Boards": "Групови табла",
  "Group By": "Групиране по",
  "Group Owners: Owners of this Board.</br>Group Members: Authors of this Board": "Собственици на групи: Собственици на това табло.</br>Членове на групиs: Автори на това табло",
  "Groups": "Групи",
  "Help": "Помощ",
  "Hide": "Скриване",
  "Hide Completed Todos": "Скриване на завършените задачи",
  "Hide Dates": "Скриване на датите",
  "Horizontal": "Хоризонтално",
  "How would you like to proceed?": "Как бихте желали да продължите?",
  "HR": "ЧР",
  "I accept the above Terms & Conditions": "Приемам горните Правила и условия",
  "I accept the terms of service": "Приемам условията на използване",
  "ID": "Идентификатор",
  "If this setting is switched off, cards are created as entries on enter press.": "Ако тази настройка се изключи, картите се създават като записи при натискане на Enter.",
  "Ignore Completed": "Игнориране на завършените",
  "Ignore Deleted": "Игнориране на изтритите",
  "Ignore Templates": "Игнориране на шаблоните",
  "Import": "Импортиране",
  "Import an Activity": "Импортиране на дейност",
  "Import an Activity Template": "Импортиране на шаблон за дейност",
  "Import from Activities": "Импортиране от дейностите",
  "Import From Activities": "Импортиране от дейностите",
  "In a Group": "В група",
  "Include email body in description": "Включване на тялото на имейла в описанието",
  "Inherit": "Наследяване",
  "Inherit from Group": "Наследяване от група",
  "Inherited from Group": "Наследено от група",
  "Integration Env": "Среда на интегриране",
  "Internal server error": "Вътрешна грешка в сървъра.",
  "Invitation sent to": "Поканата е изпратена на",
  "Invite": "Изпращане на покана",
  "Invite by Email": "Покана по имейл",
  "Invite sent on": "Поканата е изпратена на",
  "Invoice": "Фактура",
  "Invoice Details": "Подробности за фактурата",
  "Invoices": "Фактури",
  "Invoices for": "Фактури за",
  "Is Enabled": "Е разрешен",
  "Is Trial": "Е изпробване",
  "IT": "ИТ",
  "It is valid until {{expiry}}.": "Валидно е до {{expiry}}.",
  "Items": "Елементи",
  "Join Workspace Meetings": "Присъединяване към събрания в работната област",
  "Kanban": "Kanban",
  "Kanban View": "Изглед на Kanban",
  "Kudos Boards": "Kudos Boards",
  "Kudos Boards - Terms & Conditions": "Kudos Boards - Правила и условия",
  "Kudos Boards API": "API на Kudos Boards",
  "Kudos Boards cannot be added as a tab until an administrator approves required functionality": "Kudos Boards не може да се добави като раздел, докато администратор не одобри задължителната функционалност",
  "Kudos Boards has been updated in the background. Please reload the app!": "Kudos Boards е актуализирао във фонов режим. Заредете повторно приложението!",
  "Kudos Partner Reference Code (optional)": "Справочен код на партньор на Kudos (по избор)",
  "Kudos Team Name": "Име на екип на Kudos",
  "Label deleted": "Етикетът е изтрит",
  "Labels": "Етикети",
  "Last Accessed": "Последен достъп",
  "Last Licence Expired on": "Срокът на последния лиценз е изтекъл на",
  "Later This Month": "По-късно този месец",
  "Later This Week": "По-късно тази седмица",
  "Layout": "Оформление",
  "Leave Board": "Излизане от таблото",
  "Licence Assigned": "Даден е лиценз",
  "Licence Details": "Подробности за лиценза",
  "Licence expired": "Срокът на лиценза е изтекъл",
  "Licence Type": "Тип лиценз",
  "Licences": "Лицензи",
  "Licenses": "Лицензи",
  "Licensing": "Лицензиране",
  "Limit": "Предел",
  "Line": "Ред",
  "Line Items": "Елементи на ред",
  "Lines in file:": "Редове във файла:",
  "Link": "Връзка",
  "Link Accounts": "Свързване на акаунти",
  "Link another account": "Свързване към друг акаунт",
  "Link another Kudos Boards account": "Връзка към друг акаунт за Kudos Boards",
  "Link Exists": "Връзката съществува",
  "Link to Board": "Свързване към таблото",
  "Link to Card, List or Board": "Връзка към карта, списък или табло",
  "Link to File": "Връзка към файл",
  "Link to Folder": "Връзка към папка",
  "Link {{provider}} with the current account": "Връзка на {{provider}} с текущия акаунт",
  "Linked Accounts": "Свързани акаунти",
  "Linked Groups": "Свързани групи",
  "Links": "Връзки",
  "Links & Attachments": "Връзки и прикачени файлове",
  "List": "Списък",
  "List all Boards": "Списък на всички табла",
  "List Name": "Име по списък",
  "List View": "Списъчен изглед",
  "Lists": "Списъци",
  "Lite": "Олекотен",
  "Local": "Локално",
  "Logging in, please wait...": "Влизане, моля изчакайте...",
  "Login": "Влизане",
  "Logout": "Излизане",
  "Look in": "Търсене в",
  "Make the most of your Kudos Boards Premium Preview": "Извлечете най-доброто от Premium предварителния преглед на Kudos Boards",
  "Manage Org": "Управление на организация",
  "Manage Payments": "Управление на плащания",
  "Mark Board as Complete": "Маркиране на таблото като завършено",
  "Mark Board as Incomplete": "Маркиране на таблото като непълно",
  "Mark Complete": "Отбелязване като завършено",
  "Mark Incomplete": "Маркиране като незавършено",
  "Marketing": "Маркетинг",
  "Match All Filters": "Съвпадение с всички филтри",
  "Meeting": "Среща",
  "Members": "Членове",
  "Merge": "Обединяване",
  "Microsoft Office365": "Microsoft Office365",
  "Migrate ALL ({{num}})": "Мигриране на ВСИЧКИ ({{num}})",
  "Migrate Selected ({{num}})": "Мигриране на избрани ({{num}})",
  "Mind Map": "Мисловна карта",
  "MindMap": "Мисловна карта",
  "Mindmap": "Мисловна карта",
  "Mindmap View": "Изглед на мисловна карта",
  "Minimum number of users for the selected licence type is {{minimumSeats}}": "Минималният брой потребители за избрания тип лиценз е {{minimumSeats}}",
  "Mirror": "Огледало",
  "Modified": "Модифициран",
  "Modify": "Промяна",
  "Modify Licence": "Видоизменение на лиценз",
  "Monday": "понеделник",
  "monthly": "ежемесечно",
  "Monthly": "Ежемесечно",
  "More": "Повече",
  "Move": "Преместване",
  "Move and Open": "Преместване и отваряне",
  "Move Card": "Преместване на карта",
  "Move List": "Преместване на списък",
  "Move To Another Board": "Преместване в друго табло",
  "Move to another list or parent card": "Преместване в друг списък или родителска карта",
  "My": "Моите",
  "My Account": "Моят акаунт",
  "My Activities": "Моите дейности",
  "My Boards": "Моите табла",
  "My Subscriptions": "Моите абонаменти",
  "My Templates": "Моите шаблони",
  "My Todos": "Моите задачи",
  "Name": "Име",
  "Name on Card": "Има върху картата",
  "Named Users": "Наименувани потребители",
  "Named Users Licence": "Лиценз за наименувани потребители",
  "Never": "Никога",
  "New Board": "Ново табло",
  "New card created, however the search filter currently applied is preventing it from being displayed": "Създадена е нова карта, но приложеният в момента филтър за търсене не позволява да бъде показана",
  "New cards created as tasks on enter key press": "Новите карти се създават като задачи при натискане на клавиш Enter",
  "New Client": "Нов клиент",
  "New Client Licence": "Лиценз за нов клиент",
  "New Credit Card": "Нова кредитна карта",
  "New Label": "Нов етикет",
  "New Label Text": "Текст на нов етикет",
  "New Licence": "Нов лиценз",
  "New Since Last Week": "Нови от последната седмица",
  "New Sub-Card": "Нова подкарта",
  "New Tab": "Нов раздел",
  "New Template": "Нов шаблон",
  "New User Licence": "Лиценз за нов потребител",
  "Next": "Напред",
  "Next Invoice Amount: {{nextAmount}}": "Сума на следваща фактура: {{nextAmount}}",
  "Next Invoice Date: {{date}}": "Дата на следваща фактура: {{date}}",
  "Next Payment": "Следващо плащане",
  "Next Payment Attempt": "Следващ опит за плащане",
  "Next Payment: {{{date}}}": "Следващо плащане: {{{date}}}",
  "Next Week": "Следваща седмица",
  "No": "Не",
  "No action available": "Няма достъпни действия",
  "No Active Meetings found. Click below to go to a Workspace": "Не са намерени активни събрания. Щракнете по-долу, за да отидете в работна област",
  "No Activities found": "Не са открити дейности",
  "No Archived items to show": "Няма архивирани елементи за показване",
  "No Assignment": "Няма задача",
  "No boards found for this group": "Няма намерени табла за тази група",
  "No Boards found.": "Няма намерени табла",
  "No boards yet, please create one first": "Още няма табла, първо създайте такова",
  "No clients found": "Не са намерени клиенти",
  "No Colour": "Няма цвят",
  "No Date": "Няма дата",
  "No files found": "Не са намерени файлове",
  "No folders found": "Не са намерени папки.",
  "No Group": "Няма група",
  "No invoices to display": "Няма фактури за показване",
  "No items were selected": "Не са избрани елементи",
  "No Label": "Няма етикет",
  "No label": "Няма етикет",
  "No labels defined": "Няма определени етикети",
  "No licences available. Functionality will be limited for new users.": "Няма налични лицензи. Функционалността ще бъде ограничена за нови потребители",
  "No licences found": "Няма намерени лицензи",
  "No licences to show": "Няма лицензи за показване",
  "No organisations found": "Няма намерени организации",
  "No pinned boards": "Няма закачени табла",
  "No Pinned Boards found.": "Няма намерени закачени табла.",
  "No Recent Boards found.": "Няма намерени скорошни табла.",
  "No user trials found": "Няма намерени изпробвания.",
  "No users found": "Не са намерени потребители",
  "No users to show": "Няма потребители за показване",
  "None": "Няма",
  "North America": "Северна Америка",
  "Not Licensed": "Нелицензирани",
  "Not Supported": "Не се поддържа",
  "Note that file security is managed by {{provider}}, not by Kudos Boards": "Обърнете внимание, че защитата на файлове се управлява от {{provider}}, а не от Kudos Boards",
  "Nothing to show": "Нищо не може да се покаже",
  "Number of Attempts": "Брой опити",
  "Number of cards": "Брой карти",
  "Number of Expired Licences": "Брой лицензи с изтекъл срок",
  "Number of Users": "Брой потребители",
  "Number of Valid Licences": "Брой валидни лицензи",
  "oAuth Client ID": "ИД на OAuth клиент",
  "OAuth Client ID": "ИД на OAuth клиент",
  "OAuth Client Secret": "Тайна на клиент на OAuth",
  "oAuth Client Secret": "Тайна на клиент на oAuth",
  "ok": "ОК",
  "OK": "OK",
  "Only Entries": "Само записи",
  "Only the members of this board will be able to see and access this board.": "Само членовете на това табло ще могат да виждат и отварят това табло.",
  "Only Todos": "Само задачи",
  "Open": "Отваряне",
  "Open Board Options": "Отваряне на опциите за табла",
  "Open Boards in:": "Отваряне на табла в:",
  "Open in Boards": "Отваряне в табла",
  "Open Licence": "Отваряне на лиценз",
  "Open this board": "Отваряне на това табло",
  "Opt in below to receive tips and tricks from the Kudos Boards team to make the most of your premium preview.": "Изберете по-долну, за да получавате съвети и трикове от екипа на Kudos Boards, за да извлечете най-доброто от Premium предварителния преглед.",
  "Order": "Поръчка",
  "Order Summary": "Резюме на поръчка",
  "Order via ISW Partner": "Поръчка чрез партньор ISW",
  "Org Administration": "Администриране на организация",
  "Organisation": "Организация",
  "Organisation Name": "Име на организацията",
  "Organisations": "Организации",
  "Organise any project productively using the classic Todo, Doing, Done methodology": "Продуктивно организиране на всеки проект с използване на класическа методология \"Задача, изпълнение, завършена\"",
  "Our Terms & Conditions have changed": "Нашите Правила и условия са променени",
  "Overdue": "Просрочени",
  "owner": "собственик",
  "Owner": "Собственик",
  "Owners": "Собственици",
  "Page Not Found": "Страницата не е намерена",
  "Paid": "Платено",
  "Paste link or drop file to upload": "Поставете връзка или пуснете файл за качване",
  "Payment Method": "Метод на плащане",
  "Period": "Точка",
  "Person": "Лице",
  "Pin Board": "Закачване на табло",
  "Pinned": "Закачено",
  "Pinned Boards": "Закачени табла",
  "Pinned boards": "Закачени табла",
  "Plan and collaborate on tasks on a weekly basis": "Планиране и сътрудничество върху задачи на седмична база",
  "Please approve the Kudos Boards app to allow it to be added as a tab.": "Одобрете приложението Kudos Boards, за да позволите то да се добави като раздел.",
  "Please approve the Kudos Boards app to use advanced features.": "Одобрете приложението Kudos Boards, за да използвате разширените характеристики.",
  "Please contact your Administrator": "Свържете се с администратора.",
  "Please contact your IBM Connections Admin to purchase a licence.": "Свържете се със своя администратор на IBM Connections, за закупите лиценз.",
  "Please ensure you login with the same Office 365 user account as you are using in Microsoft Teams": "Погрижете се да влезете със същия потребителски акаунт за Office 365, който използвате в Microsoft Teams",
  "Please enter a board name": "Въведете име на табло",
  "Please enter a valid email address": "Въведете валиден имейл адрес",
  "Please enter a valid URL": "Въведете валиден URL адрес",
  "Please enter the number of users in your Connections Cloud Organisation": "Въведете броя потребители във вашата организация на Connections Cloud",
  "Please enter the number of users you wish to name under this licence": "Въведете броя потребители, които желаете да посочите по име под този лиценз",
  "Please read our Terms & Conditions": "Прочетете нашите Правила и условия",
  "Please reload the page and try again, if this issue persists please let us know": "Презаредете страницата и опитайте отново, а ако този проблем продължава, съобщете ни",
  "Please review your licences here": "Прегледайте своите лицензи тук",
  "Please see the <a href='{{url}}'>new board</a>": "Вижте <a href='{{url}}'>новото табло</a>",
  "Please sign in": "Моля, влезте",
  "Please start a trial to use Boards in your {{provider}} organisation": "Стартирайте ново изпробване, за да използвате табла в своята {{provider}} организация",
  "Position": "Позиция",
  "Post": "Публикация",
  "Premium": "Premium",
  "Premium Preview Status": "Състояние на Premium предварителен преглед",
  "Preview": "Преглед",
  "Preview available": "Наличен е предварителен преглед",
  "Previous": "Назад",
  "Pricing": "Ценообразумаве",
  "primary": "първичен",
  "Primary": "Първичен",
  "Print": "Принтиране",
  "Private (me only)": "Частно (само за мен)",
  "Product Information": "Информация за продукт",
  "Product Version": "Версия на продукта",
  "Provider": "Доставчик",
  "Provider not supported": "Доставчикът не се поддържа",
  "Public": "Публично",
  "Public Access": "Публичен достъп",
  "Public Activities": "Публични дейности",
  "Public Boards": "Публични табла",
  "Public Templates": "Публични шаблони",
  "Quarterly": "На всяко тримесечие",
  "Questions": "Въпроси",
  "Quick Edit": "Бързо редактиране",
  "Radial": "Радиално",
  "RE-CENTER": "ПОВТОРНО ЦЕНТРИРАНЕ",
  "Reactivate Licence": "Повторно активиране на лиценз",
  "reader": "читател",
  "Reader": "Читател",
  "Recent": "Скорошни",
  "Recent boards": "Скорошни табла",
  "Recent Boards": "Скорошни табла",
  "Recurring Amount Due: {{recurring}}": "Дължима повтаряща се сума: {{recurring}}",
  "Redeeming Invitation...": "Изпълнение на поканата...",
  "Redirecting to Connections Cloud...": "Пренасочване към Connections Cloud...",
  "Redirecting to Watson Workspace...": "Пренасочване към Watson Workspace...",
  "Refresh": "Обновяване",
  "Region": "Регион",
  "Reload": "Презареждане",
  "Remaining ({{num}})": "Оставащи ({{num}})",
  "Remove Admin": "Премахване на администратор",
  "Remove Client": "Премахване на клиент",
  "Remove Invite": "Премахване на покана",
  "Remove Licence": "Премахване на лиценз",
  "Replace": "Заместване",
  "Resend Invite": "Повторно изпращане на покана",
  "Reset": "Възстановяване",
  "Restore": "Възстановяване",
  "Restore Card": "Възстановяване на карта",
  "Restore items": "Възстановяване на елементи",
  "Restore List": "Възстановяване на списъка",
  "Restore mode": "Режим на възстановяване",
  "Reverse": "Връщане",
  "Revoke All": "Оттегляне на всички",
  "Revoke Licence": "Оттегляне на лиценз",
  "Role": "Роля",
  "Roles": "Роли",
  "Rows": "Редове",
  "Sales": "Продажби",
  "Save": "Записване",
  "Save card for future purchases": "Записване на картата за бъдещи покупки",
  "Save Changes": "Запазване на промените",
  "Save link": "Записване на връзката",
  "Scroll To": "Превъртане до",
  "Search": "Търсене",
  "Search All Templates": "Търсене във всички шаблони",
  "Search this view": "Търсене в този изглед",
  "Search...": "Търсене...",
  "Select a Board": "Изберете табло",
  "Select board": "Избиране на табло",
  "Select Board": "Избиране на табло",
  "Select Board Label": "Изберете етикет на табло",
  "Select Card Colours": "Изберете цветове на карти",
  "Select Colour": "Избор на цвят",
  "Select Colours": "Избор на цветове",
  "Select Destination Board": "Изберете табло местоназначение",
  "Select destination folder": "Изберете папка местоназначение",
  "Select File": "Избиране на файл",
  "Select Folder": "Избиране на папка",
  "Select items for delete": "Изберете елементи за изтриване",
  "Select items for restore": "Изберете елементи за възстановяване",
  "Select List or Card": "Изберете списък или карта",
  "Select the boards below that you would like to transfer membership over to your primary ({{toName}}) account": "Изберете таблата по-долу, за които бихте желали да прехвърлите членство на вашия основен акаунт ({{toName}})",
  "Selected Activity": "Избрана дейност",
  "Send an email notifying each member that the Activity has been migrated to a Board.": "Изпратете имейл, за да уведомите всеки член, че дейността е мигрирана в табло.",
  "Send Invitation": "Изпрати покана",
  "Send Notification Email to Members": "Изпращане на имейл с известие до членовете",
  "Sending invitations": "Изпращане на покани",
  "Set as primary account": "Задаване като основен акаунт",
  "Set Dates": "Задаване на дати",
  "Set enter key press action to create a task when creating new cards in a list.": "Задайте действие натискането на клавиш Enter да създава задача, когато създавате нови карти в списък.",
  "Setup Subscription": "Абонамент за настройка",
  "Share with": "Споделяне с",
  "Shared by me": "Споделено от мен",
  "Shared with me": "Споделено с мен",
  "Show": "Показване",
  "Show all ancestors": "Показване на всички предшественици",
  "Show all boards for this team": "Показване на всички табла за този екип",
  "Show Board Menu": "Показване на менюто с табла",
  "Show Filter Options": "Показване на опции за филтриране",
  "Show Less": "Показване на по-малко",
  "Show Licences for your organisation": "Показване на лицензите за Вашата организация",
  "Show More": "Показване на повече",
  "Show on Card": "Показване на картата",
  "Show previous comments": "Показване на предишни коментари",
  "Show previous links & attachments": "Показване на предишни връзки и прикачени файлове",
  "Show Sub-cards": "Показване на подкарти",
  "Sign In": "Влизане",
  "Sign in with": "Влизане с",
  "SIGN IN WITH:": "ВЛИЗАНЕ С:",
  "Sign Out": "Излизане",
  "Sign Out of Kudos Boards": "Излизане от Kudos Boards",
  "Signing in...": "Влизане...",
  "Signing out...": "Излизане...",
  "Smartcloud": "Smartcloud",
  "Something went wrong.": "Нещо се обърка.",
  "Source Board/Template": "Табло/шаблон източник",
  "Source Template": "Шаблони източник",
  "Specific Board": "Конкретно табло",
  "Start a Trial": "Стартиране на изпробване",
  "Start a trial or purchase a subscription to start creating boards": "Стартирайте изпробване или купете абонамент, за да стартирате създаване на табла",
  "Start Boards Premium Preview": "Стартиране на Premium предварителен преглед на таблата",
  "Start Date": "Начална дата",
  "Start Free Trial": "Стартиране на безплатно изпробване",
  "Start my trial": "Стартиране на моето изпробване",
  "Start Now": "Стартиране сега",
  "Start page updated": "Стартиране на актуализиране на страница",
  "Start Page:": "Начална страница:",
  "Starting Balance": "Начален баланс",
  "Starting View": "Начален изглед",
  "Status": "Състояние",
  "Step": "Стъпка",
  "Sub Cards": "Подкарти",
  "Sub Tasks": "Подзадачи",
  "Submit": "Подаване",
  "Subscription": "Абонамент",
  "Subscription expired.": "Срокът на абонамент е изтекъл.",
  "Subtotal": "Междинна сума",
  "Summary": "Обобщение",
  "Support for browsers is currently limited.  This browser is not yet supported. <br>Please use one of the following browsers:": "Поддръжката за браузъри в понастоящем е ограничена. Този браузър още не се поддържа. <br>Моля, използвайте един от следните браузъри:",
  "Tab Content": "Съдържание на раздел",
  "Tab Name": "Име на раздел",
  "Tags": "Етикети",
  "Tags (optional)": "Етикети (по избор)",
  "Take away meaningful and collaborative notes from any meeting!": "Отделяйте значимите и съвместно направени бележки от всяко събрание!",
  "Task": "Задача",
  "Team Boards": "Екипни табла",
  "Team Name": "Име на екип",
  "Team Name is used as a method to log in to certain authentication providers. e.g. Auth0": "Името на екип се използва като метод за влизане в определени доставчици на удостоверяване, напр. Auth0",
  "Template": "Шаблон",
  "Templates": "Шаблони",
  "Templates tagged with": "Шаблони, макирани с",
  "Text": "Текст",
  "Text Mode": "Тестов режим",
  "That can't be pasted there.": "Това не може да се постави там.",
  "The board has been deleted": "Таблото е изтрито",
  "The files below cannot be uploaded to Kudos Boards as they are larger than the limit of {{limit}}": "Файловете по-долу не могат да се качват в Kudos Boards, тъй като те са по-големи от предела {{limit}}",
  "The following links have already been added to this card:": "Следните връзки вече са добавени към тази карта:",
  "The invite was resent to": "Поканата е изпратена отново на",
  "The selected board(s) were successfully transferred": "Избраните табла са прехвърлени успешно",
  "The selected items have been deleted": "Избраните елементи са изтрити",
  "The selected items have been restored": "Избраните елементи са възстановени",
  "There was an error when uploading the file. Server response: ": "Възникна грешка при качване на файла. Отговор на сървъра: ",
  "This Activity has been migrated to Kudos Boards": "Дейността е мигрирана към Kudos Boards",
  "This billing cycle affords a {{discount}}% discount": "Този цикъл на фактуриране позволява {{discount}}% отстъпка",
  "This Board": "Това табло",
  "This Board is available with AUTHOR access to everyone across all organisations.": "Това табло е налично с достъп на АВТОР за всеки във всички организации.",
  "This Board is available with EDITOR access to everyone across all organisations.": "Това табло е налично с достъп на РЕДАКТОР за всеки във всички организации.",
  "This Board is in one or more Groups": "Това табло е в една или повече групи",
  "This Board is read-only to everyone across all organisations.": "Това табло е само за четене за всеки във всички организации.",
  "This Board will be visible to everyone in your organisation. <br>Non-members can create new content and edit their own content.": "Това табло ще бъде видимо за всеки във вашата организация. <br>Нечленовете могат да създават ново съдържание и редактират собственото си съдържание.",
  "This Board will be visible to everyone in your organisation. <br>Non-members can only view the board's contents.": "Това табло ще бъде видимо за всеки във вашата организация. <br>Нечленовете могат само да виждат съдържанието на таблото.",
  "This Board will be visible to everyone in your organisation. <br>Please note: This access level allows non-members to edit <b>all</b> board content.": "Това табло ще бъде видимо за всеки във вашата организация. <br>Обърнете внимание: Нивото на достъп позволява на нечленове да редактират <b>цялото</b> съдържание на таблото.",
  "This card will be restored with its parent": "Картата ще бъде възстановена с нейния родител",
  "This Community": "Тази общност",
  "This feature is coming soon!": "Тази характеристика се очаква скоро!",
  "This feature is currently not supported by the IBM Connections Cloud API": "Тази характеристика в момента не се поддържа от API на IBM Connections Cloud",
  "This field is required": "Това поле е задължително",
  "This invoice has been closed. Payment will not be automatically attempted again. Contact support for more information": "Тази фактура е затворена. Няма да има повторен автоматичен опит за плащане. Свържете се с поддръжката за повече информация.",
  "This is a Free trial of Kudos Boards and will expire in {{numDays}} day(s).": "Това е безплатно изпробване на Kudos Boards и срокът му ще изтече слез {{numDays}} ден/дни.",
  "This is a read-only preview of this Activity. Import to Boards for full functionality": "Това е предварителен преглед на тази дейност само за четене. Импортирайте в Boards за пъла функционалност",
  "This licence grants access to a set number of users as they use the app. You may view the user-licences already assigned.": "Този лиценз дава достъп до зададен брой потребители, когато използват приложението. Можете да виждате вече дадени потребителски лицензи.",
  "This licence has been cancelled.": "Лицензът е прекратен.",
  "This licence only grants access to a selected group of named users. Access will not be granted to users not named by the Org Admins. You can view and edit the named users from the Admin settings.": "Този лиценз дава достъп само на избрана група наименувани потребители. Достъп няма да се дава на потребители, които не са наименувани от администраторите на организацията. Можете да виждате и редактирате наименуваните потребители от настройките на администратор.",
  "This option is only available when paying by credit card": "Тази опция е налична само при плащане с кредитна карта",
  "This option is only editable if paying by credit card": "Тази опция може да се редактира само при плащане с кредитна карта",
  "This team account is already linked": "Екипният акаунт вече е свързан",
  "This will go to your provider for an administrator to approve access to Kudos Boards": "Това ще бъде изпратено на Вашия доставчик, за да може администор да одобри достъп до Kudos Boards",
  "This will permanently delete the board and all its data, are you sure?": "Това ще изтрие завинаги таблото и всички негови данни, сигурни ли сте?",
  "This will remove this data permanently from the board, are you sure?": "Това ще премахне данните завинаги от таблото, сигурни ли сте?",
  "Thursday": "четвъртък",
  "Tile Colours": "Цветове на плочки",
  "Timeline": "График",
  "Timeline View": "Изглед на линия на времето",
  "Title": "Заглавие",
  "to go to Connections Cloud, then access Kudos Boards via the link in the 'Apps' menu.": "за да отидете в Connections Cloud, а после отидете в Kudos Boards чрез връзката в менюто \"Приложения\".",
  "To interact with this card the parent will need to be restored": "За да взаимодействате с тази карта, родителят ще трябва да бъде възстановен",
  "To unselect this card you will need to unselect its parent": "За да отмените избора на тази карта, ще трябва да отмените избора на неговия родител",
  "to view this content": "за преглед на това съдържание",
  "Today": "Днес",
  "Todo": "За свършване",
  "Todos": "Задачи",
  "Todos by Date": "Задачи по дата",
  "Todos by Due Date": "Задачи по краен срок",
  "Toggle Completion": "Превключване на завършването",
  "Toggle Editor": "Превключване на редактора",
  "Toggle Sidebar": "Превключване на страничната лента",
  "Tomorrow": "Утре",
  "Total": "Общо",
  "Transfer Board Membership": "Прехвърляне на членство в табло",
  "Transfer Membership": "Прехвърляне на членство",
  "TRIAL": "ИЗПРОБВАНЕ",
  "Trial": "Изпробване",
  "Trial End Date: {{trialEnd}}": "Крайна дата на изпробване: {{trialEnd}}",
  "Trial expired": "Срокът на изпробването е изтекъл",
  "Trial expired.": "Срокът на изпробването е изтекъл.",
  "Trial extended {{extensions}} time(s)": "Срокът на изпробване е удължен {{extensions}} пъти",
  "Try again": "Опитайте отново",
  "Tuesday": "вторник",
  "Type": "Тип",
  "Type to filter archive": "Въведете за филтриране на архив",
  "Type to filter list": "Въведете, за да филтрирате списъка",
  "Type to filter members": "Въведете, за да филтрирате членове",
  "Type to search": "Въведете за търсене",
  "Unassigned": "Незададен",
  "Undo": "Отмяна",
  "UNDO": "ОТМЯНА",
  "Unit price: {{unitPrice}} per user": "Единична цена: {{unitPrice}} на потребител",
  "Unknown Connections Cloud organisation. Redirecting...": "Неизвестна организация в Connections Cloud. Пренасочване...",
  "Unknown Team": "Неизвестен екип",
  "Unlimited": "Неограничено",
  "Unlink account": "Прекъсване на връзката на акаунта",
  "Unlink Board": "Прекъсване на връзката на таблото",
  "Unlink {{fromName}} Account": "Прекъсване на връзката на акаунта {{fromName}}",
  "Unlock Kudos Boards Premium Preview": "Отключване на Premium предварителния преглед на Kudos Boards",
  "Unpaid": "Неплатено",
  "Unpin Board": "Откачване на табло",
  "Unscheduled cards": "Непланирани карти",
  "Update": "Актуализация",
  "Updated": "Актуализирано",
  "Updated Since Last Accessed": "Актуализирано след последния достъп",
  "Updated {{ date }}": "Актуализирано на {{ date }}",
  "Updating...": "Актуализиране...",
  "Upload": "Качване",
  "Upload file from computer": "Качване на файл от компютъра",
  "Upload to Kudos Boards": "Качване в Kudos Boards",
  "Upload Users": "Качване на потребители",
  "Upload Users from CSV": "Качване на потребители от CSV",
  "uploaded successfully": "успешно качено",
  "Uploading file:": "Качване на файл:",
  "URL": "URL адрес",
  "URL of Connections header frame (optional)": "URL адрес на рамка на заглавка на Connections (по избор)",
  "Use another file service": "Използване на друга файлова услуга",
  "Use current account": "Използване на текущия акаунт",
  "Use Email": "Използване на поща",
  "Use the Kudos Boards File Attachment Service for attaching files to cards": "Използвайте услугата за прикачване на файлове на Kudos Boards за прикачване на файлове към карти",
  "Use {{provider}} instead": "Използвайте {{provider}} вместо това",
  "Used": "Използвано",
  "User": "Потребител",
  "User Emails": "Имейли на потребителя",
  "User ExternalID": "Използване на външен идентификатор",
  "User Licences": "Лицензи на потребители",
  "User Options": "Потребителски опции",
  "User Trials": "Изпробвания на потребители",
  "User upload success!": "Успешно качване на потребител!",
  "Username": "Потребителско име",
  "Users": "Потребители",
  "Users may need to be added to the destination board to maintain access to their assigned todos.": "Може да е необходимо потребителите да се добавят към таблото местоназначение, за да се поддържа достъп до възложените им задачи.",
  "Users: {{num}}": "Потребители: {{num}}",
  "Vertical": "Вертикално",
  "View": "Преглед",
  "View and Accept ↗": "Преглед и приемане ↗",
  "View Details": "Преглед на подробности",
  "View licences": "Преглед на лицензите",
  "View subscriptions": "Преглед на абонаментите",
  "View Subscriptions": "Преглед на абонаментите",
  "Want to know more?": "Искате да знаете повече?",
  "Warning: you are not authorised to add members in this board": "Предупреждение: нямате разрешение да добавяте членове в това табло",
  "We found one board linked your {{fromName}} user account. Once you unlink the account you may no longer have access to this board.": "Открихме едно табло, свързано с Вашия потребителски акаунт {{fromName}}. След като прекъснете връзката с акаунта, може вече да нямате достъп до това табло.",
  "We found {{count}} boards linked to your {{fromName}} user account. Once you unlink the account you may no longer have access to these boards.": "Открихме {{count}} табла, свързани с Вашия потребителски акаунт {{fromName}}. След като прекъснете връзката с акаунта, може вече да нямате достъп до тези табла.",
  "We recommended you change the widget title from the actions menu above": "Препоръчване да промените заглавието на изпълнимия модул от менюто за действия по-горе",
  "Wednesday": "сряда",
  "Weekdays": "Дни от седмицата",
  "Welcome": "Добре дошли",
  "Welcome to Kudos Boards": "Добре дошоли в Kudos Boards!",
  "When you unlock Kudos Boards Premium View, your current Activities will immediately be available in Board, Timeline and MindMap view.": "Когато отключите Premium изглед на Kudos Boards, вашите текущи дейности веднага ще станат налични в изглед на табло, времева линия и мисловна карта.",
  "Widget Settings": "Настройки на изпълним модул",
  "yearly": "ежегодно",
  "Yearly": "Ежегодно",
  "Yes": "Да",
  "Yes Please": "Да, моля",
  "You are in DELETE mode, select items to delete": "Вие сте в режим на изтриване - изберете елементите за изтриване",
  "You are in restore mode, select items to restore": "Вие сте в режим на възстановяване - изберете елементите за възстановяване",
  "You are not a direct member of this board. Please consider leaving any Groups that may be members of this board.": "Вие не сте пряк член на това табло. Препоръчваме да излезете от всички групи, които може да са членове на това табло.",
  "You are not allowed to leave this Board. Please consider archiving board.": "Вие нямате разрешение да излезете от това табло. Препоръчваме да архивирате таблото.",
  "You are not authorised to access this resource": "Не сте упълномощени за достъп до този ресурс",
  "You are not licensed to access this resource.": "Нямате лиценз за достъп до този ресурс.",
  "You are the only owner of this board. Please consider adding other owners or archiving this board instead.": "Вие сте единствен член на това табло. Препоръчваме вместо това да добавите други собственици или да архивирате това табло.",
  "You can enhance your workflow by unlocking Kudos Boards Premium Preview. In addition to your Activities view, you’ll also be able to work in the Boards, Timeline and Mind Map views!": "Вие можете да усилите своя работен поток, като отключите Premium предварителен преглед на Kudos Boards. В допълнение към Вашия изглед на дейности, ще можете и да работите с изгледи на табла, времева линия и мисловна карта!",
  "You have READ ONLY access to this Board": "Вие имате достъп САМО ЗА ЧЕТЕНЕ до това табло",
  "You have {{remaining}} day(s) remaining in your premium preview.": "Вие имате {{remaining}} дни, оставащи от вашия Premium предварителен преглед.",
  "Your account's email address and other admin emails for your org ({{emails}}) are already included": "Имейл адресът на Вашия акаунт и другите имейли на администратори за Вашата организация ({{emails}}) са вече включени",
  "Your api key for kudos boards is shown below": "Вашият API ключ за Kudos Boards е показан по-долу",
  "Your changes have been saved": "Промените са запазени",
  "Your initial premium preview with {{orgName}} has expired. Click extend if you would like to continue access for an additional 30 days": "Вашият начален Premium предварителен преглед с {{orgName}} е с изтекъл срок. Щракнете върху \"Удължаване\", ако желаете да удължите достъпа за още 30 дни",
  "Your premium preview expires today.": "Срокът на Вашия Premium предварителен преглед изтича днес.",
  "Your premium preview has expired, Let your administrator know you'd like to continue using Kudos Boards Premium view.": "Срокът на Вашия Premium предварителен преглед е изтекъл, уведомете своя администратор, че желаете да продължите да използвате своя Premium предварителен преглед на Kudos Boards.",
  "Your session with {{provider}} has expired. Redirecting...": "Срокът на Вашата сесия с {{provider}} е изтекъл. Пренасочване...",
  "Your session with {{provider}} has expired. Some functionality (ie notifications, groups, files) will be restricted until you login again.": "Срокът на Вашата сесия с {{provider}} е изтекъл. Някои функции (напр. известия, групи, файлове) ще бъдат ограничени, докато не влезете отново.",
  "{{count}} more card(s) this way": "Още {{count}} карти по този начин",
  "{{num}} users": "{{num}} потребители",
  "{{quantity}} x subscriptions to '{{plan.name}}' ({{planPrice}} / {{plan.interval}})": "{{quantity}} x абонамента до \"{{plan.name}}\" ({{planPrice}} / {{plan.interval}})",
  "{{remaining}} days of trial remaining": "Остават още {{remaining}} дни от изпробването",
  "{{remaining}} days remaining in your premium preview.": "{{remaining}} дни остават от вашия Premium предварителен преглед.",
  "{{userTrialCount}} user(s) have started a trial of Kudos Boards Premium": "Има {{userTrialCount}} потребител(и), започнал(и) изпробване на Kudos Boards Premium"
}