{
  "": "",
  "'{{userName}}' will not be able to view the message because they cannot access this Board": "L'usuari \"{{userName}}\" no podrà veure el missatge perquè no pot accedir a aquest tauler",
  "(Copy Of) ": "(Còpia de) ",
  "A problem occurred when creating invite": "S'ha produït un problema mentre es creava la invitació",
  "A problem occurred when deleting node": "S'ha produït un problema mentre se suprimia el node ",
  "A problem occurred when getting a node": "S'ha produït un problema mentre s'obtenia un node",
  "A problem occurred when redeeming invite": "S'ha produït un problema mentre es bescanviava la invitació",
  "A problem occurred when removing invite": "S'ha produït un problema mentre se suprimia la invitació",
  "A problem occurred when removing member": "S'ha produït un problema mentre se suprimia el membre",
  "A problem occurred when saving invite": "S'ha produït un problema mentre es desava la invitació",
  "A problem occurred when saving member": "S'ha produït un problema mentre es desava el membre",
  "A problem occurred when saving node": "S'ha produït un problema mentre es desava el node",
  "A problem occurred when updating invite": "S'ha produït un problema mentre s'actualitzava la invitació",
  "A user with that email address already exists": "Ja existeix un usuari amb la mateixa adreça de correu electrònic",
  "A user with that email address already exists as a member of this board": "Ja existeix un usuari amb la mateixa adreça de correu electrònic com a membre d'aquest tauler",
  "Accessed in the Last Month": "S'hi ha accedit el mes passat",
  "Accessed since": "S'hi ha accedit des de",
  "Account Balance: {{credit}}": "Saldo de compte: {{credit}}",
  "Account Unlinked": "Compte desenllaçat",
  "Actions": "Accions",
  "Active": "Actiu",
  "Active Boards": "Taulers actius",
  "Active Workspace Meetings": "Reunions de l'espai de treball actives",
  "Activity": "Activitat",
  "Activity data is loading...": "S'estan carregant les dades d'activitat...",
  "Activity Migration": "Migració d'activitats",
  "Activity Name": "Nom de l'activitat",
  "Add": "Afegeix",
  "Add a Card": "Afegeix una targeta",
  "Add a Comment": "Afegeix un comentari",
  "Add a Description": "Afegiu una descripció",
  "Add a List": "Afegeix una llista",
  "Add a list": "Afegeix una llista",
  "Add a Tag": "Afegeix una etiqueta",
  "Add an attachment or link": "Afegeix un enllaç o fitxer adjunt",
  "Add another": "Afegeix-ne un altre",
  "Add Attachment": "Afegeix fitxer adjunt",
  "Add Bookmark": "Afegeix adreça d'interès",
  "Add Client": "Afegeix un client",
  "Add Custom Field": "Afegeix un camp personalitzat",
  "Add file": "Afegeix fitxer",
  "Add individuals or groups as members, or invite by email": "Afegeix persones o grups com a membres, o envia'ls una invitació per correu electrònic",
  "Add Label": "Afegeix una etiqueta",
  "Add label '{{filter}}'": "Afegeix una etiqueta \"{{filter}}\"",
  "Add Licence": "Afegeix una llicència",
  "Add Member": "Afegeix membre",
  "Add members": "Afegeix membres",
  "Add Organisation": "Afegeix una organització",
  "Add people to your board or invite by email": "Afegeix persones al tauler o convida-les per correu electrònic",
  "Add User": "Afegeix usuari",
  "Admin approval failed": "Error en l'aprovació de l'administrador",
  "Admin Users": "Usuaris administradors",
  "Administrator approval required.": "L'aprovació de l'administrador és obligatòria.",
  "Administrators": "Administradors",
  "Advanced": "Opcions avançades",
  "Agenda": "Agenda",
  "All": "Tots",
  "All Activities": "Totes les activitats",
  "All Boards": "Tots els taulers",
  "All cards are scheduled.": "Totes les targetes estan programades.",
  "All Templates": "Totes les plantilles",
  "Allow Invite by Email": "Permet Convida per correu electrònic",
  "Already linked": "Ja està enllaçat",
  "Amount": "Import",
  "Amount Due": "Import vençut",
  "Amount Due Now: {{due}}": "Import vençut actualment: {{due}}",
  "Amount Paid": "Import pagat",
  "An account of this type already linked": "Un compte d'aquest tipus ja està enllaçat",
  "An invitation for the specified email address already exists on this board": "Ja hi ha una invitació per a l'adreça de correu electrònic especificada en aquest tauler",
  "and is already a member of this board": "i ja és membre d'aquest tauler",
  "Apply Template": "Aplica la plantilla",
  "Approve": "Aprova",
  "Approve Advanced Features": "Aprova les característiques avançades",
  "Archive": "Arxiva",
  "Archive Card": "Arxiva la targeta",
  "Archive Cards in List": "Arxiva les targetes a la llista",
  "Archive List": "Arxiva la llista",
  "Archived": "Arxivat",
  "Archived Boards": "Arxiva els taulers",
  "Archived Templates": "Arxiva les plantilles",
  "Are you sure you want to cancel this licence? This will take effect at the end of the current period.": "Esteu segur que voleu cancel·lar aquesta llicència? Això entrarà en vigor al final del període actual.",
  "Are you sure you want to delete this licence? CAUTION: This will delete any associated credit card information": "Esteu segur que voleu cancel·lar aquesta llicència? Atenció: Se suprimirà qualsevol informació de la targeta de crèdit associada.",
  "Are you sure you want to reactivate this licence?": "Esteu segur que voleu reactivar aquesta llicència?",
  "Are you sure you want to unlink your {{provider}} account?": "Esteu segur que voleu desenllaçar el compte de {{provider}}?",
  "Are you sure you wish to leave '{{boardName}}'? This action cannot be undone by you.": "Esteu segur que voleu sortir de \"{{boardName}}\"? Aquesta acció no es pot desfer.",
  "Are you sure?": "N'esteu segur?",
  "Are You Sure?": "N'esteu segur?",
  "Are you sure? This will reinstate the previous billing schedule": "N'esteu segur? Això tornarà a establir la planificació de facturació anterior.",
  "Are you sure? This will take effect at the end of the current billing cycle": "N'esteu segur? Això entrarà en vigor al final del cicle de facturació actual.",
  "Asia Pacific": "Àsia-Pacífic",
  "Assign Users": "Assigna usuaris",
  "Assigned": "Assignats",
  "Assigned to": "Assignat a",
  "Assigned To Me": "Assignats a mi",
  "Assigned Users that will be added to the Destination Board": "Els usuaris assignats que s'afegiran al tauler de destinació",
  "Assignees": "Persones assignades",
  "Assignments": "Assignacions",
  "Attach": "Adjunta",
  "Attachments": "Fitxers adjunts",
  "Auth0 url": "URL d'Auth0",
  "Authentication Clients": "Clients d'autenticació",
  "Author": "Autor",
  "author": "autor",
  "awaiting acceptance": "pendent d'acceptació",
  "Back": "Enrere",
  "Back to Boards": "Torna als taulers",
  "Back to Colour Selection": "Torna a la selecció de color",
  "Bad Request": "Sol·licitud errònia",
  "Best viewed in fullscreen": "Es visualitza millor en pantalla completa",
  "Billing Cycle": "Cicle de facturació",
  "Billing period: {{interval}}": "Període de facturació: {{interval}}",
  "Blank": "En blanc",
  "Board": "Tauler",
  "Board Archive": "Arxiu del tauler",
  "Board Labels": "Etiquetes del tauler",
  "Board Members": "Afegeix membres",
  "Board Name": "Nom del tauler",
  "Boards": "Taulers",
  "Boards linked directly to this user": "Taulers enllaçats directament a aquest usuari",
  "Boards linked through group membership": "Taulers enllaçats mitjançant la pertinença al grup",
  "Boards premium preview": "Visualització prèvia prèmium dels taulers",
  "Bookmarks": "Adreces d'interès",
  "Buy Licence": "Compra la llicència",
  "Buy Online": "Compra en línia",
  "by": "per",
  "Cancel": "Cancel·la",
  "Cancel Licence": "Cancel·la la llicència",
  "Cancelled": "Cancel·lat",
  "Cannot Leave Board": "No es pot sortir del tauler",
  "Card Name": "Nom de la targeta",
  "Card Number": "Número de la targeta",
  "Cards": "Targetes",
  "Central Europe": "Europa Central",
  "Choose a board": "Tria un tauler",
  "Choose a Template": "Tria una plantilla",
  "Classic": "Clàssica",
  "Clear Search": "Esborra la cerca",
  "Clear Selected": "Esborra els elements seleccionats",
  "Clear Selected Filters": "Esborra els filtres seleccionats",
  "Click for details": "Feu clic per obtenir informació detallada",
  "Click for more information about approving advanced features": "Feu clic per obtenir més informació sobre l'aprovació de característiques avançades.",
  "Click here": "Feu clic aquí",
  "Click here for details": "Feu clic aquí per obtenir informació detallada.",
  "Click here for details.": "Feu clic aquí per obtenir informació detallada.",
  "Click here to buy a licence online or get a quote": "Feu clic aquí per comprar una llicència en línia o obtenir un pressupost",
  "Click here to start a 30 day free trial for your organisation. Contact support for trials with more users.": "Feu clic aquí perquè la vostra organització gaudeixi d'una prova gratuïta de 30 dies. Poseu-vos en contacte amb el servei d'assistència per obtenir proves per a més usuaris.",
  "Click to see more details": "Feu clic aquí per veure més informació detallada",
  "Client": "Client",
  "Clients": "Clients",
  "Close": "Tanca",
  "Close Activity After Import": "Tanca l'activitat després de la importació",
  "Close Board Menu": "Tanca el menú del tauler",
  "Close the activity after the import has completed successfully. You can still access it through 'Trash'": "Tanqueu l'activitat un cop finalitzada la importació. Encara podeu accedir-hi mitjançant la \"Paperera\"",
  "Closed": "Tancada",
  "Collaborate on projects involving different departments": "Col·labora en projectes amb diferents departaments",
  "Collapse": "Redueix",
  "Colour": "Color",
  "Colour Labels": "Etiquetes de color",
  "Colour-Tags": "Etiquetes de color",
  "Colours": "Colors",
  "Column View": "Visualització de la columna",
  "Comments": "Comentaris",
  "Community Activities": "Activitats de la comunitat",
  "Community Templates": "Plantilles de la comunitat",
  "Complete Todos": "Tasques completades",
  "Completed": "Completada",
  "Configuration": "Configuració",
  "Confirm": "Confirma",
  "Confirmation Required": "Confirmació necessària",
  "Connections Cloud session expired. Click here to validate.": "La sessió del Connections Cloud ha caducat. Feu clic aquí per validar-la.",
  "Connections On-Premise": "Connections local",
  "Connections URL": "URL del Connections",
  "Contact Email": "Correu electrònic del contacte",
  "Contact Name": "Nom del contacte",
  "Contact Support": "Poseu-vos en contacte amb el Suport",
  "Contact your System Administrator for more information or email us at": "Per obtenir més informació, poseu-vos en contacte amb el vostre administrador de sistemes o envieu-nos un correu electrònic a",
  "Content": "Contingut",
  "Continue": "Continua",
  "Continue Without Transferring": "Continua sense transferir",
  "Convert into Entry": "Converteix en una entrada",
  "Convert into Todo": "Converteix en una tasca",
  "Copy embed code": "Copia el codi d'incrustació",
  "Copy embed code to clipboard": "Copia el codi d'incrustació al porta-retalls",
  "Create": "Crea",
  "Create a new board": "Crea un tauler nou",
  "Create Board": "Crea un tauler",
  "Create Board from Template": "Crea un tauler a partir d'una plantilla",
  "Create Boards for anything, manage your workflow, and streamline processes with template creation.": "Creeu taulers per a qualsevol cosa, gestioneu el flux de treball i simplifiqueu els processos amb la creació de plantilles.",
  "Create card": "Crea una targeta",
  "Create Copy": "Crea una còpia",
  "Create Link to Board": "Crea un enllaç al tauler",
  "Create Template": "Crea una plantilla",
  "Create Template from Board": "Crea una plantilla a partir d'un tauler",
  "Create your own structure for organising projects, workflows, ideas and more!": "Creeu la vostra pròpia estructura per organitzar projectes, fluxos de treball, idees i molt més.",
  "Create {{numCards}} cards?": "Crear {{numCards}} targetes?",
  "Create {{numCards}} lists?": "Crear {{numCards}} llistes?",
  "Created": "Creat",
  "Created By Me": "Creat per mi",
  "Created {{ date }}": "Creat el {{ date }}",
  "Created: {{date}}": "Creat el {{date}}",
  "Credit Card Ending in {{last4}}": "Targeta de crèdit acabada en {{last4}}",
  "Current Account:": "Compte actual:",
  "Currently the ability to search for groups in {{provider}} is not available until an administrator grants permissions for your organisation. ": "Actualment, la possibilitat de buscar grups a {{provider}} no està disponible fins que un administrador concedeixi permisos per a la vostra organització.",
  "Curve": "Corba",
  "Custom Fields": "Camps personalitzats",
  "Customer ID": "ID de client",
  "CVC": "CVC",
  "Date": "Data",
  "Decisions": "Decisions",
  "Default templates to exclude": "Plantilles predeterminades per excloure",
  "Delete": "Suprimeix",
  "Delete Board": "Suprimeix el tauler",
  "Delete Card": "Suprimeix la targeta",
  "Delete Comment": "Suprimeix el comentari",
  "Delete File": "Suprimeix el fitxer",
  "Delete items": "Suprimeix elements",
  "Delete Label": "Suprimeix l'etiqueta",
  "Delete Link": "Suprimeix l'enllaç",
  "Delete List": "Suprimeix la llista",
  "Delete mode": "Suprimeix el mode",
  "Delete Selected Items": "Suprimeix els element seleccionats",
  "Deleted": "Suprimit",
  "Deleting": "Suprimint",
  "Departments": "Departaments",
  "Description": "Descripció",
  "Description (optional)": "Descripció (opcional)",
  "Details": "Detalls",
  "Direct Order via ISW": "Comanda directa mitjançant ISW",
  "Discount": "Descompte",
  "Discount Code (optional)": "Codi de descompte (opcional)",
  "Discount: {{discount}}": "Descompte: {{discount}}",
  "Display an existing board": "Mostra un tauler existent",
  "Documentation": "Documentació",
  "Doing": "Fent",
  "Done": "Fet",
  "Done ({{num}})": "Fets ({{num}})",
  "Download": "Descarrega",
  "Download file": "Descarrega el fitxer",
  "Drop file here to save": "Deixa anar el fitxer aquí per desar-lo",
  "Due": "Venciment",
  "Due Date": "Data de venciment",
  "Due date": "Data de venciment",
  "Earliest Licence Expired on": "La llicència més antiga va caducar el",
  "Earliest Upcoming Expiry": "Primer venciment més proper",
  "Edit": "Edita",
  "Edit Board Colour Labels": "Edita les etiquetes de color del tauler",
  "Edit Client": "Edita el client",
  "Edit Client Licence": "Edita la llicència de client",
  "Edit Colour Labels": "Edita les etiquetes de color",
  "Edit Comment": "Edita comentari",
  "Edit Description": "Edita la descripció",
  "Edit Filename": "Edita el nom del fitxer",
  "Edit Label": "Edita l'etiqueta",
  "Edit label": "Edita l'etiqueta",
  "Edit Licence": "Edita la llicència",
  "Edit Link": "Edita enllaç",
  "Edit name": "Edita el nom",
  "Edit Tile Colour Labels": "Edita les etiquetes de color de la peça",
  "Edit User Licence": "Edita la llicència d'usuari",
  "Edited": "Editat",
  "Editor": "Editor",
  "editor": "editor",
  "Email": "Correu electrònic",
  "Email Address": "Adreça de correu electrònic",
  "Email address is required": "L'adreça de correu electrònic és obligatòria",
  "Email addresses to copy invoices to": "Adreces de correu electrònic a les quals copiar les factures",
  "Email addresses to copy quote to": "Adreces de correu electrònic a les quals copiar el pressupost",
  "Email Us": "Envieu-nos un missatge de correu electrònic",
  "Embed code copied to clipboard": "S'ha copiat el codi incrustat al porta-retalls.",
  "Empty Lists": "Llistes buides",
  "empty name": "nom buit",
  "Enable Boards File Uploads": "Habilita les càrregues de fitxers als taulers",
  "Enabled": "Habilitada",
  "End Date": "Data de finalització",
  "Ending Balance": "Saldo final",
  "Enter a title for the link (Optional)": "Introdueix un títol per a l'enllaç (opcional)",
  "Enter an email address": "Escriviu una adreça de correu electrònic",
  "Enter Label": "Introdueix una etiqueta",
  "Enter label name": "Escriu un nom d'etiqueta",
  "Enter New Name": "Introdueix un nom nou",
  "Enter Text": "Introdueix text",
  "Entry": "Entrada",
  "Error": "Error",
  "Error creating board": "Error en crear el tauler",
  "Error processing quote request. Please email sales@kudosbadges.com": "S'ha produït un error en processar la sol·licitud de pressupost. Envieu un correu electrònic a sales@kudosbadges.com.",
  "Error processing your request": "S'ha produït un error en processar la sol·licitud.",
  "Error starting trial": "S'ha produït un error en iniciar la prova.",
  "Error uploading file": "S'ha produït un error en carregar el fitxer.",
  "Error: an unknown error occurred - cannot move": "Error: s'ha produït un error desconegut. No es pot realitzar el desplaçament.",
  "Error: you are not authorised to add content to this board": "Error: No teniu permís per afegir contingut a aquest tauler.",
  "Existing Kudos Partner (optional)": "Soci de Kudos existent (opcional)",
  "Existing Login Detected": "S'ha detectat un inici de sessió existent.",
  "Existing Tab": "Pestanya existent",
  "Expand": "Expandeix",
  "Expand/Collapse": "Amplia/redueix",
  "Expand/Collapse All Lists": "Amplia/redueix totes les llistes",
  "Expired": "Caducat",
  "Expires": "Caduca",
  "Expires: {{date}}": "Caduca: {{date}}",
  "Expires: {{{date}}}": "Caduca: {{{date}}}",
  "Expiry": "Caducitat",
  "Expiry Date": "Data de caducitat",
  "Explore the Template Library": "Explora la biblioteca de plantilles",
  "Extend": "Amplia",
  "ExternalId": "ID extern",
  "Fields": "Camps",
  "Filter Activities to migrate": "Filtra les activitats per migrar",
  "Finance": "Finances",
  "Find a Group": "Troba un grup",
  "Find a User": "Troba un usuari",
  "Finding your Connections Cloud Organisation...": "S'està cercant la vostra organització del Connections Cloud...",
  "Free": "De franc",
  "Free Trial": "Prova gratuïta",
  "Friday": "Divendres",
  "From Provider": "Del proveïdor",
  "Functionality is currently limited.": "Actualment la funcionalitat és limitada.",
  "Furthest Upcoming Expiry": "Primer venciment menys proper",
  "Future": "Futur",
  "General": "General",
  "Get a Licence Quote": "Obtén un pressupost de llicència",
  "Get a Quote": "Obtén un pressupost",
  "Give users the ability to invite external users to a Board by email address": "Permeteu als usuaris convidar usuaris externs a un tauler mitjançant una adreça de correu electrònic",
  "Global Access": "Accés global",
  "Global OAuth": "OAuth global",
  "Go to licence": "Ves a la llicència",
  "Go to Today": "Ves a Avui",
  "Goals": "Objectius",
  "Group": "Grup",
  "Group Boards": "Taulers grupals",
  "Group By": "Agrupa per:",
  "Group Owners: Owners of this Board.</br>Group Members: Authors of this Board": "Propietaris del grup: propietaris d'aquest tauler.</br>Membres del grup: autors d'aquest tauler",
  "Groups": "Grups",
  "Help": "Ajuda",
  "Hide": "Oculta",
  "Hide Completed Todos": "Amaga les tasques completades",
  "Hide Dates": "Amaga les dates",
  "Horizontal": "Horitzontal",
  "How would you like to proceed?": "Com voleu continuar?",
  "HR": "H",
  "I accept the above Terms & Conditions": "Accepto els termes i condicions anteriors",
  "I accept the terms of service": "Accepto les condicions del servei",
  "ID": "ID",
  "If this setting is switched off, cards are created as entries on enter press.": "Si aquest paràmetre està desactivat, les targetes es creen a partir de les entrades en prémer Retorn.",
  "Ignore Completed": "Ignora els elements completats",
  "Ignore Deleted": "Ignora els elements suprimits",
  "Ignore Templates": "Ignora les plantilles",
  "Import": "Importa",
  "Import an Activity": "Importa una activitat",
  "Import an Activity Template": "Importa una plantilla d'activitat",
  "Import from Activities": "Importa des de Activitats",
  "Import From Activities": "Importa des de Activitats",
  "In a Group": "En un grup",
  "Include email body in description": "Inclou el cos del coreu electrònic a la descripció",
  "Inherit": "Hereta",
  "Inherit from Group": "Hereta del grup",
  "Inherited from Group": "Heretat del grup",
  "Integration Env": "Sob d'integració",
  "Internal server error": "Error de servidor intern",
  "Invitation sent to": "Invitació enviada a",
  "Invite": "Convida",
  "Invite by Email": "Convida per correu electrònic",
  "Invite sent on": "Invitació enviada el",
  "Invoice": "Factura",
  "Invoice Details": "Detalls de la factura",
  "Invoices": "Factures",
  "Invoices for": "Factures per a",
  "Is Enabled": "està habilitat",
  "Is Trial": "és de prova",
  "IT": "TI",
  "It is valid until {{expiry}}.": "És vàlid fins al {{expiry}}.",
  "Items": "Elements",
  "Join Workspace Meetings": "Uneix-te a les reunions de l'espai de treball",
  "Kanban": "Kanban",
  "Kanban View": "Visualització del Kanban",
  "Kudos Boards": "Kudos Boards™",
  "Kudos Boards - Terms & Conditions": "Termes i condicions de Kudos Boards",
  "Kudos Boards API": "API de Kudos Boards",
  "Kudos Boards cannot be added as a tab until an administrator approves required functionality": "Kudos Boards no es pot afegir com a pestanya fins que un administrador no aprovi la funcionalitat necessària.",
  "Kudos Boards has been updated in the background. Please reload the app!": "Kudos Boards s'ha actualitzat en segon pla. Torneu a carregar l'aplicació.",
  "Kudos Partner Reference Code (optional)": "Codi de referència de soci de Kudos (opcional)",
  "Kudos Team Name": "Nom de l'equip de Kudos",
  "Label deleted": "S'ha suprimit l'etiqueta",
  "Labels": "Etiquetes",
  "Last Accessed": "Darrer accés",
  "Last Licence Expired on": "L'última llicència va caducar el",
  "Later This Month": "A finals d'aquest mes",
  "Later This Week": "A finals d'aquesta setmana",
  "Layout": "Disseny",
  "Leave Board": "Abandona el tauler",
  "Licence Assigned": "Llicència assignada",
  "Licence Details": "Detalls de la llicència",
  "Licence expired": "Llicència caducada",
  "Licence Type": "Tipus de llicència",
  "Licences": "Llicències",
  "Licenses": "Llicències",
  "Licensing": "Llicències",
  "Limit": "Límit",
  "Line": "Línia",
  "Line Items": "Elements de línia",
  "Lines in file:": "Línies al fitxer:",
  "Link": "Enllaç",
  "Link Accounts": "Enllaça els comptes",
  "Link another account": "Enllaça un altre compte",
  "Link another Kudos Boards account": "Enllaça un altre compte de Kudos Boards",
  "Link Exists": "L'enllaç existeix",
  "Link to Board": "Enllaç al tauler",
  "Link to Card, List or Board": "Enllaça a una targeta, llista o tauler",
  "Link to File": "Enllaç a fitxer",
  "Link to Folder": "Enllaç a carpeta",
  "Link {{provider}} with the current account": "Enllaça {{provider}} al compte actual",
  "Linked Accounts": "Comptes enllaçats",
  "Linked Groups": "Grups enllaçats",
  "Links": "Enllaços",
  "Links & Attachments": "Enllaços i fitxers adjunts",
  "List": "Llista",
  "List all Boards": "Llista tots els taulers",
  "List Name": "Nom de la llista",
  "List View": "Visualització de la llista",
  "Lists": "Llistes",
  "Lite": "Lite",
  "Local": "Local",
  "Logging in, please wait...": "S'està iniciant la sessió. Un moment...",
  "Login": "Inicia la sessió",
  "Logout": "Tanca la sessió",
  "Look in": "Cerca a",
  "Make the most of your Kudos Boards Premium Preview": "Aprofiteu la visualització prèvia prèmium de Kudos Boards",
  "Manage Org": "Gestiona l'organització",
  "Manage Payments": "Gestiona els pagaments",
  "Mark Board as Complete": "Marca el tauler com a completat",
  "Mark Board as Incomplete": "Marca el tauler com a incomplet",
  "Mark Complete": "Marca com a completat",
  "Mark Incomplete": "Marca com a incomplet",
  "Marketing": "Màrqueting",
  "Match All Filters": "Fes coincidir tots els filtres",
  "Meeting": "Reunió",
  "Members": "Membres",
  "Merge": "Fusiona",
  "Microsoft Office365": "Microsoft Office 365",
  "Migrate ALL ({{num}})": "Migra-ho tot ({{num}})",
  "Migrate Selected ({{num}})": "Migra els elements seleccionats ({{num}})",
  "Mind Map": "Mapa mental",
  "MindMap": "Mapa mental",
  "Mindmap": "Mapa mental",
  "Mindmap View": "Visualitza el mapa mental",
  "Minimum number of users for the selected licence type is {{minimumSeats}}": "El nombre mínim d’usuaris del tipus de llicència seleccionat és de {{minimumSeats}}",
  "Mirror": "Duplica",
  "Modified": "S'ha modificat",
  "Modify": "Modifica",
  "Modify Licence": "Modifica la llicència",
  "Monday": "Dilluns",
  "monthly": "mensual",
  "Monthly": "Mensual",
  "More": "Més",
  "Move": "Mou",
  "Move and Open": "Desplaça i obre",
  "Move Card": "Desplaça la targeta",
  "Move List": "Desplaça la llista",
  "Move To Another Board": "Desplaça a un altre tauler",
  "Move to another list or parent card": "Desplaça a una altra llista o targeta principal",
  "My": "Meu",
  "My Account": "El meu compte",
  "My Activities": "Les meves activitats",
  "My Boards": "Els meus taulers",
  "My Subscriptions": "Les meves subscripcions",
  "My Templates": "Les meves plantilles",
  "My Todos": "Les meves tasques pendents",
  "Name": "Nom",
  "Name on Card": "Titular de la targeta",
  "Named Users": "Usuaris anomenats",
  "Named Users Licence": "Llicència dels usuaris anomenats",
  "Never": "Mai",
  "New Board": "Tauler nou",
  "New card created, however the search filter currently applied is preventing it from being displayed": "S'ha creat una targeta nova, però el filtre de cerca aplicat actualment impedeix que es mostri",
  "New cards created as tasks on enter key press": "S'han creat noves targetes com a tasques en prémer la tecla Enter",
  "New Client": "Client nou",
  "New Client Licence": "Llicència de client nova",
  "New Credit Card": "Targeta de crèdit nova",
  "New Label": "Etiqueta nova",
  "New Label Text": "Text d'etiqueta nou",
  "New Licence": "Llicència nova",
  "New Since Last Week": "Novetats des de la setmana passada",
  "New Sub-Card": "Subtargeta nova",
  "New Tab": "Pestanya nova",
  "New Template": "Plantilla nova",
  "New User Licence": "Llicència d'usuari nova",
  "Next": "Següent",
  "Next Invoice Amount: {{nextAmount}}": "Import de la propera factura: {{nextAmount}}",
  "Next Invoice Date: {{date}}": "Data de la propera factura: {{date}}",
  "Next Payment": "Proper pagament",
  "Next Payment Attempt": "Proper intent de pagament",
  "Next Payment: {{{date}}}": "Proper pagament: {{{date}}}",
  "Next Week": "Propera setmana",
  "No": "No",
  "No action available": "No hi ha cap acció disponible.",
  "No Active Meetings found. Click below to go to a Workspace": "No s'han trobat reunions actives. Feu clic a continuació per anar a un espai de treball.",
  "No Activities found": "No s'ha trobat cap activitat.",
  "No Archived items to show": "No hi ha elements arxivats per mostrar.",
  "No Assignment": "No hi ha cap assignació.",
  "No boards found for this group": "No s'han trobat taulers per a aquest grup.",
  "No Boards found.": "No s'ha trobat cap tauler.",
  "No boards yet, please create one first": "Encara no hi ha taulers. Creeu-ne un primer.",
  "No clients found": "No s'han trobat clients.",
  "No Colour": "Sense color",
  "No Date": "Sense data",
  "No files found": "No s'ha trobat cap fitxer.",
  "No folders found": "No s'ha trobat cap carpeta.",
  "No Group": "Sense grup",
  "No invoices to display": "No hi ha factures per visualitzar.",
  "No items were selected": "No s'ha seleccionat cap element.",
  "No Label": "Sense etiqueta",
  "No label": "Sense etiqueta",
  "No labels defined": "No hi ha cap etiqueta definida.",
  "No licences available. Functionality will be limited for new users.": "No hi ha cap llicència disponible. La funcionalitat estarà limitada per als usuaris nous.",
  "No licences found": "No s'ha trobat cap llicència.",
  "No licences to show": "No hi ha llicències per mostrar.",
  "No organisations found": "No s'ha trobat cap organització.",
  "No pinned boards": "No hi ha cap tauler ancorat.",
  "No Pinned Boards found.": "No s'ha trobat cap tauler ancorat.",
  "No Recent Boards found.": "No s'ha trobat cap tauler recent.",
  "No user trials found": "No s'ha trobat cap prova per a usuaris.",
  "No users found": "No s'ha trobat cap usuari.",
  "No users to show": "No hi ha cap usuari per mostrar.",
  "None": "Cap",
  "North America": "Amèrica del Nord",
  "Not Licensed": "Sense llicència",
  "Not Supported": "No admès",
  "Note that file security is managed by {{provider}}, not by Kudos Boards": "Tingueu en compte que {{provider}} gestiona la seguretat dels fitxers, no Kudos Boards.",
  "Nothing to show": "No hi ha res per mostrar",
  "Number of Attempts": "Nombre d'intents",
  "Number of cards": "Nombre de targetes",
  "Number of Expired Licences": "Nombre de llicències caducades",
  "Number of Users": "Nombre d'usuaris",
  "Number of Valid Licences": "Nombre de llicències vàlides",
  "oAuth Client ID": "ID de client OAuth:",
  "OAuth Client ID": "ID de client OAuth",
  "OAuth Client Secret": "Secret del client OAuth",
  "oAuth Client Secret": "Secret del client OAuth",
  "ok": "d'acord",
  "OK": "D'acord",
  "Only Entries": "Només entrades",
  "Only the members of this board will be able to see and access this board.": "Només els membres d’aquest tauler podran veure'l i accedir-hi.",
  "Only Todos": "Només tasques pendents",
  "Open": "Obre",
  "Open Board Options": "Obre les opcions del tauler",
  "Open Boards in:": "Obre els taulers a:",
  "Open in Boards": "Obre als taulers",
  "Open Licence": "Obre la llicència",
  "Open this board": "Obre aquest tauler",
  "Opt in below to receive tips and tricks from the Kudos Boards team to make the most of your premium preview.": "A continuació, opteu per rebre trucs i consells de l'equip de Kudos Boards per treure el màxim partit de la vostra visualització prèvia prèmium.",
  "Order": "Ordre",
  "Order Summary": "Resum de la comanda",
  "Order via ISW Partner": "Comanda mitjançant un soci d'ISW",
  "Org Administration": "Administració de l'organització",
  "Organisation": "Organització",
  "Organisation Name": "Nom de l'organització",
  "Organisations": "Organitzacions",
  "Organise any project productively using the classic Todo, Doing, Done methodology": "Organitzeu qualsevol projecte de manera productiva mitjançant la clàssica metodologia de \"Todo, Doing, Done\" (tasca pendent, en procés i completada).",
  "Our Terms & Conditions have changed": "Els nostres termes i condicions han canviat.",
  "Overdue": "Endarrerides",
  "owner": "propietari",
  "Owner": "Propietari",
  "Owners": "Propietaris",
  "Page Not Found": "Pàgina no trobada",
  "Paid": "Pagat",
  "Paste link or drop file to upload": "Enganxa l'enllaç o deixa anar el fitxer per carregar",
  "Payment Method": "Mètode de pagament",
  "Period": "Punt",
  "Person": "Persona",
  "Pin Board": "Tauler ancorat",
  "Pinned": "Ancorat",
  "Pinned Boards": "Taulers ancorats",
  "Pinned boards": "Taulers ancorats",
  "Plan and collaborate on tasks on a weekly basis": "Planifiqueu i col·laboreu en tasques setmanalment.",
  "Please approve the Kudos Boards app to allow it to be added as a tab.": "Aproveu l'aplicació Kudos Boards per tal d'afegir-la com a pestanya.",
  "Please approve the Kudos Boards app to use advanced features.": "Aproveu l'aplicació Kudos Boards per fer servir característiques avançades.",
  "Please contact your Administrator": "Poseu-vos en contacte amb l'administrador.",
  "Please contact your IBM Connections Admin to purchase a licence.": "Poseu-vos en contacte amb l'administrador de l'IBM Connections per comprar una llicència.",
  "Please ensure you login with the same Office 365 user account as you are using in Microsoft Teams": "Assegureu-vos que inicieu la sessió amb el mateix compte d'usuari d'Office 365 que feu servir a Microsoft Teams.",
  "Please enter a board name": "Introduïu un nom de tauler.",
  "Please enter a valid email address": "Introduïu una adreça de correu electrònic.",
  "Please enter a valid URL": "Introdueix un URL vàlid",
  "Please enter the number of users in your Connections Cloud Organisation": "Introduïu el nombre d'usuaris de la vostra organització del Connections Cloud.",
  "Please enter the number of users you wish to name under this licence": "Introduïu el número d’usuaris que voleu anomenar en aquesta llicència.",
  "Please read our Terms & Conditions": "Llegiu els termes i condicions.",
  "Please reload the page and try again, if this issue persists please let us know": "Carregueu la pàgina una altra vegada i torneu-ho a provar. Si aquest problema continua, informeu-nos-en.",
  "Please review your licences here": "Reviseu les vostres llicències aquí",
  "Please see the <a href='{{url}}'>new board</a>": "Consulteu el <a href='{{url}}'>tauler nou</a>",
  "Please sign in": "Inicieu la sessió",
  "Please start a trial to use Boards in your {{provider}} organisation": "Inicieu una prova per fer servir els taulers a la vostra organització de {{provider}}",
  "Position": "Posició",
  "Post": "Publica",
  "Premium": "Prèmium",
  "Premium Preview Status": "Estat de la visualització prèvia prèmium",
  "Preview": "Visualització prèvia",
  "Preview available": "Visualització prèvia disponible",
  "Previous": "Anterior",
  "Pricing": "Preus",
  "primary": "principal",
  "Primary": "Principal",
  "Print": "Imprimeix",
  "Private (me only)": "Privat (només jo)",
  "Product Information": "Informació del producte",
  "Product Version": "Versió del producte",
  "Provider": "Proveïdor",
  "Provider not supported": "Proveïdor no compatible",
  "Public": "Públic",
  "Public Access": "Accés públic",
  "Public Activities": "Activitats públiques",
  "Public Boards": "Taulers públics",
  "Public Templates": "Plantilles públiques",
  "Quarterly": "Trimestralment",
  "Questions": "Preguntes",
  "Quick Edit": "Edició ràpida",
  "Radial": "Radial",
  "RE-CENTER": "Torna a centrar",
  "Reactivate Licence": "Reactiva la llicència",
  "reader": "lector",
  "Reader": "Lector",
  "Recent": "Recent",
  "Recent boards": "Taulers recents",
  "Recent Boards": "Taulers recents",
  "Recurring Amount Due: {{recurring}}": "Import vençut periòdic: {{recurring}}",
  "Redeeming Invitation...": "S'està bescanviant la invitació...",
  "Redirecting to Connections Cloud...": "S'està redirigint al Connections Cloud...",
  "Redirecting to Watson Workspace...": "S'està redirigint a Watson Workspace...",
  "Refresh": "Actualitza",
  "Region": "Regió",
  "Reload": "Torna a carregar",
  "Remaining ({{num}})": "Restants ({{num}})",
  "Remove Admin": "Suprimeix l'administrador",
  "Remove Client": "Suprimeix el client",
  "Remove Invite": "Suprimeix la invitació",
  "Remove Licence": "Suprimeix la llicència",
  "Replace": "Substitueix",
  "Resend Invite": "Torna a enviar la invitació",
  "Reset": "Restableix",
  "Restore": "Restaura",
  "Restore Card": "Restaura la targeta",
  "Restore items": "Restaura els elements",
  "Restore List": "Restaura la llista",
  "Restore mode": "Restaura el mode",
  "Reverse": "Retrocedeix",
  "Revoke All": "Revoca-ho tot",
  "Revoke Licence": "Revoca la llicència",
  "Role": "Rol",
  "Roles": "Rols",
  "Rows": "Files",
  "Sales": "Vendes",
  "Save": "Desa",
  "Save card for future purchases": "Desa la targeta per a compres futures",
  "Save Changes": "Desa els canvis",
  "Save link": "Desa l'enllaç",
  "Scroll To": "Desplaça't a",
  "Search": "Cerca",
  "Search All Templates": "Cerca totes les plantilles",
  "Search this view": "Cerca aquesta vista",
  "Search...": "Cerca...",
  "Select a Board": "Selecciona un tauler",
  "Select board": "Selecciona un tauler",
  "Select Board": "Selecciona un tauler",
  "Select Board Label": "Selecciona l'etiqueta del tauler",
  "Select Card Colours": "Selecciona els colors de la targeta",
  "Select Colour": "Selecciona el color",
  "Select Colours": "Selecciona els colors",
  "Select Destination Board": "Selecciona un tauler de destinació",
  "Select destination folder": "Selecciona una carpeta de destinació",
  "Select File": "Selecciona fitxer",
  "Select Folder": "Selecciona carpeta",
  "Select items for delete": "Selecciona elements per suprimir",
  "Select items for restore": "Selecciona elements per restaurar",
  "Select List or Card": "Selecciona una llista o targeta",
  "Select the boards below that you would like to transfer membership over to your primary ({{toName}}) account": "Seleccioneu els taulers següents dels quals voleu transferir la pertinença al vostre compte principal de ({{toName}}).",
  "Selected Activity": "Activitat seleccionada",
  "Send an email notifying each member that the Activity has been migrated to a Board.": "Envia un correu electrònic notificant a cada membre que l'activitat s'ha migrat a un tauler.",
  "Send Invitation": "Envia la invitació",
  "Send Notification Email to Members": "Envia una notificació per correu electrònic als membres",
  "Sending invitations": "S'estan enviant les invitacions",
  "Set as primary account": "Defineix com a compte principal",
  "Set Dates": "Defineix les dates",
  "Set enter key press action to create a task when creating new cards in a list.": "Defineix l'acció de prémer la tecla Enter per crear una tasca quan afegiu targetes noves a una llista.",
  "Setup Subscription": "Subscripció de la configuració",
  "Share with": "Comparteix amb",
  "Shared by me": "Compartits per mi",
  "Shared with me": "Compartits amb mi",
  "Show": "Mostra",
  "Show all ancestors": "Mostra tots els antecessors",
  "Show all boards for this team": "Mostra tots els taulers d'aquest equip",
  "Show Board Menu": "Mostra el menú dels taulers",
  "Show Filter Options": "Mostra les opcions de filtració",
  "Show Less": "Mostra menys",
  "Show Licences for your organisation": "Mostra les llicències de la vostra organització",
  "Show More": "Mostra més",
  "Show on Card": "Mostra-ho a la targeta",
  "Show previous comments": "Mostra els comentaris anteriors",
  "Show previous links & attachments": "Mostra els enllaços i fitxers adjunts anteriors",
  "Show Sub-cards": "Mostra les subtargetes",
  "Sign In": "Inicia sessió",
  "Sign in with": "Inicia la sessió amb",
  "SIGN IN WITH:": "Inicia la sessió amb:",
  "Sign Out": "Tanca la sessió",
  "Sign Out of Kudos Boards": "Tanca la sessió de Kudos Boards",
  "Signing in...": "S'està iniciant la sessió...",
  "Signing out...": "S'està tancant la sessió...",
  "Smartcloud": "Smartcloud",
  "Something went wrong.": "Alguna cosa no ha funcionat.",
  "Source Board/Template": "Tauler o plantilla d'origen",
  "Source Template": "Plantilla d'origen",
  "Specific Board": "Tauler específic",
  "Start a Trial": "Inicia una prova",
  "Start a trial or purchase a subscription to start creating boards": "Inicieu una prova o compreu una subscripció per començar a crear taulers.",
  "Start Boards Premium Preview": "Inicia la visualització prèvia prèmium dels taulers",
  "Start Date": "Data d'inici",
  "Start Free Trial": "Inicia una prova gratuïta",
  "Start my trial": "Inicia la meva prova",
  "Start Now": "Inicia ara",
  "Start page updated": "S'ha actualitzat la pàgina d'inici",
  "Start Page:": "Pàgina d'inici:",
  "Starting Balance": "Saldo inicial",
  "Starting View": "Vista inicial",
  "Status": "Estat",
  "Step": "Pas",
  "Sub Cards": "Subtargetes",
  "Sub Tasks": "Subtasques",
  "Submit": "Envia",
  "Subscription": "Subscripció",
  "Subscription expired.": "La subscripció ha caducat.",
  "Subtotal": "Subtotal",
  "Summary": "Resum",
  "Support for browsers is currently limited.  This browser is not yet supported. <br>Please use one of the following browsers:": "Actualment, la compatibilitat amb els navegadors és limitada. Aquest navegador encara no és compatible. <br>Utilitzeu un dels navegadors següents:",
  "Tab Content": "Contingut de la pestanya",
  "Tab Name": "Nom de la pestanya",
  "Tags": "Etiquetes",
  "Tags (optional)": "Etiquetes (opcional)",
  "Take away meaningful and collaborative notes from any meeting!": "Preneu notes significatives i col·laboratives a qualsevol reunió.",
  "Task": "Tasca",
  "Team Boards": "Taulers de l'equip",
  "Team Name": "Nom de l'equip",
  "Team Name is used as a method to log in to certain authentication providers. e.g. Auth0": "El nom de l'equip s'utilitza com a mètode per iniciar la sessió a determinats proveïdors d'autenticació, com ara Auth0.",
  "Template": "Plantilla",
  "Templates": "Plantilles",
  "Templates tagged with": "Plantilles etiquetades amb",
  "Text": "Text",
  "Text Mode": "Mode del text",
  "That can't be pasted there.": "Això no es pot enganxar allà.",
  "The board has been deleted": "El tauler s'ha suprimit",
  "The files below cannot be uploaded to Kudos Boards as they are larger than the limit of {{limit}}": "Els fitxers següents no es poden carregar a Kudos Boards perquè superen el límit de {{limit}}.",
  "The following links have already been added to this card:": "Ja s'han afegit els enllaços següents a aquesta targeta:",
  "The invite was resent to": "S'ha tornat a enviar la invitació a",
  "The selected board(s) were successfully transferred": "S'han transferit correctament els taulers seleccionats",
  "The selected items have been deleted": "S'han suprimit els elements seleccionats",
  "The selected items have been restored": "S'han restaurat els elements seleccionats",
  "There was an error when uploading the file. Server response: ": "S'ha produït un error en carregar el fitxer. Resposta del servidor:",
  "This Activity has been migrated to Kudos Boards": "Aquesta activitat s'ha migrat a Kudos Boards.",
  "This billing cycle affords a {{discount}}% discount": "Aquest cicle de facturació ofereix un {{discount}} % de descompte.",
  "This Board": "Aquest tauler",
  "This Board is available with AUTHOR access to everyone across all organisations.": "Aquest tauler està disponible amb l'accés d'autor per a qualsevol persona de totes les organitzacions.",
  "This Board is available with EDITOR access to everyone across all organisations.": "Aquest tauler està disponible amb l'accés d'editor per a qualsevol persona de totes les organitzacions.",
  "This Board is in one or more Groups": "Aquest tauler es troba en un o més grups.",
  "This Board is read-only to everyone across all organisations.": "Aquest tauler és només de lectura per a qualsevol persona de totes les organitzacions.",
  "This Board will be visible to everyone in your organisation. <br>Non-members can create new content and edit their own content.": "Aquest tauler serà visible per a totes les persones de la vostra organització. <br>Aquelles persones que no en siguin membres poden crear contingut nou i editar-ne el propi.",
  "This Board will be visible to everyone in your organisation. <br>Non-members can only view the board's contents.": "Aquest tauler serà visible per a totes les persones de la vostra organització. <br>Aquelles persones que no en siguin membres només poden visualitzar el contingut del tauler.",
  "This Board will be visible to everyone in your organisation. <br>Please note: This access level allows non-members to edit <b>all</b> board content.": "Aquest tauler serà visible per a totes les persones de la vostra organització. <br>Tingueu en compte que aquest nivell d'accés permet a aquelles persones que no en siguin membres editar <b>tot</b> el contingut del tauler.",
  "This card will be restored with its parent": "Aquesta targeta es restaurarà amb la principal.",
  "This Community": "Aquesta comunitat",
  "This feature is coming soon!": "Aquesta característica estarà disponible aviat.",
  "This feature is currently not supported by the IBM Connections Cloud API": "Actualment, aquesta característica no és compatible amb l'API de l'IBM Connections Cloud.",
  "This field is required": "Aquest camp és obligatori.",
  "This invoice has been closed. Payment will not be automatically attempted again. Contact support for more information": "S'ha tancat aquesta factura. No es tornarà a provar de fer el pagament de forma automàtica. Poseu-vos en contacte amb el servei d'assistència per obtenir-ne més informació.",
  "This is a Free trial of Kudos Boards and will expire in {{numDays}} day(s).": "Això és una prova gratuïta de Kudos Boards i caducarà d'aquí a {{numDays}} dies.",
  "This is a read-only preview of this Activity. Import to Boards for full functionality": "Això és una visualització prèvia només de lectura d'aquesta activitat. Importeu-la als taulers per gaudir d'una funcionalitat completa.",
  "This licence grants access to a set number of users as they use the app. You may view the user-licences already assigned.": "Aquesta llicència permet accedir a un nombre determinat d'usuaris a mesura que fan servir l'aplicació. Podeu veure les llicències d'usuari ja assignades.",
  "This licence has been cancelled.": "S'ha cancel·lat la llicència.",
  "This licence only grants access to a selected group of named users. Access will not be granted to users not named by the Org Admins. You can view and edit the named users from the Admin settings.": "Aquesta llicència només concedeix accés a un grup seleccionat d'usuaris designats. No es concedirà accés als usuaris que no siguin designats pels administradors de l'organització. Podeu veure i editar els usuaris designats des de la configuració d'administració.",
  "This option is only available when paying by credit card": "Aquesta opció només està disponible quan pagueu amb targeta de crèdit",
  "This option is only editable if paying by credit card": "Aquesta opció només es pot editar quan pagueu amb targeta de crèdit",
  "This team account is already linked": "Aquest compte d'equip ja està enllaçat",
  "This will go to your provider for an administrator to approve access to Kudos Boards": "Això us dirigirà al proveïdor perquè un administrador aprovi l'accés a Kudos Boards",
  "This will permanently delete the board and all its data, are you sure?": "Això suprimirà el tauler i totes les seves dades de manera permanent. N'esteu segur?",
  "This will remove this data permanently from the board, are you sure?": "Això suprimirà totes les dades del tauler de manera permanent. N'esteu segur?",
  "Thursday": "Dijous",
  "Tile Colours": "Colors de la peça",
  "Timeline": "Línia temporal",
  "Timeline View": "Visualització de la cronologia",
  "Title": "Títol",
  "to go to Connections Cloud, then access Kudos Boards via the link in the 'Apps' menu.": "per anar al Connections Cloud. A continuació, accediu a Kudos Boards mitjançant l'enllaç del menú \"Aplicacions\".",
  "To interact with this card the parent will need to be restored": "Per interactuar amb aquesta targeta, caldrà restaurar-ne la principal",
  "To unselect this card you will need to unselect its parent": "Per anul·lar la selecció d'aquesta targeta, haureu d'anul·lar la selecció de la principal",
  "to view this content": "per visualitzar aquest contingut",
  "Today": "Avui",
  "Todo": "Tasques pendents",
  "Todos": "Tasques pendents",
  "Todos by Date": "Tasques pendents per data",
  "Todos by Due Date": "Tasques pendents per data de venciment",
  "Toggle Completion": "Commuta la finalització",
  "Toggle Editor": "Commuta l'editor",
  "Toggle Sidebar": "Commuta la barra lateral",
  "Tomorrow": "Demà",
  "Total": "Total",
  "Transfer Board Membership": "Transfereix la pertinença al tauler",
  "Transfer Membership": "Transfereix la pertinença",
  "TRIAL": "PROVA",
  "Trial": "Prova",
  "Trial End Date: {{trialEnd}}": "Data de finalització de la prova: {{trialEnd}}",
  "Trial expired": "Prova caducada",
  "Trial expired.": "La prova ha caducat.",
  "Trial extended {{extensions}} time(s)": "La prova s'ha ampliat {{extensions}} vegades",
  "Try again": "Torneu-ho a provar",
  "Tuesday": "Dimarts",
  "Type": "Tipus",
  "Type to filter archive": "Escriviu per filtrar l'arxiu",
  "Type to filter list": "Escriviu per filtrar la llista",
  "Type to filter members": "Escriviu per filtrar els membres",
  "Type to search": "Escriviu per cercar",
  "Unassigned": "No assignada",
  "Undo": "Desfés",
  "UNDO": "DESFÉS",
  "Unit price: {{unitPrice}} per user": "Preu per unitat: {{unitPrice}} per usuari",
  "Unknown Connections Cloud organisation. Redirecting...": "Organització desconeguda del Connections Cloud. S'està redirigint...",
  "Unknown Team": "Equip desconegut",
  "Unlimited": "Sense límit",
  "Unlink account": "Desenllaça el compte",
  "Unlink Board": "Desenllaça el tauler",
  "Unlink {{fromName}} Account": "Desenllaça el compte {{fromName}}",
  "Unlock Kudos Boards Premium Preview": "Desbloqueja la visualització prèvia prèmium de Kudos Boards",
  "Unpaid": "No remunerat",
  "Unpin Board": "Desancora el tauler",
  "Unscheduled cards": "Targetes sense programar",
  "Update": "Actualitza",
  "Updated": "Actualitzat",
  "Updated Since Last Accessed": "Actualitzat des del darrer accés",
  "Updated {{ date }}": "Actualitzat el {{ date }}",
  "Updating...": "S'està actualitzant...",
  "Upload": "Carrega",
  "Upload file from computer": "Carrega un fitxer des de l'ordinador",
  "Upload to Kudos Boards": "Carrega a Kudos Boards",
  "Upload Users": "Carrega usuaris",
  "Upload Users from CSV": "Carrega usuaris des d'un fitxer CSV",
  "uploaded successfully": "s'ha carregat correctament.",
  "Uploading file:": "S'està pujant el fitxer:",
  "URL": "URL",
  "URL of Connections header frame (optional)": "URL del marc de capçalera del Connections (opcional)",
  "Use another file service": "Utilitza un altre servei de fitxers",
  "Use current account": "Utilitza el compte actual",
  "Use Email": "Utilitza el correu electrònic",
  "Use the Kudos Boards File Attachment Service for attaching files to cards": "Utilitzeu el servei de fitxers adjunts de Kudos Boards per adjuntar fitxers a les targetes.",
  "Use {{provider}} instead": "Millor utilitza {{provider}}",
  "Used": "Utilitzat",
  "User": "Usuari",
  "User Emails": "Correus electrònics dels usuaris",
  "User ExternalID": "ID extern de l'usuari",
  "User Licences": "Llicències d'usuari",
  "User Options": "Opcions d'usuari",
  "User Trials": "Proves d'usuari",
  "User upload success!": "S'han carregat els usuaris correctament",
  "Username": "Nom d'usuari",
  "Users": "Usuaris",
  "Users may need to be added to the destination board to maintain access to their assigned todos.": "És possible que calgui afegir els usuaris al tauler de destinació per mantenir l'accés a totes les tasques pendents assignades.",
  "Users: {{num}}": "Usuaris: {{num}} ",
  "Vertical": "Vertical",
  "View": "Visualització",
  "View and Accept ↗": "Visualitza i accepta ↗",
  "View Details": "Visualitza la informació",
  "View licences": "Visualitza les llicències",
  "View subscriptions": "Visualitza les subscripcions",
  "View Subscriptions": "Visualitza les subscripcions",
  "Want to know more?": "Voleu saber-ne més?",
  "Warning: you are not authorised to add members in this board": "Advertiment: No teniu permís per afegir membres en aquest tauler.",
  "We found one board linked your {{fromName}} user account. Once you unlink the account you may no longer have access to this board.": "Hem trobat un tauler enllaçat al compte d'usuari {{fromName}}. Quan desenllaceu el compte, és possible que ja no tingueu accés a aquest tauler.",
  "We found {{count}} boards linked to your {{fromName}} user account. Once you unlink the account you may no longer have access to these boards.": "Hem trobat {{count}} taulers enllaçats al compte d'usuari {{fromName}}. Quan desenllaceu el compte, és possible que ja no tingueu accés a aquests taulers.",
  "We recommended you change the widget title from the actions menu above": "Us recomanem que canvieu el títol del giny del menú d’accions anterior",
  "Wednesday": "Dimecres",
  "Weekdays": "Dies entre setmana",
  "Welcome": "Benvingut",
  "Welcome to Kudos Boards": "Benvingut a Kudos Boards",
  "When you unlock Kudos Boards Premium View, your current Activities will immediately be available in Board, Timeline and MindMap view.": "Quan desbloquegeu la visualització prèmium de Kudos Boards, les activitats actuals estaran disponibles immediatament a la visualització Tauler, Cronologia i Mapa mental.",
  "Widget Settings": "Configuració del giny",
  "yearly": "anual",
  "Yearly": "Anualment",
  "Yes": "Sí",
  "Yes Please": "Sí, si us plau",
  "You are in DELETE mode, select items to delete": "Sou al mode Suprimir. Trieu els elements que voleu suprimir. ",
  "You are in restore mode, select items to restore": "Sou al mode Restaurar. Trieu els elements que voleu restaurar.",
  "You are not a direct member of this board. Please consider leaving any Groups that may be members of this board.": "No sou un membre directe d'aquest tauler. Considereu la possibilitat d'abandonar tots els grups que en pugin ser membres.",
  "You are not allowed to leave this Board. Please consider archiving board.": "No teniu permís per abandonar aquest tauler. Considereu la possibilitat d'arxivar-lo.",
  "You are not authorised to access this resource": "No teniu autorització per accedir a aquest recurs.",
  "You are not licensed to access this resource.": "No teniu llicència per accedir a aquest recurs.",
  "You are the only owner of this board. Please consider adding other owners or archiving this board instead.": "Sou l'únic propietari d'aquest tauler. Considereu la possibilitat d'arxivar-lo o d'afegir-hi altres propietaris.",
  "You can enhance your workflow by unlocking Kudos Boards Premium Preview. In addition to your Activities view, you’ll also be able to work in the Boards, Timeline and Mind Map views!": "Desbloquegeu la visualització prèvia prèmium de Kudos Board. A més de la visualització d'Activitats, també podreu treballar a les visualitzacions de Taulers, Cronologia i Mapa mental.",
  "You have READ ONLY access to this Board": "Teniu accés només de lectura a aquest tauler.",
  "You have {{remaining}} day(s) remaining in your premium preview.": "Queden {{remaining}} dies a la visualització prèvia prèmium.",
  "Your account's email address and other admin emails for your org ({{emails}}) are already included": "Ja s'inclouen l'adreça de correu electrònic del vostre compte i altres correus electrònics d'administració ({{emails}}) de la vostra organització.",
  "Your api key for kudos boards is shown below": "A continuació, es mostra la clau de l'API de Kudos Boards.",
  "Your changes have been saved": "S'han desat els vostres canvis.",
  "Your initial premium preview with {{orgName}} has expired. Click extend if you would like to continue access for an additional 30 days": "La vostra visualització prèvia prèmium inicial amb {{orgName}} ha caducat. Feu clic a Amplia si voleu continuar accedint durant 30 dies més. ",
  "Your premium preview expires today.": "La vostra visualització prèvia prèmium caduca avui.",
  "Your premium preview has expired, Let your administrator know you'd like to continue using Kudos Boards Premium view.": "La vostra visualització prèvia prèmium ha caducat. Feu-li saber al vostre administrador que us agradaria seguint utilitzant la visualització prèmium de Kudos Boards.",
  "Your session with {{provider}} has expired. Redirecting...": "La sessió amb {{provider}} ha caducat. S'està redirigint...",
  "Your session with {{provider}} has expired. Some functionality (ie notifications, groups, files) will be restricted until you login again.": "La sessió amb {{provider}} ha caducat. Algunes funcionalitats, com ara les notificacions, els grups o els fitxers, quedaran restringides fins que torneu a iniciar la sessió.",
  "{{count}} more card(s) this way": "{{count}} targetes més d'aquesta manera",
  "{{num}} users": "{{num}} usuaris",
  "{{quantity}} x subscriptions to '{{plan.name}}' ({{planPrice}} / {{plan.interval}})": "{{quantity}} x subscripcions a \"{{plan.name}}\" ({{planPrice}} / {{plan.interval}})",
  "{{remaining}} days of trial remaining": "Queden {{remaining}} dies de prova",
  "{{remaining}} days remaining in your premium preview.": "Queden {{remaining}} dies de visualització prèvia prèmium. ",
  "{{userTrialCount}} user(s) have started a trial of Kudos Boards Premium": "{{userTrialCount}} usuaris han iniciat una prova de Kudos Boards prèmium"
}