{
  "": "",
  "'{{userName}}' will not be able to view the message because they cannot access this Board": "'{{userName}}' nebudou moci zobrazit zprávu, protože nemají přístup k této nástěnce",
  "(Copy Of) ": "(Kopie) ",
  "A problem occurred when creating invite": "Při vytváření pozvání došlo k chybě",
  "A problem occurred when deleting node": "Při odstranění uzlu došlo k chybě",
  "A problem occurred when getting a node": "Při získávání uzlu došlo k chybě",
  "A problem occurred when redeeming invite": "Při obnovení pozvání došlo k chybě",
  "A problem occurred when removing invite": "Při odstraňování pozvání došlo k chybě",
  "A problem occurred when removing member": "Při odstraňování člena došlo k chybě",
  "A problem occurred when saving invite": "Při ukládání pozvání došlo k chybě",
  "A problem occurred when saving member": "Při ukládání člena došlo k chybě",
  "A problem occurred when saving node": "Při ukládání uzlu došlo k chybě",
  "A problem occurred when updating invite": "Při aktualizaci pozvání došlo k chybě",
  "A user with that email address already exists": "Uživatel se stejnou e-mailovou adresou již existuje",
  "A user with that email address already exists as a member of this board": "Uživatel s touto e-mailovou adresou již existuje jako člen této nástěnky",
  "Accessed in the Last Month": "Přístupy za poslední měsíc",
  "Accessed since": "Přístupy od",
  "Account Balance: {{credit}}": "Zůstatek na účtu: {{credit}}",
  "Account Unlinked": "Účet odpojený",
  "Actions": "Akce",
  "Active": "Aktivních",
  "Active Boards": "Aktivní nástěnky",
  "Active Workspace Meetings": "Aktivní schůzky Workspace",
  "Activity": "Aktivita",
  "Activity data is loading...": "Data aktivity data se načítají...",
  "Activity Migration": "Migrace aktivity",
  "Activity Name": "Název aktivity",
  "Add": "Přidat",
  "Add a Card": "Přidat kartu",
  "Add a Comment": "Přidat komentář",
  "Add a Description": "Přidat popis",
  "Add a List": "Přidat seznam",
  "Add a list": "Přidat seznam",
  "Add a Tag": "Přidat značku",
  "Add an attachment or link": "Přidat přílohu nebo odkaz",
  "Add another": "Přidat další",
  "Add Attachment": "Přidat přílohu",
  "Add Bookmark": "Přidat záložku",
  "Add Client": "Přidat klienta",
  "Add Custom Field": "Přidat vlastní pole",
  "Add file": "Přidat soubor",
  "Add individuals or groups as members, or invite by email": "Přidat jednotlivce nebo skupiny jako členy nebo odeslat pozvánku e-mailem",
  "Add Label": "Přidat popisek",
  "Add label '{{filter}}'": "Přidat popisek '{{filter}}'",
  "Add Licence": "Přidat licenci",
  "Add Member": "Přidat člena",
  "Add members": "Přidání členů",
  "Add Organisation": "Přidat organizaci",
  "Add people to your board or invite by email": "Přidat lidi na nástěnku nebo odeslat pozvánku e-mailem",
  "Add User": "Přidat uživatele",
  "Admin approval failed": "Schválení administrátora se nezdařilo",
  "Admin Users": "Uživatelé administrátoři",
  "Administrator approval required.": "Vyžadováno schválení administrátora.",
  "Administrators": "Administrátoři",
  "Advanced": "Rozšířené",
  "Agenda": "Program",
  "All": "Vše",
  "All Activities": "Všechny aktivity",
  "All Boards": "Všechny nástěnky",
  "All cards are scheduled.": "Všechny karty jsou naplánované.",
  "All Templates": "Všechny šablony",
  "Allow Invite by Email": "Povolit pozvání e-mailem",
  "Already linked": "Již propojeno",
  "Amount": "Částka",
  "Amount Due": "Částka splatná",
  "Amount Due Now: {{due}}": "Částka splatná teď: {{due}}",
  "Amount Paid": "Částka zaplacena",
  "An account of this type already linked": "Účet tohoto typu je již propojen",
  "An invitation for the specified email address already exists on this board": "Pozvání pro uvedenou e-mailovou adresu již na této nástěnce existuje",
  "and is already a member of this board": "a je již členem této nástěnky",
  "Apply Template": "Použít šablonu",
  "Approve": "Schválit",
  "Approve Advanced Features": "Schválit rozšířené funkce",
  "Archive": "Archivovat",
  "Archive Card": "Archivovat kartu",
  "Archive Cards in List": "Archivovat karty v seznamu",
  "Archive List": "Archivovat seznam",
  "Archived": "Archivováno",
  "Archived Boards": "Archivované nástěnky",
  "Archived Templates": "Archivované šablony",
  "Are you sure you want to cancel this licence? This will take effect at the end of the current period.": "Opravdu chcete zrušit tuto licenci? To se uplatní na konci aktuálního období.",
  "Are you sure you want to delete this licence? CAUTION: This will delete any associated credit card information": "Opravdu chcete odstranit tuto licenci? POZOR: To odstraní veškeré informace o přidružené kreditní kartě",
  "Are you sure you want to reactivate this licence?": "Opravdu chcete znovu aktivovat tuto licenci?",
  "Are you sure you want to unlink your {{provider}} account?": "Opravdu chcete odpojit váš {{provider}} účet?",
  "Are you sure you wish to leave '{{boardName}}'? This action cannot be undone by you.": "Opravdu chcete odejít '{{boardName}}'? Tuto akci nemůžete vrátit.",
  "Are you sure?": "Opravdu chcete akci provést?",
  "Are You Sure?": "Jste si jisti?",
  "Are you sure? This will reinstate the previous billing schedule": "Jste si jisti? To obnoví předchozí plán fakturace",
  "Are you sure? This will take effect at the end of the current billing cycle": "Jste si jisti? To se projeví na konci aktuálního období fakturace",
  "Asia Pacific": "Asie a Tichomoří",
  "Assign Users": "Přiřadit uživatele",
  "Assigned": "Přiřazeno",
  "Assigned to": "Přiřazeno",
  "Assigned To Me": "Mám přiřazeno",
  "Assigned Users that will be added to the Destination Board": "Přiřazení uživatelé, kteří budou přidáni na nástěnku umístění",
  "Assignees": "Pověřené osoby",
  "Assignments": "Přiřazení",
  "Attach": "Připojit",
  "Attachments": "Přílohy",
  "Auth0 url": "Adresa URL Auth0",
  "Authentication Clients": "Klienti ověření",
  "Author": "Autor",
  "author": "autor",
  "awaiting acceptance": "očekávání přijetí",
  "Back": "Zpět",
  "Back to Boards": "Zpět k nástěnkám",
  "Back to Colour Selection": "Zpět k výběru barvy",
  "Bad Request": "Chybný požadavek",
  "Best viewed in fullscreen": "Nejlépe se zobrazí na celé obrazovce",
  "Billing Cycle": "Období fakturace",
  "Billing period: {{interval}}": "Zúčtovací období: {{interval}}",
  "Blank": "Prázdné",
  "Board": "Nástěnka",
  "Board Archive": "Archiv nástěnky",
  "Board Labels": "Popisky nástěnky",
  "Board Members": "Členové nástěnky",
  "Board Name": "Název nástěnky",
  "Boards": "Nástěnky",
  "Boards linked directly to this user": "Nástěnky spojené přímo s tímto uživatelem",
  "Boards linked through group membership": "Nástěnky propojené prostřednictvím skupinového členství",
  "Boards premium preview": "Prémiový náhled nástěnek",
  "Bookmarks": "Záložky",
  "Buy Licence": "Koupit licenci",
  "Buy Online": "Koupit online",
  "by": "uživatelem",
  "Cancel": "Storno",
  "Cancel Licence": "Zrušit licenci",
  "Cancelled": "Zrušeno",
  "Cannot Leave Board": "Nelze opustit nástěnku",
  "Card Name": "Název karty",
  "Card Number": "Číslo karty",
  "Cards": "Karty",
  "Central Europe": "Střední Evropa",
  "Choose a board": "Vybrat nástěnku",
  "Choose a Template": "Vybrat šablonu",
  "Classic": "Klasický",
  "Clear Search": "Vymazat vyhledávání",
  "Clear Selected": "Vymazat vybrané",
  "Clear Selected Filters": "Odstranit vybrané filtry",
  "Click for details": "Klepnutím zobrazíte podrobnosti.",
  "Click for more information about approving advanced features": "Klepněte pro další informace o schvalování rozšířených funkcí",
  "Click here": "Klepněte zde",
  "Click here for details": "Klepnutím zde zobrazíte podrobnosti",
  "Click here for details.": "Klepnutím zde zobrazíte podrobnosti.",
  "Click here to buy a licence online or get a quote": "Klepněte zde a kupte licenci online nebo zjistěte cenu",
  "Click here to start a 30 day free trial for your organisation. Contact support for trials with more users.": "Klepněte zde a spusťte 30denní bezplatnou zkušební verzi pro vaši organizaci. Pro zkušební verze s více uživateli se obraťte na podporu.",
  "Click to see more details": "Klepnutím zobrazte další informace",
  "Client": "Klient",
  "Clients": "Klienti",
  "Close": "Zavřít",
  "Close Activity After Import": "Po importu zavřete aktivitu",
  "Close Board Menu": "Zavřít nabídku Nástěnka",
  "Close the activity after the import has completed successfully. You can still access it through 'Trash'": "Po úspěšném dokončení importu zavřete aktivitu. Stále k ní můžete přistupovat prostřednictvím 'Koše'",
  "Closed": "Uzavřený",
  "Collaborate on projects involving different departments": "Spolupracujte na projektech, na kterých se podílejí různá oddělení",
  "Collapse": "Sbalit",
  "Colour": "Barva",
  "Colour Labels": "Barevné popisky",
  "Colour-Tags": "Barevné štítky",
  "Colours": "Barvy",
  "Column View": "Zobrazit sloupec",
  "Comments": "Komentáře",
  "Community Activities": "Aktivity komunity",
  "Community Templates": "Šablony komunity",
  "Complete Todos": "Dokončit úkoly",
  "Completed": "Dokončené",
  "Configuration": "Konfigurace",
  "Confirm": "Potvrdit",
  "Confirmation Required": "Je vyžadováno potvrzení",
  "Connections Cloud session expired. Click here to validate.": "Platnost relace Connections Cloud vypršela. Klepněte zde pro ověření.",
  "Connections On-Premise": "Místní produkt Connections",
  "Connections URL": "Adresa URL produktu Connections",
  "Contact Email": "E-mail kontaktu",
  "Contact Name": "Jméno kontaktu",
  "Contact Support": "Kontaktujte podporu",
  "Contact your System Administrator for more information or email us at": "Další informace vám poskytne administrátor systému nebo nám napište e-mail",
  "Content": "Obsah",
  "Continue": "Pokračovat",
  "Continue Without Transferring": "Pokračovat bez převodu",
  "Convert into Entry": "Převést na položku",
  "Convert into Todo": "Převést na úkol",
  "Copy embed code": "Zkopírovat vložený kód",
  "Copy embed code to clipboard": "Zkopírovat vložený kód do schránky",
  "Create": "Vytvořit",
  "Create a new board": "Vytvořit novou nástěnku",
  "Create Board": "Vytvořit nástěnku",
  "Create Board from Template": "Vytvořit nástěnku ze šablony",
  "Create Boards for anything, manage your workflow, and streamline processes with template creation.": "Vytvořte nástěnky pro vše, spravujte sled prací a urychlete procesy vytvořením šablony.",
  "Create card": "Vytvořit kartu",
  "Create Copy": "Vytvořit kopii",
  "Create Link to Board": "Vytvořit odkaz na nástěnku",
  "Create Template": "Vytvořit šablonu",
  "Create Template from Board": "Vytvořit šablonu z nástěnky",
  "Create your own structure for organising projects, workflows, ideas and more!": "Vytvořte svoji vlastní strukturu pro organizaci projektů, sled prací, nápady a další!",
  "Create {{numCards}} cards?": "Vytvořit {{numCards}} karty?",
  "Create {{numCards}} lists?": "Vytvořit {{numCards}} seznamy?",
  "Created": "Vytvořeno",
  "Created By Me": "Vytvořené mnou",
  "Created {{ date }}": "Vytvořeno {{ date }}",
  "Created: {{date}}": "Vytvořeno {{date}}",
  "Credit Card Ending in {{last4}}": "Kreditní karta končí v {{last4}}",
  "Current Account:": "Aktuální účet:",
  "Currently the ability to search for groups in {{provider}} is not available until an administrator grants permissions for your organisation. ": "Aktuálně není dostupná možnost vyhledávat skupiny v {{provider}}. dokud administrátor neudělí oprávnění pro vaši organizaci. ",
  "Curve": "Křivka",
  "Custom Fields": "Vlastní pole",
  "Customer ID": "ID zákazníka",
  "CVC": "CVC",
  "Date": "Datum",
  "Decisions": "Rozhodnutí",
  "Default templates to exclude": "Výchozí šablony určené k vyloučení",
  "Delete": "Odstranit",
  "Delete Board": "Odstranit nástěnku",
  "Delete Card": "Odstranit kartu",
  "Delete Comment": "Odstranit komentář",
  "Delete File": "Odstranit soubor",
  "Delete items": "Odstranit položky",
  "Delete Label": "Odstranit popisek",
  "Delete Link": "Odstranit odkaz",
  "Delete List": "Odstranit seznam",
  "Delete mode": "Odstranit režim",
  "Delete Selected Items": "Odstranit vybrané položky",
  "Deleted": "Odstraněno",
  "Deleting": "Probíhá odstraňování",
  "Departments": "Oddělení",
  "Description": "Popis",
  "Description (optional)": "Popis (volitelné)",
  "Details": "Podrobnosti",
  "Direct Order via ISW": "Přímý příkaz prostřednictvím ISW",
  "Discount": "Sleva",
  "Discount Code (optional)": "Kód slevy (volitelné)",
  "Discount: {{discount}}": "Sleva: {{discount}}",
  "Display an existing board": "Zobrazit na existující nástěnce",
  "Documentation": "Dokumentace",
  "Doing": "Provádění",
  "Done": "Hotovo",
  "Done ({{num}})": "Hotovo ({{num}})",
  "Download": "Stáhnout",
  "Download file": "Stáhnout soubor",
  "Drop file here to save": "Přetáhněte soubor sem a uložte",
  "Due": "Termín",
  "Due Date": "Termín",
  "Due date": "Termín",
  "Earliest Licence Expired on": "Nejstarší licenci skončila platnost dne",
  "Earliest Upcoming Expiry": "Nejčasnější nadcházející vypršení platnosti",
  "Edit": "Upravit",
  "Edit Board Colour Labels": "Upravit barevné popisky nástěnky",
  "Edit Client": "Upravit klienta",
  "Edit Client Licence": "Upravit licenci klienta",
  "Edit Colour Labels": "Upravit barevné popisky",
  "Edit Comment": "Upravit komentář",
  "Edit Description": "Upravit popis",
  "Edit Filename": "Upravit název souboru",
  "Edit Label": "Upravit popisek",
  "Edit label": "Upravit popisek",
  "Edit Licence": "Upravit licenci",
  "Edit Link": "Upravit odkaz",
  "Edit name": "Upravit jméno",
  "Edit Tile Colour Labels": "Upravit barevné popisky",
  "Edit User Licence": "Upravit uživatelskou licenci",
  "Edited": "Upraveno",
  "Editor": "Editor",
  "editor": "editor",
  "Email": "E-mail",
  "Email Address": "E-mailová adresa",
  "Email address is required": "Je vyžadována e-mailová adresa",
  "Email addresses to copy invoices to": "E-mailové adresy pro kopírování faktur na",
  "Email addresses to copy quote to": "E-mailové adresy pro kopírování nabídek na",
  "Email Us": "Zašlete nám e-mail",
  "Embed code copied to clipboard": "Vložený kód zkopírovaný do schránky",
  "Empty Lists": "Prázdné seznamy",
  "empty name": "prázdné jméno",
  "Enable Boards File Uploads": "Povolit odesílání souboru nástěnek",
  "Enabled": "Povoleno",
  "End Date": "Koncové datum",
  "Ending Balance": "Konečný zůstatek",
  "Enter a title for the link (Optional)": "Zadejte název pro odkaz (volitelné)",
  "Enter an email address": "Zadat e-mailovou adresu",
  "Enter Label": "Zadat popisek",
  "Enter label name": "Zadat název popisku",
  "Enter New Name": "Zadat nový název",
  "Enter Text": "Zadat text",
  "Entry": "Položka",
  "Error": "Chyba",
  "Error creating board": "Chyba při vytváření nástěnky",
  "Error processing quote request. Please email sales@kudosbadges.com": "Chyba při zpracování požadavku na nabídku. Pošlete e-mail na adresu sales@kudosbadges.com",
  "Error processing your request": "Chyba při zpracování požadavku",
  "Error starting trial": "Chyba spuštění zkušební verze",
  "Error uploading file": "Chyba při odesílání souboru",
  "Error: an unknown error occurred - cannot move": "Chyba: došlo k neznámé chybě - nelze se přesunout",
  "Error: you are not authorised to add content to this board": "Chyba: nejste oprávněni přidávat obsah na tuto nástěnku",
  "Existing Kudos Partner (optional)": "Existující partner Kudos (volitelné)",
  "Existing Login Detected": "Zjištěno existující přihlášení",
  "Existing Tab": "Existující karta",
  "Expand": "Rozbalit",
  "Expand/Collapse": "Rozbalit/Sbalit",
  "Expand/Collapse All Lists": "Rozbalit/Sbalit všechny seznamy",
  "Expired": "Vypršela platnost",
  "Expires": "Vypršení platnosti",
  "Expires: {{date}}": "Vypršení platnosti: {{date}}",
  "Expires: {{{date}}}": "Vypršení platnost: {{{date}}}",
  "Expiry": "Vypršení",
  "Expiry Date": "Datum vypršení platnosti",
  "Explore the Template Library": "Prozkoumat knihovnu šablon",
  "Extend": "Rozšířit",
  "ExternalId": "Externí ID",
  "Fields": "Pole",
  "Filter Activities to migrate": "Filtrovat aktivity k migraci",
  "Finance": "Finance",
  "Find a Group": "Najít skupinu",
  "Find a User": "Najít uživatele",
  "Finding your Connections Cloud Organisation...": "Hledání organizace Connections Cloud...",
  "Free": "Bezplatný",
  "Free Trial": "Bezplatná zkušební verze",
  "Friday": "Pátek",
  "From Provider": "Od poskytovatele",
  "Functionality is currently limited.": "Funkce je v současné době omezená.",
  "Furthest Upcoming Expiry": "Nejpozdější nadcházející vypršení platnosti",
  "Future": "Budoucí",
  "General": "Obecné",
  "Get a Licence Quote": "Získat nabídku licence",
  "Get a Quote": "Získat nabídku",
  "Give users the ability to invite external users to a Board by email address": "Dejte uživatelům možnost pozvat externí uživatele na nástěnku podle e-mailové adresy",
  "Global Access": "Globální přístup",
  "Global OAuth": "Globální OAuth",
  "Go to licence": "Přejít na licenci",
  "Go to Today": "Přejít na dnešek",
  "Goals": "Cíle",
  "Group": "Skupina",
  "Group Boards": "Seskupit nástěnky",
  "Group By": "Seskupit podle",
  "Group Owners: Owners of this Board.</br>Group Members: Authors of this Board": "Seskupit vlastníky: Vlastníci této nástěnky.</br>Členové skupiny: Autoři této nástěnky",
  "Groups": "Skupiny",
  "Help": "Nápověda",
  "Hide": "Skrýt",
  "Hide Completed Todos": "Skrýt dokončené úkoly",
  "Hide Dates": "Skrýt data",
  "Horizontal": "Vodorovně",
  "How would you like to proceed?": "Jak si přejete pokračovat?",
  "HR": "H",
  "I accept the above Terms & Conditions": "Přijímám výše uvedené obchodní podmínky",
  "I accept the terms of service": "Souhlasím s podmínkami použití",
  "ID": "ID",
  "If this setting is switched off, cards are created as entries on enter press.": "Pokud je toto nastavení vypnuto, jsou karty při stisknutí klávesy Enter vytvářeny jako položky.",
  "Ignore Completed": "Ignorovat dokončené",
  "Ignore Deleted": "Ignorovat odstraněné",
  "Ignore Templates": "Ignorovat šablony",
  "Import": "Importovat",
  "Import an Activity": "Importujte aktivitu",
  "Import an Activity Template": "Importujte šablonu aktivit",
  "Import from Activities": "Import ze služby Aktivity",
  "Import From Activities": "Import ze služby Aktivity",
  "In a Group": "Do skupiny",
  "Include email body in description": "Zahrnout tělo e-mailu do popisu",
  "Inherit": "Zdědit",
  "Inherit from Group": "Zdědit ze skupiny",
  "Inherited from Group": "Zděděno ze skupiny",
  "Integration Env": "Integrační pro",
  "Internal server error": "Interní chyba serveru",
  "Invitation sent to": "Pozvánka odeslána",
  "Invite": "Pozvat",
  "Invite by Email": "Pozvat e-mailem",
  "Invite sent on": "Pozvánka odeslána dne",
  "Invoice": "Faktura",
  "Invoice Details": "Podrobnosti o faktuře",
  "Invoices": "Faktury",
  "Invoices for": "Faktury pro",
  "Is Enabled": "Je povoleno",
  "Is Trial": "Je zkušební verze",
  "IT": "IT",
  "It is valid until {{expiry}}.": "Je platné do {{expiry}}.",
  "Items": "Položky",
  "Join Workspace Meetings": "Připojit se ke schůzím Workspace",
  "Kanban": "Kanban",
  "Kanban View": "Zobrazení Kanban",
  "Kudos Boards": "Aplikace Kudos Boards",
  "Kudos Boards - Terms & Conditions": "Aplikace Kudos Boards - Obchodní podmínky",
  "Kudos Boards API": "Kudos Boards API",
  "Kudos Boards cannot be added as a tab until an administrator approves required functionality": "Aplikaci Kudos Boards nelze přidat jako kartu, dokud administrátor neschválí požadovanou funkci",
  "Kudos Boards has been updated in the background. Please reload the app!": "Aplikace Kudos Boards byla aktualizována na pozadí. Znovu načtěte aplikaci!",
  "Kudos Partner Reference Code (optional)": "Referenční kód aplikace Kudos Partner (volitelné)",
  "Kudos Team Name": "Název týmu Kudos",
  "Label deleted": "Popisek odstraněn",
  "Labels": "Popisky",
  "Last Accessed": "Poslední přístup",
  "Last Licence Expired on": "Poslední licenci skončila platnost dne",
  "Later This Month": "Později tento měsíc",
  "Later This Week": "Později tento týden",
  "Layout": "Rozvržení",
  "Leave Board": "Opustit nástěnku",
  "Licence Assigned": "Licence přiřazena",
  "Licence Details": "Podrobnosti o licenci",
  "Licence expired": "Licenci vypršela platnost",
  "Licence Type": "Typ licence",
  "Licences": "Licence",
  "Licenses": "Licence",
  "Licensing": "Udělení licence",
  "Limit": "Omezení",
  "Line": "Čára",
  "Line Items": "Řádkové položky",
  "Lines in file:": "Řádky v souboru:",
  "Link": "Odkaz",
  "Link Accounts": "Připojit účty",
  "Link another account": "Připojit jiný účet",
  "Link another Kudos Boards account": "Připojit jiný účet aplikace Kudos Boards",
  "Link Exists": "Odkaz existuje",
  "Link to Board": "Odkaz na nástěnku",
  "Link to Card, List or Board": "Odkaz na kartu, seznam nebo nástěnku",
  "Link to File": "Odkaz na soubor",
  "Link to Folder": "Odkaz na složku",
  "Link {{provider}} with the current account": "Propojit {{provider}} s aktuálním účtem",
  "Linked Accounts": "Připojené účty",
  "Linked Groups": "Propojené skupiny",
  "Links": "Odkazy",
  "Links & Attachments": "Odkazy a přílohy",
  "List": "Seznam",
  "List all Boards": "Uvést všechny nástěnky",
  "List Name": "Název seznamu",
  "List View": "Pohled Seznam",
  "Lists": "Seznamy",
  "Lite": "Zjednodušený",
  "Local": "Lokální",
  "Logging in, please wait...": "Probíhá přihlašování. Čekejte, prosím...",
  "Login": "Přihlásit",
  "Logout": "Odhlásit se",
  "Look in": "Oblast hledání",
  "Make the most of your Kudos Boards Premium Preview": "Využijte prémiový náhled aplikace Kudos Boards na maximum",
  "Manage Org": "Spravovat org",
  "Manage Payments": "Spravovat platby",
  "Mark Board as Complete": "Označit nástěnku jako dokončenou",
  "Mark Board as Incomplete": "Označit nástěnku jako nedokončenou",
  "Mark Complete": "Označit jako dokončené",
  "Mark Incomplete": "Označit jako nedokončené",
  "Marketing": "Marketing",
  "Match All Filters": "Přizpůsobit všechny filtry",
  "Meeting": "Schůzka",
  "Members": "Členové",
  "Merge": "Sloučit",
  "Microsoft Office365": "Microsoft Office365",
  "Migrate ALL ({{num}})": "Migrovat VŠE ({{num}})",
  "Migrate Selected ({{num}})": "Migrovat vybrané ({{num}})",
  "Mind Map": "Myšlenková mapa",
  "MindMap": "MindMap",
  "Mindmap": "Mindmap",
  "Mindmap View": "Zobrazení Mindmap",
  "Minimum number of users for the selected licence type is {{minimumSeats}}": "Minimální počet uživatelů pro vybraný typ licence je {{minimumSeats}}",
  "Mirror": "Zrcadlo",
  "Modified": "Upraveno",
  "Modify": "Upravit",
  "Modify Licence": "Upravit licenci",
  "Monday": "Pondělí",
  "monthly": "měsíčně",
  "Monthly": "Měsíčně",
  "More": "Více",
  "Move": "Přesunout",
  "Move and Open": "Přesunout a otevřít",
  "Move Card": "Přesunout kartu",
  "Move List": "Přesunout seznam",
  "Move To Another Board": "Přesunout na jinou nástěnku",
  "Move to another list or parent card": "Přesunout na jiný seznam nebo nadřízenou kartu",
  "My": "Moje položka",
  "My Account": "Můj účet",
  "My Activities": "Mé aktivity",
  "My Boards": "Mé nástěnky",
  "My Subscriptions": "Moje předplatné",
  "My Templates": "Moje šablony",
  "My Todos": "Mé úkoly",
  "Name": "Název",
  "Name on Card": "Název karty",
  "Named Users": "Jmenovaní uživatelé",
  "Named Users Licence": "Jmenované uživatelské licence",
  "Never": "Nikdy",
  "New Board": "Nová nástěnka",
  "New card created, however the search filter currently applied is preventing it from being displayed": "Nová karta byla vytvořena, ale aktuálně použitý filtr vyhledávání brání jejímu zobrazení",
  "New cards created as tasks on enter key press": "Nové karty byly při stisknutí klávesy Enter vytvořeny jako úlohy",
  "New Client": "Nový klient",
  "New Client Licence": "Licence nového klienta",
  "New Credit Card": "Nová kreditní karta",
  "New Label": "Nový popisek",
  "New Label Text": "Nový text popisku",
  "New Licence": "Nová licence",
  "New Since Last Week": "Nová od minulého týdne",
  "New Sub-Card": "Nová subkarta",
  "New Tab": "Nová karta",
  "New Template": "Nová šablona",
  "New User Licence": "Nová uživatelská licence",
  "Next": "Další",
  "Next Invoice Amount: {{nextAmount}}": "Částka další faktury: {{nextAmount}}",
  "Next Invoice Date: {{date}}": "Datum další faktury: {{date}}",
  "Next Payment": "Další platba",
  "Next Payment Attempt": "Další pokus o platbu",
  "Next Payment: {{{date}}}": "Další platba: {{{date}}}",
  "Next Week": "Příští týden",
  "No": "Ne",
  "No action available": "K dispozici není žádná akce",
  "No Active Meetings found. Click below to go to a Workspace": "Nenalezeny žádné aktivní schůzky. Klepněte dolů a přejděte na Workspace",
  "No Activities found": "Nebyly nalezeny žádné aktivity",
  "No Archived items to show": "Žádné archivované položky k zobrazení",
  "No Assignment": "Bez přiřazení",
  "No boards found for this group": "Pro tuto skupinu nebyly nalezeny žádné nástěnky",
  "No Boards found.": "Nebyly nalezeny žádné nástěnky.",
  "No boards yet, please create one first": "Dosud nejsou žádné nástěnky, nejprve jednu vytvořte",
  "No clients found": "Nebyly nalezeny žádní klienti",
  "No Colour": "Žádná barva",
  "No Date": "Žádné datum",
  "No files found": "Nebyly nalezeny žádné soubory",
  "No folders found": "Nebyly nalezeny žádné složky",
  "No Group": "Žádná skupina",
  "No invoices to display": "Pro zobrazení nejsou k dispozici žádné faktury",
  "No items were selected": "Nebyli vybrány žádné položky",
  "No Label": "Žádný popisek",
  "No label": "Žádný popisek",
  "No labels defined": "Nejsou definovány žádné popisky",
  "No licences available. Functionality will be limited for new users.": "Nejsou dostupné žádné licence. Funkce bude omezena pro nové uživatele.",
  "No licences found": "Nebyly nalezeny žádné licence",
  "No licences to show": "Žádné licence k zobrazení",
  "No organisations found": "Nebyly nalezeny žádné organizace",
  "No pinned boards": "Žádné ukotvené nástěnky",
  "No Pinned Boards found.": "Nebyly nalezeny žádné ukotvené nástěnky.",
  "No Recent Boards found.": "Nebyly nalezeny žádné aktuální nástěnky.",
  "No user trials found": "Nebyly nalezeny žádné uživatelské zkušební verze",
  "No users found": "Nebyli nalezeni žádní uživatelé",
  "No users to show": "Žádní uživatelé k zobrazení",
  "None": "Žádná položka",
  "North America": "Severní Amerika",
  "Not Licensed": "Nelicencováno",
  "Not Supported": "Nepodporováno",
  "Note that file security is managed by {{provider}}, not by Kudos Boards": "Pamatujte na to, že zabezpečení souboru je spravováno {{provider}} ne aplikací Kudos Boards",
  "Nothing to show": "Nic k zobrazení",
  "Number of Attempts": "Počet pokusů",
  "Number of cards": "Počet karet",
  "Number of Expired Licences": "Počet licencí, kterým vypršela platnost",
  "Number of Users": "Počet uživatelů",
  "Number of Valid Licences": "Počet platných licencí",
  "oAuth Client ID": "ID klienta OAuth",
  "OAuth Client ID": "ID klienta OAuth",
  "OAuth Client Secret": "Tajná fráze klienta OAuth",
  "oAuth Client Secret": "Tajná fráze klienta oAuth",
  "ok": "ok",
  "OK": "OK",
  "Only Entries": "Pouze položky",
  "Only the members of this board will be able to see and access this board.": "Pouze členové této nástěnky budou moci vidět a přistupovat k této nástěnce.",
  "Only Todos": "Pouze úkoly",
  "Open": "Otevřít",
  "Open Board Options": "Otevřít volby nástěnky",
  "Open Boards in:": "Otevřít nástěnky v:",
  "Open in Boards": "Otevřít v nástěnkách",
  "Open Licence": "Otevřít licenci",
  "Open this board": "Otevřít nástěnku",
  "Opt in below to receive tips and tricks from the Kudos Boards team to make the most of your premium preview.": "Vyjádřete souhlas níže, abyste dostávali tipy a triky od týmu Kudos Boards, abyste z prémiového náhledu získali maximum.",
  "Order": "Pořadí",
  "Order Summary": "Pořadí souhrnu",
  "Order via ISW Partner": "Pořadí prostřednictvím ISW Partner",
  "Org Administration": "Administrace org",
  "Organisation": "Organizace",
  "Organisation Name": "Název organizace",
  "Organisations": "Organizace",
  "Organise any project productively using the classic Todo, Doing, Done methodology": "Produktivně zorganizujte jakýkoliv projekt za použití klasické metodologie úkol, provádění, hotovo",
  "Our Terms & Conditions have changed": "Naše obchodní podmínky se změnily",
  "Overdue": "Po termínu",
  "owner": "vlastník",
  "Owner": "Vlastník",
  "Owners": "Vlastníci",
  "Page Not Found": "Stránka nebyla nalezena.",
  "Paid": "Zaplaceno",
  "Paste link or drop file to upload": "Vložte odkaz nebo přetáhněte soubor k odeslání",
  "Payment Method": "Platební metoda",
  "Period": "Tečka",
  "Person": "Osoba",
  "Pin Board": "Ukotvit nástěnku",
  "Pinned": "Ukotveno",
  "Pinned Boards": "Ukotvené nástěnky",
  "Pinned boards": "Ukotvené nástěnky",
  "Plan and collaborate on tasks on a weekly basis": "Plánujte a spolupracujte na úlohách na týdenním základě",
  "Please approve the Kudos Boards app to allow it to be added as a tab.": "Schvalte aplikaci Kudos Boards, abyste umožnili její přidání jako karty.",
  "Please approve the Kudos Boards app to use advanced features.": "Schvalte aplikaci Kudos Boards pro použití rozšířených funkcí.",
  "Please contact your Administrator": "Obraťte se na administrátora",
  "Please contact your IBM Connections Admin to purchase a licence.": "Obraťte se na administrátora IBM Connections pro nákup licence.",
  "Please ensure you login with the same Office 365 user account as you are using in Microsoft Teams": "Ujistěte se, že se přihlašujete stejným uživatelským účtem Office 365, který používáte v týmech Microsoft Teams",
  "Please enter a board name": "Zadejte název nástěnky",
  "Please enter a valid email address": "Zadejte platnou e-mailovou adresu",
  "Please enter a valid URL": "Zadejte platnou adresu URL.",
  "Please enter the number of users in your Connections Cloud Organisation": "Zadejte počet uživatelů ve vaší organizaci Connections Cloud",
  "Please enter the number of users you wish to name under this licence": "Zadejte počet uživatelů, které chcete uvádět pod touto licencí",
  "Please read our Terms & Conditions": "Přečtěte si naše obchodní podmínky",
  "Please reload the page and try again, if this issue persists please let us know": "Znovu načtěte stránku a zopakujte akci, pokud problém přetrvává, oznamte nám to",
  "Please review your licences here": "Zkontrolujte licence zde",
  "Please see the <a href='{{url}}'>new board</a>": "Podívejte se na <a href='{{url}}'>novou nástěnku</a>",
  "Please sign in": "Přihlásit se",
  "Please start a trial to use Boards in your {{provider}} organisation": "Spusťte použití zkušební verze aplikace Boards ve vaší {{provider}} organizaci",
  "Position": "Pozice",
  "Post": "Zveřejnit",
  "Premium": "Prémium",
  "Premium Preview Status": "Stav prémiového náhledu",
  "Preview": "Náhled",
  "Preview available": "Náhled je k dispozici",
  "Previous": "Předchozí",
  "Pricing": "Stanovení cen",
  "primary": "primární",
  "Primary": "Primární",
  "Print": "Tisk",
  "Private (me only)": "Soukromé (pouze já)",
  "Product Information": "Informace o produktu",
  "Product Version": "Verze produktu",
  "Provider": "Poskytovatel",
  "Provider not supported": "Prohlížeč není podporovaný",
  "Public": "Veřejný",
  "Public Access": "Veřejný přístup",
  "Public Activities": "Veřejné aktivity",
  "Public Boards": "Veřejné nástěnky",
  "Public Templates": "Veřejné šablony",
  "Quarterly": "Čtvrtletně",
  "Questions": "Otázky",
  "Quick Edit": "Rychle upravit",
  "Radial": "Radiální",
  "RE-CENTER": "ZNOVU CENTROVAT",
  "Reactivate Licence": "Znovu aktivovat licenci",
  "reader": "čtenář",
  "Reader": "Čtenář",
  "Recent": "Nedávné",
  "Recent boards": "Poslední nástěnky",
  "Recent Boards": "Poslední nástěnky",
  "Recurring Amount Due: {{recurring}}": "Opakovaná částka splatná: {{recurring}}",
  "Redeeming Invitation...": "Opakované zasílání pozvánek...",
  "Redirecting to Connections Cloud...": "Přesměrování na Connections Cloud...",
  "Redirecting to Watson Workspace...": "Přesměrování na Watson Workspace...",
  "Refresh": "Obnovit",
  "Region": "Oblast",
  "Reload": "Znovu načíst",
  "Remaining ({{num}})": "Zbývající ({{num}})",
  "Remove Admin": "Odebrat administrátora",
  "Remove Client": "Odebrat klienta",
  "Remove Invite": "Odebrat pozvání",
  "Remove Licence": "Odebrat licenci",
  "Replace": "Nahradit",
  "Resend Invite": "Znovu odeslat pozvání",
  "Reset": "Obnovit",
  "Restore": "Obnovit",
  "Restore Card": "Obnovit kartu",
  "Restore items": "Obnovit položky",
  "Restore List": "Obnovit seznam",
  "Restore mode": "Obnovit režim",
  "Reverse": "Obrátit",
  "Revoke All": "Zrušit vše",
  "Revoke Licence": "Zrušit licenci",
  "Role": "Role",
  "Roles": "Role",
  "Rows": "Řádky",
  "Sales": "Prodej",
  "Save": "Uložit",
  "Save card for future purchases": "Uložit kartu pro budoucí nákupy",
  "Save Changes": "Uložit změny",
  "Save link": "Uložit odkaz",
  "Scroll To": "Posouvat na",
  "Search": "Hledat",
  "Search All Templates": "Hledat ve všech šablonách",
  "Search this view": "Hledat v tomto zobrazení",
  "Search...": "Hledat...",
  "Select a Board": "Vybrat nástěnku",
  "Select board": "Vybrat nástěnku",
  "Select Board": "Vybrat nástěnku",
  "Select Board Label": "Vybrat popisek nástěnky",
  "Select Card Colours": "Vybrat barvy karty",
  "Select Colour": "Vybrat barvu",
  "Select Colours": "Vybrat barvy",
  "Select Destination Board": "Vybrat cílovou nástěnku",
  "Select destination folder": "Vybrat cílovou složku",
  "Select File": "Vybrat soubor",
  "Select Folder": "Vybrat složku",
  "Select items for delete": "Vybrat položky k odstranění",
  "Select items for restore": "Vybrat položky k obnovení",
  "Select List or Card": "Vybrat seznam nebo kartu",
  "Select the boards below that you would like to transfer membership over to your primary ({{toName}}) account": "Vybrat nástěnky níže, u kterých chcete převést členství na primární ({{toName}}) účet",
  "Selected Activity": "Vybraná aktivita",
  "Send an email notifying each member that the Activity has been migrated to a Board.": "Odešlete e-mail, který upozorní každého člena, že aktivita byla migrována na nástěnku.",
  "Send Invitation": "Odeslat pozvání",
  "Send Notification Email to Members": "Odeslat členům upozornění e-mailem",
  "Sending invitations": "Odesílání pozvánek",
  "Set as primary account": "Nastavit jako primární účet",
  "Set Dates": "Nastavit data",
  "Set enter key press action to create a task when creating new cards in a list.": "Nastavte akci při stisknutí klávesy Enter, abyste vytvořili úlohu při vytvoření nových karet v seznamu.",
  "Setup Subscription": "Nastavit odběr",
  "Share with": "Sdílet s",
  "Shared by me": "Sdíleno mnou",
  "Shared with me": "Sdíleno se mnou",
  "Show": "Zobrazit",
  "Show all ancestors": "Zobrazit všechny předchůdce",
  "Show all boards for this team": "Zobrazit všechny nástěnky pro tento tým",
  "Show Board Menu": "Zobrazit nabídku Nástěnka",
  "Show Filter Options": "Zobrazit volby Filtru",
  "Show Less": "Zobrazit méně",
  "Show Licences for your organisation": "Zobrazit licence pro vaši organizaci",
  "Show More": "Zobrazit více",
  "Show on Card": "Zobrazit na kartě",
  "Show previous comments": "Zobrazit předchozí komentáře",
  "Show previous links & attachments": "Zobrazit předchozí odkazy a přílohy",
  "Show Sub-cards": "Zobrazit subkarty",
  "Sign In": "Přihlásit",
  "Sign in with": "Přihlásit se s",
  "SIGN IN WITH:": "PŘIHLÁSIT SE S:",
  "Sign Out": "Odhlásit se",
  "Sign Out of Kudos Boards": "Odhlásit se z aplikace Kudos Boards",
  "Signing in...": "Přihlašování...",
  "Signing out...": "Odhlašování...",
  "Smartcloud": "Smartcloud",
  "Something went wrong.": "Došlo k potížím.",
  "Source Board/Template": "Zdrojová nástěnka/šablona",
  "Source Template": "Zdrojová šablona",
  "Specific Board": "Konkrétní nástěnka",
  "Start a Trial": "Spustit zkušební verzi",
  "Start a trial or purchase a subscription to start creating boards": "Spustit zkušební verzi nebo zakoupit předplatné pro zahájení vytváření nástěnek",
  "Start Boards Premium Preview": "Spustit prémiový náhled aplikace Boards",
  "Start Date": "Počáteční datum",
  "Start Free Trial": "Spustit neplacenou zkušební verzi",
  "Start my trial": "Spustit moji zkušební verzi",
  "Start Now": "Zahájit nyní",
  "Start page updated": "Počáteční stránka aktualizována",
  "Start Page:": "Počáteční stránka:",
  "Starting Balance": "Počáteční bilance",
  "Starting View": "Počáteční pohled",
  "Status": "Stav",
  "Step": "Krok",
  "Sub Cards": "Subkarty",
  "Sub Tasks": "Podúlohy",
  "Submit": "Odeslat",
  "Subscription": "Předplatné",
  "Subscription expired.": "Vypršela platnost předplatného.",
  "Subtotal": "Mezisoučet",
  "Summary": "Souhrn",
  "Support for browsers is currently limited.  This browser is not yet supported. <br>Please use one of the following browsers:": "Podpora pro prohlížeče je aktuálně omezena.  Tento prohlížeč dosud není podporován. <br>Použijte jeden z následujících prohlížečů:",
  "Tab Content": "Obsah karty",
  "Tab Name": "Název karty",
  "Tags": "Značky",
  "Tags (optional)": "Značky (volitelné)",
  "Take away meaningful and collaborative notes from any meeting!": "Vezměte z každé schůzky smysluplné poznámky zaměřené na spolupráci!",
  "Task": "Úloha",
  "Team Boards": "Týmové nástěnky",
  "Team Name": "Název týmu",
  "Team Name is used as a method to log in to certain authentication providers. e.g. Auth0": "Název týmu se používá jako metoda pro přihlášení k určitým poskytovatelům ověření. Např. Auth0",
  "Template": "Šablona",
  "Templates": "Šablony",
  "Templates tagged with": "Šablony označené",
  "Text": "Text",
  "Text Mode": "Textový režim",
  "That can't be pasted there.": "To nelze vložit tam.",
  "The board has been deleted": "Nástěnka byla odstraněna",
  "The files below cannot be uploaded to Kudos Boards as they are larger than the limit of {{limit}}": "Soubory níže nelze odeslat do aplikace Kudos Boards, protože jsou větší než limit {{limit}}",
  "The following links have already been added to this card:": "Následující odkazy již byly přidány k této kartě:",
  "The invite was resent to": "Pozvání bylo znovu odesláno do",
  "The selected board(s) were successfully transferred": "Vybraná nástěnka (nástěnky) byla úspěšně převedena",
  "The selected items have been deleted": "Vybrané položky byly odstraněny",
  "The selected items have been restored": "Vybrané položky byly obnoveny",
  "There was an error when uploading the file. Server response: ": "Došlo k chybě při odesílání souboru. Odpověď serveru: ",
  "This Activity has been migrated to Kudos Boards": "Tato aktivita byla migrována do aplikace Kudos Boards",
  "This billing cycle affords a {{discount}}% discount": "Tento fakturační cyklus dovoluje slevu {{discount}}%",
  "This Board": "Tato nástěnka",
  "This Board is available with AUTHOR access to everyone across all organisations.": "Tato nástěnka je s přístupem AUTOR dostupná všem napříč všemi organizacemi.",
  "This Board is available with EDITOR access to everyone across all organisations.": "Tato nástěnka je s přístupem EDITOR dostupná všem napříč všemi organizacemi.",
  "This Board is in one or more Groups": "Tato nástěnka je v jedné nebo více skupinách",
  "This Board is read-only to everyone across all organisations.": "Tato nástěnka je pouze pro čtení pro všechny napříč všemi organizacemi.",
  "This Board will be visible to everyone in your organisation. <br>Non-members can create new content and edit their own content.": "Tato nástěnka bude viditelná všem ve vaší organizaci. <br>Nečlenové mohou vytvářet nový obsah a upravovat jejich vlastní obsah.",
  "This Board will be visible to everyone in your organisation. <br>Non-members can only view the board's contents.": "Tato nástěnka bude viditelná všem ve vaší organizaci. <br>Nečlenové mohou pouze zobrazit obsah nástěnky.",
  "This Board will be visible to everyone in your organisation. <br>Please note: This access level allows non-members to edit <b>all</b> board content.": "Tato nástěnka bude viditelná všem ve vaší organizaci. <br>Povšimněte si: Tato úroveň přístupu umožňuje nečlenům upravovat <b>veškerý</b> obsah nástěnky.",
  "This card will be restored with its parent": "Tato karta bude obnovena s nadřízenou kartou",
  "This Community": "Tato komunita",
  "This feature is coming soon!": "Tato funkce bude brzy k dispozici!",
  "This feature is currently not supported by the IBM Connections Cloud API": "Tato funkce není v současné době podporována IBM Connections Cloud API",
  "This field is required": "Toto pole je vyžadováno",
  "This invoice has been closed. Payment will not be automatically attempted again. Contact support for more information": "Tato faktura byla uzavřena. Pokus o platbu bude zopakován automaticky. Pro více informací se obraťte na podporu",
  "This is a Free trial of Kudos Boards and will expire in {{numDays}} day(s).": "Toto je zkušební verze aplikace Kudos Boards a její platnost vyprší za {{numDays}} dní.",
  "This is a read-only preview of this Activity. Import to Boards for full functionality": "Toto je náhled této aktivity pouze pro čtení. Importujte jej do aplikace Boards pro plnou funkčnost",
  "This licence grants access to a set number of users as they use the app. You may view the user-licences already assigned.": "Tato licence uděluje přístup nastavenému počtu uživatelů, kteří používají aplikaci. Můžete zobrazit již přiřazené uživatelské licence.",
  "This licence has been cancelled.": "Tato licence byla zrušena.",
  "This licence only grants access to a selected group of named users. Access will not be granted to users not named by the Org Admins. You can view and edit the named users from the Admin settings.": "Tato licence uděluje přístup pouze vybrané skupině uvedených uživatelů. Přístup nebude udělen uživatelům neuvedeným administrátory Org. Můžete zobrazit a upravit uvedené uživatele z nastavení Administrátora.",
  "This option is only available when paying by credit card": "Tato volba je dostupná pouze při platbě kreditní kartou",
  "This option is only editable if paying by credit card": "Tuto volbu lze upravit pouze při platbě kreditní kartou",
  "This team account is already linked": "Tento týmový účet je již propojen",
  "This will go to your provider for an administrator to approve access to Kudos Boards": "To půjde k vašemu poskytovateli, aby administrátor schválil přístup k aplikaci Kudos Boards",
  "This will permanently delete the board and all its data, are you sure?": "To trvale odstraní nástěnku a veškerá data, jste si jisti?",
  "This will remove this data permanently from the board, are you sure?": "To trvale odstraní data z nástěnky, jste si jisti?",
  "Thursday": "Čtvrtek",
  "Tile Colours": "Barvy dlaždice",
  "Timeline": "časová osa",
  "Timeline View": "Zobrazení časové osy",
  "Title": "Nadpis",
  "to go to Connections Cloud, then access Kudos Boards via the link in the 'Apps' menu.": "přejděte do Connections Cloud, pak přistupte k aplikaci Kudos Boards prostřednictvím odkazu v nabídce 'Aplikace'.",
  "To interact with this card the parent will need to be restored": "Pokud chcete pracovat s touto kartou, musí být obnovena nadřízená karta",
  "To unselect this card you will need to unselect its parent": "Pokud chcete zrušit výběr této karty, musíte zrušit výběr její nadřízené karty",
  "to view this content": "zobrazit tento obsah",
  "Today": "Dnes",
  "Todo": "Úkol",
  "Todos": "úkoly",
  "Todos by Date": "Úkoly podle data",
  "Todos by Due Date": "Úkoly podle termínu",
  "Toggle Completion": "Dokončení přepnutí",
  "Toggle Editor": "Přepnout Editor",
  "Toggle Sidebar": "Přepnout postranní panel",
  "Tomorrow": "Zítra",
  "Total": "Celkem",
  "Transfer Board Membership": "Převést členství nástěnky",
  "Transfer Membership": "Převést členství",
  "TRIAL": "ZKUŠEBNÍ VERZE",
  "Trial": "Zkušební verze",
  "Trial End Date: {{trialEnd}}": "Datum ukončení zkušební verze: {{trialEnd}}",
  "Trial expired": "Platnost zkušební verze vypršela",
  "Trial expired.": "Platnost zkušební verze vypršela.",
  "Trial extended {{extensions}} time(s)": "Zkušební verze prodloužena {{extensions}} čas",
  "Try again": "Opakujte akci.",
  "Tuesday": "Úterý",
  "Type": "Typ",
  "Type to filter archive": "Začněte zadávat text pro filtrování archivu",
  "Type to filter list": "Začněte zadávat text pro filtrování seznamu",
  "Type to filter members": "Začněte zadávat text pro filtrování členů",
  "Type to search": "Začněte zadávat hledaný text.",
  "Unassigned": "Nepřiřazeno",
  "Undo": "Vzít zpět",
  "UNDO": "ZPĚT",
  "Unit price: {{unitPrice}} per user": "Jednotková cena: {{unitPrice}} na uživatele",
  "Unknown Connections Cloud organisation. Redirecting...": "Neznámá organizace Connections Cloud. Přesměrování...",
  "Unknown Team": "Neznámý tým",
  "Unlimited": "Bez omezení",
  "Unlink account": "Odpojit účet",
  "Unlink Board": "Odpojit nástěnku",
  "Unlink {{fromName}} Account": "Odpojit {{fromName}} účet",
  "Unlock Kudos Boards Premium Preview": "Odemknout prémiový náhled aplikace Kudos Boards",
  "Unpaid": "Nezaplaceno",
  "Unpin Board": "Zrušit ukotvení nástěnky",
  "Unscheduled cards": "Neplánované karty",
  "Update": "Aktualizovat",
  "Updated": "Aktualizováno",
  "Updated Since Last Accessed": "Aktualizováno od posledního přístupu",
  "Updated {{ date }}": "Aktualizováno {{ date }}",
  "Updating...": "Aktualizace...",
  "Upload": "Odeslat",
  "Upload file from computer": "Odeslat soubor z počítače",
  "Upload to Kudos Boards": "Odeslat do aplikace Kudos Boards",
  "Upload Users": "Odeslat uživatele",
  "Upload Users from CSV": "Odeslat uživatele z CSV",
  "uploaded successfully": "byl úspěšně odeslán",
  "Uploading file:": "Odesílání souboru:",
  "URL": "Adresa URL",
  "URL of Connections header frame (optional)": "Adresa URL rámce záhlaví Connections (volitelné)",
  "Use another file service": "Použijte jinou službu souboru",
  "Use current account": "Použijte aktuální účet",
  "Use Email": "Použít e-mail",
  "Use the Kudos Boards File Attachment Service for attaching files to cards": "Použijte službu souboru jako přílohy aplikace Kudos Boards pro připojení souborů ke kartám",
  "Use {{provider}} instead": "Místo toho použijte {{provider}}",
  "Used": "Použito",
  "User": "Uživatel",
  "User Emails": "E-maily uživatele",
  "User ExternalID": "Externí ID uživatele",
  "User Licences": "Uživatelské licence",
  "User Options": "Volby uživatele",
  "User Trials": "Uživatelské zkušební verze",
  "User upload success!": "Uživatel úspěšně odeslán!",
  "Username": "Jméno uživatele",
  "Users": "Uživatelé",
  "Users may need to be added to the destination board to maintain access to their assigned todos.": "Uživatelé možná budou muset být přidáni do cílové nástěnky, aby si zachovali přístup k přiřazeným úkolům.",
  "Users: {{num}}": "Uživatelé: {{num}}",
  "Vertical": "Svislé",
  "View": "Zobrazit",
  "View and Accept ↗": "Zobrazit a přijmout ↗",
  "View Details": "Zobrazit podrobnosti",
  "View licences": "Zobrazit licence",
  "View subscriptions": "Zobrazit předplatné",
  "View Subscriptions": "Zobrazit předplatné",
  "Want to know more?": "Chcete vědět více?",
  "Warning: you are not authorised to add members in this board": "Varování: nejste oprávněni přidávat členy na tuto nástěnku",
  "We found one board linked your {{fromName}} user account. Once you unlink the account you may no longer have access to this board.": "Našli jsme jednu nástěnku propojenou s vaším {{fromName}} uživatelským účtem. Jakmile účet odpojíte, již nebudete mít přístup k této nástěnce.",
  "We found {{count}} boards linked to your {{fromName}} user account. Once you unlink the account you may no longer have access to these boards.": "Našli jsme {{count}} nástěnky propojené s vaším {{fromName}} uživatelským účtem. Jakmile účet odpojíte, již nebudete mít přístup k těmto nástěnkám.",
  "We recommended you change the widget title from the actions menu above": "Doporučujeme, abyste změnili název modulu widget v nabídce Akce výše",
  "Wednesday": "Středa",
  "Weekdays": "Všední dny",
  "Welcome": "Vítejte",
  "Welcome to Kudos Boards": "Vítejte v aplikaci Kudos Boards",
  "When you unlock Kudos Boards Premium View, your current Activities will immediately be available in Board, Timeline and MindMap view.": "Když odemknete prémiový náhled aplikace Kudos Boards, vaše současné aktivity budou okamžitě k dispozici v zobrazení nástěnky, časové osy a MindMap.",
  "Widget Settings": "Nastavení modulu widget",
  "yearly": "ročně",
  "Yearly": "Ročně",
  "Yes": "Ano",
  "Yes Please": "Ano, prosím",
  "You are in DELETE mode, select items to delete": "Jste v režimu ODSTRAŇOVÁNÍ, vyberte položky k odstranění",
  "You are in restore mode, select items to restore": "Jste v režimu obnovení, vyberte položky k obnovení",
  "You are not a direct member of this board. Please consider leaving any Groups that may be members of this board.": "Nejste přímým členem této nástěnky. Uvažte opuštění všech skupin, které mohou být členy této nástěnky.",
  "You are not allowed to leave this Board. Please consider archiving board.": "Nemáte povoleno opustit tuto nástěnku. Uvažte archivaci nástěnky.",
  "You are not authorised to access this resource": "K přístupu k tomuto prostředku nemáte oprávnění",
  "You are not licensed to access this resource.": "K přístupu k tomuto prostředku nemáte licenci.",
  "You are the only owner of this board. Please consider adding other owners or archiving this board instead.": "Jste jediným vlastníkem této nástěnky. Uvažte přidání dalších vlastníků nebo archivaci této nástěnky.",
  "You can enhance your workflow by unlocking Kudos Boards Premium Preview. In addition to your Activities view, you’ll also be able to work in the Boards, Timeline and Mind Map views!": "Můžete rozšířit sled prací odemčením prémiového náhledu aplikace Kudos Boards. Kromě zobrazení Aktivit můžete také pracovat na zobrazeních nástěnek, časové osy a Mind Map!",
  "You have READ ONLY access to this Board": "K této nástěnce máte přístup POUZE PRO ČTENÍ",
  "You have {{remaining}} day(s) remaining in your premium preview.": "Máte {{remaining}} zbývajících dní v prémiovém náhledu.",
  "Your account's email address and other admin emails for your org ({{emails}}) are already included": "Je také zahrnuta e-mailová adresa vašeho účtu a další e-maily administrátora pro vaši org ({{emails}})",
  "Your api key for kudos boards is shown below": "Váš klíč api pro aplikaci kudos boards se zobrazí dole",
  "Your changes have been saved": "Vaše změny byly uloženy",
  "Your initial premium preview with {{orgName}} has expired. Click extend if you would like to continue access for an additional 30 days": "Skončila platnost vašeho počátečního prémiového náhledu s {{orgName}}. Klepněte na Rozšířit, pokud chcete pokračovat v přístupu po dalších 30 dní",
  "Your premium preview expires today.": "Platnost vašeho prémiového náhledu skončí dnes.",
  "Your premium preview has expired, Let your administrator know you'd like to continue using Kudos Boards Premium view.": "Skončila platnost vašeho prémiového náhledu, oznamte vašemu administrátorovi, že chcete pokračovat v používání prémiového zobrazení aplikace Kudos Boards.",
  "Your session with {{provider}} has expired. Redirecting...": "Skončila platnost vaší relace s {{provider}}. Přesměrování...",
  "Your session with {{provider}} has expired. Some functionality (ie notifications, groups, files) will be restricted until you login again.": "Skončila platnost vaší relace s {{provider}}. Některé funkce (např. oznámení, skupiny, soubory) budou omezeny, dokud se znovu nepřihlásíte.",
  "{{count}} more card(s) this way": "{{count}} více karet tímto způsobem",
  "{{num}} users": "{{num}} uživatelé",
  "{{quantity}} x subscriptions to '{{plan.name}}' ({{planPrice}} / {{plan.interval}})": "{{quantity}} x předplatné '{{plan.name}}' ({{planPrice}} / {{plan.interval}})",
  "{{remaining}} days of trial remaining": "Zbývající {{remaining}} dny zkušební verze",
  "{{remaining}} days remaining in your premium preview.": "Zbývající {{remaining}} dny ve vašem prémiovém náhledu.",
  "{{userTrialCount}} user(s) have started a trial of Kudos Boards Premium": "{{userTrialCount}} uživatel(é) spustili zkušební verzi aplikace Kudos Boards"
}