{
  "": "",
  "'{{userName}}' will not be able to view the message because they cannot access this Board": "'{{userName}}' vil ikke kunne se meddelelsen, fordi vedkommende ikke har adgang til denne tavle",
  "(Copy Of) ": "(kopi af) ",
  "A problem occurred when creating invite": "Der opstod et problem under oprettelse af invitation",
  "A problem occurred when deleting node": "Der opstod et problem under sletning af node",
  "A problem occurred when getting a node": "Der opstod et problem under hentning af en node",
  "A problem occurred when redeeming invite": "Der opstod et problem under accept af invitation",
  "A problem occurred when removing invite": "Der opstod et problem under fjernelse af invitation",
  "A problem occurred when removing member": "Der opstod et problem under fjernelse af medlem",
  "A problem occurred when saving invite": "Der opstod et problem under lagring af invitation",
  "A problem occurred when saving member": "Der opstod et problem under lagring af medlem",
  "A problem occurred when saving node": "Der opstod et problem under lagring af node",
  "A problem occurred when updating invite": "Der opstod et problem under opdatering af invitation",
  "A user with that email address already exists": "Der findes allerede en bruger med denne e-mailadresse",
  "A user with that email address already exists as a member of this board": "En bruger med denne e-mailadresse findes allerede som medlem af denne tavle",
  "Accessed in the Last Month": "Åbnet i den sidste måned",
  "Accessed since": "Åbnet siden",
  "Account Balance: {{credit}}": "Kontosaldo: {{credit}}",
  "Account Unlinked": "Konto ikke tilknyttet",
  "Actions": "Handlinger",
  "Active": "Aktiv",
  "Active Boards": "Aktive tavler",
  "Active Workspace Meetings": "Aktive arbejdsområdemøder",
  "Activity": "Aktivitet",
  "Activity data is loading...": "Aktivitetsdata indlæses...",
  "Activity Migration": "Aktivitetsoverførsel",
  "Activity Name": "Aktivitetsnavn",
  "Add": "Tilføj",
  "Add a Card": "Tilføj et kort",
  "Add a Comment": "Tilføj en kommentar",
  "Add a Description": "Tilføj en beskrivelse",
  "Add a List": "Tilføj en liste",
  "Add a list": "Tilføj en liste",
  "Add a Tag": "Tilføj et mærke",
  "Add an attachment or link": "Tilføj en vedhæftning eller et link",
  "Add another": "Tilføj en anden",
  "Add Attachment": "Tilføj vedhæftning",
  "Add Bookmark": "Tilføj bogmærke",
  "Add Client": "Tilføj klient",
  "Add Custom Field": "Tilføj tilpasset felt",
  "Add file": "Tilføj fil",
  "Add individuals or groups as members, or invite by email": "Tilføj enkeltpersoner eller grupper som medlemmer, eller inviter via e-mail",
  "Add Label": "Tilføj etiket",
  "Add label '{{filter}}'": "Tilføj etiket '{{filter}}'",
  "Add Licence": "Tilføj licens",
  "Add Member": "Tilføj medlem",
  "Add members": "Tilføj medlemmer",
  "Add Organisation": "Tilføj organisation",
  "Add people to your board or invite by email": "Føj personer til din tavle, eller inviter via e-mail",
  "Add User": "Tilføj bruger",
  "Admin approval failed": "Administratorgodkendelse mislykkedes",
  "Admin Users": "Administratorer",
  "Administrator approval required.": "Administratorgodkendelse påkrævet.",
  "Administrators": "Administratorer",
  "Advanced": "Avanceret",
  "Agenda": "Dagsorden",
  "All": "Alle",
  "All Activities": "Alle aktiviteter",
  "All Boards": "Alle tavler",
  "All cards are scheduled.": "Alle kort er planlagt.",
  "All Templates": "Alle skabeloner",
  "Allow Invite by Email": "Tillad invitation via e-mail",
  "Already linked": "Allerede tilknyttet",
  "Amount": "Beløb",
  "Amount Due": "Forfaldent beløb",
  "Amount Due Now: {{due}}": "Beløb forfaldent nu: {{due}}",
  "Amount Paid": "Betalt beløb",
  "An account of this type already linked": "En konto af denne type er allerede tilknyttet",
  "An invitation for the specified email address already exists on this board": "En invitation for den angivne e-mailadresse findes allerede på denne tavle",
  "and is already a member of this board": "og er allerede medlem af denne tavle",
  "Apply Template": "Anvend skabelon",
  "Approve": "Godkend",
  "Approve Advanced Features": "Godkend avancerede funktioner",
  "Archive": "Arkiv",
  "Archive Card": "Arkivér kort",
  "Archive Cards in List": "Arkivér kort på liste",
  "Archive List": "Arkivér liste",
  "Archived": "Arkiveret",
  "Archived Boards": "Arkiverede tavler",
  "Archived Templates": "Arkiverede skabeloner",
  "Are you sure you want to cancel this licence? This will take effect at the end of the current period.": "Er du sikker på, at du vil annullere denne licens? Det træder i kraft i slutningen af den aktuelle periode.",
  "Are you sure you want to delete this licence? CAUTION: This will delete any associated credit card information": "Er du sikker på, at du vil slette denne licens? FORSIGTIG: Det vil slette tilknyttede kreditkortoplysninger",
  "Are you sure you want to reactivate this licence?": "Er du sikker på, at du vil aktivere denne licens igen?",
  "Are you sure you want to unlink your {{provider}} account?": "Er du sikker på, at du vil fjerne tilknytningen af din {{provider}}-konto?",
  "Are you sure you wish to leave '{{boardName}}'? This action cannot be undone by you.": "Er du sikker på, at du vil forlade '{{boardName}}'? Du kan ikke fortryde denne handling.",
  "Are you sure?": "Er du sikker?",
  "Are You Sure?": "Er du sikker?",
  "Are you sure? This will reinstate the previous billing schedule": "Er du sikker? Det vil genindsætte den forrige faktureringsplan",
  "Are you sure? This will take effect at the end of the current billing cycle": "Er du sikker? Det træder i kraft i slutningen af den aktuelle faktureringscyklus",
  "Asia Pacific": "Asien og Stillehavsområdet",
  "Assign Users": "Tildel brugere",
  "Assigned": "Tildelt",
  "Assigned to": "Tildelt til",
  "Assigned To Me": "Tildelt mig",
  "Assigned Users that will be added to the Destination Board": "Tildelte brugere, der føjes til destinationstavlen",
  "Assignees": "Modtagere",
  "Assignments": "Tildelinger",
  "Attach": "Vedhæft",
  "Attachments": "Vedhæftninger",
  "Auth0 url": "Auth0-url",
  "Authentication Clients": "Godkendelsesklienter",
  "Author": "Forfatter",
  "author": "forfatter",
  "awaiting acceptance": "afventer accept",
  "Back": "Tilbage",
  "Back to Boards": "Tilbage til Tavler",
  "Back to Colour Selection": "Tilbage til farvevalg",
  "Bad Request": "Ugyldig anmodning",
  "Best viewed in fullscreen": "Ses bedst på fuld skærm",
  "Billing Cycle": "Faktureringscyklus",
  "Billing period: {{interval}}": "Faktureringsperiode: {{interval}}",
  "Blank": "Tom",
  "Board": "Tavle",
  "Board Archive": "Tavlearkiv",
  "Board Labels": "Tavleetiketter",
  "Board Members": "Tavlemedlemmer",
  "Board Name": "Tavlenavn",
  "Boards": "Tavler",
  "Boards linked directly to this user": "Tavler knyttet direkte til denne bruger",
  "Boards linked through group membership": "Tavler knyttet via gruppemedlemskab",
  "Boards premium preview": "Boards Premium Preview",
  "Bookmarks": "Bogmærker",
  "Buy Licence": "Køb licens",
  "Buy Online": "Køb online",
  "by": "af",
  "Cancel": "Annullér",
  "Cancel Licence": "Annuller licens",
  "Cancelled": "Annulleret",
  "Cannot Leave Board": "Kan ikke forlade tavle",
  "Card Name": "Kortnavn",
  "Card Number": "Kortnummer",
  "Cards": "Kort",
  "Central Europe": "Centraleuropa",
  "Choose a board": "Vælg en tavle",
  "Choose a Template": "Vælg en skabelon",
  "Classic": "Klassisk",
  "Clear Search": "Ryd søgning",
  "Clear Selected": "Ryd valgte",
  "Clear Selected Filters": "Ryd valgte filtre",
  "Click for details": "Klik for oplysninger",
  "Click for more information about approving advanced features": "Klik for at få flere oplysninger om at godkende avancerede funktioner",
  "Click here": "Klik her",
  "Click here for details": "Klik her for oplysninger",
  "Click here for details.": "Klik her for oplysninger.",
  "Click here to buy a licence online or get a quote": "Klik her for at købe en licens online eller få et tilbud",
  "Click here to start a 30 day free trial for your organisation. Contact support for trials with more users.": "Klik her for at starte en 30-dages gratis prøveperiode for din organisation. Kontakt support angående prøveperioder med flere brugere",
  "Click to see more details": "Klik for at få vist flere detaljer",
  "Client": "Klient",
  "Clients": "Klienter",
  "Close": "Luk",
  "Close Activity After Import": "Luk aktivitet efter import",
  "Close Board Menu": "Luk tavlemenu",
  "Close the activity after the import has completed successfully. You can still access it through 'Trash'": "Luk aktiviteten, når importen er gennemført korrekt. Du kan stadig få adgang til den via 'Papirkurv'",
  "Closed": "Lukket",
  "Collaborate on projects involving different departments": "Samarbejd om projekter, der involverer forskellige afdelinger",
  "Collapse": "Skjul",
  "Colour": "Farve",
  "Colour Labels": "Farveetiketter",
  "Colour-Tags": "Farve-Mærker",
  "Colours": "Farver",
  "Column View": "Kolonnevisning",
  "Comments": "Kommentarer",
  "Community Activities": "Fællesskabsaktiviteter",
  "Community Templates": "Fællesskabsskabeloner",
  "Complete Todos": "Udfør opgaver",
  "Completed": "Udført",
  "Configuration": "Konfiguration",
  "Confirm": "Bekræft",
  "Confirmation Required": "Bekræftelse er påkrævet",
  "Connections Cloud session expired. Click here to validate.": "Connections Cloud-session er udløbet. Klik her for at validere.",
  "Connections On-Premise": "Forbindelser på lokalitet",
  "Connections URL": "URL til forbindelser",
  "Contact Email": "E-mailadresse til kontaktperson",
  "Contact Name": "Navn på kontaktperson",
  "Contact Support": "Kontakt support",
  "Contact your System Administrator for more information or email us at": "Kontakt systemadministratoren angående flere oplysninger, eller send os en e-mail på",
  "Content": "Indhold",
  "Continue": "Fortsæt",
  "Continue Without Transferring": "Fortsæt uden at overføre",
  "Convert into Entry": "Konverter til post",
  "Convert into Todo": "Konverter til opgave",
  "Copy embed code": "Kopiér integreringskode",
  "Copy embed code to clipboard": "Kopiér integreringskode til udklipsholder",
  "Create": "Opret",
  "Create a new board": "Opret en ny tavle",
  "Create Board": "Opret tavle",
  "Create Board from Template": "Opret tavle ud fra skabelon",
  "Create Boards for anything, manage your workflow, and streamline processes with template creation.": "Opret tavler til alt, administrer din arbejdsgang, og strømlin processer med oprettelse af skabeloner.",
  "Create card": "Opret kort",
  "Create Copy": "Opret kopi",
  "Create Link to Board": "Opret link til tavle",
  "Create Template": "Opret skabelon",
  "Create Template from Board": "Opret skabelon ud fra tavle",
  "Create your own structure for organising projects, workflows, ideas and more!": "Opret din egen struktur til at organisere projekter, arbejdsgange, ideer m.m.!",
  "Create {{numCards}} cards?": "Opret {{numCards}} kort?",
  "Create {{numCards}} lists?": "Opret {{numCards}} lister?",
  "Created": "Oprettet",
  "Created By Me": "Oprettet af mig",
  "Created {{ date }}": "Oprettet {{ date }}",
  "Created: {{date}}": "Oprettet: {{date}}",
  "Credit Card Ending in {{last4}}": "Kreditkort, der slutter med {{last4}}",
  "Current Account:": "Aktuel konto:",
  "Currently the ability to search for groups in {{provider}} is not available until an administrator grants permissions for your organisation. ": "Muligheden for at søge efter grupper i {{provider}} er i øjeblikket ikke tilgængelig, før en administrator giver din organisation tilladelse. ",
  "Curve": "Kurve",
  "Custom Fields": "Tilpassede felter",
  "Customer ID": "Kunde-id",
  "CVC": "CVC",
  "Date": "Dato",
  "Decisions": "Beslutninger",
  "Default templates to exclude": "Standardskabeloner, der skal udelades",
  "Delete": "Slet",
  "Delete Board": "Slet tavle",
  "Delete Card": "Slet kort",
  "Delete Comment": "Slet kommentar",
  "Delete File": "Slet fil",
  "Delete items": "Slet elementer",
  "Delete Label": "Slet etiket",
  "Delete Link": "Slet link",
  "Delete List": "Slet liste",
  "Delete mode": "Slettetilstand",
  "Delete Selected Items": "Slet valgte elementer",
  "Deleted": "Slettet",
  "Deleting": "Sletter",
  "Departments": "Afdelinger",
  "Description": "Beskrivelse",
  "Description (optional)": "Beskrivelse (valgfrit)",
  "Details": "Detaljer",
  "Direct Order via ISW": "Direkte ordre via ISW",
  "Discount": "Rabat",
  "Discount Code (optional)": "Rabatkode (valgfrit)",
  "Discount: {{discount}}": "Rabat: {{discount}}",
  "Display an existing board": "Vis en eksisterende tavle",
  "Documentation": "Dokumentation",
  "Doing": "Udfører",
  "Done": "Udført",
  "Done ({{num}})": "Udført ({{num}})",
  "Download": "Download",
  "Download file": "Download fil",
  "Drop file here to save": "Slip filen her for at gemme den",
  "Due": "Tidsfrist",
  "Due Date": "Tidsfrist",
  "Due date": "Tidsfrist",
  "Earliest Licence Expired on": "Tidligste licens udløb den",
  "Earliest Upcoming Expiry": "Tidligste kommende udløb",
  "Edit": "Redigér",
  "Edit Board Colour Labels": "Rediger farveetiketter til tavle",
  "Edit Client": "Rediger klient",
  "Edit Client Licence": "Rediger klientlicens",
  "Edit Colour Labels": "Rediger farveetiketter",
  "Edit Comment": "Redigér kommentar",
  "Edit Description": "Rediger beskrivelse",
  "Edit Filename": "Rediger filnavn",
  "Edit Label": "Rediger etiket",
  "Edit label": "Rediger etiket",
  "Edit Licence": "Rediger licens",
  "Edit Link": "Redigér link",
  "Edit name": "Rediger navn",
  "Edit Tile Colour Labels": "Rediger farveetiketter til flise",
  "Edit User Licence": "Rediger brugerlicens",
  "Edited": "Redigeret",
  "Editor": "Redaktør",
  "editor": "redaktør",
  "Email": "E-mail",
  "Email Address": "E-mailadresse",
  "Email address is required": "E-mailadresse er obligatorisk",
  "Email addresses to copy invoices to": "E-mailadresser, fakturaer skal kopieres til",
  "Email addresses to copy quote to": "E-mailadresser, tilbud skal kopieres til",
  "Email Us": "Send e-mail til os",
  "Embed code copied to clipboard": "Integreringskode kopieret til udklipsholder",
  "Empty Lists": "Tomme lister",
  "empty name": "tomt navn",
  "Enable Boards File Uploads": "Aktivér uploads af tavlefil",
  "Enabled": "Aktiveret",
  "End Date": "Slutdato",
  "Ending Balance": "Ultimosaldo",
  "Enter a title for the link (Optional)": "Indtast en titel på linket (valgfrit)",
  "Enter an email address": "Angiv en e-mailadresse",
  "Enter Label": "Angiv etiket",
  "Enter label name": "Indtast etiketnavn",
  "Enter New Name": "Indtast nyt navn",
  "Enter Text": "Indtast tekst",
  "Entry": "Indgang",
  "Error": "Fejl",
  "Error creating board": "Fejl under oprettelse af tavle",
  "Error processing quote request. Please email sales@kudosbadges.com": "Fejl under behandling af tilbudsanmodning. Send en e-mail til sales@kudosbadges.com",
  "Error processing your request": "Fejl under behandling af din anmodning",
  "Error starting trial": "Fejl under start af prøve",
  "Error uploading file": "Fejl under upload af fil",
  "Error: an unknown error occurred - cannot move": "Fejl: Der opstod en ukendt fejl - kan ikke flytte",
  "Error: you are not authorised to add content to this board": "Fejl: Du har ikke tilladelse til at føje indhold til denne tavle",
  "Existing Kudos Partner (optional)": "Eksisterende Kudos-partner (valgfrit)",
  "Existing Login Detected": "Eksisterende logon registreret",
  "Existing Tab": "Eksisterende fane",
  "Expand": "Udvid",
  "Expand/Collapse": "Vis/skjul",
  "Expand/Collapse All Lists": "Vis/skjul alle lister",
  "Expired": "Udløbet",
  "Expires": "Udløber",
  "Expires: {{date}}": "Udløber: {{date}}",
  "Expires: {{{date}}}": "Udløber: {{{date}}}",
  "Expiry": "Udløb",
  "Expiry Date": "Udløbsdato",
  "Explore the Template Library": "Udforsk skabelonbiblioteket",
  "Extend": "Udvid",
  "ExternalId": "Eksternt id",
  "Fields": "Felter",
  "Filter Activities to migrate": "Filtrer aktiviteter, der skal overføres",
  "Finance": "Finans",
  "Find a Group": "Find en gruppe",
  "Find a User": "Find en bruger",
  "Finding your Connections Cloud Organisation...": "Finder din Connections Cloud-organisation...",
  "Free": "Gratis",
  "Free Trial": "Gratis prøveversion",
  "Friday": "Fredag",
  "From Provider": "Fra udbyder",
  "Functionality is currently limited.": "Funktionaliteten er i øjeblikket begrænset.",
  "Furthest Upcoming Expiry": "Seneste kommende udløb",
  "Future": "Fremtid",
  "General": "Generelt",
  "Get a Licence Quote": "Få et licenstilbud",
  "Get a Quote": "Få et tilbud",
  "Give users the ability to invite external users to a Board by email address": "Giv brugere mulighed for at invitere eksterne brugere til en tavle via e-mailadresse",
  "Global Access": "Global adgang",
  "Global OAuth": "Global OAuth",
  "Go to licence": "Gå til licens",
  "Go to Today": "Gå til i dag",
  "Goals": "Mål",
  "Group": "Gruppe",
  "Group Boards": "Gruppetavler",
  "Group By": "Gruppér efter",
  "Group Owners: Owners of this Board.</br>Group Members: Authors of this Board": "Gruppeejere: Ejere af denne tavle.</br>Gruppemedlemmer: Forfattere til denne tavle",
  "Groups": "Grupper",
  "Help": "Hjælp",
  "Hide": "Skjul",
  "Hide Completed Todos": "Skjul fuldførte opgaver",
  "Hide Dates": "Skjul datoer",
  "Horizontal": "Vandret",
  "How would you like to proceed?": "Hvordan vil du fortsætte?",
  "HR": "HR",
  "I accept the above Terms & Conditions": "Jeg accepterer ovenstående vilkår og betingelser",
  "I accept the terms of service": "Jeg accepterer tjenestevilkårene",
  "ID": "Id",
  "If this setting is switched off, cards are created as entries on enter press.": "Hvis denne indstilling er slået fra, oprettes kort som poster, når der trykkes på Enter.",
  "Ignore Completed": "Ignorer fuldførte",
  "Ignore Deleted": "Ignorer slettede",
  "Ignore Templates": "Ignorer skabeloner",
  "Import": "Importér",
  "Import an Activity": "Importér en aktivitet",
  "Import an Activity Template": "Importér en aktivitetsskabelon",
  "Import from Activities": "Importér fra aktiviteter",
  "Import From Activities": "Importér fra aktiviteter",
  "In a Group": "I en gruppe",
  "Include email body in description": "Medtag e-mailbrødtekst i beskrivelse",
  "Inherit": "Nedarv",
  "Inherit from Group": "Nedarv fra gruppe",
  "Inherited from Group": "Nedarvet fra gruppe",
  "Integration Env": "Integrationsmiljø",
  "Internal server error": "Intern serverfejl",
  "Invitation sent to": "Invitation sendt til",
  "Invite": "Invitér",
  "Invite by Email": "Invitation via e-mail",
  "Invite sent on": "Invitation sendt den",
  "Invoice": "Faktura",
  "Invoice Details": "Fakturaoplysninger",
  "Invoices": "Fakturaer",
  "Invoices for": "Fakturaer til",
  "Is Enabled": "Er aktiveret",
  "Is Trial": "Er prøve",
  "IT": "IT",
  "It is valid until {{expiry}}.": "Den er gyldig indtil {{expiry}}.",
  "Items": "Elementer",
  "Join Workspace Meetings": "Deltag i arbejdsområdemøder",
  "Kanban": "Kanban",
  "Kanban View": "Kanban-visning",
  "Kudos Boards": "Kudos Boards",
  "Kudos Boards - Terms & Conditions": "Kudos Boards – Vilkår og betingelser",
  "Kudos Boards API": "Kudos Boards API",
  "Kudos Boards cannot be added as a tab until an administrator approves required functionality": "Kudos Boards kan ikke tilføjes som en fane, før en administrator godkender påkrævet funktionalitet",
  "Kudos Boards has been updated in the background. Please reload the app!": "Kudos Boards er blevet opdateret i baggrunden. Indlæs appen igen!",
  "Kudos Partner Reference Code (optional)": "Referencekode for Kudos-partner (valgfrit)",
  "Kudos Team Name": "Kudos-teamnavn",
  "Label deleted": "Etiket slettet",
  "Labels": "Etiketter",
  "Last Accessed": "Sidst tilgået",
  "Last Licence Expired on": "Sidste licens udløb den",
  "Later This Month": "Senere denne måned",
  "Later This Week": "Senere denne uge",
  "Layout": "Layout",
  "Leave Board": "Forlad tavle",
  "Licence Assigned": "Licens tildelt",
  "Licence Details": "Licensoplysninger",
  "Licence expired": "Licens udløbet",
  "Licence Type": "Licenstype",
  "Licences": "Licenser",
  "Licenses": "Licenser",
  "Licensing": "Licensering",
  "Limit": "Grænse",
  "Line": "Linje",
  "Line Items": "Linjeelementer",
  "Lines in file:": "Linjer i fil:",
  "Link": "Link",
  "Link Accounts": "Tilknyt konti",
  "Link another account": "Tilknyt en anden konto",
  "Link another Kudos Boards account": "Tilknyt en anden Kudos Boards-konto",
  "Link Exists": "Link findes",
  "Link to Board": "Link til tavle",
  "Link to Card, List or Board": "Link til kort, liste eller tavle",
  "Link to File": "Link til fil",
  "Link to Folder": "Link til folder",
  "Link {{provider}} with the current account": "Knyt {{provider}} til den aktuelle konto",
  "Linked Accounts": "Tilknyttede konti",
  "Linked Groups": "Tilknyttede grupper",
  "Links": "Link",
  "Links & Attachments": "Links og vedhæftninger",
  "List": "Liste",
  "List all Boards": "Vis alle tavler",
  "List Name": "Listenavn",
  "List View": "Listeoversigt",
  "Lists": "Lister",
  "Lite": "Lite",
  "Local": "Lokal",
  "Logging in, please wait...": "Logger på, vent et øjeblik...",
  "Login": "Log på",
  "Logout": "Log af",
  "Look in": "Se i",
  "Make the most of your Kudos Boards Premium Preview": "Få det meste ud af dit Kudos Boards Premium Preview",
  "Manage Org": "Administrer org.",
  "Manage Payments": "Administrer betalinger",
  "Mark Board as Complete": "Markér tavle som udført",
  "Mark Board as Incomplete": "Markér tavle som ikke udført",
  "Mark Complete": "Markér som udført",
  "Mark Incomplete": "Markér som ikke udført",
  "Marketing": "Marketing",
  "Match All Filters": "Match alle filtre",
  "Meeting": "Møde",
  "Members": "Medlemmer",
  "Merge": "Flet",
  "Microsoft Office365": "Microsoft Office365",
  "Migrate ALL ({{num}})": "Overfør ALLE ({{num}})",
  "Migrate Selected ({{num}})": "Overfør valgte ({{num}})",
  "Mind Map": "Mind Map",
  "MindMap": "MindMap",
  "Mindmap": "Mindmap",
  "Mindmap View": "Mindmap-visning",
  "Minimum number of users for the selected licence type is {{minimumSeats}}": "Mindste antal brugere for den valgte licenstype er {{minimumSeats}}",
  "Mirror": "Spejl",
  "Modified": "Ændret",
  "Modify": "Revidér",
  "Modify Licence": "Rediger licens",
  "Monday": "Mandag",
  "monthly": "hver måned",
  "Monthly": "Hver måned",
  "More": "Mere",
  "Move": "Flyt",
  "Move and Open": "Flyt og åbn",
  "Move Card": "Flyt kort",
  "Move List": "Flyt liste",
  "Move To Another Board": "Flyt til en anden tavle",
  "Move to another list or parent card": "Flyt til en anden liste eller overordnet kort",
  "My": "Mine",
  "My Account": "Min konto",
  "My Activities": "Mine aktiviteter",
  "My Boards": "Mine tavler",
  "My Subscriptions": "Mine abonnementer",
  "My Templates": "Mine skabeloner",
  "My Todos": "Mine opgaver",
  "Name": "Navn",
  "Name on Card": "Navn på kort",
  "Named Users": "Navngivne brugere",
  "Named Users Licence": "Licens til navngivne brugere",
  "Never": "Aldrig",
  "New Board": "Ny tavle",
  "New card created, however the search filter currently applied is preventing it from being displayed": "Nyt kort oprettet, men det søgefilter, der bruges i øjeblikket, forhindrer det i at blive vist",
  "New cards created as tasks on enter key press": "Nye kort oprettet som opgaver ved tryk på Enter-tast",
  "New Client": "Ny klient",
  "New Client Licence": "Ny klientlicens",
  "New Credit Card": "Nyt kreditkort",
  "New Label": "Ny etiket",
  "New Label Text": "Ny etikettekst",
  "New Licence": "Ny licens",
  "New Since Last Week": "Ny siden sidste uge",
  "New Sub-Card": "Nyt underkort",
  "New Tab": "Ny fane",
  "New Template": "Ny skabelon",
  "New User Licence": "Ny brugerlicens",
  "Next": "Næste",
  "Next Invoice Amount: {{nextAmount}}": "Næste fakturabeløb: {{nextAmount}}",
  "Next Invoice Date: {{date}}": "Næste fakturadato: {{date}}",
  "Next Payment": "Næste betaling",
  "Next Payment Attempt": "Næste betalingsforsøg",
  "Next Payment: {{{date}}}": "Næste betaling: {{{date}}}",
  "Next Week": "Næste uge",
  "No": "Nej",
  "No action available": "Der er ingen tilgængelig handling",
  "No Active Meetings found. Click below to go to a Workspace": "Der blev ikke fundet aktive møder. Klik herunder for at gå til et arbejdsområde",
  "No Activities found": "Ingen aktiviteter fundet",
  "No Archived items to show": "Der er ingen arkiverede elementer at vise",
  "No Assignment": "Ingen tildeling",
  "No boards found for this group": "Ingen tavler fundet for denne gruppe",
  "No Boards found.": "Ingen tavler fundet.",
  "No boards yet, please create one first": "Ingen tavler endnu, opret først en",
  "No clients found": "Ingen klienter fundet",
  "No Colour": "Ingen farve",
  "No Date": "Ingen dato",
  "No files found": "Der er ikke fundet nogen filer",
  "No folders found": "Der er ikke fundet nogen mapper",
  "No Group": "Ingen gruppe",
  "No invoices to display": "Ingen fakturaer at vise",
  "No items were selected": "Der er ikke valgt nogen elementer",
  "No Label": "Ingen etiket",
  "No label": "Ingen etiket",
  "No labels defined": "Ingen etiketter er defineret",
  "No licences available. Functionality will be limited for new users.": "Ingen tilgængelige licenser. Funktionaliteten vil være begrænset for nye brugere.",
  "No licences found": "Der blev ikke fundet nogen licenser",
  "No licences to show": "Ingen licenser at vise",
  "No organisations found": "Der blev ikke fundet nogen organisationer",
  "No pinned boards": "Ingen fastgjorte tavler",
  "No Pinned Boards found.": "Der blev ikke fundet nogen fastgjorte tavler.",
  "No Recent Boards found.": "Der blev ikke fundet nogen nylige tavler.",
  "No user trials found": "Der blev ikke fundet nogen brugerprøveversioner",
  "No users found": "Der blev ikke fundet nogen brugere",
  "No users to show": "Ingen brugere at vise",
  "None": "Ingen",
  "North America": "Nordamerika",
  "Not Licensed": "Ikke licenseret",
  "Not Supported": "Understøttes ikke",
  "Note that file security is managed by {{provider}}, not by Kudos Boards": "Vær opmærksom på, at filsikkerhed administreres af {{provider}}, ikke af Kudos Boards",
  "Nothing to show": "Der er intet at vise",
  "Number of Attempts": "Antal forsøg",
  "Number of cards": "Antal kort",
  "Number of Expired Licences": "Antal udløbne licenser",
  "Number of Users": "Antal brugere",
  "Number of Valid Licences": "Antal gyldige licenser",
  "oAuth Client ID": "oAuth-klient-id",
  "OAuth Client ID": "OAuth-klient-id",
  "OAuth Client Secret": "OAuth-klienthemmelighed",
  "oAuth Client Secret": "oAuth-klienthemmelighed",
  "ok": "OK",
  "OK": "OK",
  "Only Entries": "Kun poster",
  "Only the members of this board will be able to see and access this board.": "Kun medlemmer af denne tavle vil kunne se og få adgang til tavlen.",
  "Only Todos": "Kun opgaver",
  "Open": "Åbn",
  "Open Board Options": "Åbn tavleindstillinger",
  "Open Boards in:": "Åbn Tavler i:",
  "Open in Boards": "Åbn i Tavler",
  "Open Licence": "Åben licens",
  "Open this board": "Åbn denne tavle",
  "Opt in below to receive tips and tricks from the Kudos Boards team to make the most of your premium preview.": "Tilmeld dig herunder for at modtage tip og trick fra Kudos Boards-teamet og få mest ud af dit Premium Preview.",
  "Order": "Ordre",
  "Order Summary": "Ordreoversigt",
  "Order via ISW Partner": "Bestil via ISW-partner",
  "Org Administration": "Org.administration",
  "Organisation": "Organisation",
  "Organisation Name": "Navn på organisation",
  "Organisations": "Organisationer",
  "Organise any project productively using the classic Todo, Doing, Done methodology": "Organiser ethvert projekt produktivt med den klassiske metode - Todo, Doing, Done",
  "Our Terms & Conditions have changed": "Vores Vilkår og betingelser er ændret",
  "Overdue": "Tidsfrist udløbet",
  "owner": "ejer",
  "Owner": "Ejer",
  "Owners": "Ejere",
  "Page Not Found": "Side findes ikke",
  "Paid": "Betalt",
  "Paste link or drop file to upload": "Indsæt link, eller slip fil for at uploade den",
  "Payment Method": "Betalingsmetode",
  "Period": "Punktum",
  "Person": "Person",
  "Pin Board": "Fastgør tavle",
  "Pinned": "Fastgjort",
  "Pinned Boards": "Fastgjorte tavler",
  "Pinned boards": "Fastgjorte tavler",
  "Plan and collaborate on tasks on a weekly basis": "Planlæg og samarbejd om opgaver på ugentlig basis",
  "Please approve the Kudos Boards app to allow it to be added as a tab.": "Godkend appen Kudos Boards, så den kan tilføjes som en fane.",
  "Please approve the Kudos Boards app to use advanced features.": "Godkend appen Kudos Boards for at bruge avancerede funktioner.",
  "Please contact your Administrator": "Kontakt administratoren",
  "Please contact your IBM Connections Admin to purchase a licence.": "Kontakt din IBM Connections-administrator for at købe en licens.",
  "Please ensure you login with the same Office 365 user account as you are using in Microsoft Teams": "Sørg for at logge på med den samme Office 365-brugerkonto, som du bruger i Microsoft Teams",
  "Please enter a board name": "Angiv et tavlenavn.",
  "Please enter a valid email address": "Angiv en gyldig e-mailadresse",
  "Please enter a valid URL": "Angiv en gyldig URL",
  "Please enter the number of users in your Connections Cloud Organisation": "Angiv antallet af brugere i din Connections Cloud-organisation",
  "Please enter the number of users you wish to name under this licence": "Angiv det antal brugere, som du vil navngive under denne licens",
  "Please read our Terms & Conditions": "Læs vores Vilkår og betingelser",
  "Please reload the page and try again, if this issue persists please let us know": "Indlæs siden igen, og prøv igen. Kontakt os, hvis dette problem varer ved",
  "Please review your licences here": "Gennemgå dine licenser her",
  "Please see the <a href='{{url}}'>new board</a>": "Se <a href='{{url}}'>ny tavle</a>",
  "Please sign in": "Log på",
  "Please start a trial to use Boards in your {{provider}} organisation": "Start en prøveversion for at bruge Tavler i din {{provider}}-organisation",
  "Position": "Placering",
  "Post": "Indlæg",
  "Premium": "Premium",
  "Premium Preview Status": "Status for Premium Preview",
  "Preview": "Forhåndsvis",
  "Preview available": "Preview tilgængelig",
  "Previous": "Forrige",
  "Pricing": "Priser",
  "primary": "primær",
  "Primary": "Primære",
  "Print": "Udskriv",
  "Private (me only)": "Personlig (kun mig)",
  "Product Information": "Produktoplysninger",
  "Product Version": "Produktversion",
  "Provider": "Udbyder",
  "Provider not supported": "Provider understøttes ikke",
  "Public": "Offentlig",
  "Public Access": "Offentlig adgang",
  "Public Activities": "Offentlige aktiviteter",
  "Public Boards": "Offentlige tavler",
  "Public Templates": "Offentlige skabeloner",
  "Quarterly": "Kvartalsvist",
  "Questions": "Spørgsmål",
  "Quick Edit": "Ekspresredigering",
  "Radial": "Radial",
  "RE-CENTER": "CENTRER IGEN",
  "Reactivate Licence": "Aktivér licens igen",
  "reader": "læser",
  "Reader": "Læser",
  "Recent": "Seneste",
  "Recent boards": "Seneste tavler",
  "Recent Boards": "Seneste tavler",
  "Recurring Amount Due: {{recurring}}": "Fast forfaldent beløb: {{recurring}}",
  "Redeeming Invitation...": "Accepterer invitation...",
  "Redirecting to Connections Cloud...": "Omdirigerer til Connections Cloud...",
  "Redirecting to Watson Workspace...": "Omdirigerer til Watson Workspace...",
  "Refresh": "Opfrisk",
  "Region": "Region",
  "Reload": "Genindlæs",
  "Remaining ({{num}})": "Resterende ({{num}})",
  "Remove Admin": "Fjern admin",
  "Remove Client": "Fjern klient",
  "Remove Invite": "Fjern invitation",
  "Remove Licence": "Fjern licens",
  "Replace": "Erstat",
  "Resend Invite": "Send invitation igen",
  "Reset": "Nulstil",
  "Restore": "Gendan",
  "Restore Card": "Gendan kort",
  "Restore items": "Gendan elementer",
  "Restore List": "Gendan liste",
  "Restore mode": "Gendan tilstand",
  "Reverse": "Tilbagefør",
  "Revoke All": "Tilbagekald alle",
  "Revoke Licence": "Tilbagekald licens",
  "Role": "Rolle",
  "Roles": "Roller",
  "Rows": "Rækker",
  "Sales": "Salg",
  "Save": "Gem",
  "Save card for future purchases": "Gem kort til fremtidige køb",
  "Save Changes": "Gem ændringer",
  "Save link": "Gem link",
  "Scroll To": "Rul til",
  "Search": "Søg",
  "Search All Templates": "Søg i alle skabeloner",
  "Search this view": "Søg i denne visning",
  "Search...": "Søg...",
  "Select a Board": "Vælg en tavle",
  "Select board": "Vælg tavle",
  "Select Board": "Vælg tavle",
  "Select Board Label": "Vælg tavleetiket",
  "Select Card Colours": "Vælg kortfarver",
  "Select Colour": "Vælg farve",
  "Select Colours": "Vælg farver",
  "Select Destination Board": "Vælg destinationstavle",
  "Select destination folder": "Vælg destinationsmappe",
  "Select File": "Vælg fil",
  "Select Folder": "Vælg folder",
  "Select items for delete": "Vælg elementer, der skal slettes",
  "Select items for restore": "Vælg elementer, der skal gendannes",
  "Select List or Card": "Vælg liste eller kort",
  "Select the boards below that you would like to transfer membership over to your primary ({{toName}}) account": "Vælg de tavler herunder, som du vil overføre medlemskab af til din primære ({{toName}}) konto",
  "Selected Activity": "Valgt aktivitet",
  "Send an email notifying each member that the Activity has been migrated to a Board.": "Send en e-mail, der underretter hvert medlem om, at aktiviteten er overført til en tavle.",
  "Send Invitation": "Send invitation",
  "Send Notification Email to Members": "Send e-mail med underretning til medlemmer",
  "Sending invitations": "Sender invitationer",
  "Set as primary account": "Angiv som primær konto",
  "Set Dates": "Indstil datoer",
  "Set enter key press action to create a task when creating new cards in a list.": "Indstil handling med tryk på Enter-tast for at oprette en opgave, når nye kort oprettes på en liste.",
  "Setup Subscription": "Opsæt abonnement",
  "Share with": "Del med",
  "Shared by me": "Delt af mig",
  "Shared with me": "Delt med mig",
  "Show": "Vis",
  "Show all ancestors": "Vis alle overordnede",
  "Show all boards for this team": "Vis alle tavler for dette team",
  "Show Board Menu": "Vis tavlemenu",
  "Show Filter Options": "Vis filterindstillinger",
  "Show Less": "Vis mindre",
  "Show Licences for your organisation": "Vis licenser for din organisation",
  "Show More": "Vis mere",
  "Show on Card": "Vis på kort",
  "Show previous comments": "Vis forrige kommentarer",
  "Show previous links & attachments": "Vis forrige links og vedhæftninger",
  "Show Sub-cards": "Vis underkort",
  "Sign In": "Log på",
  "Sign in with": "Log på med",
  "SIGN IN WITH:": "LOG PÅ MED:",
  "Sign Out": "Log af",
  "Sign Out of Kudos Boards": "Log af Kudos Boards",
  "Signing in...": "Logger på...",
  "Signing out...": "Logger af...",
  "Smartcloud": "Smartcloud",
  "Something went wrong.": "Der er sket en fejl.",
  "Source Board/Template": "Kildetavle/-skabelon",
  "Source Template": "Søg i skabelon",
  "Specific Board": "Specifik tavle",
  "Start a Trial": "Start en prøveversion",
  "Start a trial or purchase a subscription to start creating boards": "Start en prøveversion, eller køb et abonnement for at begynde med oprettelse af tavler",
  "Start Boards Premium Preview": "Start Boards Premium Preview",
  "Start Date": "Startdato",
  "Start Free Trial": "Start gratis prøveversion",
  "Start my trial": "Start min prøveversion",
  "Start Now": "Start nu",
  "Start page updated": "Startside opdateret",
  "Start Page:": "Startside:",
  "Starting Balance": "Primosaldo",
  "Starting View": "Startvisning",
  "Status": "Status",
  "Step": "Trin",
  "Sub Cards": "Underkort",
  "Sub Tasks": "Delopgaver",
  "Submit": "Afsend",
  "Subscription": "Abonnement",
  "Subscription expired.": "Abonnement er udløbet.",
  "Subtotal": "Subtotal",
  "Summary": "Resumé",
  "Support for browsers is currently limited.  This browser is not yet supported. <br>Please use one of the following browsers:": "Understøttelse til browsere er i øjeblikket begrænset. Denne browser understøttes ikke endnu. <br>Brug en af følgende browsere:",
  "Tab Content": "Faneindhold",
  "Tab Name": "Fanenavn",
  "Tags": "Emneord",
  "Tags (optional)": "Mærker (valgfrit)",
  "Take away meaningful and collaborative notes from any meeting!": "Tag samarbejdsnoter, der giver mening, med dig fra ethvert møde!",
  "Task": "Opgave",
  "Team Boards": "Teamtavler",
  "Team Name": "Teamnavn",
  "Team Name is used as a method to log in to certain authentication providers. e.g. Auth0": "Teamnavn bruges som en metode til at logge på visse godkendelsesprovidere, f.eks. Auth0",
  "Template": "-skabelon",
  "Templates": "Skabeloner",
  "Templates tagged with": "Skabeloner mærket med",
  "Text": "Tekst",
  "Text Mode": "Teksttilstand",
  "That can't be pasted there.": "Det kan ikke indsættes der.",
  "The board has been deleted": "Tavlen er blevet slettet",
  "The files below cannot be uploaded to Kudos Boards as they are larger than the limit of {{limit}}": "Filerne herunder kan ikke uploades til Kudos Boards, fordi de er større end grænsen på {{limit}}",
  "The following links have already been added to this card:": "Følgende links er allerede blevet føjet til dette kort:",
  "The invite was resent to": "Invitationen blev sendt igen til",
  "The selected board(s) were successfully transferred": "Den eller de valgte tavler blev overført korrekt",
  "The selected items have been deleted": "De valgte elementer er blevet slettet",
  "The selected items have been restored": "De valgte elementer er blevet gendannet",
  "There was an error when uploading the file. Server response: ": "Der opstod en fejl under upload af filen. Serversvar: ",
  "This Activity has been migrated to Kudos Boards": "Denne aktivitet er blevet overført til Kudos Boards",
  "This billing cycle affords a {{discount}}% discount": "Denne faktureringscyklus giver en rabat på {{discount}} %",
  "This Board": "Denne tavle",
  "This Board is available with AUTHOR access to everyone across all organisations.": "Denne tavle er tilgængelig med FORFATTER-adgang for alle på tværs af alle organisationer.",
  "This Board is available with EDITOR access to everyone across all organisations.": "Denne tavle er tilgængelig med REDAKTØR-adgang for alle på tværs af alle organisationer.",
  "This Board is in one or more Groups": "Denne tavle er i en eller flere grupper",
  "This Board is read-only to everyone across all organisations.": "Denne tavle er skrivebeskyttet for alle på tværs af alle organisationer.",
  "This Board will be visible to everyone in your organisation. <br>Non-members can create new content and edit their own content.": "Denne tavle vil kunne ses af alle i din organisation. <br>Brugere, der ikke er medlemmer, kan oprette nyt indhold og redigere deres eget indhold.",
  "This Board will be visible to everyone in your organisation. <br>Non-members can only view the board's contents.": "Denne tavle vil kunne ses af alle i din organisation. <br>Brugere, der ikke er medlemmer, kan kun se tavlens indhold.",
  "This Board will be visible to everyone in your organisation. <br>Please note: This access level allows non-members to edit <b>all</b> board content.": "Denne tavle vil kunne ses af alle i din organisation. <br>Bemærk: Med dette adgangsniveau kan brugere, der ikke er medlemmer, redigere <b>alt</b> tavleindhold.",
  "This card will be restored with its parent": "Dette kort vil blive gendannet med dets overordnede",
  "This Community": "Dette fællesskab",
  "This feature is coming soon!": "Denne funktion kommer snart!",
  "This feature is currently not supported by the IBM Connections Cloud API": "Denne funktion understøttes i øjeblikket ikke af IBM Connections Cloud API",
  "This field is required": "Dette felt er påkrævet",
  "This invoice has been closed. Payment will not be automatically attempted again. Contact support for more information": "Denne faktura er blevet lukket. Betaling forsøges ikke automatisk igen. Kontakt support for at få yderligere oplysninger",
  "This is a Free trial of Kudos Boards and will expire in {{numDays}} day(s).": "Dette er en gratis prøveversion af Kudos Boards og udløber om {{numDays}} dag(e).",
  "This is a read-only preview of this Activity. Import to Boards for full functionality": "Dette er et skrivebeskyttet eksempel på denne aktivitet. Importér til Tavler for at få fuld funktionalitet",
  "This licence grants access to a set number of users as they use the app. You may view the user-licences already assigned.": "Denne licens giver adgang for et indstillet antal brugere, når de bruger appen. Du kan få vist de brugerlicenser, der allerede er tildelt.",
  "This licence has been cancelled.": "Denne licens er blevet annulleret.",
  "This licence only grants access to a selected group of named users. Access will not be granted to users not named by the Org Admins. You can view and edit the named users from the Admin settings.": "Denne licens giver kun adgang for en udvalgt gruppe af navngivne brugere. Der gives ikke adgang for brugere, som ikke er navngivet af organisationsadministratorer. Du kan få vist og redigere de navngivne brugere fra administratorindstillingerne.",
  "This option is only available when paying by credit card": "Denne indstilling er kun tilgængelig, når der betales med kreditkort",
  "This option is only editable if paying by credit card": "Denne indstilling kan kun redigeres, hvis der betales med kreditkort",
  "This team account is already linked": "Denne teamkonto er allerede tilknyttet",
  "This will go to your provider for an administrator to approve access to Kudos Boards": "Dette går videre til din udbyder, hvor en administrator skal godkende adgang til Kudos Boards",
  "This will permanently delete the board and all its data, are you sure?": "Dette sletter permanent tavlen og alle dens data, er du sikker?",
  "This will remove this data permanently from the board, are you sure?": "Dette fjerner permanent disse data fra tavlen, er du sikker?",
  "Thursday": "Torsdag",
  "Tile Colours": "Flisefarver",
  "Timeline": "Tidslinje",
  "Timeline View": "Tidslinjevisning",
  "Title": "Titel",
  "to go to Connections Cloud, then access Kudos Boards via the link in the 'Apps' menu.": "for at gå til Connections Cloud, derefter åbne Kudos Boards via linket i menuen 'Apps'.",
  "To interact with this card the parent will need to be restored": "For at interagere med dette kort skal det overordnede gendannes",
  "To unselect this card you will need to unselect its parent": "For at fravælge dette kort skal du fravælge dets overordnede",
  "to view this content": "for at få vist dette indhold",
  "Today": "I dag",
  "Todo": "Opgave",
  "Todos": "Opgaver",
  "Todos by Date": "Opgaver efter dato",
  "Todos by Due Date": "Opgaver efter forfaldsdato",
  "Toggle Completion": "Slå færdiggørelse til/fra",
  "Toggle Editor": "Slå editor til/fra",
  "Toggle Sidebar": "Slå sidepanel til/fra",
  "Tomorrow": "I morgen",
  "Total": "I alt",
  "Transfer Board Membership": "Overfør medlemskab af tavle",
  "Transfer Membership": "Overfør medlemskab",
  "TRIAL": "PRØVEVERSION",
  "Trial": "Prøveversion",
  "Trial End Date: {{trialEnd}}": "Slutdato for prøveversion: {{trialEnd}}",
  "Trial expired": "Prøveversion udløbet",
  "Trial expired.": "Prøveversion udløbet.",
  "Trial extended {{extensions}} time(s)": "Prøveversion forlænget {{extensions}} gang(e)",
  "Try again": "Prøv igen",
  "Tuesday": "Tirsdag",
  "Type": "Type",
  "Type to filter archive": "Skriv for at filtrere arkiv",
  "Type to filter list": "Skriv for at filtrere liste",
  "Type to filter members": "Skriv for at filtrere medlemmer",
  "Type to search": "Skriv for at søge",
  "Unassigned": "Ikke tildelt",
  "Undo": "Fortryd",
  "UNDO": "FORTRYD",
  "Unit price: {{unitPrice}} per user": "Enhedspris: {{unitPrice}} pr. bruger",
  "Unknown Connections Cloud organisation. Redirecting...": "Ukendt Connections Cloud-organisation. Omdirigerer...",
  "Unknown Team": "Ukendt team",
  "Unlimited": "Ubegrænset",
  "Unlink account": "Fjern tilknytning af konto",
  "Unlink Board": "Fjern tilknytning af tavle",
  "Unlink {{fromName}} Account": "Fjern tilknytning af {{fromName}}-konto",
  "Unlock Kudos Boards Premium Preview": "Lås Kudos Boards Premium Preview op",
  "Unpaid": "Ubetalt",
  "Unpin Board": "Frigør tavle",
  "Unscheduled cards": "Uplanlagte kort",
  "Update": "Opdatér",
  "Updated": "Opdateret",
  "Updated Since Last Accessed": "Opdateret siden sidste adgang",
  "Updated {{ date }}": "Opdateret {{ date }}",
  "Updating...": "Opdaterer...",
  "Upload": "Upload",
  "Upload file from computer": "Upload fil fra computer",
  "Upload to Kudos Boards": "Upload til Kudos Boards",
  "Upload Users": "Upload brugere",
  "Upload Users from CSV": "Upload brugere fra CSV",
  "uploaded successfully": "er uploadet",
  "Uploading file:": "Uploader fil:",
  "URL": "URL",
  "URL of Connections header frame (optional)": "Header-frame for forbindelses-URL (valgfrit)",
  "Use another file service": "Brug en anden filtjeneste",
  "Use current account": "Brug aktuel konto",
  "Use Email": "Brug e-mail",
  "Use the Kudos Boards File Attachment Service for attaching files to cards": "Brug filvedhæftningstjenesten i Kudos Boards til at vedhæfte filer til kort",
  "Use {{provider}} instead": "Brug {{provider}} i stedet",
  "Used": "Brugt",
  "User": "Bruger",
  "User Emails": "Bruger-e-mails",
  "User ExternalID": "Eksternt id for bruger",
  "User Licences": "Brugerlicenser",
  "User Options": "Brugerindstillinger",
  "User Trials": "Brugerprøveversioner",
  "User upload success!": "Upload af bruger blev gennemført!",
  "Username": "Brugernavn",
  "Users": "Brugere",
  "Users may need to be added to the destination board to maintain access to their assigned todos.": "Brugere skal muligvis føjes til destinationstavlen for at bevare adgangen til deres tildelte opgaver.",
  "Users: {{num}}": "Brugere: {{num}}",
  "Vertical": "Lodret",
  "View": "Visning",
  "View and Accept ↗": "Vis og acceptér ↗",
  "View Details": "Vis detaljer",
  "View licences": "Vis licenser",
  "View subscriptions": "Vis abonnementer",
  "View Subscriptions": "Vis abonnementer",
  "Want to know more?": "Vil du vide mere?",
  "Warning: you are not authorised to add members in this board": "Advarsel: Du er ikke autoriseret til at føje medlemmer til denne tavle",
  "We found one board linked your {{fromName}} user account. Once you unlink the account you may no longer have access to this board.": "Vi har fundet én tavle, der er knyttet til din {{fromName}}-brugerkonto. Når du fjerner tilknytningen af kontoen, har du muligvis ikke længere adgang til denne tavle.",
  "We found {{count}} boards linked to your {{fromName}} user account. Once you unlink the account you may no longer have access to these boards.": "Vi har fundet {{count}} tavler, der er knyttet til din {{fromName}}-brugerkonto. Når du fjerner tilknytningen af kontoen, har du muligvis ikke længere adgang til disse tavler.",
  "We recommended you change the widget title from the actions menu above": "Vi har anbefalet, at du ændrer widget-titlen fra handlingsmenuen herover",
  "Wednesday": "Onsdag",
  "Weekdays": "Ugedage",
  "Welcome": "Velkommen",
  "Welcome to Kudos Boards": "Velkommen til Kudos Boards",
  "When you unlock Kudos Boards Premium View, your current Activities will immediately be available in Board, Timeline and MindMap view.": "Når du låser Kudos Boards Premium Preview op, er dine aktuelle aktiviteter tilgængelige med det samme i visningen Tavle, Tidslinje og MindMap.",
  "Widget Settings": "Widget-indstillinger",
  "yearly": "hvert år",
  "Yearly": "Hvert år",
  "Yes": "Ja",
  "Yes Please": "Ja tak",
  "You are in DELETE mode, select items to delete": "Du er i SLETTE-tilstand, vælg elementer, der skal slettes",
  "You are in restore mode, select items to restore": "Du er i gendannelsestilstand, vælg elementer, der skal gendannes",
  "You are not a direct member of this board. Please consider leaving any Groups that may be members of this board.": "Du er ikke et direkte medlem af denne tavle. Overvej at forlade grupper, der kan være medlemmer af denne tavle.",
  "You are not allowed to leave this Board. Please consider archiving board.": "Du har ikke tilladelse til at forlade denne tavle. Overvej at arkivere tavlen.",
  "You are not authorised to access this resource": "Du har ikke autorisation til denne ressource",
  "You are not licensed to access this resource.": "Du har ikke licens til at få adgang til denne ressource.",
  "You are the only owner of this board. Please consider adding other owners or archiving this board instead.": "Du er den eneste ejer af denne tavle. Overvej at tilføje andre brugere eller arkivere denne tavle i stedet.",
  "You can enhance your workflow by unlocking Kudos Boards Premium Preview. In addition to your Activities view, you’ll also be able to work in the Boards, Timeline and Mind Map views!": "Du kan optimere din arbejdsgang ved at låse Kudos Boards Premium Preview op. Ud over aktivitetsvisningen kan du også arbejde i visningerne Tavler, Tidslinje og Mind Map!",
  "You have READ ONLY access to this Board": "Du har SKRIVEBESKYTTET adgang til denne tavle",
  "You have {{remaining}} day(s) remaining in your premium preview.": "Du har {{remaining}} dag(e) tilbage i dit Premium Preview.",
  "Your account's email address and other admin emails for your org ({{emails}}) are already included": "Din kontos e-mailadresse og andre administrator-e-mails for din organisation ({{emails}}) er allerede medtaget",
  "Your api key for kudos boards is shown below": "Din API-nøgle til Kudos Boards er vist herunder",
  "Your changes have been saved": "Ændringerne er gemt",
  "Your initial premium preview with {{orgName}} has expired. Click extend if you would like to continue access for an additional 30 days": "Dit indledende Premium Preview med {{orgName}} er udløbet. Klik på forlæng, hvis du gerne vil fortsætte med adgangen i yderligere 30 dage",
  "Your premium preview expires today.": "Dit Premium Preview udløber i dag.",
  "Your premium preview has expired, Let your administrator know you'd like to continue using Kudos Boards Premium view.": "Dit Premium Preview er udløbet. Fortæl din administrator, at du gerne vil fortsætte med at bruge Kudos Boards Premium Preview.",
  "Your session with {{provider}} has expired. Redirecting...": "Din session med {{provider}} er udløbet. Omdirigerer...",
  "Your session with {{provider}} has expired. Some functionality (ie notifications, groups, files) will be restricted until you login again.": "Din session med {{provider}} er udløbet. Noget af funktionaliteten (dvs. notifikationer, grupper, filer) er begrænset, indtil du logger på igen.",
  "{{count}} more card(s) this way": "{{count}} flere kort på denne måde",
  "{{num}} users": "{{num}} brugere",
  "{{quantity}} x subscriptions to '{{plan.name}}' ({{planPrice}} / {{plan.interval}})": "{{quantity}} x abonnementer til '{{plan.name}}' ({{planPrice}} / {{plan.interval}})",
  "{{remaining}} days of trial remaining": "{{remaining}} dage af prøveversion tilbage",
  "{{remaining}} days remaining in your premium preview.": "{{remaining}} dage tilbage i dit Premium Preview.",
  "{{userTrialCount}} user(s) have started a trial of Kudos Boards Premium": "{{userTrialCount}} bruger(e) er startet med en prøveversion af Kudos Boards Premium"
}