{
  "": "",
  "'{{userName}}' will not be able to view the message because they cannot access this Board": "'{{userName}}' wird die Nachricht nicht sehen können, weil er/sie keinen Zugriff auf dieses Board hat",
  "(Copy Of) ": "(Kopie von) ",
  "A problem occurred when creating invite": "Bei der Erstellung der Einladung ist ein Problem aufgetreten",
  "A problem occurred when deleting node": "Es ist ein Problem beim Löschen der Node aufgetreten",
  "A problem occurred when getting a node": "Es ist ein Problem beim Abrufen der Node aufgetreten",
  "A problem occurred when redeeming invite": "Beim Einlösen der Einladung ist ein Problem aufgetreten",
  "A problem occurred when removing invite": "Beim Entfernen der Einladung ist ein Problem aufgetreten",
  "A problem occurred when removing member": "Es ist ein Problem beim Entfernen der Mitglieder aufgetreten",
  "A problem occurred when saving invite": "Beim Senden der Einladung ist ein Problem aufgetreten",
  "A problem occurred when saving member": "Es ist ein Problem beim Speichern der Mitglieder aufgetreten",
  "A problem occurred when saving node": "Es ist ein Problem beim Speicher der Node aufgetreten",
  "A problem occurred when updating invite": "Bei der Aktualisierung der Einladung ist ein Problem aufgetreten",
  "A user with that email address already exists": "Ein Benutzer mit dieser Email Adresse existiert bereits",
  "A user with that email address already exists as a member of this board": "Ein Benutzer mit dieser Email Adresse existiert bereits in diesem Board",
  "Accessed in the Last Month": "Zugriff im letzten Monat",
  "Accessed since": "Zugriff seit",
  "Account Balance: {{credit}}": "Kontostand: {{credit}}",
  "Account Unlinked": "Nicht verknüpftes Konto",
  "Actions": "Aktionen",
  "Active": "Aktiv",
  "Active Boards": "Aktivierte Boards",
  "Active Workspace Meetings": "Aktive Workspace Besprechungen",
  "Activities": "Activities",
  "Activities Plus": "Activities Plus",
  "Activities/Boards": "Activities/Boards",
  "Activities/Boards Search Results": "Activities/Boards Suchergebnisse",
  "Activity": "Aktivität",
  "Activity Migration": "Migration der Aktivität",
  "Activity Name": "Name der Aktivität",
  "Activity data is loading...": "Daten der Aktivität werden geladen ...",
  "Add": "Hinzufügen",
  "Add Attachment": "Anhang hinzufügen",
  "Add Bookmark": "Lesezeichen hinzufügen",
  "Add Client": "Kunden hinzufügen",
  "Add Custom Field": "Feld hinzufügen",
  "Add Label": "Label hinzufügen",
  "Add Licence": "Lizenz hinzufügen",
  "Add Link to Activity": "Link zu Activity hinzufügen",
  "Add Member": "Mitglieder hinzufügen",
  "Add Organisation": "Unternehmen hinzufügen",
  "Add User": "Benutzer hinzufügen",
  "Add a Card": "Karte hinzufügen",
  "Add a Comment": "Kommentar hinzufügen",
  "Add a Description": "Beschreibung hinzufügen",
  "Add a List": "Zu Liste hinzufügen",
  "Add a Tag": "Tag hinzufügen",
  "Add a list": "Liste",
  "Add an attachment or link": "Anhang oder Linz hinzufügen",
  "Add another": "Weitere hinzufügen",
  "Add file": "Datei hinzufügen",
  "Add individuals or groups as members, or invite by email": "Personen oder Gruppen als Mitglieder hinzufügen",
  "Add label '{{filter}}'": "Label ‚{{filter}}‘ hinzufügen",
  "Add members": "Mitglieder hinzufügen",
  "Add people to your board or invite by email": "Personen zu Board hinzufügen",
  "Admin Users": "Admin Benutzer",
  "Admin approval failed": "Zustimmung des Administrators ist fehlerhaft",
  "Administrator approval is required to use advanced features.": "Die Freigabe eines Administrators ist erforderlich, um die erweiterten Funktionen zu nutzen.",
  "Administrator approval required.": "Die Freigabe eines Administrators ist erforderlich.",
  "Administrators": "Administratoren",
  "Advanced": "Fortgeschritten",
  "Agenda": "Agenda",
  "All": "Alle Vorfahren anzeigen",
  "All Activities": "Alle Aktivitäten",
  "All Boards": "Alle Boards",
  "All Templates": "Alle Vorlage",
  "All cards are scheduled.": "Alle Karten sind geplant.",
  "Allow Invite by Email": "Einladung per e-Mail erlauben",
  "Already linked": "Bereits verbunden",
  "Amount": "Betrag",
  "Amount Due": "Betrag Fällig",
  "Amount Due Now: {{due}}": "Betrag fällig am: {{due}}",
  "Amount Paid": "Betrag Bezahlt",
  "An account of this type already linked": "Ein Konto dieser Art ist bereits verknüpft",
  "An invitation for the specified email address already exists on this board": "Eine Einladung für die angegebene Email Adresse existiert bereits in diesem Board",
  "App for Internal Boards Deployment": "App für die Bereitstellung interner Boards",
  "App with Notifications": "App mit Benachrichtigungen",
  "Apply Template": "Schablone anwenden",
  "Approve": "Freigeben",
  "Approve Advanced Features": "Erweiterte Funktionen freigeben",
  "Archive": "Archivieren",
  "Archive Card": "Karte archivieren",
  "Archive Cards in List": "Karten in Liste archivieren",
  "Archive List": "Archiv Liste",
  "Archived": "Archiviert",
  "Archived Boards": "Archivierte Boards",
  "Archived Templates": "Archivierte Vorlagen",
  "Are You Sure?": "Sind Sie sicher?",
  "Are you sure you want to cancel this licence? This will take effect at the end of the current period.": "Sind Sie sicher, dass Sie diese Lizenz stornieren möchten? Dies wird am Ende des aktuellen Rechnungszeitraumes wirksam.",
  "Are you sure you want to delete this licence? CAUTION: This will delete any associated credit card information": "Sind Sie sicher, dass Sie diese Lizenz löschen möchten? ACHTUNG: Dies entfernt alle mit der Lizenz verbundenen Kredit Karten Informationen.",
  "Are you sure you want to reactivate this licence?": "Sind Sie sicher, dass Sie diese Lizenz reaktivieren möchten?",
  "Are you sure you want to unlink your {{provider}} account?": "Sind Sie sicher, dass Sie Ihren {{provider}} Account entkoppeln wollen?",
  "Are you sure you wish to leave '{{boardName}}'? This action cannot be undone by you.": "Sind Sie sicher, dass Sie '{{boardName}}' verlassen möchten? Dies kann nicht von Ihnen rückgängig gemacht werden.",
  "Are you sure?": "Sind Sie sicher?",
  "Are you sure? This will reinstate the previous billing schedule": "Sind Sie sicher? Dadurch wird der bisherige Abrechnungsplan wiederhergestellt",
  "Are you sure? This will take effect at the end of the current billing cycle": "Sind Sie sicher? Dies wird am Ende des aktuellen Abrechnungszyklus wirksam.",
  "Asia Pacific": "Asien Pazifik",
  "Assign Users": "Benutzer zuweisen",
  "Assigned": "Zugeordnet",
  "Assigned To Me": "An mich zugewiesen",
  "Assigned Users that will be added to the Destination Board": "Zugewiesene Benutzer werden zum Ziel-Board hinzugefügt",
  "Assigned to": "Zugewiesen an",
  "Assignees": "Beauftragte",
  "Assignments": "Aufgaben",
  "Attach": "Anhängen",
  "Attachments": "Anhänge",
  "Auth0 url": "Auth0 url",
  "Authentication Clients": "Kunden-Authentifizierung",
  "Author": "Autor",
  "Back": "Zurück",
  "Back to Boards": "Zurück zu Boards",
  "Back to Colour Selection": "Zurück zur Farbauswahl",
  "Bad Request": "Ungültige Anfrage",
  "Best viewed in fullscreen": "Beste Darstellung im Vollbildmodus",
  "Billing Cycle": "Rechnungszeitraum",
  "Billing period: {{interval}}": "Abrechnungszeitraum: {{intervall}}",
  "Blank": "Leer",
  "Board": "Board",
  "Board Archive": "Board Archiv",
  "Board Labels": "Board Labels",
  "Board Members": "Board Mitglieder",
  "Board Name": "Name des Boards",
  "Boards": "Boards",
  "Boards User Data": "Boards Nutzerdaten",
  "Boards linked directly to this user": "Boards, die direkt mit diesem Benutzer verbunden sind",
  "Boards linked through group membership": "Boards, die durch Gruppenmitgliedschaft verbunden sind",
  "Boards premium preview": "Premium-Vorschau der Boards",
  "Bookmarks": "Lesezeichen",
  "Buy Licence": "Lizenz kaufen",
  "Buy Online": "Online Kaufen",
  "CVC": "CVC",
  "Cancel": "Abbrechen",
  "Cancel Licence": "Lizenz stornieren",
  "Cancelled": "Storniert",
  "Cannot Leave Board": "Board kann nicht verlassen werden",
  "Card Name": "Karten Name",
  "Card Number": "Karten Nummer",
  "Cards": "Karten",
  "Central Europe": "Zentral Europa",
  "Choose a Template": "Vorlage wählen",
  "Choose a board": "Wählen Sie ein Board",
  "Classic": "Klassisch",
  "Clear Search": "Suche löschen",
  "Clear Selected": "Auswahl löschen",
  "Clear Selected Filters": "Gewählte Filter löschen",
  "Click for details": "Hier klicken, um Details anzuzeigen",
  "Click for more information": "Klicken Sie hier für weitere Informationen",
  "Click for more information about approving advanced features": "Klicken Sie hier, um weitere Informationen zur Genehmigung erweiterter Funktionen zu erhalten",
  "Click here": "Hier klicken",
  "Click here for details": "Hier klicken, um Details anzuzeigen",
  "Click here for details.": "Hier klicken, um Details anzuzeigen",
  "Click here to buy a licence online or get a quote": "Klicken Sie hier um eine Lizenz im Internet zu kaufen oder einen Kostenvoranschlag zu erhalten",
  "Click here to start a 30 day free trial for your organisation. Contact support for trials with more users.": "Klicken Sie hier um eine gratis 30-Tage Testversion für Ihre Organisation zu beginnen. Kontaktieren Sie Support für Testversionen mit mehr Benutzern",
  "Click to see more details": "Hier klicken, um weitere Details anzuzeigen",
  "Client": "Kunde",
  "Clients": "Kunden",
  "Close": "Schließen",
  "Close Activity After Import": "Aktivität nach Import schließen",
  "Close Board Menu": "Board Menü schließen",
  "Close the activity after the import has completed successfully. You can still access it through 'Trash'": "Die Aktivität nach erfolgreichem Import schließen. Sie können diese weiterhin durch \"Papierkorb\" zugreifen.",
  "Closed": "Geschlossen",
  "Collaborate on projects involving different departments": "Zusammenarbeit bei Projekten mit verschiedenen Abteilungen",
  "Collapse": "Ausklappen",
  "Colour": "Farbe",
  "Colour Labels": "Farben Labels Ändern",
  "Colour-Tags": "Farben-Tags",
  "Colours": "Farben",
  "Column View": "Spalten Ansicht",
  "Comment": "Kommentar",
  "Comment on": "Kommentar zu",
  "Comments": "Kommentare",
  "Community": "Community",
  "Community Activities": "Community Aktivitäten",
  "Community Templates": "Community Vorlagen",
  "Complete Todos": "Abgeschlossene Todos",
  "Completed": "Abgeschlossen",
  "Configuration": "Konfiguration",
  "Confirm": "Bestätigen",
  "Confirmation Required": "Bestätigung erforderlich",
  "Connections Cloud session expired. Click here to validate.": "Connections Cloud Sitzung abgelaufen. Klicken Sie hier zur Validierung.",
  "Connections On-Premise": "Connections On-Premises",
  "Connections URL": "Connections URL",
  "Contact Email": "Kontakt E-Mail",
  "Contact Name": "Kontakt Name",
  "Contact Support": "Support Kontaktieren",
  "Contact your System Administrator for more information or email us at": "Kontaktieren Sie Ihren System Administrator um weitere Informationen zu erhalten oder senden Sie eine E-Mail an",
  "Content": "Inhalt",
  "Continue": "weiter",
  "Continue Without Transferring": "Weiter ohne Übertragung",
  "Convert into Entry": "In Eintrag umwandeln",
  "Convert into Todo": "In Todo umwandeln",
  "Copy embed code": "Einbettungscode koieren",
  "Copy embed code to clipboard": "Eingebetteten Code in die Zwischenablage kopieren",
  "Create": "Erstellen",
  "Create Board": "Board erstellen",
  "Create Board from Template": "Board von Vorlage erstellen",
  "Create Boards for anything, manage your workflow, and streamline processes with template creation.": "Boards für jeden Zweck erstellen, den Workflow steuern und Prozesse mithilfe von Vorlagen optimieren",
  "Create Copy": "Kopie erstellen",
  "Create Link to Board": "Link zum Board erzeugen",
  "Create Template": "Vorlage erstellen",
  "Create Template from Board": "Vorlage von Board erstellen",
  "Create a new board": "Neues Board erstellen",
  "Create card": "Karte erstellen",
  "Create your own structure for organising projects, workflows, ideas and more!": "Erstellen Sie Ihre eigene Struktur für die Organisation von Projekten, Workflows, Ideen und mehr!",
  "Create {{numCards}} cards?": "{{numCards}} Karten erstellen?",
  "Create {{numCards}} lists?": "{{numCards}} Listen erstellen?",
  "Created": "Erstellt",
  "Created By Me": "Von mir erstellt",
  "Created {{ date }}": "Erstellt am {{ date }}",
  "Created: {{date}}": "Erstellt am: {{date}}",
  "Credit Card Ending in {{last4}}": "Kredit Karte Ende {{last4}}",
  "Current Account:": "Aktuelles Konto:",
  "Currently the ability to search for groups in {{provider}} is not available until an administrator grants permissions for your organisation. ": "Derzeit ist die Möglichkeit, nach Gruppen in {{provider}} zu suchen, erst verfügbar, nachdem ein Administrator entsprechende Berechtigungen für Ihre Organisation erteilt hat. ",
  "Curve": "Krümmung",
  "Custom Fields": "Kundenspezifische Felder",
  "Customer ID": "Kunde ID",
  "Date": "Datum",
  "Decisions": "Entscheidungen",
  "Default templates to exclude": "Standard Vorlage/n ignorieren",
  "Delete": "Löschen",
  "Delete Board": "Board löschen",
  "Delete Card": "Karte löschen",
  "Delete Comment": "Kommentar löschen",
  "Delete File": "Datei löschen",
  "Delete Label": "Label Löschen",
  "Delete Link": "Link löschen",
  "Delete List": "Liste löschen",
  "Delete Selected Items": "Gewählte Einträge löschen",
  "Delete items": "Einträge löschen",
  "Delete mode": "Löschen Modus",
  "Deleted": "Gelöscht",
  "Deleting": "Lösche",
  "Departments": "Abteilungen",
  "Description": "Beschreibung",
  "Description (optional)": "Beschreibung (optional)",
  "Details": "Details",
  "Direct Order via ISW": "Direktbestellung per ISW",
  "Discount": "Rabatt",
  "Discount Code (optional)": "Rabattcode (optional)",
  "Discount: {{discount}}": "Rabatt: {{discount}}",
  "Display an existing board": "Vorhandenes Board anzeigen",
  "Documentation": "Dokumentation",
  "Doing": "Ausstehend",
  "Don't worry you wont lose any data, all content created in Boards Premium views will still be accessible from the Activity View.": "Keine Sorge, Sie verlieren keine Daten. Alle Inhalte, die in den Boards Premium-Ansichten erstellt wurden, sind weiterhin über die Ansicht Activity zugänglich.",
  "Done": "Abgeschlossen",
  "Done ({{num}})": "Erledigt ({{num}})",
  "Download": "Herunterladen",
  "Download Teams App": "Laden Sie die Teams-App herunter",
  "Download file": "Datei Download",
  "Drop file here to save": "Datei hier einfügen um zu Speichern",
  "Due": "Fällig",
  "Due Date": "Fälligkeitsdatum",
  "Due date": "Fälligkeitsdatum",
  "Earliest Licence Expired on": "Früheste Lizenz abgelaufen am",
  "Earliest Upcoming Expiry": "Frühester Anstehender Ablauf",
  "Edit": "Ändern",
  "Edit Board Colour Labels": "Board Farben Labels bearbeiten",
  "Edit Client": "Kunde ändern",
  "Edit Client Licence": "Kunden Lizenz Ändern",
  "Edit Colour Labels": "Farben Labels Ändern",
  "Edit Comment": "Kommentar ändern",
  "Edit Description": "Beschreibung ändern",
  "Edit Filename": "Dateiname ändern",
  "Edit Label": "Label bearbeiten",
  "Edit Licence": "Lizenz bearbeiten",
  "Edit Link": "Link ändern",
  "Edit Tile Colour Labels": "Tile Farbe Labels €ändern",
  "Edit Title": "Titel bearbeiten",
  "Edit User Licence": "Benutzer Lizenz ändern",
  "Edit label": "Label €ändern",
  "Edit name": "Bearbeiten",
  "Edited": "Geändert",
  "Editor": "Editor",
  "Email": "E-Mail",
  "Email Address": "Email Adresse",
  "Email Us": "E-Mail Senden",
  "Email address is required": "Email Adresse wird benötigt",
  "Email addresses to copy invoices to": "E-Mail Adresse für Kopie der Rechnungen",
  "Email addresses to copy quote to": "E-Mail Adresse für Kopie des Kostenvoranschlages",
  "Embed code copied to clipboard": "Einbettungscode in Zwischenablage kopiert",
  "Empty Lists": "Leere Listen",
  "Enable Boards File Uploads": "Upload von Board-Dateien aktivieren",
  "Enabled": "Aktiviert",
  "End Date": "Enddatum",
  "Ending Balance": "Endbetrag",
  "Enter Label": "Label eingeben",
  "Enter New Name": "Neuen Namen eingeben",
  "Enter Text": "Text eingeben",
  "Enter a title for the link (Optional)": "Titel für den Link Eingeben (optional)",
  "Enter an email address": "Email Adresse eingeben",
  "Enter label name": "Label Name eingeben",
  "Entry": "Eintrag",
  "Error": "Fehler beim Erstellen des Boards",
  "Error creating board": "Fehler beim Erstellen des Boards",
  "Error processing quote request. Please email sales@kudosbadges.com": "Fehler bei Bearbeitung der Anfrage. Bitte senden Sie eine E-Mail an sales@kudosbadges.com",
  "Error processing your request": "Fehler bei Bearbeitung Ihrer Anfrage.",
  "Error starting trial": "Fehler beim Start der Testversion",
  "Error uploading file": "Fehler beim Upload der Datei",
  "Error: an unknown error occurred - cannot move": "Unbekannter Fehler - konnte nicht verschoben werden",
  "Error: you are not authorised to add content to this board": "Fehler: Sie sind nicht dazu berechtigt Inhalte zu diesem Board hinzuzufügen",
  "Existing Kudos Partner (optional)": "Existierende Kudos Partner (optional)",
  "Existing Login Detected": "Vorhandenes Login festgestellt",
  "Existing Tab": "Vorhandenem Tab",
  "Expand": "Aufklappen",
  "Expand/Collapse": "Ein-/Ausblenden",
  "Expand/Collapse All Lists": "Alle Listen Ein-/Ausblenden",
  "Expired": "Abgelaufen",
  "Expires": "Ablauf",
  "Expires: {{date}}": "Verfällt am: {{date}}",
  "Expires: {{{date}}}": "Läuft ab am: {{{date}}}",
  "Expiry": "Ablauf",
  "Expiry Date": "Ablaufdatum",
  "Explore the Template Library": "Vorlagen Bibliothek durchsuchen",
  "Extend": "Erweitern",
  "ExternalId": "ExternalId",
  "Fields": "Felder",
  "Filter Activities to migrate": "Zu migrierende Aktivitäten filtern",
  "Filters": "Filter",
  "Finance": "Finanz",
  "Find a Group": "Community finden",
  "Find a User": "Benutzer finden",
  "Finding your Connections Cloud Organisation...": "Suche Ihrer Connections Cloud Organisation…",
  "Found {{count}} users with Boards user data.": "{{count}} Benutzer mit Nutzerdaten von Board gefunden.",
  "Free": "Frei",
  "Free Trial": "Gratis Testversion",
  "Friday": "Freitag",
  "From Provider": "Von Anbieter",
  "Functionality is currently limited.": "Funktionalität ist momentan begrenzt.",
  "Furthest Upcoming Expiry": "Längster Anstehender Ablauf",
  "Future": "Zukunft",
  "General": "Allgemein",
  "Get a Licence Quote": "Lizenz Kostenvoranschlag erhalten",
  "Get a Quote": "Kostenvoranschlag erhalten",
  "Give users the ability to invite external users to a Board by email address": "Benutzern erlauben, externe Benutzer per E-Mail zu einem Forum einzuladen",
  "Global Access": "Globaler Zugriff",
  "Global OAuth": "Globales OAuth",
  "Go to Today": "Gehe zu heute",
  "Go to licence": "Zu Lizenz wechseln",
  "Goals": "Ziele",
  "Group": "Community",
  "Group Boards": "Community Boards",
  "Group By": "Gruppieren nach",
  "Group Owners: Owners of this Board.</br>Group Members: Authors of this Board": "Community Eigentümer: diese Board.</br>Community: Mitglieder",
  "Groups": "Communities",
  "HR": "Personalabteilung",
  "Help": "Hilfe",
  "Hide": "Ausblenden",
  "Hide Completed Todos": "Abgeschlossene Todos ausblenden",
  "Hide Dates": "Termine verbergen",
  "Horizontal": "Horizontal",
  "How would you like to proceed?": "Wie möchten Sie fortfahren?",
  "I accept the above Terms & Conditions": "Ich akzeptiere die obigen allgemeinen Geschäftsbedingungen",
  "I accept the terms of service": "Ich akzeptiere die Nutzungsbedingungen",
  "ID": "ID",
  "IT": "IT",
  "If this setting is switched off, cards are created as entries on enter press.": "Wenn diese Einstellung ausgeschaltet ist, werden beim Drücken der Eingabetaste Karten als Einträge erstellt.",
  "Ignore Completed": "Ignorieren falls abgeschlossen",
  "Ignore Deleted": "Ignorieren falls gelöscht",
  "Ignore Templates": "Vorlagen ignorieren",
  "Import": "Import",
  "Import From Activities": "Aus Aktivitäten importieren",
  "Import an Activity": "Aktivität importieren",
  "Import an Activity Template": "Aktivität Vorlage importieren",
  "Import from Activities": "Aus Aktivitäten importieren",
  "In a Group": "Community Dateien",
  "Include email body in description": "Email-Inhalt in Kartenbeschreibung aufnehmen",
  "Inherit": "Vererben",
  "Inherit from Group": "Von Community vererben",
  "Inherited from Group": "Von der Gruppe geerbt",
  "Integration Env": "Integration Env",
  "Internal server error": "Interner Server Fehler",
  "Invitation sent to": "Einladung gesendet an",
  "Invite": "Einladen",
  "Invite by Email": "Per Email einladen",
  "Invite sent on": "Einladung gesendet am",
  "Invoice": "Rechnung",
  "Invoice Details": "Rechnungsinformationen",
  "Invoices": "Rechnungen",
  "Invoices for": "Rechnungen für",
  "Is Enabled": "Aktiviert",
  "Is Trial": "Testversion",
  "It is valid until {{expiry}}.": "Gültig bis {{expiry}}.",
  "Items": "Objekte",
  "Join Workspace Meetings": "Workspace Besprechungen beitreten",
  "Kanban": "Kanban",
  "Kanban View": "Kanban-Ansicht",
  "Kudos Boards": "Kudos Boards",
  "Kudos Boards - Terms & Conditions": "Kudos Boards - allgemeine Geschäftsbedingungen",
  "Kudos Boards API": "Kudos-Boards",
  "Kudos Boards cannot be added as a tab until an administrator approves required functionality": "Kudos Boards können erst dann als Registerkarte hinzugefügt werden, wenn ein Administrator die erforderliche Funktionalität genehmigt hat",
  "Kudos Boards has been updated in the background. Please reload the app!": "Die Kudos-Boards wurden im Hintergrund aktualisiert. Bitte die App neu laden.",
  "Kudos Partner Reference Code (optional)": "Kudos Partner Referenz Code (optional)",
  "Kudos Team Name": "Team Name",
  "Label deleted": "Label gelöscht",
  "Labels": "Labels:",
  "Last Accessed": "Letzter Zugriff",
  "Last Licence Expired on": "Lizenz abgelaufen am",
  "Later This Month": "Später diesen Monat",
  "Later This Week": "Später diese Woche",
  "Layout": "Layout",
  "Leave Board": "Board verlassen",
  "Licence Assigned": "Lizenz zugewiesen",
  "Licence Details": "Lizenz Details",
  "Licence Type": "Lizenzart",
  "Licence expired": "Lizenz abgelaufen",
  "Licence expired.": "Lizenz abgelaufen.",
  "Licences": "Lizenzen",
  "Licenses": "Lizenzen",
  "Licensing": "Lizenzierung",
  "Limit": "Limit",
  "Line": "Linie",
  "Line Items": "Zeilen",
  "Lines in file:": "Zeilen in Datei:",
  "Link": "Verknüpfen",
  "Link Accounts": "Konten verbinden",
  "Link Exists": "Link Existiert",
  "Link another Kudos Boards account": "Ein anderes Kudos Boards Konto verknüpfen",
  "Link another account": "Ein anderes Konto verknüpfen",
  "Link to Board": "Link zu Board",
  "Link to Card, List or Board": "Verknüpfen mit Liste, Karte oder Board",
  "Link to File": "Von Meinen Dateien wählen",
  "Link to Folder": "Von Meinen Ordner wählen",
  "Link {{provider}} with the current account": "Verbinde {{provider}} mit dem aktuellen Konto",
  "Linked Accounts": "Meine verbundenen Konten",
  "Linked Groups": "Verlinkte Communities",
  "Links": "Links",
  "Links & Attachments": "Links & Anhänge",
  "List": "Liste",
  "List Name": "Listen Name",
  "List View": "Listen Ansicht",
  "List all Boards": "Alle Boards auflisten",
  "Lists": "Listen",
  "Lite": "Site",
  "Local": "Lokal",
  "Logging in, please wait...": "Anmeldung, bitte warten...",
  "Login": "Anmelden",
  "Logout": "Abmelden",
  "Look in": "Suchen in",
  "Make the most of your Kudos Boards Premium Preview": "Machen Sie das Beste aus der Premium-Vorschau Ihrer Kudos-Boards.",
  "Manage Org": "Organisation Verwalten",
  "Manage Payments": "Zahlungen Verwalten",
  "Mark Activity Complete": "Activity als abgeschlossen markieren",
  "Mark Board as Complete": "Board als Vollständig markieren",
  "Mark Board as Incomplete": "Board als Unvollständig markieren",
  "Mark Complete": "Als Vollständig markieren",
  "Mark Incomplete": "Als Unvollständig markieren",
  "Marketing": "Marketing",
  "Match All Filters": "Übereinstimmung mit allen Filter",
  "Meeting": "Meeting",
  "Members": "Mitglieder",
  "Merge": "Zusammenführen",
  "Microsoft Office365": "Microsoft Office365",
  "Migrate ALL ({{num}})": "ALLE ({{num}}) migrieren",
  "Migrate Selected ({{num}})": "Ausgewählte ({{num}}) migrieren",
  "Migrating data for {{count}} users...": "Datenmigration für {{count}} Benutzer ...",
  "Mind Map": "Mind Map",
  "MindMap": "MindMap",
  "Mindmap": "Mindmap",
  "Mindmap View": "Mindmap-Ansicht",
  "Minimum number of users for the selected licence type is {{minimumSeats}}": "Minimale Anzahl der Benutzer für die gewählte Lizenz Art ist {{minimumSeats}}",
  "Mirror": "Spiegeln",
  "Modified": "Modifiziert",
  "Modify": "Modifizieren",
  "Modify Licence": "Lizenz modifizieren",
  "Monday": "Montag",
  "Monthly": "Monatlich",
  "More": "Mehr",
  "Move": "Verschieben",
  "Move Card": "Karte verschieben",
  "Move List": "Liste verschieben",
  "Move To Another Board": "Zu einem anderen Board verschieben",
  "Move and Open": "Verschieben und Öffnen",
  "Move to another list or parent card": "Zu einer anderen Liste oder übergeordneten Karte bewegen",
  "My": "Meine Dateien",
  "My Account": "Mein Konto",
  "My Activities": "Meine Aktivitäten",
  "My Boards": "Meine Boards",
  "My Subscriptions": "Meine Subskriptionen",
  "My Templates": "Meine Vorlagen",
  "My Todos": "Meine Todos",
  "Name": "Name",
  "Name on Card": "Name auf Karte",
  "Named Users": "Genannte Benutzer",
  "Named Users Licence": "Benutzer Lizenz",
  "Never": "Nie",
  "New Board": "Neues Board",
  "New Client": "Neuer Kunde",
  "New Client Licence": "Neue Kunden Lizenz",
  "New Credit Card": "Neue Kredit Karte",
  "New Label": "Neues Label",
  "New Label Text": "Neuer Label Text",
  "New Licence": "Neue Lizenz",
  "New Since Last Week": "Neu seit letzter Woche",
  "New Sub-Card": "Neuer Unterkarte",
  "New Sub-Node": "Neuer Unterknoten",
  "New Tab": "Neuer Tab",
  "New Template": "Neue Vorlage",
  "New User Licence": "Neue Benutzer Lizenz",
  "New card created, however the search filter currently applied is preventing it from being displayed": "Neue Karte wurde erzeugt, wird aber auf Grund der aktuellen Filtereinstellung nicht angezeigt",
  "New cards created as tasks on enter key press": "Neue Karten, die beim Drücken der Eingabetaste als Tasks erstellt wurden",
  "Next": "Weiter",
  "Next Invoice Amount: {{nextAmount}}": "Nächster Rechnungsbetrag: {{nextAmount}}",
  "Next Invoice Date: {{date}}": "Nächstes Rechnungsdatum: {{date}}",
  "Next Payment": "Nächste Bezahlung",
  "Next Payment Attempt": "Nächster Bezahlversuch",
  "Next Payment: {{{date}}}": "Nächste Zahlung: {{{date}}}",
  "Next Week": "Nächste Woche",
  "No": "Nein",
  "No Active Meetings found. Click below to go to a Workspace": "Keine aktiven Besprechungen gefunden. Klicken Sie unten, um zu einem Workspace zu gelangen",
  "No Activities found": "Keine Aktivitäten gefunden",
  "No Archived items to show": "Keine archivierten Einträge gefunden",
  "No Assignment": "Keine Zuweisung",
  "No Boards found.": "Keine Boards gefunden.",
  "No Colour": "Keine Farbe",
  "No Date": "Kein Datum",
  "No Group": "Keine Gruppe",
  "No Label": "Kein Label",
  "No Pinned Boards found.": "Keine Gepinnten Boards gefunden.",
  "No Recent Boards found.": "Keine Kürzlichen Boards gefunden.",
  "No action available": "Keine Aktion verfügbar ",
  "No boards found for this group": "Keine Boards für diese Gruppe gefunden",
  "No boards yet, please create one first": "Es existieren noch keine Boards, bitte legen Sie erst ein Board an",
  "No clients found": "Keine Kunden gefunden",
  "No description or summary for this result": "Keine Beschreibung oder Zusammenfassung für dieses Ergebnis",
  "No files found": "Keine Dateien gefunden",
  "No folders found": "Keine Ordner gefunden",
  "No invoices to display": "Keine Rechnungen vorhanden",
  "No items were selected": "Keine Einträge gewählt",
  "No label": "Kein Label",
  "No labels defined": "Keine Labels definiert",
  "No licences available. Functionality is currently limited": "Keine Lizenzen verfügbar. Die Funktionalität ist derzeit eingeschränkt",
  "No licences available. Functionality is currently limited.": "Keine Lizenzen verfügbar. Die Funktionalität ist derzeit eingeschränkt.",
  "No licences available. Functionality will be limited for new users.": "Keine Lizenzen verfügbar. Die Funktionalität wird für neue Benutzer eingeschränkt sein.",
  "No licences found": "Keine Lizenzen gefunden",
  "No licences to show": "Keine Lizenz vorhanden",
  "No organisations found": "Keine Organisationen gefunden",
  "No pinned boards": "Keine gepinnte Boards",
  "No results were found for that search": "Es wurden keine Ergebnisse für diese Suche gefunden",
  "No subscriptions available": "Keine Abonnements verfügbar",
  "No user trials found": "Keine Benutzerversuche gefunden",
  "No users found": "Keine Benutzer gefunden",
  "No users to show": "Keine Benutzer gefunden",
  "None": "Keine",
  "North America": "Nordamerika",
  "Not Licensed": "Nicht lizensiert",
  "Not Supported": "Nicht unterstützt",
  "Note that file security is managed by {{provider}}, not by Kudos Boards": "Die Sicherheit der Datei wird von {{provider}}, nicht von Kudos Boards, verwaltet.",
  "Nothing to show": "Nichts zum Anzeigen",
  "Number of Attempts": "Anzahl Versuche",
  "Number of Expired Licences": "Anzahl abgelaufener Lizenzen",
  "Number of Users": "Anzahl der Benutzer",
  "Number of Valid Licences": "Anzahl gültiger Lizenzen",
  "Number of cards": "Anzahl der Karten",
  "OAuth Client ID": "Auth Client ID",
  "OAuth Client Secret": "Auth Client Secret",
  "OK": "OK",
  "Only Entries": "Nur Einträge",
  "Only Todos": "Nur Todos",
  "Only the members of this board will be able to see and access this board.": "Nur die Mitglieder dieses Boards können auf dieses Board zugreifen.",
  "Open": "Öffnen",
  "Open Board Options": "Board Optionen öffnen",
  "Open Boards in:": "Öffne Boards in:",
  "Open Licence": "Offene Lizenz",
  "Open in Boards": "In Boards öffnen",
  "Open this board": "Dieses Board öffnen",
  "Opt in below to receive tips and tricks from the Kudos Boards team to make the most of your premium preview.": "Melden Sie sich unten an, um Tipps und Tricks vom Kudos Boards-Team zu erhalten, mit denen Sie Ihre Premium-Vorschau optimal nutzen können.",
  "Options": "Optionen",
  "Order": "Reihenfolge",
  "Order Summary": "Zusammenfassung der Bestellung",
  "Order via ISW Partner": "Bestellung per ISW Partner",
  "Org Administration": "Auftrag",
  "Organisation": "Organisation",
  "Organisation Name": "Organisationsname",
  "Organisations": "Organisationen",
  "Organise any project productively using the classic Todo, Doing, Done methodology": "Organisieren Sie Projekte mit der klassischen Todo, Ausstehend, Abgeschlossen Methode.",
  "Our Terms & Conditions have changed": "Unsere allgemeinen Geschäftsbedingungen haben sich geändert",
  "Overdue": "Überfällig",
  "Owner": "Eigentümer",
  "Owners": "Eigentümer",
  "Page Not Found": "Seite nicht gefunden",
  "Paid": "Bezahlt",
  "Paste link or drop file to upload": "Link oder Datei für Upload einfügen",
  "Payment Method": "Zahlungsmethode",
  "Period": "Zeitraum",
  "Person": "Person",
  "Pin Board": "Board Pinnen",
  "Pinned": "Gepinnte Dateien",
  "Pinned Boards": "Gepinnte Boards",
  "Pinned boards": "Gepinnte Boards",
  "Plan and collaborate on tasks on a weekly basis": "Planen und Zusammenarbeit von Aufgaben auf wöchentlicher Basis",
  "Please approve the Kudos Boards app to allow it to be added as a tab.": "Bitte genehmigen Sie die Kudos Boards App, damit sie als Tab hinzugefügt werden kann.",
  "Please approve the Kudos Boards app to use advanced features.": "Bitte genehmigen Sie die Kudos Boards App, um erweiterte Funktionen zu nutzen.",
  "Please contact your Administrator": "Btte kontaktieren Sie Ihren Administrator",
  "Please contact your IBM Connections Admin to purchase a licence.": "Bitte kontaktieren Sie Ihre IBM Connections Admin um eine Lizenz zu erhalten.",
  "Please contact your administrator": "Bitte kontaktieren Sie Ihren Administrator",
  "Please ensure you login with the same Office 365 user account as you are using in Microsoft Teams": "Sie müssen sich mit demselben Office-365-Benutzerkonto anmelden, das Sie in Microsoft Teams verwenden.",
  "Please enter a board name": "Bitte Board Name eingeben",
  "Please enter a valid URL": "Bitte gültige URL eingeben",
  "Please enter a valid email address": "Bitte gültige Email Adresse eingeben",
  "Please enter the number of users in your Connections Cloud Organisation": "Bitte geben Sie die Anzahl der Benutzer Ihrer Connections Cloud Organisation ein",
  "Please enter the number of users you wish to name under this licence": "Bitte geben Sie die Anzahl der Benutzer für diese Lizenz ein",
  "Please read our Terms & Conditions": "Bitte lesen Sie unsere allgemeinen Geschäftsbedingungen",
  "Please reload the page and try again, if this issue persists please let us know": "Bitte laden Sie diese Seite erneut und versuchen es noch einmal. Wenn der Fehler erneut auftritt, lassen Sie uns dies bitte wissen!",
  "Please review your licences here": "Bitte prüfen Sie Ihre Lizenzen hier",
  "Please see the <a href='{{url}}'>new board</a>": "Hier finden Sie das <a href='{{url}}'>neue Board</a>",
  "Please sign in": "Bitte melden Sie sich an",
  "Please start a trial to use Boards in your {{provider}} organisation": "Bitte starten Sie eine Testversion, um Boards in Ihrer {{provider}}} Organisation zu verwenden",
  "Position": "Position",
  "Post": "Post",
  "Premium": "Premium",
  "Premium Preview Status": "Premium-Vorschau-Status",
  "Preview": "Voransicht",
  "Preview available": "Vorschau ist verfügbar",
  "Previous": "Vorherige",
  "Pricing": "Preis",
  "Primary": "Primär",
  "Print": "Drucken",
  "Private (me only)": "Niemand (nur mit mir geteilt)",
  "Product Information": "Produktinformationen",
  "Product Version": "Produktversion",
  "Provider": "Anbieter",
  "Provider not supported": "Der Anbieter wird nicht unterstützt",
  "Public": "Öffentliche Dateien",
  "Public Access": "Öffentlicher Zugriff",
  "Public Activities": "Öffentliche Aktivitäten",
  "Public Boards": "…öffentliche Boards",
  "Public Templates": "…öffentliche Vorlagen",
  "Quarterly": "Vierteljährlich",
  "Questions": "Fragen",
  "Quick Edit": "Quick Edit",
  "RE-CENTER": "Neu zentrieren",
  "Radial": "Radial",
  "Reactivate Licence": "Lizenz reaktivieren",
  "Reader": "Leser",
  "Recent": "Neueste",
  "Recent Boards": "Neueste Boards",
  "Recent boards": "Kürzliche Boards",
  "Recurring Amount Due: {{recurring}}": "Periodischer Rechnungsbetrag: {{recurring}}",
  "Redeeming Invitation...": "Einladung einlösen...",
  "Redirecting to Connections Cloud...": "Weiterleitung zu Connections Cloud…",
  "Redirecting to Watson Workspace...": "Zurück zu Watson Workspace...",
  "Refresh": "Aktualisieren",
  "Region": "Region",
  "Reload": "Erneut laden",
  "Remaining ({{num}})": "Verbleibend ({{num}})",
  "Remove Admin": "Admin entfernen",
  "Remove Client": "Client entfernen",
  "Remove Invite": "Einladung entfernen",
  "Remove Licence": "Lizenz entfernen",
  "Replace": "Ersetzen",
  "Resend Invite": "Einladung erneut senden",
  "Reset": "Zurücksetzen",
  "Restore": "Wiederherstellen",
  "Restore Card": "Karte wiederherstellen",
  "Restore List": "Liste wiederherstellen",
  "Restore items": "Einträge wiederherstellen",
  "Restore mode": "Modus wiederherstellen",
  "Reverse": "Umkehren",
  "Revoke All": "Alle widerrufen",
  "Revoke Licence": "Lizenz widerrufen",
  "Role": "Rolle",
  "Roles": "Rollen",
  "Rows": "Zeilen",
  "SIGN IN WITH:": "ANMELDEN MIT:",
  "Sales": "Vertrieb",
  "Save": "Speichern",
  "Save Changes": "Änderungen Speichern",
  "Save card for future purchases": "Karte für zukünftige Käufe speichern",
  "Save link": "Link speichern",
  "Scroll To": "Scrollen zu",
  "Search": "Suchen in",
  "Search All Templates": "Alle Vorlagen durchsuchen",
  "Search this view": "Diese Ansicht durchsuchen",
  "Search...": "Suche...",
  "Select Board": "Board wählen",
  "Select Board Label": "Board Label wählen",
  "Select Card Colours": "Karten Farben wählen",
  "Select Colour": "Farbe wählen",
  "Select Colours": "Farben wählen",
  "Select Destination Board": "Ziel-Board wählen",
  "Select File": "Gewählte Dateien",
  "Select Folder": "Gewählte Ordner",
  "Select List or Card": "Liste oder Karte wählen",
  "Select a Board": "Ein Board auswählen",
  "Select board": "Board wählen",
  "Select destination folder": "Zielordner auswählen",
  "Select items for delete": "Einträge zum Löschen wählen",
  "Select items for restore": "Einträge für Wiederherstellung wählen",
  "Select the boards below that you would like to transfer membership over to your primary ({{toName}}) account": "Wählen Sie die Boards aus, für die Sie die Mitgliedschaft auf Ihr primäres ({{toName}}) Konto übertragen möchten",
  "Selected Activity": "Gewählte Aktivität",
  "Send Invitation": "Einladung senden",
  "Send Notification Email to Members": "E-Mail Benachrichtigung an Mitglieder senden",
  "Send an email notifying each member that the Activity has been migrated to a Board.": "E-Mail Benachrichtigung an alle Mitglieder senden, dass diese Aktivität zu einem Board migriert wurde.",
  "Sending invitations": "Einladungen werden gesendet",
  "Set Dates": "Termine setzen",
  "Set as primary account": "Als primäres Konto festlegen",
  "Set enter key press action to create a task when creating new cards in a list.": "Stellen Sie die Aktion zum Drücken der Eingabetaste ein, um eine Task beim Erstellen neuer Karten in einer Liste zu erstellen.",
  "Setup Subscription": "Abonnement einrichten",
  "Share with": "Teilen mit",
  "Shared by me": "Von mir geteilte Dateien",
  "Shared with me": "Mit mir geteilte Dateien",
  "Show": "Anzeigen",
  "Show Board Menu": "Board Menü anzeigen",
  "Show Filter Options": "Filter Optionen Anzeigen",
  "Show Less": "Weniger anzeigen",
  "Show Licences for your organisation": "Lizenzen Ihrer Organisation anzeigen",
  "Show More": "Mehr anzeigen",
  "Show Sub-cards": "Sub-Karten anzeigen",
  "Show all ancestors": "Alle Vorfahren anzeigen",
  "Show all boards for this team": "Alle Boards dieses Teams anzeigen",
  "Show link on card": "Link auf Karte anzeigen",
  "Show on Card": "Auf Karte anzeigen",
  "Show previous comments": "Vorherige Kommentare anzeigen",
  "Show previous links & attachments": "Vorherige Links & Anhänge anzeigen",
  "Sign In": "Sign In",
  "Sign Out": "Abmelden",
  "Sign Out of Kudos Boards": "Sign Out von Kudos Boards",
  "Sign in with": "Anmelden mit",
  "Signing in...": "Anmeldung im Gange ...",
  "Signing out...": "Abmeldung...",
  "Smartcloud": "Smartcloud",
  "Something went wrong.": "Etwas ist schief gagangen.",
  "Source Board/Template": "Quell Board/Vorlage",
  "Source Template": "Quellvorlage",
  "Specific Board": "Ein bestimmtes  Board",
  "Start": "Start",
  "Start Boards Premium Preview": "Premium-Vorschau für Boards starten",
  "Start Date": "Startdatum",
  "Start Free Trial": "Gratis Testversion starten",
  "Start Now": "Jetzt starten",
  "Start Page:": "Startseite:",
  "Start a Trial": "Eine Testversion starten",
  "Start a trial or purchase a subscription to start creating boards": "Starten Sie eine Testversion oder erwerben Sie ein Abonnement, um mit der Erstellung von Boards zu beginnen",
  "Start my trial": "Meine Testversion starten",
  "Start page updated": "Startseite aktualisiert",
  "Starting Balance": "Startbetrag",
  "Starting View": "Startansicht",
  "Status": "Status",
  "Step": "Schritt",
  "Sub Cards": "Sub-Karten",
  "Sub Tasks": "Untergeordnete Tasks",
  "Submit": "Senden",
  "Subscription": "Subskription",
  "Subscription expired.": "Abonnement abgelaufen",
  "Subtotal": "Gesamtbetrag",
  "Successfully migrated data for {{response}} users!": "Die Daten für {{response}} Benutzer wurden erfolgreich migriert!",
  "Summary": "Zusammenfassung der Bestellung",
  "Support for browsers is currently limited.  This browser is not yet supported. <br>Please use one of the following browsers:": "Support für Browser ist aktuell eingeschränkt. Dieser Browser wird noch nicht unterstützt.<br> Bitte versuchen Sie einen der folgenden Browser:",
  "TRIAL": "TEST",
  "Tab Content": "Tab Inhalt",
  "Tab Name": "Tab Name",
  "Tags": "Tags",
  "Tags (optional)": "Stichworte (optional)",
  "Take away meaningful and collaborative notes from any meeting!": "Hilfreiche Notizen von jedem Meeting!",
  "Task": "Aufgabe",
  "Team Boards": "Team Boards",
  "Team Name": "Team Name",
  "Team Name is used as a method to log in to certain authentication providers. e.g. Auth0": "Der Teamname wird als Methode verwendet, um sich bei bestimmten Authentifizierungsanbietern anzumelden. z.B. „Auth0”",
  "Template": "Vorlage",
  "Templates": "Vorlagen",
  "Templates tagged with": "Schablonen mit dem Tag",
  "Text": "Text",
  "Text Mode": "Text Modus",
  "That can't be pasted there.": "Dies kann hier nicht eingefügt werden",
  "The board has been deleted": "Das Board wurde gelöscht.",
  "The files below cannot be uploaded to Kudos Boards as they are larger than the limit of {{limit}}": "Die folgenden Dateien können nicht auf Kudos-Boards hochgeladen werden, da sie größer als das Limit von {{limit}} sind",
  "The following links have already been added to this card:": "Die folgenden Links wurden bereits zu dieser Karte hinzugefügt:",
  "The invite was resent to": "Einladung erneut gesendet an",
  "The selected board(s) were successfully transferred": "Die ausgewählten Boards wurden erfolgreich übertragen",
  "The selected items have been deleted": "Die gewählten Einträge wurde gelöscht",
  "The selected items have been restored": "Die gewählten Einträge wurden wiederhergestellt",
  "There was an error when uploading the file. Server response: ": "Es ist ein Fehler beim Upload der Datei aufgetreten. Server Antwort:",
  "This Activity has been migrated to Kudos Boards": "Diese Aktivität wurde zu Kudos Boards migriert",
  "This Board": "Dieses Board",
  "This Board is available with AUTHOR access to everyone across all organisations.": "Dieses Board ist nur mit AUTOR Zugriff für jedes Mitglied der Organisation verfügbar.",
  "This Board is available with EDITOR access to everyone across all organisations.": "Dieses Board ist nur mit EDITOR Zugriff für jedes Mitglied der Organisation verfügbar.",
  "This Board is in one or more Groups": "Dieses Board ist in einer oder mehr Communities",
  "This Board is read-only to everyone across all organisations.": "Dieses Board ist Read-Only für jedes Mitglied der Organisation.",
  "This Board will be visible to everyone in your organisation. <br>Non-members can create new content and edit their own content.": "Dieses Board wird für jeden Benutzer Ihrer Organisation sichtbar.<br> Nicht-Mitglieder können Inhalte erstellen und diese bearbeiten.",
  "This Board will be visible to everyone in your organisation. <br>Non-members can only view the board's contents.": "Dieses Board wird für jeden Benutzer Ihrer Organisation sichtbar.<br> Nicht-Mitglieder können ausschließlich Inhalte anzeigen.",
  "This Board will be visible to everyone in your organisation. <br>Please note: This access level allows non-members to edit <b>all</b> board content.": "Dieses Board wird für jeden Benutzer Ihrer Organisation sichtbar.<br> Hinweis: Diese Berechtigung erlaubt Nicht-Mitgliedern das Ändern <b>aller</b> Board Inhalte.",
  "This Community": "Diese Community",
  "This billing cycle affords a {{discount}}% discount": "Dieser Rechnungszeitraum bietet einen {{discount}}% Rabatt.",
  "This card will be restored with its parent": "Diese Karte wird wiederhergestellt",
  "This feature is coming soon!": "Diese Funktion folgt in Kürze!",
  "This feature is currently not supported by the IBM Connections Cloud API": "Diese Funktion ist aktuell nicht von der IBM Connections Cloud API unterstützt.",
  "This field is required": "Dieses Feld ist ein Pflichtfeld",
  "This invoice has been closed. Payment will not be automatically attempted again. Contact support for more information": "Diese Rechnung wurde geschlossen. Die Bezahlung wird nicht automatisch erneut versucht. Kontaktieren Sie Support für weitere Informationen.",
  "This is a Free trial of Kudos Boards and will expire in {{numDays}} day(s).": "Dies ist eine Testversion von Kudos Boards und läuft in {{numDays}} Tage/en ab.",
  "This is a one way process and updates will not be reflected in your old Activity.": "Dies ist ein einseitiger Prozess. Updates werden nicht in Ihrer alten Activity angezeigt.",
  "This is a read-only preview of this Activity. Import to Boards for full functionality": "Dies ist eine read-only Voransicht dieser Aktivität. Importieren Sie Boards für die volle Funktionalität.",
  "This licence grants access to a set number of users as they use the app. You may view the user-licences already assigned.": "Diese Lizenz erlaubt Zugriff auf eine bestimmte Anzahl von Benutzern für die Verwendung der App. Sie können die Benutzerausgestellten Lizenzen hier einsehen.",
  "This licence has been cancelled.": "Diese Lizenz wurde storniert.",
  "This licence only grants access to a selected group of named users. Access will not be granted to users not named by the Org Admins. You can view and edit the named users from the Admin settings.": "Diese Lizenz erlaubt nur Zugriff auf die gewählte Gruppe der Benutzer. Zugriff auf nicht vom Org Admin festgelegte Benutzer wird nicht gestattet. Sie können die Namen der Benutzer in den Admin Einstellungen sehen und ändern.",
  "This option is only available when paying by credit card": "Diese Option ist nur bei Bezahlung mit Kredit Karte verfügbar.",
  "This option is only editable if paying by credit card": "Diese Option ist nur bei Bezahlung mit Kredit Karte änderbar.",
  "This team account is already linked": "Dieses Teamkonto ist bereits verbunden",
  "This will go to your provider for an administrator to approve access to Kudos Boards": "Dies wird zu Ihrem Anbieter wechseln, um eine Zugangsfreigabe für Kudos Boards durch einen Administrator zu erhalten",
  "This will permanently delete the board and all its data, are you sure?": "Dies wird das Board und alle Daten permanent löschen, sind Sie sicher?",
  "This will remove this data permanently from the board, are you sure?": "Dies wird Daten permanent vom Board löschen, sind Sie sicher?",
  "Thursday": "Donnerstag",
  "Tile Colours": "Tile Farben",
  "Timeline": "Zeitstrahl",
  "Timeline View": "Zeitleistenansicht",
  "Title": "Titel",
  "To interact with this card the parent will need to be restored": "Um mit dieser Karte interagieren zu können muss die Eltern-Karte wiederhergestellt werde",
  "To unselect this card you will need to unselect its parent": "Um die Auswahl dieser Karte zu entfernen entfernen Sie bitte die Auswahl der Eltern-Karte",
  "Today": "Heute",
  "Todo": "Todo",
  "Todos": "Todos",
  "Todos by Date": "Aufgaben nach Datum",
  "Todos by Due Date": "Zeitlinie",
  "Toggle Completion": "Abschluss ändern",
  "Toggle Editor": "Bearbeitungsansicht umschalten",
  "Toggle Sidebar": "Sidebar ein-/ausblenden",
  "Tomorrow": "Morgen",
  "Total": "Gesamt",
  "Transfer Board Membership": "Board Mitgliedschaft übertragen",
  "Transfer Membership": "Mitgliedschaft übertragen",
  "Trial": "Testversion",
  "Trial End Date: {{trialEnd}}": "Ende der Testversion: {{trialEnd}}",
  "Trial expired": "Testversion abgelaufen",
  "Trial expired.": "Testversion abgelaufen.",
  "Trial extended {{extensions}} time(s)": "Testversion verlängert {{extensions}}} Mal(e)",
  "Try again": "Erneut versuchen",
  "Tuesday": "Dienstag",
  "Type": "Art",
  "Type to filter archive": "Archiv durchsuchen",
  "Type to filter list": "Filter Liste eingeben",
  "Type to filter members": "Mitglieder durchsuchen",
  "Type to search": "Datei Suche",
  "UNDO": "RUECKGAENGIG MACHEN",
  "URL": "URL",
  "URL of Connections header frame (optional)": "URL des Connections header frames (optional)",
  "Unassigned": "Nicht zugewiesen",
  "Undo": "Rückgängig",
  "Unit price: {{unitPrice}} per user": "Preis pro Einheit: {{unitPrice}} pro Benutzer",
  "Unknown Connections Cloud organisation. Redirecting...": "Unbekannte Connections Cloud Organisation. Weiterleitung…",
  "Unknown Team": "Unbekanntes Team",
  "Unlimited": "Unbegrenzt",
  "Unlink Board": "Link entfernen",
  "Unlink User Account": "Benutzerkonto trennen",
  "Unlink account": "Konto trennen",
  "Unlink {{fromName}} Account": "Konto {{fromName}} trennen",
  "Unlock Kudos Boards Premium Preview": "Freischalten der Premium-Vorschau der Kudos-Boards",
  "Unpaid": "Unbezahlt",
  "Unpin Board": "Board Unpinnen",
  "Unscheduled cards": "Ungeplante Karten",
  "Update": "Update",
  "Updated": "Aktualisiert",
  "Updated Since Last Accessed": "Seit dem letzten Zugriff aktualisiert",
  "Updated {{ date }}": "Aktualisiert am {{ date }}",
  "Updating...": "Auffrischen...",
  "Upload": "Upload",
  "Upload Users": "Benutzer hochladen",
  "Upload Users from CSV": "Benutzer von CSV hochladen",
  "Upload file from computer": "Datei von anderem Computer hochladen",
  "Upload to Kudos Boards": "Auf Kudos Boards hochladen",
  "Uploading file:": "Datei Upload:",
  "Use Email": "E-Mail verwenden",
  "Use another file service": "Anderen Datei-Service verwenden",
  "Use as card theme": "Als Kartenthema verwenden",
  "Use current account": "Aktuelles Konto verwenden",
  "Use the Kudos Boards File Attachment Service for attaching files to cards": "Verwenden Sie den Kudos-Boards Dateianhang Service, um Dateien an Karten anzuhängen.",
  "Use {{provider}} instead": "Statt dessen {{provider}} verwenden",
  "Used": "Verwendet",
  "User": "Benutzer",
  "User Emails": "Benutzer E-Mails",
  "User ExternalID": "Benutzer ExternalID",
  "User Licences": "Benutzer Lizenzen",
  "User Options": "Benutzer Optionen",
  "User Trials": "Testversionen für Benutzer",
  "User upload success!": "Benutzer Upload Erfolgreich!",
  "Username": "Benutzername",
  "Users": "Benutzer",
  "Users may need to be added to the destination board to maintain access to their assigned todos.": "Benutzer müssen unter Umständen zum Ziel-Board hinzugefügt werden um weiterhin Zugriff auf zugewiesene Todos zu haben.",
  "Users: {{num}}": "Benutzer: {{num}}",
  "Vertical": "Vertikal",
  "View": "Ansicht",
  "View Details": "Details anzeigen",
  "View Subscriptions": "Gehe zu Subskriptionen",
  "View and Accept ↗": "Ansehen und akzeptieren ↗",
  "View licences": "Lizenzen anzeigen",
  "View subscriptions": "Abonnements anzeigen",
  "Want to know more?": "Möchten Sie mehr erfahren?",
  "Warning: you are not authorised to add members in this board": "Warnung: Sie sind nicht dazu berechtigt Benutzer zu diesem Board hinzuzufügen",
  "We found one board linked your {{fromName}} user account. Once you unlink the account you may no longer have access to this board.": "Wir haben ein Board gefunden, das mit Ihrem {{fromName}} Benutzerkonto verknüpft ist. Sobald Sie die Verknüpfung des Kontos aufgehoben haben, haben Sie möglicherweise keinen Zugriff mehr auf dieses Board.",
  "We found {{count}} boards linked to your {{fromName}} user account. Once you unlink the account you may no longer have access to these boards.": "Wir haben {{count}} Boards gefunden, die mit Ihrem {{fromName}} Benutzerkonto verknüpft sind. Sobald Sie die Verknüpfung des Kontos aufgehoben haben, haben Sie möglicherweise keinen Zugriff mehr auf diese Boards.",
  "We recommended you change the widget title from the actions menu above": "Wir empfehlen Ihnen, den App-Titel im App-Menü oben rechts zu ändern",
  "Wednesday": "Mittwoch",
  "Weekdays": "Wochentage",
  "Welcome": "Willkommen",
  "Welcome to Kudos Boards": "Willkommen bei Kudos Boards",
  "When you unlock Kudos Boards Premium View, your current Activities will immediately be available in Board, Timeline and MindMap view.": "Wenn Sie die Premium-Ansicht der Kudos-Boards freischalten, sind Ihre aktuellen Aktivitäten sofort in den Ansichten „Board”, „Timeline” und „MindMap” verfügbar.",
  "Widget Settings": "Widget Einstellungen",
  "Yearly": "Jährlich",
  "Yes": "Ja",
  "Yes Please": "Ja bitte",
  "You are in DELETE mode, select items to delete": "Sie befinden sich im LOESCHEN Modus, wählen Sie Einträge die gelöscht werden sollen",
  "You are in restore mode, select items to restore": "Sie befinden sich im Wiederherstellen-Modus, wählen Sie Einträge für die Wiederherstellung",
  "You are not a direct member of this board. Please consider leaving any Groups that may be members of this board.": "Sie sind kein direktes Mitglied dieses Boards. Bitte verlassen Sie Communities die Mitglieder dieses Boards sind.",
  "You are not allowed to leave this Board. Please consider archiving board.": "Sie sind nicht zum Verlassen des Boards berechtigt. Bitte Board archivieren.",
  "You are not authorised to access this resource": "Sie haben keine Berechtigung auf den Zugriff",
  "You are not licensed to access this resource.": "Sie haben keine Berechtigung auf den Zugriff dieser Ressource. Bitte kontaktieren Sie Ihre Administrator.",
  "You are the only owner of this board. Please consider adding other owners or archiving this board instead.": "Sind sind der/die einzige Eigentümer/in dieses Boards. Bitte fügen einen neuen Eigentümer hinzu oder archivieren das Board.",
  "You can enhance your workflow by unlocking Kudos Boards Premium Preview. In addition to your Activities view, you’ll also be able to work in the Boards, Timeline and Mind Map views!": "Verbessern Sie Ihren Workflow, indem Sie die Premium-Vorschau der Kudos-Boards freischalten. Zusätzlich zur Ansicht „Aktivitäten” können Sie auch in den Ansichten „Boards”, „Timeline” und „Mind Map” arbeiten!",
  "You have READ ONLY access to this Board": "Sie haben READ ONLY Zugriff auf dieses Board",
  "You have {{remaining}} day(s) remaining in your premium preview.": "Ihnen verbleiben noch {{remaining}} Tag(e) in der Premium-Vorschau.",
  "Your account's email address and other admin emails for your org ({{emails}}) are already included": "Ihre Konto E-Mail Adresse und andere Admin E-Mails für Ihre Organisation ({{emails}}) sind bereits eingeschlossen.",
  "Your api key for kudos boards is shown below": "Ihr API-Schlüssel für Kudos-Boards wird unten angezeigt.",
  "Your changes have been saved": "Die Änderungen wurden gespeichert",
  "Your initial premium preview with {{orgName}} has expired. Click extend if you would like to continue access for an additional 30 days": "Ihre erste Premium-Vorschau mit {{orgName}}} ist abgelaufen. Klicken Sie auf „Erweitern”, wenn Sie für weitere 30 Tage Zugriff haben möchten.",
  "Your premium preview expires today.": "Ihre Premium-Vorschau läuft heute ab.",
  "Your premium preview has expired, Let your administrator know you'd like to continue using Kudos Boards Premium view.": "Ihre Premium-Vorschau ist abgelaufen. Teilen Sie Ihrem Administrator mit, dass Sie die Premium-Ansicht von Kudos Boards weiterhin verwenden möchten.",
  "Your preview will last for 30 days and any data you create in these views will always be available in the Activities view.": "Ihre Vorschau bleibt 30 Tage lang bestehen. Alle Daten, die Sie in diesen Ansichten erstellen, stehen Ihnen jederzeit in der Ansicht Activities zur Verfügung.",
  "Your session with {{provider}} has expired. Redirecting...": "Ihre Sitzung mit {{provider}}} ist abgelaufen. Sie werden weitergeleitet ...",
  "Your session with {{provider}} has expired. Some functionality (ie notifications, groups, files) will be restricted until you login again.": "Ihre Sitzung mit {{provider}} ist abgelaufen. Einige Funktionen (z. B. Benachrichtigungen, Gruppen, Dateien) sind bis zur nächsten Anmeldung beschränkt.",
  "and is already a member of this board": "und ist bereits Mitglied in diesem Board",
  "author": "Autor",
  "awaiting acceptance": "Warten auf Annahme durch den Benutzer",
  "by": "von",
  "editor": "Bearbeiter",
  "empty name": "Leerer Name",
  "monthly": "monatlich",
  "oAuth Client ID": "oAuth-Client-ID",
  "oAuth Client Secret": "oAuth Client Secret",
  "of": "von",
  "ok": "OK",
  "owner": "Eigentümer",
  "primary": "Primär",
  "reader": "Leser",
  "to go to Connections Cloud, then access Kudos Boards via the link in the 'Apps' menu.": "um zur Connections Cloud zu gelangen. Anschließend per Link im 'Apps' Menü auf Kudos Boards zugreifen.",
  "to view this content": "um diesen Inhalt anzuzeigen",
  "uploaded successfully": "Upload erfolgreich",
  "yearly": "Jährlich",
  "{{count}} more card(s) this way": "{{count}} Karte(n) mehr in dieser Richtung",
  "{{num}} users": "{{num}} Benutzer",
  "{{quantity}} x subscriptions to '{{plan.name}}' ({{planPrice}} / {{plan.interval}})": "{{quantity}} x Abonnements für '{{plan.name}}' ({{planPrice}} / {{plan.intervall}})",
  "{{remaining}} days of trial remaining": "{{remaining}} verbleibende Testtage",
  "{{remaining}} days remaining in your premium preview.": "{{remaining}} verbleibende Tage in Ihrer Premium-Vorschau",
  "{{userTrialCount}} user(s) have started a trial of Kudos Boards Premium": "{{userTrialCount}} Benutzer hat bzw. haben eine Testversion von Kudos-Boards-Premium gestartet"
}