{
  "": "",
  "'{{userName}}' will not be able to view the message because they cannot access this Board": "Ο χρήστης '{{userName}}' δεν θα μπορέσει να δει το μήνυμα διότι δεν μπορεί να έχει πρόσβαση σε αυτόν τον πίνακα δημοσιεύσεων.",
  "(Copy Of) ": "(Αντίγραφο) ",
  "A problem occurred when creating invite": "Παρουσιάστηκε πρόβλημα κατά τη δημιουργία πρόσκλησης",
  "A problem occurred when deleting node": "Παρουσιάστηκε πρόβλημα κατά τη διαγραφή κόμβου",
  "A problem occurred when getting a node": "Παρουσιάστηκε πρόβλημα κατά τη λήψη κόμβου",
  "A problem occurred when redeeming invite": "Παρουσιάστηκε πρόβλημα κατά την ανάκτηση πρόσκλησης",
  "A problem occurred when removing invite": "Παρουσιάστηκε πρόβλημα κατά την αφαίρεση πρόσκλησης",
  "A problem occurred when removing member": "Παρουσιάστηκε πρόβλημα κατά την αφαίρεση μέλους",
  "A problem occurred when saving invite": "Παρουσιάστηκε πρόβλημα κατά την αποθήκευση πρόσκλησης",
  "A problem occurred when saving member": "Παρουσιάστηκε πρόβλημα κατά την αποθήκευση μέλους",
  "A problem occurred when saving node": "Παρουσιάστηκε πρόβλημα κατά την αποθήκευση κόμβου",
  "A problem occurred when updating invite": "Παρουσιάστηκε πρόβλημα κατά την ενημέρωση πρόσκλησης",
  "A user with that email address already exists": "Υπάρχει ήδη ένας χρήστης με την ίδια διεύθυνση e-mail",
  "A user with that email address already exists as a member of this board": "Υπάρχει ήδη ένας χρήστης με την ίδια διεύθυνση e-mail με ένα μέλος σε αυτόν τον πίνακα δημοσιεύσεων",
  "Accessed in the Last Month": "Πραγματοποιήθηκε πρόσβαση τον προηγούμενο μήνα",
  "Accessed since": "Πραγματοποιήθηκε πρόσβαση στις",
  "Account Balance: {{credit}}": "Υπόλοιπο λογαριασμού: {{credit}}",
  "Account Unlinked": "Αναίρεση θετικής γνώμης για λογαριασμό",
  "Actions": "Ενέργειες",
  "Active": "Ενεργοί",
  "Active Boards": "Ενεργοί πίνακες δημοσιεύσεων",
  "Active Workspace Meetings": "Ενεργές συσκέψεις χώρου εργασίας",
  "Activity": "Δραστηριότητα",
  "Activity data is loading...": "Γίνεται φόρτωση των δεδομένων δραστηριότητας...",
  "Activity Migration": "Μετάβαση δραστηριότητας",
  "Activity Name": "Όνομα δραστηριότητας",
  "Add": "Προσθήκη",
  "Add a Card": "Προσθήκη κάρτας",
  "Add a Comment": "Προσθήκη σχολίου",
  "Add a Description": "Προσθήκη περιγραφής",
  "Add a List": "Προσθήκη λίστας",
  "Add a list": "Προσθήκη λίστας",
  "Add a Tag": "Προσθήκη προσδιοριστικού",
  "Add an attachment or link": "Προσθήκη συνημμένου ή διασύνδεσης",
  "Add another": "Προσθήκη άλλης",
  "Add Attachment": "Προσθήκη συνημμένου",
  "Add Bookmark": "Προσθήκη σελιδοδείκτη",
  "Add Client": "Προσθήκη προγράμματος-πελάτη",
  "Add Custom Field": "Προσθήκη προσαρμοσμένου πεδίου",
  "Add file": "Προσθήκη αρχείου",
  "Add individuals or groups as members, or invite by email": "Προσθήκη μεμονωμένων προσώπων ή ομάδων ως μέλη ή πρόσκληση μέσω e-mail",
  "Add Label": "Προσθήκη ετικέτας",
  "Add label '{{filter}}'": "Προσθήκη ετικέτας '{{filter}}'",
  "Add Licence": "Προσθήκη άδειας χρήσης",
  "Add Member": "Προσθήκη μέλους",
  "Add members": "Προσθήκη μελών",
  "Add Organisation": "Προσθήκη οργανισμού",
  "Add people to your board or invite by email": "Προσθήκη ατόμων στον πίνακα ανακοινώσεών σας ή πρόσκληση μέσω e-mail",
  "Add User": "Προσθήκη χρήστη",
  "Admin approval failed": "Η έγκριση διαχειριστή απέτυχε",
  "Admin Users": "Διαχειριστές",
  "Administrator approval required.": "Απαιτείται έγκριση διαχειριστή.",
  "Administrators": "Διαχειριστές",
  "Advanced": "Πρόσθετες ιδιότητες",
  "Agenda": "Ημερήσια διάταξη",
  "All": "Όλοι",
  "All Activities": "Όλες οι δραστηριότητες",
  "All Boards": "Όλοι οι πίνακες ανακοινώσεων",
  "All cards are scheduled.": "Όλες οι κάρτες έχουν προγραμματιστεί.",
  "All Templates": "Όλα τα πρότυπα",
  "Allow Invite by Email": "Να επιτρέπεται η πρόσκληση μέσω e-mail",
  "Already linked": "Έχει ήδη διασυνδεθεί",
  "Amount": "Ποσό",
  "Amount Due": "Οφειλόμενο ποσό",
  "Amount Due Now: {{due}}": "Οφειλόμενο ποσό τώρα: {{due}}",
  "Amount Paid": "Καταβληθέν ποσό",
  "An account of this type already linked": "Ένας λογαριασμός αυτού του τύπου είναι ήδη διασυνδεδεμένος",
  "An invitation for the specified email address already exists on this board": "Υπάρχει ήδη μια πρόσκληση για την καθορισμένη διεύθυνση e-mail σε αυτόν τον πίνακα δημοσιεύσεων",
  "and is already a member of this board": "και είναι ήδη μέλος αυτού του πίνακα δημοσιεύσεων",
  "Apply Template": "Εφαρμογή προτύπου",
  "Approve": "Έγκριση",
  "Approve Advanced Features": "Έγκριση προηγμένων λειτουργιών",
  "Archive": "Αρχειοθέτηση",
  "Archive Card": "Κάρτα αρχειοθέτησης",
  "Archive Cards in List": "Κάρτες αρχειοθέτησης στη λίστα",
  "Archive List": "Λίστα αρχειοθέτησης",
  "Archived": "Αρχειοθετημένη",
  "Archived Boards": "Αρχειοθετημένοι πίνακες δημοσιεύσεων",
  "Archived Templates": "Αρχειοθετημένα πρότυπα",
  "Are you sure you want to cancel this licence? This will take effect at the end of the current period.": "Είστε βέβαιοι ότι θέλετε να ακυρώσετε αυτήν την άδεια χρήσης; Θα εφαρμοστεί στο τέλος της τρέχουσας περιόδου.",
  "Are you sure you want to delete this licence? CAUTION: This will delete any associated credit card information": "Είστε βέβαιοι ότι θέλετε να ακυρώσετε αυτήν την άδεια χρήσης; ΠΡΟΣΟΧΗ: Με αυτήν την ενέργεια θα διαγραφούν οποιεσδήποτε πληροφορίες συσχετισμένες με την πιστωτική κάρτα.",
  "Are you sure you want to reactivate this licence?": "Είστε βέβαιοι ότι θέλετε να επανενεργοποιήσετε αυτήν την άδεια χρήσης;",
  "Are you sure you want to unlink your {{provider}} account?": "Είστε βέβαιοι ότι θέλετε να καταργήσετε τη διασύνδεση του λογαριασμού σας {{provider}};",
  "Are you sure you wish to leave '{{boardName}}'? This action cannot be undone by you.": "Είστε βέβαιοι ότι θέλετε να αποχωρήσετε από τον πίνακα δημοσιεύσεων '{{boardName}}'; Δεν είναι δυνατή η αναίρεση αυτής της ενέργειας από εσάς.",
  "Are you sure?": "Είστε βέβαιοι;",
  "Are You Sure?": "Είστε βέβαιοι;",
  "Are you sure? This will reinstate the previous billing schedule": "Είστε βέβαιοι; Αυτή η ενέργεια θα επαναφέρει το προηγούμενο πρόγραμμα τιμολόγησης.",
  "Are you sure? This will take effect at the end of the current billing cycle": "Είστε βέβαιοι; Θα εφαρμοστεί στο τέλος του τρέχοντος κύκλου τιμολόγησης.",
  "Asia Pacific": "Ασία-Ειρηνικός",
  "Assign Users": "Εκχώρηση σε χρήστες",
  "Assigned": "Εκχωρήθηκε",
  "Assigned to": "Ανάθεση σε",
  "Assigned To Me": "Ανατέθηκαν σε εμένα",
  "Assigned Users that will be added to the Destination Board": "Αντιστοιχισμένοι χρήστες θα προστεθούν στον πίνακα προορισμού",
  "Assignees": "Ανάδοχοι",
  "Assignments": "Αναθέσεις",
  "Attach": "Επισύναψη",
  "Attachments": "Συνημμένα",
  "Auth0 url": "Διεύθυνση URL Auth0",
  "Authentication Clients": "Προγράμματα-πελάτες ταυτοποίησης",
  "Author": "Συντάκτης",
  "author": "συντάκτης",
  "awaiting acceptance": "αναμονή αποδοχής",
  "Back": "Πίσω",
  "Back to Boards": "Επιστροφή στους Πίνακες δημοσιεύσεων",
  "Back to Colour Selection": "Επιστροφή στην επιλογή χρώματος",
  "Bad Request": "Μη έγκυρη αίτηση",
  "Best viewed in fullscreen": "Βέλτιστη προβολή σε πλήρη οθόνη",
  "Billing Cycle": "Κύκλος τιμολόγησης",
  "Billing period: {{interval}}": "Περίοδος τιμολόγησης: {{interval}}",
  "Blank": "Κενό",
  "Board": "Πίνακας δημοσιεύσεων",
  "Board Archive": "Αρχειοθέτηση πίνακα δημοσιεύσεων",
  "Board Labels": "Ετικέτες πίνακα δημοσιεύσεων",
  "Board Members": "Μέλη πίνακα",
  "Board Name": "Όνομα πίνακα δημοσιεύσεων",
  "Boards": "Πίνακες δημοσιεύσεων",
  "Boards linked directly to this user": "Πίνακες δημοσιεύσεων διασυνδεδεμένοι απευθείας με αυτόν τον χρήστη",
  "Boards linked through group membership": "Πίνακες δημοσιεύσεων διασυνδεδεμένοι μέσω συμμετοχής σε ομάδα",
  "Boards premium preview": "Προεπισκόπηση Premium πινάκων δημοσιεύσεων",
  "Bookmarks": "Σελιδοδείκτες",
  "Buy Licence": "Αγορά άδειας χρήσης",
  "Buy Online": "Αγορά online",
  "by": "από",
  "Cancel": "Ακύρωση",
  "Cancel Licence": "Ακύρωση άδειας χρήσης",
  "Cancelled": "Ακυρώθηκε",
  "Cannot Leave Board": "Δεν είναι δυνατή η αποχώρηση από πίνακα δημοσιεύσεων",
  "Card Name": "Όνομα κάρτας",
  "Card Number": "Αριθμός κάρτας",
  "Cards": "Κάρτες",
  "Central Europe": "Κεντρική Ευρώπη",
  "Choose a board": "Επιλέξτε πίνακα δημοσιεύσεων",
  "Choose a Template": "Επιλογή προτύπου",
  "Classic": "Κλασική",
  "Clear Search": "Εκκαθάριση αναζήτησης",
  "Clear Selected": "Εκκαθάριση επιλεγμένων",
  "Clear Selected Filters": "Εκκαθάριση επιλεγμένων φίλτρων",
  "Click for details": "Πατήστε εδώ για λεπτομέρειες",
  "Click for more information about approving advanced features": "Πατήστε για περισσότερες πληροφορίες σχετικά με την έγκριση προηγμένων δυνατοτήτων",
  "Click here": "Πατήστε εδώ",
  "Click here for details": "Πατήστε εδώ για λεπτομέρειες",
  "Click here for details.": "Πατήστε εδώ για λεπτομέρειες.",
  "Click here to buy a licence online or get a quote": "Πατήστε εδώ για να αγοράσετε μια άδεια χρήσης διαδικτυακά ή για να λάβετε μια προσφορά",
  "Click here to start a 30 day free trial for your organisation. Contact support for trials with more users.": "Πατήστε εδώ για να ξεκινήσετε χωρίς χρέωση μια δοκιμαστική περίοδο 30 ημερών για τον οργανισμό σας. Επικοινωνήστε με την υπηρεσία υποστήριξης για συνδρομές δοκιμής με περισσότερους χρήστες.",
  "Click to see more details": "Πατήστε για να δείτε περισσότερες λεπτομέρειες",
  "Client": "Πρόγραμμα-πελάτης",
  "Clients": "Προγράμματα-πελάτες",
  "Close": "Κλείσιμο",
  "Close Activity After Import": "Κλείσιμο δραστηριότητας μετά την εισαγωγή",
  "Close Board Menu": "Κλείσιμο μενού Πίνακας",
  "Close the activity after the import has completed successfully. You can still access it through 'Trash'": "Κλείστε τη δραστηριότητα μετά την επιτυχή ολοκλήρωση της εισαγωγής. Μπορείτε ακόμα να έχετε πρόσβαση σε αυτήν μέσω του κάδου ανακύκλωσης",
  "Closed": "Κλειστή",
  "Collaborate on projects involving different departments": "Συνεργασία σε έργα με διάφορα τμήματα",
  "Collapse": "Σύμπτυξη",
  "Colour": "Χρώμα",
  "Colour Labels": "Ετικέτες χρωμάτων",
  "Colour-Tags": "Προσδιοριστικά χρωμάτων",
  "Colours": "Χρώματα",
  "Column View": "Προβολή στήλης",
  "Comments": "Σχόλια",
  "Community Activities": "Δραστηριότητες κοινότητας",
  "Community Templates": "Πρότυπα κοινότητας",
  "Complete Todos": "Ολοκληρωμένες εκκρεμείς εργασίες",
  "Completed": "Ολοκληρωμένες",
  "Configuration": "Παραμετροποίηση",
  "Confirm": "Επιβεβαίωση",
  "Confirmation Required": "Απαιτείται επιβεβαίωση",
  "Connections Cloud session expired. Click here to validate.": "Η συνεδρία του Connections Cloud έχει λήξει. Πατήστε εδώ για επικύρωση.",
  "Connections On-Premise": "Connections στο τοπικό περιβάλλον",
  "Connections URL": "Διεύθυνση URL του Connections",
  "Contact Email": "Διεύθυνση e-mail υπεύθυνου επικοινωνίας",
  "Contact Name": "Όνομα επαφής",
  "Contact Support": "Επικοινωνία με την υπηρεσία υποστήριξης",
  "Contact your System Administrator for more information or email us at": "Για περισσότερες πληροφορίες επικοινωνήστε με τον διαχειριστή συστήματός σας ή στείλτε μας e-mail στη διεύθυνση",
  "Content": "Περιεχόμενο",
  "Continue": "Συνέχιση",
  "Continue Without Transferring": "Συνέχιση χωρίς μεταφορά",
  "Convert into Entry": "Μετατροπή σε καταχώρηση",
  "Convert into Todo": "Μετατροπή σε εκκρεμή εργασία",
  "Copy embed code": "Αντιγραφή ενσωματωμένου κώδικα",
  "Copy embed code to clipboard": "Αντιγραφή ενσωματωμένου κώδικα στο πρόχειρο",
  "Create": "Δημιουργία",
  "Create a new board": "Δημιουργία νέου πίνακα δημοσιεύσεων",
  "Create Board": "Δημιουργία πίνακα δημοσιεύσεων",
  "Create Board from Template": "Δημιουργία πίνακα δημοσιεύσεων από πρότυπο",
  "Create Boards for anything, manage your workflow, and streamline processes with template creation.": "Δημιουργήστε πίνακες δημοσιεύσεων για οποιονδήποτε λόγο, διαχειριστείτε τη ροή εργασιών σας και βελτιώστε διεργασίες με δημιουργία προτύπων.",
  "Create card": "Δημιουργία κάρτας",
  "Create Copy": "Δημιουργία αντιγράφου",
  "Create Link to Board": "Δημιουργία διασύνδεσης με τον πίνακα δημοσιεύσεων",
  "Create Template": "Δημιουργία προτύπου",
  "Create Template from Board": "Δημιουργία προτύπου από τον πίνακα δημοσιεύσεων",
  "Create your own structure for organising projects, workflows, ideas and more!": "Δημιουργήστε τη δική σας δομή για την οργάνωση έργων, ροών εργασιών, ιδεών και πολλών άλλων!",
  "Create {{numCards}} cards?": "Να δημιουργηθούν {{numCards}} κάρτες;",
  "Create {{numCards}} lists?": "Να δημιουργηθούν {{numCards}} λίστες;",
  "Created": "Δημιουργήθηκε",
  "Created By Me": "Δημιουργήθηκαν από εμένα",
  "Created {{ date }}": "Δημιουργήθηκε: {{ date }}",
  "Created: {{date}}": "Δημιουργήθηκε: {{date}}",
  "Credit Card Ending in {{last4}}": "Πιστωτική κάρτα που λήγει σε {{last4}}",
  "Current Account:": "Τρέχων λογαριασμός:",
  "Currently the ability to search for groups in {{provider}} is not available until an administrator grants permissions for your organisation. ": "Η δυνατότητα αναζήτησης ομάδων στον πάροχο {{provider}} δεν είναι διαθέσιμη μέχρι ο διαχειριστής να χορηγήσει δικαιώματα για τον οργανισμό σας. ",
  "Curve": "Καμπύλη",
  "Custom Fields": "Προσαρμοσμένα πεδία",
  "Customer ID": "Ταυτότητα πελάτη",
  "CVC": "CVC",
  "Date": "Ημερομηνία",
  "Decisions": "Αποφάσεις",
  "Default templates to exclude": "Προεπιλεγμένα πρότυπα για εξαίρεση",
  "Delete": "Διαγραφή",
  "Delete Board": "Διαγραφή πίνακα δημοσιεύσεων",
  "Delete Card": "Διαγραφή κάρτας",
  "Delete Comment": "Διαγραφή σχολίου",
  "Delete File": "Διαγραφή αρχείου",
  "Delete items": "Διαγραφή στοιχείων",
  "Delete Label": "Διαγραφή ετικέτας",
  "Delete Link": "Διαγραφή διασύνδεσης",
  "Delete List": "Διαγραφή λίστας",
  "Delete mode": "Διαγραφή λειτουργίας",
  "Delete Selected Items": "Διαγραφή επιλεγμένων στοιχείων",
  "Deleted": "Διαγράφηκε",
  "Deleting": "Διαγραφή",
  "Departments": "Τμήματα",
  "Description": "Περιγραφή",
  "Description (optional)": "Περιγραφή (προαιρετικά)",
  "Details": "Λεπτομέρειες",
  "Direct Order via ISW": "Άμεση παραγγελία μέσω ISW",
  "Discount": "Έκπτωση",
  "Discount Code (optional)": "Κωδικός έκπτωσης (προαιρετικό)",
  "Discount: {{discount}}": "Έκπτωση: {{discount}}",
  "Display an existing board": "Εμφάνιση υπάρχοντος πίνακα δημοσιεύσεων",
  "Documentation": "Τεκμηρίωση",
  "Doing": "Εκτέλεση",
  "Done": "Ολοκλήρωση",
  "Done ({{num}})": "Ολοκληρώθηκε ({{num}})",
  "Download": "Μεταφόρτωση",
  "Download file": "Κατέβασμα αρχείου",
  "Drop file here to save": "Εναπόθεση αρχείου εδώ για αποθήκευση",
  "Due": "Λήξη προθεσμίας",
  "Due Date": "Λήξη προθεσμίας",
  "Due date": "Λήξη προθεσμίας",
  "Earliest Licence Expired on": "Η αρχική άδεια χρήσης έληξε στις",
  "Earliest Upcoming Expiry": "Νωρίτερη επόμενη λήξη",
  "Edit": "Τροποποίηση",
  "Edit Board Colour Labels": "Τροποποίηση ετικετών χρωμάτων πίνακα δημοσιεύσεων",
  "Edit Client": "Τροποποίηση προγράμματος-πελάτη",
  "Edit Client Licence": "Επεξεργασία άδειας χρήσης προγράμματος-πελάτη",
  "Edit Colour Labels": "Επεξεργασία ετικετών χρωμάτων",
  "Edit Comment": "Τροποποίηση σχολίου",
  "Edit Description": "Τροποποίηση περιγραφής",
  "Edit Filename": "Τροποποίηση ονόματος αρχείου",
  "Edit Label": "Επεξεργασία ετικέτας",
  "Edit label": "Επεξεργασία ετικέτας",
  "Edit Licence": "Επεξεργασία άδειας χρήσης",
  "Edit Link": "Τροποποίηση διασύνδεσης",
  "Edit name": "Τροποποίηση ονόματος",
  "Edit Tile Colour Labels": "Επεξεργασία ετικετών χρωμάτων πλακιδίων",
  "Edit User Licence": "Επεξεργασία άδειας χρήσης",
  "Edited": "Τροποποιήθηκε",
  "Editor": "Επιμελητής",
  "editor": "επιμελητής",
  "Email": "E-mail",
  "Email Address": "Διεύθυνση e-mail",
  "Email address is required": "Απαιτείται διεύθυνση e-mail",
  "Email addresses to copy invoices to": "Διευθύνσεις e-mail για την αντιγραφή τιμολογίων σε",
  "Email addresses to copy quote to": "Διευθύνσεις e-mail για την αντιγραφή προσφοράς σε",
  "Email Us": "Στείλτε μας μήνυμα e-mail",
  "Embed code copied to clipboard": "Ο ενσωματωμένος κώδικας αντιγράφηκε στο πρόχειρο",
  "Empty Lists": "Κενές λίστες",
  "empty name": "κενό όνομα",
  "Enable Boards File Uploads": "Ενεργοποίηση μεταφορτώσεων αρχείων πινάκων δημοσιεύσεων",
  "Enabled": "Ενεργοποιημένη",
  "End Date": "Ημερομηνία λήξης",
  "Ending Balance": "Τελικό υπόλοιπο",
  "Enter a title for the link (Optional)": "Καταχωρήστε έναν τίτλο για τη διασύνδεση (προαιρετικό)",
  "Enter an email address": "Καταχωρήστε μια διεύθυνση e-mail.",
  "Enter Label": "Καταχώρηση ετικέτας",
  "Enter label name": "Καταχώρηση ονόματος ετικέτας",
  "Enter New Name": "Καταχώρηση νέου ονόματος",
  "Enter Text": "Καταχώρηση κειμένου",
  "Entry": "Καταχώρηση",
  "Error": "Σφάλμα",
  "Error creating board": "Παρουσιάστηκε σφάλμα κατά τη δημιουργία του πίνακα δημοσιεύσεων",
  "Error processing quote request. Please email sales@kudosbadges.com": "Σφάλμα κατά την επεξεργασία αίτησης προσφοράς. Στείλετε μήνυμα e-mail στη διεύθυνση sales@kudosbadges.com",
  "Error processing your request": "Σφάλμα κατά την επεξεργασία της αίτησής σας",
  "Error starting trial": "Σφάλμα κατά την έναρξη της δοκιμαστικής χρήσης",
  "Error uploading file": "Σφάλμα κατά τη μεταφόρτωση αρχείου",
  "Error: an unknown error occurred - cannot move": "Σφάλμα: Παρουσιάστηκε άγνωστο σφάλμα - δεν είναι δυνατή η μεταφορά",
  "Error: you are not authorised to add content to this board": "Σφάλμα: Δεν έχετε εξουσιοδότηση να προσθέσετε περιεχόμενο σε αυτόν τον πίνακα δημοσιεύσεων",
  "Existing Kudos Partner (optional)": "Υπάρχων συνεργάτης Kudos (προαιρετικό)",
  "Existing Login Detected": "Εντοπίστηκε υπάρχουσα σύνδεση",
  "Existing Tab": "Υπάρχουσα καρτέλα",
  "Expand": "Ανάπτυξη",
  "Expand/Collapse": "Ανάπτυξη/Σύμπτυξη",
  "Expand/Collapse All Lists": "Ανάπτυξη/Σύμπτυξη όλων των λιστών",
  "Expired": "Έληξε",
  "Expires": "Λήξη",
  "Expires: {{date}}": "Λήξη: {{date}}",
  "Expires: {{{date}}}": "Λήξη: {{{date}}}",
  "Expiry": "Λήξη",
  "Expiry Date": "Ημερομηνία λήξης",
  "Explore the Template Library": "Εξερεύνηση της βιβλιοθήκης προτύπων",
  "Extend": "Παράταση",
  "ExternalId": "ExternalId",
  "Fields": "Πεδία",
  "Filter Activities to migrate": "Φιλτράρισμα δραστηριοτήτων για μετάβαση",
  "Finance": "Οικονομικά",
  "Find a Group": "Εύρεση ομάδας",
  "Find a User": "Εύρεση χρήστη",
  "Finding your Connections Cloud Organisation...": "Εύρεση του οργανισμού σας στο Connections Cloud...",
  "Free": "Δωρεάν",
  "Free Trial": "Δωρεάν δοκιμαστική χρήση",
  "Friday": "Παρασκευή",
  "From Provider": "Από πάροχο:",
  "Functionality is currently limited.": "Η λειτουργικότητα είναι περιορισμένη.",
  "Furthest Upcoming Expiry": "Η πιο μακρινή ημερομηνία λήξης",
  "Future": "Μελλοντική",
  "General": "Γενικά",
  "Get a Licence Quote": "Λήψη προσφοράς άδειας χρήσης",
  "Get a Quote": "Λήψη προσφοράς",
  "Give users the ability to invite external users to a Board by email address": "Δώστε στους χρήστες τη δυνατότητα να προσκαλέσουν εξωτερικούς χρήστες σε έναν πίνακα δημοσιεύσεων μέσω διεύθυνσης e-mail",
  "Global Access": "Γενική πρόσβαση",
  "Global OAuth": "Γενικό OAuth",
  "Go to licence": "Μετάβαση σε άδεια χρήσης",
  "Go to Today": "Μετάβαση στη σημερινή ημέρα",
  "Goals": "Στόχοι",
  "Group": "Ομάδα",
  "Group Boards": "Πίνακες δημοσιεύσεων ομάδας",
  "Group By": "Ομαδοποίηση κατά",
  "Group Owners: Owners of this Board.</br>Group Members: Authors of this Board": "Κάτοχοι ομάδας: Κάτοχοι αυτού του πίνακα δημοσιεύσεων.</br>Μέλη ομάδας: Συντάκτες αυτού του πίνακα δημοσιεύσεων",
  "Groups": "Ομάδες",
  "Help": "Βοήθεια",
  "Hide": "Απόκρυψη",
  "Hide Completed Todos": "Απόκρυψη ολοκληρωμένων εκκρεμών εργασιών",
  "Hide Dates": "Απόκρυψη ημερομηνιών",
  "Horizontal": "Οριζόντια",
  "How would you like to proceed?": "Με ποιον τρόπο θέλετε να συνεχίσετε;",
  "HR": "ΩΡΑ",
  "I accept the above Terms & Conditions": "Αποδέχομαι τους παραπάνω Όρους & Προϋποθέσεις",
  "I accept the terms of service": "Αποδέχομαι τους όρους της υπηρεσίας",
  "ID": "Ταυτότητα",
  "If this setting is switched off, cards are created as entries on enter press.": "Αν αυτή η ρύθμιση είναι απενεργοποιημένη, οι κάρτες δημιουργούνται ως καταχωρίσεις με το πάτημα του Enter.",
  "Ignore Completed": "Παράβλεψη ολοκληρωμένων",
  "Ignore Deleted": "Παράβλεψη διαγραμμένων",
  "Ignore Templates": "Παράβλεψη προτύπων",
  "Import": "Εισαγωγή",
  "Import an Activity": "Εισαγωγή μιας δραστηριότητας",
  "Import an Activity Template": "Εισαγωγή προτύπου δραστηριοτήτων",
  "Import from Activities": "Εισαγωγή από την εφαρμογή Δραστηριότητες",
  "Import From Activities": "Εισαγωγή από την εφαρμογή Δραστηριότητες",
  "In a Group": "Σε μια ομάδα",
  "Include email body in description": "Να συμπεριλαμβάνεται το κείμενο μηνύματος e-mail στην περιγραφή",
  "Inherit": "Χρήση",
  "Inherit from Group": "Χρήση από ομάδα",
  "Inherited from Group": "Χρησιμοποιήθηκε από ομάδα",
  "Integration Env": "Env ενοποίησης",
  "Internal server error": "Εσωτερικό σφάλμα εξυπηρετητή",
  "Invitation sent to": "Η πρόσκληση εστάλη σε",
  "Invite": "Πρόσκληση",
  "Invite by Email": "Πρόσκληση μέσω e-mail",
  "Invite sent on": "Η πρόσκληση εστάλη στις",
  "Invoice": "Τιμολόγιο",
  "Invoice Details": "Λεπτομέρειες τιμολογίου",
  "Invoices": "Τιμολόγια",
  "Invoices for": "Τιμολόγια για",
  "Is Enabled": "Έχει ενεργοποιηθεί",
  "Is Trial": "είναι δοκιμαστική χρήση",
  "IT": "IT",
  "It is valid until {{expiry}}.": "Ισχύει μέχρι {{expiry}}.",
  "Items": "Στοιχεία",
  "Join Workspace Meetings": "Σύνδεση σε συσκέψεις χώρου εργασίας",
  "Kanban": "Kanban",
  "Kanban View": "Προβολή Kanban",
  "Kudos Boards": "Kudos Boards",
  "Kudos Boards - Terms & Conditions": "Kudos Boards - Όροι & Προϋποθέσεις",
  "Kudos Boards API": "Kudos Boards API",
  "Kudos Boards cannot be added as a tab until an administrator approves required functionality": "Το Kudos Boards δεν μπορεί να προστεθεί ως καρτέλα μέχρι ένας διαχειριστής να εγκρίνει τις απαραίτητες λειτουργίες",
  "Kudos Boards has been updated in the background. Please reload the app!": "Το Kudos Boards ενημερώθηκε στο παρασκήνιο. Επαναφορτώστε την εφαρμογή!",
  "Kudos Partner Reference Code (optional)": "Κωδικός αναφοράς συνεργάτη Kudos (προαιρετικό)",
  "Kudos Team Name": "Όνομα ομάδας Kudos",
  "Label deleted": "Η ετικέτα διαγράφηκε",
  "Labels": "Ετικέτες",
  "Last Accessed": "Τελευταία πρόσβαση",
  "Last Licence Expired on": "Η τελευταία άδεια χρήσης έληξε στις",
  "Later This Month": "Αργότερα αυτό το μήνα",
  "Later This Week": "Αργότερα αυτήν την εβδομάδα",
  "Layout": "Διάταξη",
  "Leave Board": "Αποχώρηση από πίνακα δημοσιεύσεων",
  "Licence Assigned": "Η άδεια χρήσης έχει ανατεθεί",
  "Licence Details": "Λεπτομέρειες άδειας χρήσης",
  "Licence expired": "Η άδεια χρήσης έληξε",
  "Licence Type": "Τύπος άδειας χρήσης",
  "Licences": "Άδειες χρήσης",
  "Licenses": "Άδειες χρήσης",
  "Licensing": "Χορήγηση αδειών χρήσης",
  "Limit": "Όριο",
  "Line": "Γραμμή",
  "Line Items": "Στοιχεία γραμμής",
  "Lines in file:": "Γραμμές σε αρχείο:",
  "Link": "Διασύνδεση",
  "Link Accounts": "Διασύνδεση λογαριασμών",
  "Link another account": "Διασύνδεση άλλου λογαριασμού",
  "Link another Kudos Boards account": "Διασύνδεση άλλου λογαριασμού του Kudos Boards",
  "Link Exists": "Η διασύνδεση υπάρχει",
  "Link to Board": "Διασύνδεση με τον πίνακα δημοσιεύσεων",
  "Link to Card, List or Board": "Διασύνδεση με κάρτα, λίστα ή πίνακα ανακοινώσεων",
  "Link to File": "Διασύνδεση με αρχείο",
  "Link to Folder": "Διασύνδεση με φάκελο",
  "Link {{provider}} with the current account": "Διασύνδεση {{provider}} με τον τρέχοντα λογαριασμό",
  "Linked Accounts": "Διασυνδεδεμένοι λογαριασμοί",
  "Linked Groups": "Διασυνδεδεμένες ομάδες",
  "Links": "Διασυνδέσεις",
  "Links & Attachments": "Διασυνδέσεις & συνημμένα",
  "List": "Λίστα",
  "List all Boards": "Εμφάνιση όλων των πινάκων δημοσιεύσεων",
  "List Name": "Όνομα λίστας",
  "List View": "Προβολή λίστας",
  "Lists": "Λίστες",
  "Lite": "Lite",
  "Local": "Τοπική",
  "Logging in, please wait...": "Σύνδεση σε εξέλιξη, περιμένετε...",
  "Login": "Σύνδεση",
  "Logout": "Αποσύνδεση",
  "Look in": "Αναζήτηση σε",
  "Make the most of your Kudos Boards Premium Preview": "Αξιοποιήστε πλήρως την προεπισκόπηση Premium του Kudos Boards",
  "Manage Org": "Διαχείριση οργανισμού",
  "Manage Payments": "Διαχείριση πληρωμών",
  "Mark Board as Complete": "Σημείωση πίνακα δημοσιεύσεων ως ολοκληρωμένου",
  "Mark Board as Incomplete": "Σημείωση πίνακα δημοσιεύσεων ως μη ολοκληρωμένου",
  "Mark Complete": "Σημείωση ως ολοκληρωμένης",
  "Mark Incomplete": "Σημείωση ως μη ολοκληρωμένης",
  "Marketing": "Μάρκετινγκ",
  "Match All Filters": "Αντιστοίχιση με όλα τα φίλτρα",
  "Meeting": "Σύσκεψη",
  "Members": "Μέλη",
  "Merge": "Συγχώνευση",
  "Microsoft Office365": "Microsoft Office365",
  "Migrate ALL ({{num}})": "Μετάβαση ΟΛΩΝ ({{num}})",
  "Migrate Selected ({{num}})": "Μετάβαση επιλεγμένων ({{num}})",
  "Mind Map": "Mind Map",
  "MindMap": "Mindmap",
  "Mindmap": "Mindmap",
  "Mindmap View": "Προβολή Mindmap",
  "Minimum number of users for the selected licence type is {{minimumSeats}}": "Ο ελάχιστος αριθμός χρηστών για τον επιλεγμένο τύπο άδειας χρήσης είναι {{minimumSeats}}",
  "Mirror": "Είδωλο κατοπτρισμού",
  "Modified": "Τροποποίηση",
  "Modify": "Τροποποίηση",
  "Modify Licence": "Τροποποίηση άδειας χρήσης",
  "Monday": "Δευτέρα",
  "monthly": "κάθε μήνα",
  "Monthly": "Κάθε μήνα",
  "More": "Περισσότερα",
  "Move": "Μεταφορά",
  "Move and Open": "Μεταφορά και άνοιγμα",
  "Move Card": "Μεταφορά κάρτας",
  "Move List": "Μεταφορά λίστας",
  "Move To Another Board": "Μεταφορά σε άλλον πίνακα δημοσιεύσεων",
  "Move to another list or parent card": "Μεταφορά σε άλλη λίστα ή γονική κάρτα",
  "My": "Δικές μου",
  "My Account": "Ο λογαριασμός μου",
  "My Activities": "Οι δραστηριότητές μου",
  "My Boards": "Οι πίνακές μου",
  "My Subscriptions": "Οι συνδρομές μου",
  "My Templates": "Τα πρότυπά μου",
  "My Todos": "Οι εκκρεμείς μου εργασίες",
  "Name": "Όνομα",
  "Name on Card": "Όνομα στην κάρτα",
  "Named Users": "Χρήστες με ονόματα",
  "Named Users Licence": "Άδεια χρήσης επώνυμων χρηστών",
  "Never": "Ποτέ",
  "New Board": "Νέος πίνακας δημοσιεύσεων",
  "New card created, however the search filter currently applied is preventing it from being displayed": "Δημιουργήθηκε νέα κάρτα. Ωστόσο, το εφαρμοζόμενο φιλτράρισμα αναζήτησης εμποδίζει την εμφάνισή της",
  "New cards created as tasks on enter key press": "Νέες κάρτες δημιουργούνται ως εργασίες με το πάτημα του πλήκτρο Enter",
  "New Client": "Νέο πρόγραμμα-πελάτης",
  "New Client Licence": "Νέα άδεια χρήση προγράμματος-πελάτη",
  "New Credit Card": "Νέα πιστωτική κάρτα",
  "New Label": "Νέα ετικέτα",
  "New Label Text": "Κείμενο νέας ετικέτας",
  "New Licence": "Νέα άδεια χρήσης",
  "New Since Last Week": "Νέα από την προηγούμενη εβδομάδα",
  "New Sub-Card": "Νέα υποκάρτα",
  "New Tab": "Νέα καρτέλα",
  "New Template": "Νέο πρότυπο",
  "New User Licence": "Άδεια χρήσης νέου χρήστη",
  "Next": "Επόμενο",
  "Next Invoice Amount: {{nextAmount}}": "Ποσό επόμενου τιμολογίου: {{nextAmount}}",
  "Next Invoice Date: {{date}}": "Ημερομηνία επόμενου τιμολογίου: {{date}}",
  "Next Payment": "Επόμενη πληρωμή",
  "Next Payment Attempt": "Προσπάθεια επόμενης πληρωμής",
  "Next Payment: {{{date}}}": "Επόμενη πληρωμή: {{{date}}}",
  "Next Week": "Επόμενη εβδομάδα",
  "No": "Όχι",
  "No action available": "Δεν υπάρχει ενέργεια",
  "No Active Meetings found. Click below to go to a Workspace": "Δεν βρέθηκαν ενεργές συσκέψεις. Πατήστε παρακάτω για να μεταβείτε σε έναν χώρο εργασίας",
  "No Activities found": "Δεν βρέθηκαν δραστηριότητες",
  "No Archived items to show": "Δεν υπάρχουν αρχειοθετημένα στοιχεία για εμφάνιση",
  "No Assignment": "Χωρίς αντιστοίχιση",
  "No boards found for this group": "Δεν βρέθηκαν πίνακες δημοσιεύσεων για αυτήν την ομάδα",
  "No Boards found.": "Δεν βρέθηκαν πίνακες δημοσιεύσεων",
  "No boards yet, please create one first": "Δεν υπάρχουν ακόμα πίνακες δημοσιεύσεων. Δημιουργήστε πρώτα έναν πίνακα",
  "No clients found": "Δεν βρέθηκαν προγράμματα-πελάτες",
  "No Colour": "Δεν υπάρχει χρώμα",
  "No Date": "Χωρίς ημερομηνία",
  "No files found": "Δεν βρέθηκαν αρχεία",
  "No folders found": "Δεν βρέθηκαν φάκελοι",
  "No Group": "Καμία ομάδα",
  "No invoices to display": "Δεν υπάρχουν τιμολόγια για εμφάνιση",
  "No items were selected": "Δεν επιλέχθηκαν στοιχεία",
  "No Label": "Καμία ετικέτα",
  "No label": "Καμία ετικέτα",
  "No labels defined": "Δεν έχουν οριστεί ετικέτες",
  "No licences available. Functionality will be limited for new users.": "Δεν υπάρχουν διαθέσιμες άδειες χρήσης. Οι λειτουργίες θα είναι περιορισμένες για τους νέους χρήστες.",
  "No licences found": "Δεν βρέθηκαν άδειες χρήσης",
  "No licences to show": "Δεν υπάρχουν άδειες χρήσης για εμφάνιση",
  "No organisations found": "Δεν βρέθηκαν οργανισμοί",
  "No pinned boards": "Δεν υπάρχουν καρφιτσωμένοι πίνακες δημοσιεύσεων",
  "No Pinned Boards found.": "Δεν βρέθηκαν καρφιτσωμένοι πίνακες δημοσιεύσεων",
  "No Recent Boards found.": "Δεν βρέθηκαν πρόσφατοι πίνακες δημοσιεύσεων",
  "No user trials found": "Δεν βρέθηκαν συνδρομές δοκιμής χρήστη",
  "No users found": "Δεν βρέθηκαν χρήστες",
  "No users to show": "Δεν υπάρχουν χρήστες για εμφάνιση",
  "None": "Χωρίς",
  "North America": "Βόρεια Αμερική",
  "Not Licensed": "Δεν έχει άδεια χρήσης",
  "Not Supported": "Δεν υποστηρίζεται",
  "Note that file security is managed by {{provider}}, not by Kudos Boards": "Λάβετε υπόψη ότι διαχείριση της ασφάλειας αρχείων γίνεται από τον πάροχο {{provider}} και όχι από το Kudos Boards",
  "Nothing to show": "Δεν εμφανίζεται τίποτα",
  "Number of Attempts": "Αριθμός προσπαθειών",
  "Number of cards": "Αριθμός καρτών",
  "Number of Expired Licences": "Αριθμός αδειών χρήσης που έχουν λήξει",
  "Number of Users": "Αριθμός χρηστών",
  "Number of Valid Licences": "Αριθμός έγκυρων αδειών χρήης",
  "oAuth Client ID": "Ταυτότητα προγράμματος-πελάτη oAuth",
  "OAuth Client ID": "Ταυτότητα προγράμματος-πελάτη OAuth",
  "OAuth Client Secret": "Κρυπτογράφηση προγράμματος-πελάτη OAuth",
  "oAuth Client Secret": "Κρυπτογράφηση προγράμματος-πελάτη oAuth",
  "ok": "OK",
  "OK": "OK",
  "Only Entries": "Μόνο καταχωρήσεις",
  "Only the members of this board will be able to see and access this board.": "Μόνο τα μέλη αυτού του πίνακα δημοσιεύσεων θα μπορούν να δουν και να έχουν πρόσβαση σε αυτόν τον πίνακα.",
  "Only Todos": "Μόνο εκκρεμείς εργασίες",
  "Open": "Άνοιγμα",
  "Open Board Options": "Άνοιγμα επιλογών πίνακα δημοσιεύσεων",
  "Open Boards in:": "Άνοιγμα πινάκων δημοσιεύσεων σε:",
  "Open in Boards": "Άνογμα σε πίνακες δημοσιεύσεων",
  "Open Licence": "Άνοιγμα άδεια χρήσης",
  "Open this board": "Άνοιγμα αυτού του πίνακα",
  "Opt in below to receive tips and tricks from the Kudos Boards team to make the most of your premium preview.": "Επιλέξτε παρακάτω για να λαμβάνετε συμβουλές και υποδείξεις από την ομάδα του Kudos Boards ώστε να αξιοποιήσετε πλήρως την προβολή Premium.",
  "Order": "Σειρά",
  "Order Summary": "Σύνοψη παραγγελίας",
  "Order via ISW Partner": "Παραγγελία μέσω συνεργάτη ISW",
  "Org Administration": "Διαχείριση οργανισμού",
  "Organisation": "Οργανισμός",
  "Organisation Name": "Όνομα οργανισμού",
  "Organisations": "Οργανισμοί",
  "Organise any project productively using the classic Todo, Doing, Done methodology": "Οργανώστε οποιοδήποτε έργο παραγωγικά με την κλασική μεθοδολογία Εκκρεμής εργασία, Εκτέλεση, Ολοκλήρωση",
  "Our Terms & Conditions have changed": "Οι Όροι & Προϋποθέσεις μας έχουν αλλάξει",
  "Overdue": "Εκπρόθεσμες",
  "owner": "κάτοχος",
  "Owner": "Κάτοχος",
  "Owners": "Κάτοχοι",
  "Page Not Found": "Η σελίδα δεν βρέθηκε",
  "Paid": "Πληρώθηκε",
  "Paste link or drop file to upload": "Επικόλληση διασύνδεσης ή απόθεση αρχείου για μεταφόρτωση",
  "Payment Method": "Μέθοδος πληρωμής",
  "Period": "Τελεία",
  "Person": "Πρόσωπο",
  "Pin Board": "Καρφίτσωμα πίνακα δημοσιεύσεων",
  "Pinned": "Καρφιτσωμένοι",
  "Pinned Boards": "Καρφιτσωμένοι Πίνακες Δημοσιεύσεων",
  "Pinned boards": "Καρφιτσωμένοι πίνακες δημοσιεύσεων",
  "Plan and collaborate on tasks on a weekly basis": "Προγραμματισμός και συνεργασία σε εργασίες σε εβδομαδιαία βάση",
  "Please approve the Kudos Boards app to allow it to be added as a tab.": "Εγκρίνετε την εφαρμογή Kudos Boards για να μπορέσει να προστεθεί ως καρτέλα.",
  "Please approve the Kudos Boards app to use advanced features.": "Εγκρίνετε την εφαρμογή Kudos Boards για να χρησιμοποιείτε προηγμένες λειτουργίες.",
  "Please contact your Administrator": "Επικοινωνήστε με τον διαχειριστή του συστήματος.",
  "Please contact your IBM Connections Admin to purchase a licence.": "Επικοινωνήστε με τον διαχειριστή του IBM Connections για να αγοράσετε μια άδεια χρήσης.",
  "Please ensure you login with the same Office 365 user account as you are using in Microsoft Teams": "Πρέπει να συνδεθείτε με τον ίδιο λογαριασμό χρήστη Office 365 που χρησιμοποιείτε στο Microsoft Teams",
  "Please enter a board name": "Καταχωρήστε ένα όνομα πίνακα δημοσιεύσεων",
  "Please enter a valid email address": "Καταχωρήστε μια έγκυρη διεύθυνση e-mail",
  "Please enter a valid URL": "Καταχωρήστε μια έγκυρη διεύθυνση URL",
  "Please enter the number of users in your Connections Cloud Organisation": "Εισαγάγετε τον αριθμό των χρηστών του οργανισμού σας στο Connections Cloud",
  "Please enter the number of users you wish to name under this licence": "Εισαγάγετε τον αριθμό των χρηστών που θέλετε να κατονομάσετε σε αυτήν την άδεια χρήσης",
  "Please read our Terms & Conditions": "Διαβάστε τους Όρους και Προϋποθέσεις μας",
  "Please reload the page and try again, if this issue persists please let us know": "Επαναφορτώστε τη σελίδα και προσπαθήστε ξανά. Αν το πρόβλημα παραμένει, ενημερώστε μας",
  "Please review your licences here": "Διαβάστε εδώ τις άδειες χρήσης",
  "Please see the <a href='{{url}}'>new board</a>": "Ανατρέξτε στον <a href='{{url}}'>νέο πίνακα δημοσιεύσεων</a>",
  "Please sign in": "Συνδεθείτε",
  "Please start a trial to use Boards in your {{provider}} organisation": "Ξεκινήστε μια δοκιμαστική χρήση για να χρησιμοποιήσετε τους πίνακες δημοσιεύσεων στον οργανισμό σας {{provider}}",
  "Position": "Θέση",
  "Post": "Ανάρτηση",
  "Premium": "Premium",
  "Premium Preview Status": "Κατάσταση προεπισκόπησης Premium",
  "Preview": "Προεπισκόπηση",
  "Preview available": "Διαθέσιμη προεπισκόπηση",
  "Previous": "Προηγούμενη",
  "Pricing": "Τιμολόγηση",
  "primary": "κύρια",
  "Primary": "Κύριο",
  "Print": "Εκτύπωση",
  "Private (me only)": "Ιδιωτική (μόνο εγώ)",
  "Product Information": "Πληροφορίες προϊόντος",
  "Product Version": "Έκδοση προϊόντος",
  "Provider": "Πάροχος",
  "Provider not supported": "Ο πάροχος δεν υποστηρίζεται",
  "Public": "Δημόσια πρόσβαση",
  "Public Access": "Δημόσια πρόσβαση",
  "Public Activities": "Δημόσιες δραστηριότητες",
  "Public Boards": "Δημόσιοι πίνακες δημοσιεύσεων",
  "Public Templates": "Δημόσια πρότυπα",
  "Quarterly": "Κάθε τρίμηνο",
  "Questions": "Ερωτήσεις",
  "Quick Edit": "Γρήγορη επεξεργασία",
  "Radial": "Ακτινική",
  "RE-CENTER": "ΕΚ ΝΕΟΥ ΕΠΙΚΕΝΤΡΩΣΗ",
  "Reactivate Licence": "Επανενεργοποίηση άδειας χρήσης",
  "reader": "αναγνώστης",
  "Reader": "Αναγνώστης",
  "Recent": "Πρόσφατα",
  "Recent boards": "Πρόσφατοι πίνακες",
  "Recent Boards": "Πρόσφατοι πίνακες",
  "Recurring Amount Due: {{recurring}}": "Επαναλαμβανόμενο οφειλόμενο ποσό: {{recurring}}",
  "Redeeming Invitation...": "Ανάκτηση πρόσκλησης...",
  "Redirecting to Connections Cloud...": "Ανακατεύθυνση στο Connections Cloud...",
  "Redirecting to Watson Workspace...": "Ανακατεύθυνση στο Watson Workspace...",
  "Refresh": "Ανανέωση",
  "Region": "Περιοχή",
  "Reload": "Επαναφόρτωση",
  "Remaining ({{num}})": "Απομένουν ({{num}})",
  "Remove Admin": "Αφαίρεση διαχειριστή",
  "Remove Client": "Αφαίρεση προγράμματος πελάτη",
  "Remove Invite": "Αφαίρεση πρόσκλησης",
  "Remove Licence": "Αφαίρεση άδειας χρήσης",
  "Replace": "Αντικατάσταση",
  "Resend Invite": "Επαναποστολή πρόσκλησης",
  "Reset": "Επαναφορά",
  "Restore": "Επαναφορά",
  "Restore Card": "Επαναφορά κάρτας",
  "Restore items": "Επαναφορά στοιχείων",
  "Restore List": "Επαναφορά λίστας",
  "Restore mode": "Επαναφορά λειτουργίας",
  "Reverse": "Αντιστροφή",
  "Revoke All": "Ανάκληση όλων",
  "Revoke Licence": "Ανάκληση άδειας χρήσης",
  "Role": "Ρόλος",
  "Roles": "Ρόλοι",
  "Rows": "Γραμμές",
  "Sales": "Πωλήσεις",
  "Save": "Αποθήκευση",
  "Save card for future purchases": "Αποθήκευση κάρτας για μελλοντικές αγορές",
  "Save Changes": "Αποθήκευση αλλαγών",
  "Save link": "Αποθήκευση διασύνδεσης",
  "Scroll To": "Μετακίνηση σε",
  "Search": "Αναζήτηση",
  "Search All Templates": "Αναζήτηση σε όλα τα πρότυπα",
  "Search this view": "Αναζήτηση σε αυτήν την προβολή",
  "Search...": "Αναζήτηση...",
  "Select a Board": "Επιλέξτε πίνακα δημοσιεύσεων",
  "Select board": "Επιλέξτε πίνακα δημοσιεύσεων",
  "Select Board": "Επιλέξτε πίνακα δημοσιεύσεων",
  "Select Board Label": "Επιλέξτε ετικέτα πίνακα δημοσιεύσεων",
  "Select Card Colours": "Επιλέξτε χρώματα κάρτας",
  "Select Colour": "Επιλογή χρώματος",
  "Select Colours": "Επιλογή χρωμάτων",
  "Select Destination Board": "Δημιουργήστε διασύνδεση με πίνακα δημοσιεύσεων",
  "Select destination folder": "Επιλέξτε φάκελο προορισμού",
  "Select File": "Επιλογή αρχείου",
  "Select Folder": "Επιλογή φακέλου",
  "Select items for delete": "Επιλέξτε στοιχεία για διαγραφή",
  "Select items for restore": "Επιλέξτε στοιχεία για επαναφορά",
  "Select List or Card": "Επιλέξτε λίστα ή κάρτα",
  "Select the boards below that you would like to transfer membership over to your primary ({{toName}}) account": "Επιλέξτε παρακάτω τους πίνακες δημοσιεύσεων των οποίων την κυριότητα θέλετε να μεταφέρετε στον κύριο λογαριασμό σας ({{toName}})",
  "Selected Activity": "Επιλεγμένη δραστηριότητα",
  "Send an email notifying each member that the Activity has been migrated to a Board.": "Στείλετε ένα μήνυμα e-mail σε κάθε μέλος ενημερώνοντας ότι η δραστηριότητα έχει μεταφερθεί σε έναν πίνακα δημοσιεύσεων.",
  "Send Invitation": "Αποστολή πρόσκλησης",
  "Send Notification Email to Members": "Αποστολή e-mail ειδοποίησης στα μέλη",
  "Sending invitations": "Αποστολή προσκλήσεων",
  "Set as primary account": "Ορισμός ως κύριου λογαριασμού",
  "Set Dates": "Ορισμός ημερομηνιών",
  "Set enter key press action to create a task when creating new cards in a list.": "Ορίστε την ενέργεια πατήματος του πλήκτρου Enter, ώστε να δημιουργείται μια εργασία όταν δημιουργούνται νέες κάρτες σε μια λίστα.",
  "Setup Subscription": "Ρύθμιση συνδρομής",
  "Share with": "Κοινή χρήση με",
  "Shared by me": "Έχω διαθέσει για κοινή χρήση",
  "Shared with me": "Μου έχουν διατεθεί για κοινή χρήση",
  "Show": "Εμφάνιση",
  "Show all ancestors": "Εμφάνιση όλων των προγονικών στοιχείων",
  "Show all boards for this team": "Εμφάνιση όλων των πινάκων δημοσιεύσεων για αυτήν την ομάδα",
  "Show Board Menu": "Εμφάνιση μενού Πίνακας δημοσιεύσεων",
  "Show Filter Options": "Εμφάνιση επιλογών φιλτραρίσματος",
  "Show Less": "Εμφάνιση λιγότερων",
  "Show Licences for your organisation": "Εμφάνιση αδειών χρήσης για τον οργανισμό σας",
  "Show More": "Εμφάνιση περισσότερων",
  "Show on Card": "Εμφάνιση στην κάρτα",
  "Show previous comments": "Εμφάνιση προηγούμενων σχολίων",
  "Show previous links & attachments": "Εμφάνιση προηγούμενων διασυνδέσεων και συνημμένων",
  "Show Sub-cards": "Εμφάνιση υποκαρτών",
  "Sign In": "Σύνδεση",
  "Sign in with": "Σύνδεση με",
  "SIGN IN WITH:": "ΣΥΝΔΕΣΗ ΜΕ:",
  "Sign Out": "Αποσύνδεση",
  "Sign Out of Kudos Boards": "Αποσύνδεση από το Kudos Boards",
  "Signing in...": "Σύνδεση...",
  "Signing out...": "Αποσύνδεση...",
  "Smartcloud": "Smartcloud",
  "Something went wrong.": "Παρουσιάστηκε πρόβλημα.",
  "Source Board/Template": "Πίνακας δημοσιεύσεων προέλευσης/Πρότυπο",
  "Source Template": "Αναζήτηση προτύπου",
  "Specific Board": "Συγκεκριμένος πίνακας δημοσιεύσεων",
  "Start a Trial": "Έναρξη μιας δοκιμαστικής χρήσης",
  "Start a trial or purchase a subscription to start creating boards": "Ξεκινήστε μια δοκιμαστική χρήση ή αγοράστε μια συνδρομή για να αρχίσετε να δημιουργείτε πίνακες δημοσιεύσεων",
  "Start Boards Premium Preview": "Έναρξη προεπισκόπησης Premium πινάκων δημοσιεύσεων",
  "Start Date": "Ημερομηνία έναρξης",
  "Start Free Trial": "Έναρξη δοκιμαστικής χρήσης",
  "Start my trial": "Έναρξη της δοκιμαστικής χρήσης μου",
  "Start Now": "Άμεση έναρξη",
  "Start page updated": "Ενημερώθηκε η αρχική σελίδα",
  "Start Page:": "Αρχική σελίδα:",
  "Starting Balance": "Αρχικό υπόλοιπο",
  "Starting View": "Αρχική προβολή",
  "Status": "Κατάσταση",
  "Step": "Βήμα",
  "Sub Cards": "Υποκάρτες",
  "Sub Tasks": "Υποεργασίες",
  "Submit": "Υποβολή",
  "Subscription": "Συνδρομή",
  "Subscription expired.": "Η συνδρομή έληξε.",
  "Subtotal": "Υποσύνολο",
  "Summary": "Σύνοψη",
  "Support for browsers is currently limited.  This browser is not yet supported. <br>Please use one of the following browsers:": "Η υποστήριξη προγραμμάτων περιήγησης είναι προς το παρόν περιορισμένη. Αυτό το πρόγραμμα περιήγησης δεν υποστηρίζεται ακόμα. <br>Χρησιμοποιήστε ένα από τα παρακάτω προγράμματα περιήγησης:",
  "Tab Content": "Περιεχόμενο καρτέλας",
  "Tab Name": "Όνομα καρτέλας",
  "Tags": "Προσδιοριστικά",
  "Tags (optional)": "Προσδιοριστικά (προαιρετικό)",
  "Take away meaningful and collaborative notes from any meeting!": "Αποκομίστε ουσιαστικές και συνεργατικές σημειώσεις από οποιαδήποτε σύσκεψη!",
  "Task": "Εργασία",
  "Team Boards": "Πίνακες ανακοινώσεων ομάδας",
  "Team Name": "Όνομα ομάδας",
  "Team Name is used as a method to log in to certain authentication providers. e.g. Auth0": "Το όνομα ομάδας χρησιμοποιείται ως μέθοδος σύνδεσης με ορισμένους παρόχους ταυτοποίησης, π.χ. Auth0",
  "Template": "Πρότυπο",
  "Templates": "Πρότυπα",
  "Templates tagged with": "Πρότυπα με προδιοριστικά",
  "Text": "Κείμενο",
  "Text Mode": "Κατάσταση κειμένου",
  "That can't be pasted there.": "Δεν είναι δυνατή η επικόλληση εδώ.",
  "The board has been deleted": "Ο πίνακας δημοσιεύσεων διαγράφηκε.",
  "The files below cannot be uploaded to Kudos Boards as they are larger than the limit of {{limit}}": "Δεν είναι δυνατή η μεταφόρτωση των παρακάτω αρχείων στο Kudos Boards, διότι το μέγεθός τους είναι μεγαλύτερο από το όριο {{limit}}",
  "The following links have already been added to this card:": "Οι ακόλουθες διασυνδέσεις έχουν ήδη προστεθεί σε αυτήν την κάρτα:",
  "The invite was resent to": "Η πρόσκληση στάλθηκε ξανά σε",
  "The selected board(s) were successfully transferred": "Οι επιλεγμένοι πίνακες δημοσιεύσεων μεταφέρθηκαν με επιτυχία",
  "The selected items have been deleted": "Τα επιλεγμένα στοιχεία έχουν διαγραφεί",
  "The selected items have been restored": "Έχει γίνει επαναφορά των επιλεγμένων στοιχείων",
  "There was an error when uploading the file. Server response: ": "Παρουσιάστηκε σφάλμα κατά τη μεταφόρτωση του αρχείου. Απόκριση εξυπηρετητή: ",
  "This Activity has been migrated to Kudos Boards": "Έγινε μετάβαση αυτής της δραστηριότητας στο Kudos Boards",
  "This billing cycle affords a {{discount}}% discount": "Αυτός ο κύκλος τιμολόγησης προσφέρει έκπτωση {{discount}}%",
  "This Board": "Αυτός ο πίνακας",
  "This Board is available with AUTHOR access to everyone across all organisations.": "Αυτός ο πίνακας δημοσιεύσεων είναι διαθέσιμος με πρόσβαση AUTHOR σε όλα τα μέλη όλων των οργανισμών.",
  "This Board is available with EDITOR access to everyone across all organisations.": "Αυτός ο πίνακας δημοσιεύσεων είναι διαθέσιμος με πρόσβαση EDITOR σε όλα τα μέλη όλων των οργανισμών.",
  "This Board is in one or more Groups": "Αυτός ο πίνακας δημοσιεύσεων υπάρχει σε μία ή περισσότερες ομάδες",
  "This Board is read-only to everyone across all organisations.": "Αυτός ο πίνακας δημοσιεύσεων είναι μόνο για ανάγνωση σε όλα τα μέλη όλων των οργανισμών.",
  "This Board will be visible to everyone in your organisation. <br>Non-members can create new content and edit their own content.": "Αυτό ο πίνακας δημοσιεύσεων θα εμφανίζεται σε όλα τα μέλη του οργανισμού σας. <br>Τα μη μέλη μπορούν να δημιουργήσουν νέο περιεχόμενο και να επεξεργαστούν το δικό τους περιεχόμενο.",
  "This Board will be visible to everyone in your organisation. <br>Non-members can only view the board's contents.": "Αυτό ο πίνακας δημοσιεύσεων θα εμφανίζεται σε όλα τα μέλη του οργανισμού σας. <br>Τα μη μέλη μπορούν μόνο να προβάλλουν τα περιεχόμενα των πινάκων δημοσιεύσεων.",
  "This Board will be visible to everyone in your organisation. <br>Please note: This access level allows non-members to edit <b>all</b> board content.": "Αυτός ο πίνακας δημοσιεύσεων θα εμφανίζεται σε όλα τα μέλη του οργανισμού σας. <br>Σημείωση: Αυτό το επίπεδο πρόσβασης επιτρέπει στα μη μέλη να επεξεργάζονται <b>all</b> περιεχόμενο στους πίνακες δημοσιεύσεων.",
  "This card will be restored with its parent": "Θα γίνει επαναφορά αυτής της κάρτας με το γονικό στοιχείο της",
  "This Community": "Αυτή η κοινότητα",
  "This feature is coming soon!": "Αυτή η λειτουργία θα είναι σύντομα διαθέσιμη!",
  "This feature is currently not supported by the IBM Connections Cloud API": "Αυτή η λειτουργία δεν υποστηρίζεται από το API του IBM Connections Cloud",
  "This field is required": "Αυτό το πεδίο είναι υποχρεωτικό",
  "This invoice has been closed. Payment will not be automatically attempted again. Contact support for more information": "Αυτό το τιμολόγιο έχει κλείσει. Δεν θα γίνει ξανά αυτόματα προσπάθεια για πληρωμή. Επικοινωνήστε με την υπηρεσία υποστήριξης για περισσότερες πληροφορίες",
  "This is a Free trial of Kudos Boards and will expire in {{numDays}} day(s).": "Αυτή είναι μια δωρεάν δοκιμαστική χρήση του Kudos Boards και θα λήξει σε {{numDays}} ημέρες.",
  "This is a read-only preview of this Activity. Import to Boards for full functionality": "Αυτή είναι μια προεπισκόπηση της δραστηριότητας μόνο για ανάγνωση. Εισαγάγετε στους πίνακες δημοσιεύσεων για την αξιοποίηση όλων των λειτουργιών",
  "This licence grants access to a set number of users as they use the app. You may view the user-licences already assigned.": "Αυτή η άδεια χρήσης χορηγεί πρόσβαση σε έναν καθορισμένο αριθμό χρηστών που χρησιμοποιούν την εφαρμογή. Μπορείτε να δείτε τις άδειες χρήσης των χρηστών που έχουν ήδη εκχωρηθεί.",
  "This licence has been cancelled.": "Αυτή η άδεια χρήσης έχει ακυρωθεί.",
  "This licence only grants access to a selected group of named users. Access will not be granted to users not named by the Org Admins. You can view and edit the named users from the Admin settings.": "Αυτή η άδεια χρήσης χορηγεί πρόσβαση μόνο σε μία επιλεγμένη ομάδα κατονομαζόμενων χρηστών. Δεν θα χορηγείται πρόσβαση σε χρήστες που δεν θα κατονομάζονται από τους διαχειριστές του οργανισμού. Μπορείτε να δείτε και να αλλάξετε τους κατονομαζόμενους χρήστες από τις ρυθμίσεις διαχειριστή.",
  "This option is only available when paying by credit card": "Αυτή η επιλογή είναι διαθέσιμη μόνο σε πληρωμή με πιστωτική κάρτα",
  "This option is only editable if paying by credit card": "Αυτή η επιλογή μπορεί να αλλάξει μόνο αν γίνει πληρωμή με πιστωτική κάρτα",
  "This team account is already linked": "Αυτός ο λογαριασμός ομάδας είναι ήδη διασυνδεδεμένος",
  "This will go to your provider for an administrator to approve access to Kudos Boards": "Θα σταλεί στον πάροχό σας για να δοθεί έγκριση από διαχειριστή για πρόσβαση στο Kudos Boards",
  "This will permanently delete the board and all its data, are you sure?": "Με αυτήν την ενέργεια θα διαγραφεί οριστικά ο πίνακας δημοσιεύσεων και όλα τα δεδομένα του. Είστε βέβαιοι;",
  "This will remove this data permanently from the board, are you sure?": "Με αυτήν την ενέργεια θα αφαιρεθούν οριστικά αυτά τα δεδομένα από τον πίνακα δημοσιεύσεων. Είστε βέβαιοι;",
  "Thursday": "Πέμπτη",
  "Tile Colours": "Χρώματα πλακιδίων",
  "Timeline": "Χρονολογική σειρά",
  "Timeline View": "Προβολή χρονολογικής σειράς",
  "Title": "Τίτλος",
  "to go to Connections Cloud, then access Kudos Boards via the link in the 'Apps' menu.": "για μετάβαση στο Connections Cloud και μετά πρόσβαση στο Kudos Boards μέσω της διασύνδεσης στο μενού 'Εφαρμογές'.",
  "To interact with this card the parent will need to be restored": "Για τη χρησιμοποίηση αυτής της κάρτας, πρέπει να γίνει επαναφορά του γονικού στοιχείου",
  "To unselect this card you will need to unselect its parent": "Για την αποεπιλογή αυτής της κάρτας, πρέπει να αποεπιλέξετε το γονικό στοιχείο της",
  "to view this content": "για προβολή αυτού του περιεχομένου",
  "Today": "Σήμερα",
  "Todo": "Εκκρεμής εργασία",
  "Todos": "Εκκρεμείς εργασίες",
  "Todos by Date": "Εκκρεμείς εργασίες κατά ημερομηνία",
  "Todos by Due Date": "Εκκρεμείς εργασίες κατά ημερομηνία λήξης προθεσμίας",
  "Toggle Completion": "Εναλλαγή συμπλήρωσης",
  "Toggle Editor": "Εναλλαγή επιμελητή",
  "Toggle Sidebar": "Εναλλαγή πλαϊνής γραμμής",
  "Tomorrow": "Αύριο",
  "Total": "Σύνολο",
  "Transfer Board Membership": "Μεταφορά κυριότητας πίνακα δημοσιεύσεων",
  "Transfer Membership": "Μεταφορά κυριότητας",
  "TRIAL": "ΔΟΚΙΜΗ",
  "Trial": "Δοκιμή",
  "Trial End Date: {{trialEnd}}": "Ημερομηνία λήξης δοκιμαστικής χρήσης: {{trialEnd}}",
  "Trial expired": "Η δοκιμαστική χρήση έληξε",
  "Trial expired.": "Η δοκιμαστική χρήση έληξε.",
  "Trial extended {{extensions}} time(s)": "Η δοκιμαστική χρήση παρατάθηκε {{extensions}} φορές",
  "Try again": "Προσπαθήστε ξανά",
  "Tuesday": "Τρίτη",
  "Type": "Είδος",
  "Type to filter archive": "Κείμενο για φιλτράρισμα αρχείου αποθήκευσης",
  "Type to filter list": "Κείμενο για φιλτράρισμα της λίστας",
  "Type to filter members": "Κείμενο για φιλτράρισμα των μελών",
  "Type to search": "Πληκτρολογήστε κείμενο για αναζήτηση",
  "Unassigned": "Δεν έχει ανατεθεί",
  "Undo": "Αναίρεση",
  "UNDO": "ΑΝΑΙΡΕΣΗ",
  "Unit price: {{unitPrice}} per user": "Τιμή μονάδας: {{unitPrice}} ανά χρήστη",
  "Unknown Connections Cloud organisation. Redirecting...": "Άγνωστος οργανισμός του Connections Cloud. Γίνεται ανακατεύθυνση...",
  "Unknown Team": "Άγνωστη ομάδα",
  "Unlimited": "Χωρίς όριο",
  "Unlink account": "Αναίρεση διασύνδεσης λογαριασμού",
  "Unlink Board": "Αναίρεση διασύνδεσης πίνακα δημοσιεύσεων",
  "Unlink {{fromName}} Account": "Αναίρεση διασύνδεσης λογαριασμού {{fromName}}",
  "Unlock Kudos Boards Premium Preview": "Ξεκλείδωμα προεπισκόπησης Premium του Kudos Boards",
  "Unpaid": "Χωρίς πληρωμή",
  "Unpin Board": "Αναίρεση καρφιτσώματος πίνακα δημοσιεύσεων",
  "Unscheduled cards": "Μη προγραμματισμένες κάρτες",
  "Update": "Ενημέρωση",
  "Updated": "Ενημέρωση",
  "Updated Since Last Accessed": "Ενημέρωση από την τελευταία πρόσβαση",
  "Updated {{ date }}": "Ενημερώθηκε {{ date }}",
  "Updating...": "Ενημέρωση...",
  "Upload": "Ανέβασμα",
  "Upload file from computer": "Ανέβασμα αρχείου από υπολογιστή",
  "Upload to Kudos Boards": "Μεταφόρτωση στο Kudos Boards",
  "Upload Users": "Μεταφόρτωση χρηστών",
  "Upload Users from CSV": "Μεταφόρτωση χρηστών από CSV",
  "uploaded successfully": "μεταφορτώθηκε με επιτυχία",
  "Uploading file:": "Μεταφόρτωση αρχείου:",
  "URL": "Διεύθυνση URL",
  "URL of Connections header frame (optional)": "Διεύθυνση URL του πλαισίου κεφαλίδας του Connections (προαιρετικό)",
  "Use another file service": "Χρήση άλλης υπηρεσίας αρχείων",
  "Use current account": "Χρήση τρέχοντος λογαριασμού",
  "Use Email": "Χρήση διεύθυνσης e-mail",
  "Use the Kudos Boards File Attachment Service for attaching files to cards": "Χρήση της υπηρεσίας συνημμένων αρχείων του Kudos Boards για την επισύναψη αρχείων σε κάρτες",
  "Use {{provider}} instead": "Χρήση παρόχου {{provider}}",
  "Used": "Χρησιμοποιήθηκε",
  "User": "Χρήστης",
  "User Emails": "Διευθύνσεις e-mail χρήστη",
  "User ExternalID": "ExternalID χρήστη",
  "User Licences": "Άδειες χρήσης χρήστη",
  "User Options": "Επιλογές χρήστη",
  "User Trials": "Δοκιμαστικές χρήσεις χρήστη",
  "User upload success!": "Επιτυχής μεταφόρτωση χρήστη!",
  "Username": "Όνομα χρήστη",
  "Users": "Χρήστες",
  "Users may need to be added to the destination board to maintain access to their assigned todos.": "Θα πρέπει να προστεθούν χρήστες στον πίνακα δημοσιεύσεων προορισμού για να διατηρηθεί η πρόσβαση στις εκκρεμείς εργασίες που τους έχουν ανατεθεί.",
  "Users: {{num}}": "Χρήστες: {{num}}",
  "Vertical": "Κατακόρυφα",
  "View": "Προβολή",
  "View and Accept ↗": "Προβολή και αποδοχή ↗",
  "View Details": "Προβολή λεπτομερειών",
  "View licences": "Προβολή αδειών χρήσης",
  "View subscriptions": "Προβολή συνδρομών",
  "View Subscriptions": "Προβολή συνδρομών",
  "Want to know more?": "Θέλετε να μάθετε περισσότερα;",
  "Warning: you are not authorised to add members in this board": "Προειδοποίηση: Δεν έχετε δικαίωμα να προσθέσετε μέλη σε αυτόν τον πίνακα δημοσιεύσεων",
  "We found one board linked your {{fromName}} user account. Once you unlink the account you may no longer have access to this board.": "Βρήκαμε έναν πίνακα δημοσιεύσεων διασυνδεδεμένο με τον λογαριασμό σας χρήστη {{fromName}}. Όταν αναιρέσετε τη διασύνδεση του λογαριασμού, δεν θα μπορείτε πλέον να έχετε πρόσβαση σε αυτόν τον πίνακα δημοσιεύσεων.",
  "We found {{count}} boards linked to your {{fromName}} user account. Once you unlink the account you may no longer have access to these boards.": "Βρήκαμε {{count}} πίνακες δημοσιεύσεων διασυνδεδεμένους με τον λογαριασμό σας χρήστη {{fromName}}. Όταν αναιρέσετε τη διασύνδεση του λογαριασμού, δεν θα μπορείτε πλέον να έχετε πρόσβαση σε αυτούς τους πίνακες δημοσιεύσεων.",
  "We recommended you change the widget title from the actions menu above": "Σας συνιστούμε να αλλάξετε τον τίτλο του μικροεργαλείου από το μενού ενεργειών παραπάνω",
  "Wednesday": "Τετάρτη",
  "Weekdays": "Εργάσιμες ημέρες",
  "Welcome": "Καλωσορίσατε",
  "Welcome to Kudos Boards": "Καλωσορίσατε στο Kudos Boards",
  "When you unlock Kudos Boards Premium View, your current Activities will immediately be available in Board, Timeline and MindMap view.": "Όταν ξεκλειδώσετε την προβολή Premium του Kudos Boards, οι τρέχουσες δραστηριότητές σας θα γίνουν αμέσως διαθέσιμες στην προβολή Πίνακας δημοσιεύσεων, Χρονολογική σειρά και MindMap.",
  "Widget Settings": "Ρυθμίσεις μικροεργαλείου",
  "yearly": "κάθε χρόνο",
  "Yearly": "Ετήσια",
  "Yes": "Ναι",
  "Yes Please": "Ναι, παρακαλώ",
  "You are in DELETE mode, select items to delete": "Βρίσκεστε στη λειτουργία ΔΙΑΓΡΑΦΗ, επιλέξτε στοιχεία για διαγραφή",
  "You are in restore mode, select items to restore": "Βρίσκεστε στη λειτουργία ΕΠΑΝΑΦΟΡΑ, επιλέξτε στοιχεία για επαναφορά",
  "You are not a direct member of this board. Please consider leaving any Groups that may be members of this board.": "Δεν είστε απευθείας μέλος σε αυτόν τον πίνακα δημοσιεύσεων. Θα θέλαμε να σας ζητήσουμε να αποχωρήσετε από ομάδες που μπορεί να είναι μέλη σε αυτόν τον πίνακα δημοσιεύσεων.",
  "You are not allowed to leave this Board. Please consider archiving board.": "Δεν επιτρέπεται να αποχωρήσετε από αυτόν τον πίνακα δημοσιεύσεων. Θα θέλαμε να σας ζητήσουμε να αρχειοθετήσετε τον πίνακα δημοσιεύσεων.",
  "You are not authorised to access this resource": "Δεν έχετε εξουσιοδότηση πρόσβασης σε αυτόν τον πόρο",
  "You are not licensed to access this resource.": "Δεν έχετε άδεια πρόσβασης σε αυτόν τον πόρο.",
  "You are the only owner of this board. Please consider adding other owners or archiving this board instead.": "Δεν είστε ο μόνος κάτοχος αυτού του πίνακα ανακοινώσεων. Θα θέλαμε να σας ζητήσουμε να προσθέσετε άλλους κατόχους ή διαφορετικά να αρχειοθετήσετε αυτόν τον πίνακα δημοσιεύσεων.",
  "You can enhance your workflow by unlocking Kudos Boards Premium Preview. In addition to your Activities view, you’ll also be able to work in the Boards, Timeline and Mind Map views!": "Μπορείτε να βελτιώσετε τη ροή εργασιών σας ξεκλειδώνοντας την προεπισκόπηση Premium του Kudos Boards. Εκτός από την προβολή Δραστηριότητες, μπορείτε επίσης να εργαστείτε στις προβολές Πίνακες δημοσιεύσεων, Χρονολογική σειρά και Mind Map!",
  "You have READ ONLY access to this Board": "Έχετε πρόσβαση για ΑΝΑΓΝΩΣΗ ΜΟΝΟ σε αυτόν τον πίνακα δημοσιεύσεων",
  "You have {{remaining}} day(s) remaining in your premium preview.": "Σας απομένουν {{remaining}} ημέρα(ες) στην προεπισκόπηση Premium.",
  "Your account's email address and other admin emails for your org ({{emails}}) are already included": "Η διεύθυνση e-mail του λογαριασμού σας και άλλες διευθύνσεις e-mail διαχειριστών για τον οργανισμό σας ({{emails}}) έχουν ήδη συμπεριληφθεί",
  "Your api key for kudos boards is shown below": "Το κλειδί api για το Kudos Boards εμφανίζεται παρακάτω",
  "Your changes have been saved": "Οι αλλαγές σας αποθηκεύτηκαν",
  "Your initial premium preview with {{orgName}} has expired. Click extend if you would like to continue access for an additional 30 days": "Η αρχική σας προεπισκόπηση Premium με τον οργανισμό {{orgName}} έληξε. Πατήστε στην επιλογή επέκτασης αν θέλετε να συνεχίσετε την πρόσβαση για 30 επιπλέον ημέρες",
  "Your premium preview expires today.": "Η προεπισκόπηση Premium λήγει σήμερα.",
  "Your premium preview has expired, Let your administrator know you'd like to continue using Kudos Boards Premium view.": "Η προεπισκόπηση Premium έχει λήξει. Ενημερώστε τον διαχειριστή σας εάν επιθυμείτε να συνεχίσετε τη χρήση της προβολής του Kudos Boards Premium.",
  "Your session with {{provider}} has expired. Redirecting...": "Η συνεδρία με τον πάροχο {{provider}} έχει λήξει. Ανακατεύθυνση...",
  "Your session with {{provider}} has expired. Some functionality (ie notifications, groups, files) will be restricted until you login again.": "Η συνεδρία σας με τον πάροχο {{provider}} έχει λήξει. Θα γίνει ανακατεύθυνση μερικές λειτουργιών (δηλαδή, λειτουργίες ειδοποιήσεων, ομάδων, αρχείων) μέχρι να συνδεθείτε ξανά.",
  "{{count}} more card(s) this way": "{{count}} ακόμα κάρτα(ες) με αυτόν τον τρόπο",
  "{{num}} users": "{{num}} χρήστες",
  "{{quantity}} x subscriptions to '{{plan.name}}' ({{planPrice}} / {{plan.interval}})": "{{quantity}} x συνδρομές σε '{{plan.name}}' ({{planPrice}} / {{plan.interval}})",
  "{{remaining}} days of trial remaining": "Απομένουν {{remaining}} ημέρες δοκιμής",
  "{{remaining}} days remaining in your premium preview.": "Απομένουν {{remaining}} ημέρες στην προεπισκόπηση Premium.",
  "{{userTrialCount}} user(s) have started a trial of Kudos Boards Premium": "{{userTrialCount}} χρήστης(ες) έχουν ξεκινήσει μια συνδρομή δοκιμής του Kudos Boards Premium"
}