{
  "Add Licence": "Add License",
  "Add Organisation": "Add Organization",
  "Back to Colour Selection": "Back to Color Selection",
  "Click here to start a 30 day free trial for your organisation. Contact support for trials with more users.": "Click here to start a 30 day free trial for your organization. Contact support for trials with more users.",
  "Colour": "Color",
  "Colours": "Colors",
  "Colour Labels": "Color Labels",
  "Colour-Tags": "Color-Tags",
  "Create your own structure for organising projects, workflows, ideas and more!": "Create your own structure for organizing projects, workflows, ideas and more!",
  "Edit Board Colour Labels": "Edit Board Color Labels",
  "Edit Colour Labels": "Edit Color Labels",
  "Edit Licence": "Edit License",
  "Edit Tile Colour Labels": "Edit Tile Color Labels",
  "Finding your Connections Cloud Organisation...": "Finding your Connections Cloud Organization...",
  "Group timeline by Colour": "Group timeline by Color",
  "Licence Type": "License Type",
  "Licences": "Licenses",
  "My Organisation": "My Organization",
  "New Licence": "New License",
  "No licences available. Functionality is currently limited": "No licenses available. Functionality is currently limited",
  "No licences available. Functionality will be limited for new users.": "No licenses available. Functionality will be limited for new users.",
  "No licences found": "No licenses found",
  "No organisations found": "No organizations found",
  "Organisation": "Organization",
  "Organisations": "Organizations",
  "Organisation Name": "Organization Name",
  "Organise any project productively using the classic Todo, Doing, Done methodology": "Organize any project productively using the classic Todo, Doing, Done methodology",
  "Please enter the number of users in your Connections Cloud Organisation": "Please enter the number of users in your Connections Cloud Organization",
  "Remove Licence": "Remove License",
  "Select Card Colours": "Select Card Colors",
  "Select Colour": "Select Color",
  "Select Colours": "Select Colors",
  "Show Licences for your organisation": "Show Licenses for your organization",
  "The licence for your organisation has expired": "The license for your organization has expired",
  "The trial for your organisation has expired": "The trial for your organization has expired",
  "This Board is available with AUTHOR access to everyone across all organisations.": "This Board is available with AUTHOR access to everyone across all organizations.",
  "This Board is available with EDITOR access to everyone across all organisations.": "This Board is available with EDITOR access to everyone across all organizations.",
  "This Board is read-only to everyone across all organisations.": "This Board is read-only to everyone across all organizations.",
  "This Board will be visible to everyone in your organisation. <br>Non-members can create new content and edit their own content.": "This Board will be visible to everyone in your organization. <br>Non-members can create new content and edit their own content.",
  "This Board will be visible to everyone in your organisation. <br>Non-members can only view the board's contents.": "This Board will be visible to everyone in your organization. <br>Non-members can only view the board's contents.",
  "This Board will be visible to everyone in your organisation. <br>Please note: This access level allows non-members to edit <b>all</b> board content.": "This Board will be visible to everyone in your organization. <br>Please note: This access level allows non-members to edit <b>all</b> board content.",
  "Tile Colours": "Tile Colors",
  "Unknown Connections Cloud organisation. Redirecting...": "Unknown Connections Cloud organization. Redirecting...",
  "View licences": "View licenses",
  "Warning: you are not authorised to add members in this board": "Warning: you are not authorized to add members in this board",
  "You are not authorised to perform this action": "You are not authorized to perform this action",
  "You are not authorised to access this resource": "You are not authorized to access this resource"
}