{
  "": "",
  "'{{userName}}' will not be able to view the message because they cannot access this Board": "'{{userName}}' no podrá ver el mensaje porque no puede acceder a este panel",
  "(Copy Of) ": "(Copia de) ",
  "A problem occurred when creating invite": "Se ha producido un problema al crear la invitación",
  "A problem occurred when deleting node": "Se ha producido un problema al suprimir el nodo",
  "A problem occurred when getting a node": "Se ha producido un problema al obtener un nodo",
  "A problem occurred when redeeming invite": "Se ha producido un problema al canjear la invitación",
  "A problem occurred when removing invite": "Se ha producido un problema al suprimir la invitación",
  "A problem occurred when removing member": "Se ha producido un problema al suprimir al miembro",
  "A problem occurred when saving invite": "Se ha producido un problema al guardar la invitación",
  "A problem occurred when saving member": "Se ha producido un problema al guardar el miembro",
  "A problem occurred when saving node": "Se ha producido un problema al guardar el nodo",
  "A problem occurred when updating invite": "Se ha producido un problema al actualizar la invitación",
  "A user with that email address already exists": "Ya existe un usuario con la misma dirección de correo electrónico",
  "A user with that email address already exists as a member of this board": "Ya hay un usuario miembro de este panel con esa dirección de correo electrónico",
  "Accessed in the Last Month": "Usado en el último mes",
  "Accessed since": "Usado desde",
  "Account Balance: {{credit}}": "Saldo de la cuenta: {{credit}}",
  "Account Unlinked": "Cuenta desvinculada",
  "Actions": "Acciones",
  "Active": "Activa",
  "Active Boards": "Paneles activos",
  "Active Workspace Meetings": "Reuniones en el espacio de trabajo activo",
  "Activity": "Actividad",
  "Activity data is loading...": "Se están cargando los datos de la actividad...",
  "Activity Migration": "Migración de actividad",
  "Activity Name": "Nombre de actividad",
  "Add": "Añadir",
  "Add a Card": "Añadir una tarjeta",
  "Add a Comment": "Añadir un comentario",
  "Add a Description": "Añadir una Descripción",
  "Add a List": "Añadir una lista",
  "Add a list": "Añadir una lista",
  "Add a Tag": "Añadir una etiqueta",
  "Add an attachment or link": "Añadir un adjunto o enlace",
  "Add another": "Añadir otro",
  "Add Attachment": "Añadir archivo adjunto",
  "Add Bookmark": "Añadir marcador",
  "Add Client": "Añadir cliente",
  "Add Custom Field": "Añadir campo personalizado",
  "Add file": "Añadir archivo",
  "Add individuals or groups as members, or invite by email": "Añadir individuos o grupos como miembros o invitar por correo electrónico",
  "Add Label": "Añadir etiqueta",
  "Add label '{{filter}}'": "Añadir etiqueta \"{{filter}}\"",
  "Add Licence": "Añadir licencia",
  "Add Member": "Añadir miembro",
  "Add members": "Añadir miembros",
  "Add Organisation": "Añadir organización",
  "Add people to your board or invite by email": "Añadir personas al panel o invitar por correo electrónico",
  "Add User": "Añadir usuario",
  "Admin approval failed": "Error de aprobación de administrador",
  "Admin Users": "Usuarios de administración",
  "Administrator approval required.": "Se requiere la aprobación del administrador.",
  "Administrators": "Administradores",
  "Advanced": "Avanzado",
  "Agenda": "Agenda",
  "All": "Todo",
  "All Activities": "Todas las actividades",
  "All Boards": "Todos los paneles",
  "All cards are scheduled.": "Todas las tarjetas están programadas.",
  "All Templates": "Todas las plantillas",
  "Allow Invite by Email": "Permitir invitación por correo electrónico",
  "Already linked": "Ya se ha enlazado",
  "Amount": "Importe",
  "Amount Due": "Importe pendiente",
  "Amount Due Now: {{due}}": "Importe pendiente ahora: {{due}}",
  "Amount Paid": "Importe pagado",
  "An account of this type already linked": "Ya se ha enlazado una cuenta de este tipo",
  "An invitation for the specified email address already exists on this board": "Ya existe una invitación para el correo electrónico especificado en este panel",
  "and is already a member of this board": "y ya es miembro de este panel",
  "Apply Template": "Aplicar plantilla",
  "Approve": "Aprobar",
  "Approve Advanced Features": "Aprobar características avanzadas",
  "Archive": "Archivador",
  "Archive Card": "Tarjeta de archivado",
  "Archive Cards in List": "Tarjetas de archivado en la lista",
  "Archive List": "Lista de archivado",
  "Archived": "Archivado",
  "Archived Boards": "Paneles archivados",
  "Archived Templates": "Plantillas archivadas",
  "Are you sure you want to cancel this licence? This will take effect at the end of the current period.": "¿Seguro que desea cancelar esta licencia? Esta acción entrará en efecto al final del período actual.",
  "Are you sure you want to delete this licence? CAUTION: This will delete any associated credit card information": "¿Seguro que desea suprimir esta licencia? PRECAUCIÓN: se eliminará la información de cualquier tarjeta de crédito asociada",
  "Are you sure you want to reactivate this licence?": "¿Seguro que desea suprimir esta licencia?",
  "Are you sure you want to unlink your {{provider}} account?": "¿Seguro que desea desvincular su cuenta de {{provider}}?",
  "Are you sure you wish to leave '{{boardName}}'? This action cannot be undone by you.": "¿Seguro que desea salir de \"{{boardName}}\"? No podrá deshacer esta acción por su propia cuenta.",
  "Are you sure?": "¿Está seguro?",
  "Are You Sure?": "¿Seguro?",
  "Are you sure? This will reinstate the previous billing schedule": "¿Seguro? Esta acción reinstalará la anterior programación de facturación",
  "Are you sure? This will take effect at the end of the current billing cycle": "¿Seguro? Está acción tendrá efecto al final del ciclo de facturación actual",
  "Asia Pacific": "Asia Pacífico",
  "Assign Users": "Asignar usuarios",
  "Assigned": "Asignado",
  "Assigned to": "Asignada a",
  "Assigned To Me": "Asignado a mí",
  "Assigned Users that will be added to the Destination Board": "Usuarios asignados que se añadirán al panel de destino",
  "Assignees": "Personas asignadas",
  "Assignments": "Asignaciones",
  "Attach": "Adjuntar",
  "Attachments": "Archivos adjuntos",
  "Auth0 url": "URL de Auth0",
  "Authentication Clients": "Clientes de autenticación",
  "Author": "Autor",
  "author": "autor",
  "awaiting acceptance": "pendiente de aceptación",
  "Back": "Atrás",
  "Back to Boards": "Volver a Paneles",
  "Back to Colour Selection": "Volver a Selección del color",
  "Bad Request": "Solicitud errónea",
  "Best viewed in fullscreen": "Se ve mejor en pantalla completa",
  "Billing Cycle": "Ciclo de facturación",
  "Billing period: {{interval}}": "Período de facturación: {{interval}}",
  "Blank": "En blanco",
  "Board": "Panel",
  "Board Archive": "Archivo de paneles",
  "Board Labels": "Etiquetas de paneles",
  "Board Members": "Miembros del panel",
  "Board Name": "Nombre del panel",
  "Boards": "Paneles",
  "Boards linked directly to this user": "Paneles enlazados directamente a este usuario",
  "Boards linked through group membership": "Paneles enlazados a través de la pertenencia a grupos",
  "Boards premium preview": "Versión preliminar premium de los paneles",
  "Bookmarks": "Marcadores",
  "Buy Licence": "Comprar licencia",
  "Buy Online": "Comprar en línea",
  "by": "por",
  "Cancel": "Cancelar",
  "Cancel Licence": "Cancelar licencia",
  "Cancelled": "Cancelada",
  "Cannot Leave Board": "No se puede salir del panel",
  "Card Name": "Nombre de la tarjeta",
  "Card Number": "Número de tarjeta",
  "Cards": "Tarjetas",
  "Central Europe": "Europa central",
  "Choose a board": "Elija un panel",
  "Choose a Template": "Elija una plantilla",
  "Classic": "Clásica",
  "Clear Search": "Borrar búsqueda",
  "Clear Selected": "Borrar selección",
  "Clear Selected Filters": "Borrar los filtros seleccionados",
  "Click for details": "Pulsar para detalles",
  "Click for more information about approving advanced features": "Haga clic para obtener información sobre la aprobación de las características avanzadas",
  "Click here": "Pulse aquí",
  "Click here for details": "Haga clic aquí para ver los detalles",
  "Click here for details.": "Haga clic aquí para ver los detalles.",
  "Click here to buy a licence online or get a quote": "Haga clic aquí para comprar una licencia en línea u obtener un presupuesto",
  "Click here to start a 30 day free trial for your organisation. Contact support for trials with more users.": "Haga clic aquí para obtener una prueba gratis de 30 días para su organización. Contacte con el servicio de soporte para obtener información sobre pruebas para más usuarios.",
  "Click to see more details": "Haga clic para ver más detalles",
  "Client": "Cliente",
  "Clients": "Clientes",
  "Close": "Cerrar",
  "Close Activity After Import": "Cerrar actividad tras la importación",
  "Close Board Menu": "Cerrar el menú del panel",
  "Close the activity after the import has completed successfully. You can still access it through 'Trash'": "Cerrar la actividad cuando la importación haya finalizado correctamente. Podrá seguir accediendo a ella desde la \"Papelera\"",
  "Closed": "Cerrado",
  "Collaborate on projects involving different departments": "Colabore en proyectos en los que participen distintos departamentos",
  "Collapse": "Contraer",
  "Colour": "Color",
  "Colour Labels": "Etiquetas de color",
  "Colour-Tags": "Etiquetas de color",
  "Colours": "Colores",
  "Column View": "Vista de columna",
  "Comments": "Comentarios",
  "Community Activities": "Actividades de comunidad",
  "Community Templates": "Plantillas de la comunidad",
  "Complete Todos": "Completar tareas pendientes",
  "Completed": "Finalizada",
  "Configuration": "Configuración",
  "Confirm": "Confirmar",
  "Confirmation Required": "Se requiere confirmación",
  "Connections Cloud session expired. Click here to validate.": "La sesión de Connections Cloud ha expirado. Haga clic aquí para validar.",
  "Connections On-Premise": "Connections locales",
  "Connections URL": "URL de Connections",
  "Contact Email": "Correo electrónico de contacto",
  "Contact Name": "Nombre del contacto",
  "Contact Support": "Contacte con el servicio de soporte",
  "Contact your System Administrator for more information or email us at": "Contacte con el administrador del sistema para obtener más información o envíenos un correo electrónico a",
  "Content": "Contenido",
  "Continue": "Continuar",
  "Continue Without Transferring": "Continuar sin transferir",
  "Convert into Entry": "Convertir en entrada",
  "Convert into Todo": "Convertir en tarea pendiente",
  "Copy embed code": "Copiar código para insertar",
  "Copy embed code to clipboard": "Copiar código para insertar al portapapeles",
  "Create": "Crear",
  "Create a new board": "Crear un panel nuevo",
  "Create Board": "Crear panel",
  "Create Board from Template": "Crear panel desde una plantilla",
  "Create Boards for anything, manage your workflow, and streamline processes with template creation.": "Cree paneles para lo que quiera, gestione el flujo de trabajo y optimice los procesos con la creación de plantillas.",
  "Create card": "Crear tarjeta",
  "Create Copy": "Crear copia",
  "Create Link to Board": "Crear enlace al panel",
  "Create Template": "Crear plantilla",
  "Create Template from Board": "Crear plantilla desde panel",
  "Create your own structure for organising projects, workflows, ideas and more!": "Cree su propia estructura para organizar proyectos, flujos de trabajo, ideas y mucho más.",
  "Create {{numCards}} cards?": "¿Crear {{numCards}} tarjetas?",
  "Create {{numCards}} lists?": "¿Crear {{numCards}} listas?",
  "Created": "Creada",
  "Created By Me": "Creado por mí",
  "Created {{ date }}": "Creado en {{ date }}",
  "Created: {{date}}": "Creado en: {{date}}",
  "Credit Card Ending in {{last4}}": "Tarjeta de crédito que termina en {{last4}}",
  "Current Account:": "Cuenta actual:",
  "Currently the ability to search for groups in {{provider}} is not available until an administrator grants permissions for your organisation. ": "En estos momentos no está disponible la capacidad de buscar grupos en {{provider}} a menos que un administrador conceda permiso a su organización. ",
  "Curve": "Curva",
  "Custom Fields": "Campos personalizados",
  "Customer ID": "ID de cliente",
  "CVC": "CVC",
  "Date": "Fecha",
  "Decisions": "Decisiones",
  "Default templates to exclude": "Plantillas predeterminadas que se van a excluir",
  "Delete": "Suprimir",
  "Delete Board": "Suprimir panel",
  "Delete Card": "Suprimir tarjeta",
  "Delete Comment": "Suprimir comentario",
  "Delete File": "Suprimir archivo",
  "Delete items": "Suprimir elementos",
  "Delete Label": "Suprimir etiqueta",
  "Delete Link": "Suprimir enlace",
  "Delete List": "Suprimir lista",
  "Delete mode": "Suprimir modo",
  "Delete Selected Items": "Suprimir elementos seleccionados",
  "Deleted": "Suprimida",
  "Deleting": "Suprimiendo",
  "Departments": "Departamentos",
  "Description": "Descripción",
  "Description (optional)": "Descripción (opcional)",
  "Details": "Detalles",
  "Direct Order via ISW": "Orden directa mediante ISW",
  "Discount": "Descuento",
  "Discount Code (optional)": "Código de descuento (opcional)",
  "Discount: {{discount}}": "Descuento: {{discount}}",
  "Display an existing board": "Mostrar un panel existente",
  "Documentation": "Documentación",
  "Doing": "En curso",
  "Done": "Hecho",
  "Done ({{num}})": "Completado ({{num}})",
  "Download": "Descargar",
  "Download file": "Descargar archivo",
  "Drop file here to save": "Suelte el archivo aquí para guardarlo",
  "Due": "Vencida",
  "Due Date": "Fecha de vencimiento",
  "Due date": "Fecha de vencimiento",
  "Earliest Licence Expired on": "La licencia más antigua caducó el",
  "Earliest Upcoming Expiry": "Próxima caducidad",
  "Edit": "Editar",
  "Edit Board Colour Labels": "Editar etiquetas de color del panel",
  "Edit Client": "Editar cliente",
  "Edit Client Licence": "Editar licencia de cliente",
  "Edit Colour Labels": "Editar etiquetas de color",
  "Edit Comment": "Editar comentario",
  "Edit Description": "Editar descripción",
  "Edit Filename": "Editar nombre de archivo",
  "Edit Label": "Editar etiqueta",
  "Edit label": "Editar etiqueta",
  "Edit Licence": "Editar licencia",
  "Edit Link": "Editar enlace",
  "Edit name": "Editar nombre",
  "Edit Tile Colour Labels": "Editar etiquetas de color de mosaico",
  "Edit User Licence": "Editar licencia de usuario",
  "Edited": "Editado",
  "Editor": "Editor",
  "editor": "editor",
  "Email": "Correo electrónico",
  "Email Address": "Dirección de correo electrónico",
  "Email address is required": "Se necesita una dirección de correo electrónico",
  "Email addresses to copy invoices to": "Direcciones de correo electrónico a las que copiar las facturas",
  "Email addresses to copy quote to": "Direcciones de correo electrónico a las que copiar el presupuesto",
  "Email Us": "Contáctenos por correo electrónico",
  "Embed code copied to clipboard": "Código para insertar copiado al portapapeles",
  "Empty Lists": "Listas vacías",
  "empty name": "nombre vacío",
  "Enable Boards File Uploads": "Habilitar subidas de archivos a los paneles",
  "Enabled": "Habilitado",
  "End Date": "Fecha de finalización",
  "Ending Balance": "Saldo final",
  "Enter a title for the link (Optional)": "Introduzca un título para el enlace (opcional)",
  "Enter an email address": "Especifique una dirección de correo electrónico",
  "Enter Label": "Introducir etiqueta",
  "Enter label name": "Introduzca el nombre de la etiqueta",
  "Enter New Name": "Introduzca un nombre nuevo",
  "Enter Text": "Introducir texto",
  "Entry": "Entrada",
  "Error": "Error",
  "Error creating board": "Error al crear panel",
  "Error processing quote request. Please email sales@kudosbadges.com": "Error al procesar la solicitud de presupuesto. Envíe un correo electrónico a sales@kudosbadges.com",
  "Error processing your request": "Error al procesar su solicitud",
  "Error starting trial": "Error al iniciar la prueba",
  "Error uploading file": "Error al subir el archivo",
  "Error: an unknown error occurred - cannot move": "Error: se ha producido un error desconocido, no es posible desplazarse",
  "Error: you are not authorised to add content to this board": "Error: no cuenta con autorización para añadir contenido a este panel",
  "Existing Kudos Partner (optional)": "Socio de Kudos existente (opcional)",
  "Existing Login Detected": "Inicio de sesión existente detectado",
  "Existing Tab": "Pestaña existente",
  "Expand": "Expandir",
  "Expand/Collapse": "Ampliar/Reducir",
  "Expand/Collapse All Lists": "Ampliar/Reducir todas las listas",
  "Expired": "Caducado",
  "Expires": "Caduca",
  "Expires: {{date}}": "Caduca en: {{date}}",
  "Expires: {{{date}}}": "Caduca en: {{{date}}}",
  "Expiry": "Caducidad",
  "Expiry Date": "Fecha de caducidad",
  "Explore the Template Library": "Explore la biblioteca de plantillas",
  "Extend": "Ampliar",
  "ExternalId": "ExternalId",
  "Fields": "Campos",
  "Filter Activities to migrate": "Filtrar actividades que migrar",
  "Finance": "Finanzas",
  "Find a Group": "Buscar grupo",
  "Find a User": "Buscar usuario",
  "Finding your Connections Cloud Organisation...": "Buscar organización de Connections Cloud...",
  "Free": "Gratis",
  "Free Trial": "Prueba gratis",
  "Friday": "Viernes",
  "From Provider": "Del proveedor",
  "Functionality is currently limited.": "En estos momentos, la funcionalidad está limitada.",
  "Furthest Upcoming Expiry": "Última caducidad",
  "Future": "Futuro",
  "General": "General",
  "Get a Licence Quote": "Obtener un presupuesto de licencia",
  "Get a Quote": "Obtener presupuesto",
  "Give users the ability to invite external users to a Board by email address": "Proporcione a los usuarios la capacidad de invitar a usuarios externos a un panel mediante su dirección de correo electrónico",
  "Global Access": "Acceso global",
  "Global OAuth": "OAuth global",
  "Go to licence": "Ir a licencia",
  "Go to Today": "Ir a Hoy",
  "Goals": "Objetivos",
  "Group": "Grupo",
  "Group Boards": "Paneles de grupo",
  "Group By": "Agrupar por",
  "Group Owners: Owners of this Board.</br>Group Members: Authors of this Board": "Propietarios del grupo: propietarios de este panel.</br>Miembros del grupo: autores de este panel",
  "Groups": "Grupos",
  "Help": "Ayuda",
  "Hide": "Ocultar",
  "Hide Completed Todos": "Ocultar tareas completadas",
  "Hide Dates": "Ocultar fechas",
  "Horizontal": "Horizontal",
  "How would you like to proceed?": "¿Cómo desea continuar?",
  "HR": "RR. HH.",
  "I accept the above Terms & Conditions": "Acepto los anteriores términos y condiciones",
  "I accept the terms of service": "Acepto los términos del servicio",
  "ID": "ID",
  "If this setting is switched off, cards are created as entries on enter press.": "Si se desactiva esta configuración, las tarjetas se crean como entradas al pulsar Entrar.",
  "Ignore Completed": "Ignorar completos",
  "Ignore Deleted": "Ignorar eliminados",
  "Ignore Templates": "Ignorar plantillas",
  "Import": "Importar",
  "Import an Activity": "Importar una actividad",
  "Import an Activity Template": "Importar una plantilla de actividad",
  "Import from Activities": "Importar desde Actividades",
  "Import From Activities": "Importar desde Actividades",
  "In a Group": "En un grupo",
  "Include email body in description": "Incluir cuerpo del correo electrónico en la descripción",
  "Inherit": "Heredar",
  "Inherit from Group": "Heredar del grupo",
  "Inherited from Group": "Heredado del grupo",
  "Integration Env": "Entorno de integración",
  "Internal server error": "Error de servidor interno",
  "Invitation sent to": "Invitación enviada a",
  "Invite": "Invitar",
  "Invite by Email": "Invitar por correo electrónico",
  "Invite sent on": "Invitación enviada a",
  "Invoice": "Factura",
  "Invoice Details": "Detalles de la factura",
  "Invoices": "Facturas",
  "Invoices for": "Facturas de",
  "Is Enabled": "Está habilitado",
  "Is Trial": "Es de prueba",
  "IT": "TI",
  "It is valid until {{expiry}}.": "Tiene validez hasta {{expiry}}.",
  "Items": "Elementos",
  "Join Workspace Meetings": "Unirse a reuniones en el espacio de trabajo",
  "Kanban": "Kanban",
  "Kanban View": "Vista Kanban",
  "Kudos Boards": "Kudos Boards",
  "Kudos Boards - Terms & Conditions": "Kudos Boards: términos y condiciones",
  "Kudos Boards API": "API de Kudos Boards",
  "Kudos Boards cannot be added as a tab until an administrator approves required functionality": "No se puede añadir Kudos Boards como pestaña hasta que un administrador apruebe la funcionalidad requerida",
  "Kudos Boards has been updated in the background. Please reload the app!": "Kudos Boards se ha actualizado en segundo plano. Vuelva a cargar la aplicación.",
  "Kudos Partner Reference Code (optional)": "Código de referencia de socio de Kudos (opcional)",
  "Kudos Team Name": "Nombre del equipo de Kudos",
  "Label deleted": "Etiqueta suprimida",
  "Labels": "Etiquetas",
  "Last Accessed": "Usado por última vez",
  "Last Licence Expired on": "La última licencia caducó",
  "Later This Month": "Al final de este mes",
  "Later This Week": "Al final de esta semana",
  "Layout": "Diseño",
  "Leave Board": "Salir del panel",
  "Licence Assigned": "Licencia asignada",
  "Licence Details": "Detalles de la licencia",
  "Licence expired": "Licencia caducada",
  "Licence Type": "Tipo de licencia",
  "Licences": "Licencias",
  "Licenses": "Licencias",
  "Licensing": "Licencias",
  "Limit": "Límite",
  "Line": "Línea",
  "Line Items": "Elementos de línea",
  "Lines in file:": "Líneas en el archivo:",
  "Link": "Enlace",
  "Link Accounts": "Vincular cuentas",
  "Link another account": "Vincular otra cuenta",
  "Link another Kudos Boards account": "Vincular otra cuenta de Kudos Boards",
  "Link Exists": "El enlace existe",
  "Link to Board": "Enlace al panel",
  "Link to Card, List or Board": "Enlace a la tarjeta, la lista o el panel",
  "Link to File": "Enlazar a archivo",
  "Link to Folder": "Enlazar a carpeta",
  "Link {{provider}} with the current account": "Vincular a {{provider}} con la cuenta actual",
  "Linked Accounts": "Cuentas vinculadas",
  "Linked Groups": "Grupos vinculados",
  "Links": "Enlaces",
  "Links & Attachments": "Enlaces y adjuntos",
  "List": "Lista",
  "List all Boards": "Enumerar todos los paneles",
  "List Name": "Nombre de lista",
  "List View": "Vista de lista",
  "Lists": "Listas",
  "Lite": "Lite",
  "Local": "Local",
  "Logging in, please wait...": "Iniciando sesión, espere...",
  "Login": "Iniciar sesión",
  "Logout": "Cerrar sesión",
  "Look in": "Buscar en",
  "Make the most of your Kudos Boards Premium Preview": "Aproveche al máximo la versión preliminar premium de Kudos Boards",
  "Manage Org": "Gestionar organización",
  "Manage Payments": "Gestionar pagos",
  "Mark Board as Complete": "Marcar panel como completado",
  "Mark Board as Incomplete": "Marcar panel como incompleto",
  "Mark Complete": "Marcar como finalizada",
  "Mark Incomplete": "Marcar como incompleto",
  "Marketing": "Marketing",
  "Match All Filters": "Coincidir con todos los filtros",
  "Meeting": "Reunión",
  "Members": "Miembros",
  "Merge": "Fusionar",
  "Microsoft Office365": "Microsoft Office 365",
  "Migrate ALL ({{num}})": "Migrar TODO ({{num}})",
  "Migrate Selected ({{num}})": "Migrar los elementos seleccionados ({{num}})",
  "Mind Map": "Diagrama de ideas",
  "MindMap": "Diagrama de ideas",
  "Mindmap": "Diagrama de ideas",
  "Mindmap View": "Vista de diagrama de ideas",
  "Minimum number of users for the selected licence type is {{minimumSeats}}": "El número mínimo de usuarios para el tipo de licencia seleccionada es {{minimumSeats}}",
  "Mirror": "Espejo",
  "Modified": "Modificado",
  "Modify": "Modificar",
  "Modify Licence": "Modificar licencia",
  "Monday": "Lunes",
  "monthly": "mensualmente",
  "Monthly": "Mensualmente",
  "More": "Más",
  "Move": "Mover",
  "Move and Open": "Mover y abrir",
  "Move Card": "Mover tarjeta",
  "Move List": "Mover lista",
  "Move To Another Board": "Mover a otro panel",
  "Move to another list or parent card": "Mover a otra lista o tarjeta principal",
  "My": "Personal",
  "My Account": "Mi cuenta",
  "My Activities": "Mis actividades",
  "My Boards": "Mis paneles",
  "My Subscriptions": "Mis suscripciones",
  "My Templates": "Mis plantillas",
  "My Todos": "Mis tareas pendientes",
  "Name": "Nombre",
  "Name on Card": "Nombre en la tarjeta",
  "Named Users": "Usuarios con nombre",
  "Named Users Licence": "Licencia de usuarios con nombre",
  "Never": "Nunca",
  "New Board": "Nuevo panel",
  "New card created, however the search filter currently applied is preventing it from being displayed": "Se ha creado una nueva tarjeta, pero el filtro de búsqueda que se está aplicando no permite que se muestre",
  "New cards created as tasks on enter key press": "Nuevas tarjetas creadas como tareas al pulsar la tecla Entrar",
  "New Client": "Nuevo cliente",
  "New Client Licence": "Nueva licencia de cliente",
  "New Credit Card": "Nueva tarjeta de crédito",
  "New Label": "Nueva etiqueta",
  "New Label Text": "Texto de la nueva etiqueta",
  "New Licence": "Nueva licencia",
  "New Since Last Week": "Novedades desde la semana pasada",
  "New Sub-Card": "Nueva subtarjeta",
  "New Tab": "Nueva pestaña",
  "New Template": "Nueva plantilla",
  "New User Licence": "Nueva licencia de usuario",
  "Next": "Siguiente",
  "Next Invoice Amount: {{nextAmount}}": "Importe de la próxima factura: {{nextAmount}}",
  "Next Invoice Date: {{date}}": "Fecha de la próxima factura: {{date}}",
  "Next Payment": "Siguiente pago",
  "Next Payment Attempt": "Siguiente intento de pago",
  "Next Payment: {{{date}}}": "Siguiente pago: {{{date}}}",
  "Next Week": "Semana siguiente",
  "No": "No",
  "No action available": "No hay acciones disponibles",
  "No Active Meetings found. Click below to go to a Workspace": "No se han encontrado reuniones activas. Haga clic abajo para ir a un espacio de trabajo.",
  "No Activities found": "No se han encontrado actividades",
  "No Archived items to show": "No hay elementos archivados para mostrar",
  "No Assignment": "No hay asignaciones",
  "No boards found for this group": "No se han encontrado paneles para este grupo",
  "No Boards found.": "No se han encontrado paneles.",
  "No boards yet, please create one first": "Aún no hay paneles, cree uno primero.",
  "No clients found": "No se han encontrado clientes",
  "No Colour": "No hay colores",
  "No Date": "No hay fecha",
  "No files found": "No se han encontrado archivos",
  "No folders found": "No se han encontrado carpetas",
  "No Group": "No hay grupos",
  "No invoices to display": "No hay facturas para mostrar",
  "No items were selected": "No se ha seleccionado ningún elemento",
  "No Label": "No hay etiquetas",
  "No label": "No hay etiquetas",
  "No labels defined": "No se ha definido ninguna etiqueta",
  "No licences available. Functionality will be limited for new users.": "No hay licencias disponibles. La funcionalidad se verá limitada para los nuevos usuarios.",
  "No licences found": "No se han encontrado licencias",
  "No licences to show": "No hay licencias para mostrar",
  "No organisations found": "No se han encontrado organizaciones",
  "No pinned boards": "No hay paneles anclados",
  "No Pinned Boards found.": "No se han encontrado paneles anclados.",
  "No Recent Boards found.": "No se han encontrado paneles recientes.",
  "No user trials found": "No se han encontrado pruebas para usuarios",
  "No users found": "No se ha encontrado ningún usuario",
  "No users to show": "No hay usuarios para mostrar",
  "None": "Ninguno",
  "North America": "América del Norte",
  "Not Licensed": "Sin licencia",
  "Not Supported": "No se soporta",
  "Note that file security is managed by {{provider}}, not by Kudos Boards": "Kudos Boards no gestiona la seguridad de los archivos, sino {{provider}}",
  "Nothing to show": "Nada que mostrar",
  "Number of Attempts": "Número de intentos",
  "Number of cards": "Número de tarjetas",
  "Number of Expired Licences": "Número de licencias caducadas",
  "Number of Users": "Número de usuarios",
  "Number of Valid Licences": "Número de licencias válidas",
  "oAuth Client ID": "ID de cliente de OAuth",
  "OAuth Client ID": "ID de cliente de OAuth",
  "OAuth Client Secret": "Secreto de cliente de OAuth",
  "oAuth Client Secret": "Secreto de cliente de OAuth",
  "ok": "aceptar",
  "OK": "Aceptar",
  "Only Entries": "Solo entradas",
  "Only the members of this board will be able to see and access this board.": "Solo los miembros de este panel podrán verlo y acceder a él.",
  "Only Todos": "Solo tareas pendientes",
  "Open": "Abrir",
  "Open Board Options": "Opciones para abrir paneles",
  "Open Boards in:": "Abrir paneles en:",
  "Open in Boards": "Abrir en Paneles",
  "Open Licence": "Abrir licencia",
  "Open this board": "Abrir este panel",
  "Opt in below to receive tips and tricks from the Kudos Boards team to make the most of your premium preview.": "Participe a continuación para recibir consejos y trucos del equipo de Kudos Boards y aprovechar al máximo su versión preliminar premium.",
  "Order": "Orden",
  "Order Summary": "Resumen del pedido",
  "Order via ISW Partner": "Pedir mediante socio de ISW",
  "Org Administration": "Administración de organización",
  "Organisation": "Organización",
  "Organisation Name": "Nombre de la organización",
  "Organisations": "Organizaciones",
  "Organise any project productively using the classic Todo, Doing, Done methodology": "Organice cualquier proyecto de manera productiva mediante la metodología pendiente, en curso, completado",
  "Our Terms & Conditions have changed": "Nuestros términos y condiciones han cambiado",
  "Overdue": "Con retraso",
  "owner": "propietario",
  "Owner": "Propietario",
  "Owners": "Propietarios",
  "Page Not Found": "No se ha encontrado la página",
  "Paid": "Pagado",
  "Paste link or drop file to upload": "Pegue el enlace o suelte el archivo para subirlo",
  "Payment Method": "Método de pago",
  "Period": "Punto",
  "Person": "Persona",
  "Pin Board": "Panel de anclados",
  "Pinned": "Marcadas",
  "Pinned Boards": "Paneles anclados",
  "Pinned boards": "Paneles anclados",
  "Plan and collaborate on tasks on a weekly basis": "Planifique y colabore en las tareas semanalmente",
  "Please approve the Kudos Boards app to allow it to be added as a tab.": "Apruebe la aplicación Kudos Boards para que se pueda añadir como pestaña.",
  "Please approve the Kudos Boards app to use advanced features.": "Apruebe la aplicación Kudos Boards para usar características avanzadas.",
  "Please contact your Administrator": "Póngase en contacto con el administrador",
  "Please contact your IBM Connections Admin to purchase a licence.": "Contacte con su administrador de IBM Connections para comprar una licencia.",
  "Please ensure you login with the same Office 365 user account as you are using in Microsoft Teams": "Asegúrese de iniciar sesión con la misma cuenta de usuario de Office 365 que usa en Microsoft Teams",
  "Please enter a board name": "Escriba un nombre de panel",
  "Please enter a valid email address": "Escriba una dirección de correo electrónico válida",
  "Please enter a valid URL": "Especifique un URL válido",
  "Please enter the number of users in your Connections Cloud Organisation": "Introduzca el número de usuarios de su organización de Connections Cloud",
  "Please enter the number of users you wish to name under this licence": "Introduzca el número de usuarios que quiera tener bajo esta licencia",
  "Please read our Terms & Conditions": "Lea los términos y condiciones",
  "Please reload the page and try again, if this issue persists please let us know": "Vuelva a cargar la página e inténtelo de nuevo. Contacte con nosotros si el problema persiste.",
  "Please review your licences here": "Revise aquí sus licencias",
  "Please see the <a href='{{url}}'>new board</a>": "Vea el <a href='{{url}}'>nuevo panel</a>",
  "Please sign in": "Inicie sesión",
  "Please start a trial to use Boards in your {{provider}} organisation": "Comience a usar una versión de prueba para utilizar Paneles en su organización de {{provider}}",
  "Position": "Posición",
  "Post": "Publicar",
  "Premium": "Premium",
  "Premium Preview Status": "Estado de la versión preliminar premium",
  "Preview": "Vista previa",
  "Preview available": "Versión preliminar disponible",
  "Previous": "Anterior",
  "Pricing": "Precios",
  "primary": "primario",
  "Primary": "Primario",
  "Print": "Imprimir",
  "Private (me only)": "Privado (solo yo)",
  "Product Information": "Información sobre el producto",
  "Product Version": "Versión del producto",
  "Provider": "Proveedor",
  "Provider not supported": "El proveedor no está soportado",
  "Public": "Pública",
  "Public Access": "Acceso público",
  "Public Activities": "Actividades públicas",
  "Public Boards": "Paneles públicos",
  "Public Templates": "Plantillas públicas",
  "Quarterly": "Trimestralmente",
  "Questions": "Preguntas",
  "Quick Edit": "Edición rápida",
  "Radial": "Radial",
  "RE-CENTER": "VOLVER A CENTRAR",
  "Reactivate Licence": "Reactivar licencia",
  "reader": "lector",
  "Reader": "Lector",
  "Recent": "Recientes",
  "Recent boards": "Paneles recientes",
  "Recent Boards": "Paneles recientes",
  "Recurring Amount Due: {{recurring}}": "Importe recurrente pendiente: {{recurring}}",
  "Redeeming Invitation...": "Canjeando invitación...",
  "Redirecting to Connections Cloud...": "Redirigiendo a Connections Cloud...",
  "Redirecting to Watson Workspace...": "Redirigiendo a Watson Workspace...",
  "Refresh": "Actualizar",
  "Region": "Región",
  "Reload": "Volver a cargar",
  "Remaining ({{num}})": "Quedan ({{num}})",
  "Remove Admin": "Eliminar administrador",
  "Remove Client": "Eliminar cliente",
  "Remove Invite": "Eliminar invitación",
  "Remove Licence": "Eliminar licencia",
  "Replace": "Sustituir",
  "Resend Invite": "Reenviar invitación",
  "Reset": "Restablecer",
  "Restore": "Restaurar",
  "Restore Card": "Restaurar tarjeta",
  "Restore items": "Restaurar elementos",
  "Restore List": "Restaurar lista",
  "Restore mode": "Restaurar modo",
  "Reverse": "Invertir",
  "Revoke All": "Revocar todo",
  "Revoke Licence": "Revocar licencia",
  "Role": "Rol",
  "Roles": "Roles",
  "Rows": "Filas",
  "Sales": "Ofertas",
  "Save": "Guardar",
  "Save card for future purchases": "Guarde la tarjeta para futuras compras",
  "Save Changes": "Guardar cambios",
  "Save link": "Guardar enlace",
  "Scroll To": "Desplazarse a",
  "Search": "Buscar",
  "Search All Templates": "Buscar todas las plantillas",
  "Search this view": "Buscar en esta vista",
  "Search...": "Buscar...",
  "Select a Board": "Seleccione un panel",
  "Select board": "Seleccionar panel",
  "Select Board": "Seleccionar panel",
  "Select Board Label": "Seleccionar etiqueta de panel",
  "Select Card Colours": "Seleccionar colores de la tarjeta",
  "Select Colour": "Seleccionar color",
  "Select Colours": "Seleccionar colores",
  "Select Destination Board": "Seleccionar un panel de destino",
  "Select destination folder": "Seleccionar una carpeta de destino",
  "Select File": "Seleccionar archivo",
  "Select Folder": "Seleccionar carpeta",
  "Select items for delete": "Seleccionar elementos que suprimir",
  "Select items for restore": "Seleccionar elementos que restaurar",
  "Select List or Card": "Seleccionar lista o tarjeta",
  "Select the boards below that you would like to transfer membership over to your primary ({{toName}}) account": "Seleccione abajo los paneles cuya pertenencia desee transferir a su cuenta principal de ({{toName}})",
  "Selected Activity": "Actividad seleccionada",
  "Send an email notifying each member that the Activity has been migrated to a Board.": "Envíe un correo electrónico para notificar a cada miembro que la actividad se ha migrado a un panel.",
  "Send Invitation": "Enviar invitación",
  "Send Notification Email to Members": "Enviar correo electrónico de notificación a miembros",
  "Sending invitations": "Enviando invitaciones",
  "Set as primary account": "Establecer como cuenta principal",
  "Set Dates": "Establecer fechas",
  "Set enter key press action to create a task when creating new cards in a list.": "Establezca la acción de tecla Entrar para crear una tarea cuando cree nuevas tarjetas en una lista.",
  "Setup Subscription": "Configurar suscripción",
  "Share with": "Compartir con",
  "Shared by me": "Compartidos por mí",
  "Shared with me": "Compartidos conmigo",
  "Show": "Mostrar",
  "Show all ancestors": "Mostrar todos los antecesores",
  "Show all boards for this team": "Mostrar todos los paneles de este equipo",
  "Show Board Menu": "Mostrar el menú de paneles",
  "Show Filter Options": "Mostrar las opciones de filtros",
  "Show Less": "Mostrar menos",
  "Show Licences for your organisation": "Mostrar las licencias para su organización",
  "Show More": "Mostrar más",
  "Show on Card": "Mostrar en tarjeta",
  "Show previous comments": "Mostrar comentarios anteriores",
  "Show previous links & attachments": "Mostrar enlaces y adjuntos anteriores",
  "Show Sub-cards": "Mostrar subtarjetas",
  "Sign In": "Iniciar sesión",
  "Sign in with": "Iniciar sesión con",
  "SIGN IN WITH:": "INICIAR SESIÓN CON:",
  "Sign Out": "Salir",
  "Sign Out of Kudos Boards": "Cerrar sesión de Kudos Boards",
  "Signing in...": "Iniciando sesión...",
  "Signing out...": "Cerrando sesión...",
  "Smartcloud": "SmartCloud",
  "Something went wrong.": "Algo ha fallado.",
  "Source Board/Template": "Panel/plantilla de origen",
  "Source Template": "Plantilla de origen",
  "Specific Board": "Panel específico",
  "Start a Trial": "Comience una versión de prueba",
  "Start a trial or purchase a subscription to start creating boards": "Comience a usar una versión de prueba o compre una suscripción para comenzar a crear paneles",
  "Start Boards Premium Preview": "Iniciar versión de prueba premium de Paneles",
  "Start Date": "Fecha de inicio",
  "Start Free Trial": "Iniciar prueba gratuita",
  "Start my trial": "Iniciar mi prueba",
  "Start Now": "Iniciar ahora",
  "Start page updated": "Iniciar página actualizada",
  "Start Page:": "Página de inicio:",
  "Starting Balance": "Saldo inicial",
  "Starting View": "Vista inicial",
  "Status": "Estado",
  "Step": "Paso",
  "Sub Cards": "Subtarjetas",
  "Sub Tasks": "Subtareas",
  "Submit": "Enviar",
  "Subscription": "Suscripción",
  "Subscription expired.": "La suscripción ha caducado.",
  "Subtotal": "Subtotal",
  "Summary": "Resumen",
  "Support for browsers is currently limited.  This browser is not yet supported. <br>Please use one of the following browsers:": "En estos momentos, el soporte para navegadores es limitado. Este navegador aún no está soportado. <br>Use uno de los siguientes:",
  "Tab Content": "Contenido de pestaña",
  "Tab Name": "Nombre de pestaña",
  "Tags": "Etiquetas",
  "Tags (optional)": "Etiquetas (opcional)",
  "Take away meaningful and collaborative notes from any meeting!": "Tome notas relevantes y colaborativas en cualquier reunión.",
  "Task": "Tarea",
  "Team Boards": "Paneles de equipo",
  "Team Name": "Nombre de equipo",
  "Team Name is used as a method to log in to certain authentication providers. e.g. Auth0": "El nombre del equipo se usa como método para iniciar sesión en determinados proveedores de autenticación, como Auth0",
  "Template": "Plantilla de",
  "Templates": "Plantillas",
  "Templates tagged with": "Plantillas con la etiqueta",
  "Text": "Texto",
  "Text Mode": "Modalidad de texto",
  "That can't be pasted there.": "No se puede pegar aquí.",
  "The board has been deleted": "El panel se ha suprimido.",
  "The files below cannot be uploaded to Kudos Boards as they are larger than the limit of {{limit}}": "Los siguientes archivos no se pueden subir a Kudos Boards porque superan el límite de {{limit}}",
  "The following links have already been added to this card:": "Ya se habían añadido los siguientes enlaces a esta tarjeta:",
  "The invite was resent to": "Se reenvió la invitación a",
  "The selected board(s) were successfully transferred": "Se han transferido correctamente los paneles seleccionados",
  "The selected items have been deleted": "Los elementos seleccionados se han suprimido",
  "The selected items have been restored": "Los elementos seleccionados se han restaurado",
  "There was an error when uploading the file. Server response: ": "Se ha producido un error al subir el archivo. Respuesta del servidor: ",
  "This Activity has been migrated to Kudos Boards": "Esta actividad se ha migrado a Kudos Boards",
  "This billing cycle affords a {{discount}}% discount": "Este ciclo de facturación permite un descuento del {{discount}} %",
  "This Board": "Este panel",
  "This Board is available with AUTHOR access to everyone across all organisations.": "Este panel está disponible con acceso de AUTOR a todas las personas en todas las organizaciones.",
  "This Board is available with EDITOR access to everyone across all organisations.": "Este panel está disponible con acceso de EDITOR a todas las personas en todas las organizaciones.",
  "This Board is in one or more Groups": "Este panel está en uno o más grupos",
  "This Board is read-only to everyone across all organisations.": "Este panel es de solo lectura para todas las personas en todas las organizaciones.",
  "This Board will be visible to everyone in your organisation. <br>Non-members can create new content and edit their own content.": "Este panel será visible para todas las personas de su organización. <br>Quienes no sean miembros podrán crear nuevo contenido y editar su propio contenido.",
  "This Board will be visible to everyone in your organisation. <br>Non-members can only view the board's contents.": "Este panel será visible para todas las personas de su organización. <br>Quienes no sean miembros solo podrán ver los contenidos.",
  "This Board will be visible to everyone in your organisation. <br>Please note: This access level allows non-members to edit <b>all</b> board content.": "Este panel será visible para todas las personas de su organización. <br>Tenga en cuenta que este nivel de acceso permite que quien no sea miembro edite <b>todo</b> el contenido del panel.",
  "This card will be restored with its parent": "Esta tarjeta se restaurará con su padre",
  "This Community": "Esta comunidad",
  "This feature is coming soon!": "Pronto estará disponible esta característica.",
  "This feature is currently not supported by the IBM Connections Cloud API": "En estos momentos, la API de IBM Connections Cloud no soporta esta característica",
  "This field is required": "Este campo es necesario",
  "This invoice has been closed. Payment will not be automatically attempted again. Contact support for more information": "La factura se ha cerrado. No se volverá a intentar realizar el pago automáticamente. Contacte con el servicio de soporte para obtener más información.",
  "This is a Free trial of Kudos Boards and will expire in {{numDays}} day(s).": "Esta es una prueba gratuita de Kudos Boards y caducará en {{numDays}} día(s).",
  "This is a read-only preview of this Activity. Import to Boards for full functionality": "Esta es una versión preliminar de solo lectura de la actividad. Impórtela a Paneles para obtener la funcionalidad completa.",
  "This licence grants access to a set number of users as they use the app. You may view the user-licences already assigned.": "Esta licencia concede acceso a un número determinado de usuarios conforme usan la aplicación. Puede ver las licencias de usuario ya asignadas.",
  "This licence has been cancelled.": "Se ha cancelado esta licencia.",
  "This licence only grants access to a selected group of named users. Access will not be granted to users not named by the Org Admins. You can view and edit the named users from the Admin settings.": "Esta licencia solo concede acceso a un grupo seleccionado de usuarios con nombre. No se concederá acceso a usuarios no nombrados por los administradores de la organización. Puede ver y editar los usuarios con nombre en la configuración de administrador.",
  "This option is only available when paying by credit card": "Esta opción solo está disponible al pagar con tarjeta de crédito",
  "This option is only editable if paying by credit card": "Esta opción solo se puede activar al pagar con tarjeta de crédito",
  "This team account is already linked": "La cuenta del equipo ya se ha vinculado",
  "This will go to your provider for an administrator to approve access to Kudos Boards": "Esto se enviará a su proveedor para que un administrador apruebe el acceso a Kudos Boards",
  "This will permanently delete the board and all its data, are you sure?": "Esto suprimirá permanentemente el panel y todos sus datos, ¿seguro que quiere continuar?",
  "This will remove this data permanently from the board, are you sure?": "Esto eliminará permanente los datos del panel, ¿seguro que quiere continuar?",
  "Thursday": "Jueves",
  "Tile Colours": "Colores de mosaico",
  "Timeline": "Línea temporal",
  "Timeline View": "Visualización de la línea temporal",
  "Title": "Título",
  "to go to Connections Cloud, then access Kudos Boards via the link in the 'Apps' menu.": "para ir a Connections Cloud, y después acceda a Kudos Boards mediante el enlace en el menú \"Aplicaciones\".",
  "To interact with this card the parent will need to be restored": "Para interactuar con esta tarjeta, hay que restaurar al padre",
  "To unselect this card you will need to unselect its parent": "Para anular la selección de esta tarjeta, debe anular la selección del padre",
  "to view this content": "para ver este contenido",
  "Today": "Hoy",
  "Todo": "Tarea pendiente",
  "Todos": "Tareas pendientes",
  "Todos by Date": "Tareas pendientes por fecha",
  "Todos by Due Date": "Tareas pendientes por fecha de vencimiento",
  "Toggle Completion": "Alternar finalización",
  "Toggle Editor": "Alternar editor",
  "Toggle Sidebar": "Alternar barra lateral",
  "Tomorrow": "Mañana",
  "Total": "Total",
  "Transfer Board Membership": "Transferir pertenencia al panel",
  "Transfer Membership": "Transferir pertenencia",
  "TRIAL": "PRUEBA",
  "Trial": "Prueba",
  "Trial End Date: {{trialEnd}}": "Fecha de finalización de la prueba: {{trialEnd}}",
  "Trial expired": "La prueba ha caducado",
  "Trial expired.": "La prueba ha caducado.",
  "Trial extended {{extensions}} time(s)": "Prueba ampliada {{extensions}} vez(es)",
  "Try again": "Inténtelo de nuevo",
  "Tuesday": "Martes",
  "Type": "Tipo",
  "Type to filter archive": "Escriba para filtrar el archivo",
  "Type to filter list": "Escriba para filtrar la lista",
  "Type to filter members": "Escriba para filtrar los miembros",
  "Type to search": "Escriba para buscar",
  "Unassigned": "Sin asignar",
  "Undo": "Deshacer",
  "UNDO": "DESHACER",
  "Unit price: {{unitPrice}} per user": "Precio de la unidad: {{unitPrice}} por usuario",
  "Unknown Connections Cloud organisation. Redirecting...": "Organización de Connections Cloud desconocida. Redirigiendo...",
  "Unknown Team": "Equipo desconocido",
  "Unlimited": "Ilimitada",
  "Unlink account": "Desvincular cuenta",
  "Unlink Board": "Desvincular panel",
  "Unlink {{fromName}} Account": "Desvincular cuenta de {{fromName}}",
  "Unlock Kudos Boards Premium Preview": "Desbloquear versión preliminar premium Kudos Boards",
  "Unpaid": "Sin pagar",
  "Unpin Board": "Desanclar panel",
  "Unscheduled cards": "Tarjetas sin planificar",
  "Update": "Actualizar",
  "Updated": "Actualizada",
  "Updated Since Last Accessed": "Actualizado desde el último acceso",
  "Updated {{ date }}": "Actualizado el {{ date }}",
  "Updating...": "Actualizando...",
  "Upload": "Subir",
  "Upload file from computer": "Cargar archivo desde el equipo",
  "Upload to Kudos Boards": "Subir a Kudos Boards",
  "Upload Users": "Subir usuarios",
  "Upload Users from CSV": "Subir usuarios desde CSV",
  "uploaded successfully": "se ha cargado satisfactoriamente",
  "Uploading file:": "Subiendo archivo:",
  "URL": "URL",
  "URL of Connections header frame (optional)": "URL del marco de cabecera de Connections (opcional)",
  "Use another file service": "Usar otro servicio de archivo",
  "Use current account": "Usar la cuenta actual",
  "Use Email": "Usar correo electrónico",
  "Use the Kudos Boards File Attachment Service for attaching files to cards": "Use el servicio de archivos adjuntos de Kudos Boards para adjuntar archivos a las tarjetas",
  "Use {{provider}} instead": "Use {{provider}} en su lugar",
  "Used": "Usado",
  "User": "Usuario",
  "User Emails": "Correos electrónicos del usuario",
  "User ExternalID": "ExternalID del usuario",
  "User Licences": "Licencias del usuario",
  "User Options": "Opciones del usuario",
  "User Trials": "Pruebas del usuario",
  "User upload success!": "Subida de usuario satisfactoria.",
  "Username": "Nombre de usuario",
  "Users": "Usuarios",
  "Users may need to be added to the destination board to maintain access to their assigned todos.": "Puede ser necesario añadir a los usuarios al panel de destino para mantener el acceso a sus tareas pendientes asignadas.",
  "Users: {{num}}": "Usuarios: {{num}}",
  "Vertical": "Vertical",
  "View": "Ver",
  "View and Accept ↗": "Ver y aceptar ",
  "View Details": "Ver detalles",
  "View licences": "Ver licencias",
  "View subscriptions": "Ver suscripciones",
  "View Subscriptions": "Ver suscripciones",
  "Want to know more?": "¿Desea obtener más información?",
  "Warning: you are not authorised to add members in this board": "Advertencia: carece de autorización para añadir miembros a este panel",
  "We found one board linked your {{fromName}} user account. Once you unlink the account you may no longer have access to this board.": "Hay un panel vinculado a su cuenta de usuario de {{fromName}}. Al desvincular la cuenta, dejará de tener acceso a este panel.",
  "We found {{count}} boards linked to your {{fromName}} user account. Once you unlink the account you may no longer have access to these boards.": "Hay {{count}} paneles vinculados a su cuenta de {{fromName}}. Al desvincular la cuenta, dejará de tener acceso a estos paneles.",
  "We recommended you change the widget title from the actions menu above": "Se recomienda cambiar el título del widget en el menú de acciones superior",
  "Wednesday": "Miércoles",
  "Weekdays": "Días laborables",
  "Welcome": "Bienvenido",
  "Welcome to Kudos Boards": "Le damos la bienvenida a Kudos Boards",
  "When you unlock Kudos Boards Premium View, your current Activities will immediately be available in Board, Timeline and MindMap view.": "Al desbloquear la versión premium de Kudos Boards, sus actividades actuales estarán disponibles de inmediato en la vista de Panel, Línea temporal y Diagrama de ideas.",
  "Widget Settings": "Configuración del widget",
  "yearly": "anualmente",
  "Yearly": "Anualmente",
  "Yes": "Sí",
  "Yes Please": "Sí",
  "You are in DELETE mode, select items to delete": "Se encuentra en el modo SUPRIMIR, seleccione elementos para suprimir",
  "You are in restore mode, select items to restore": "Se encuentra en el modo restaurar, seleccione elementos para restaurar",
  "You are not a direct member of this board. Please consider leaving any Groups that may be members of this board.": "No es miembro directo de este panel. Considere la posibilidad de salir de aquellos grupos que sean miembros de este panel.",
  "You are not allowed to leave this Board. Please consider archiving board.": "No puede salir de este panel. Considere la posibilidad de archivarlo.",
  "You are not authorised to access this resource": "No tiene autorización para acceder a este recurso",
  "You are not licensed to access this resource.": "No tiene licencia para acceder a este recurso.",
  "You are the only owner of this board. Please consider adding other owners or archiving this board instead.": "Es el único propietario de este panel. Considere la posibilidad de añadir más propietarios o archivar el panel.",
  "You can enhance your workflow by unlocking Kudos Boards Premium Preview. In addition to your Activities view, you’ll also be able to work in the Boards, Timeline and Mind Map views!": "Puede mejorar el flujo de trabajo al desbloquear la versión preliminar premium de Kudos Boards, además de la vista de Actividades, podrá trabajar en las vistas de Paneles, Línea temporal y Diagrama de ideas.",
  "You have READ ONLY access to this Board": "Tiene acceso de SOLO LECTURA a este panel",
  "You have {{remaining}} day(s) remaining in your premium preview.": "Le quedan {{remaining}} día(s) de versión preliminar premium.",
  "Your account's email address and other admin emails for your org ({{emails}}) are already included": "Ya se han incluido la dirección de correo electrónico de su cuenta y otros correos electrónicos de administrador de su organización ({{emails}})",
  "Your api key for kudos boards is shown below": "A continuación se muestra su clave de API para Kudos Boards",
  "Your changes have been saved": "Se han guardado los cambios",
  "Your initial premium preview with {{orgName}} has expired. Click extend if you would like to continue access for an additional 30 days": "Su versión preliminar premium inicial de {{orgName}} ha caducado. Haga clic en Ampliar si desea seguir accediendo 30 días más",
  "Your premium preview expires today.": "Su versión preliminar premium caduca hoy.",
  "Your premium preview has expired, Let your administrator know you'd like to continue using Kudos Boards Premium view.": "Su versión preliminar premium ha caducado. Indique a su administrador que desea seguir usando la versión premium de Kudos Boards.",
  "Your session with {{provider}} has expired. Redirecting...": "La sesión con {{provider}} ha caducado. Redirigiendo...",
  "Your session with {{provider}} has expired. Some functionality (ie notifications, groups, files) will be restricted until you login again.": "La sesión con {{provider}} ha caducado. Algunas funcionalidades (como notificaciones, grupos, archivos...) se verán restringidas hasta que vuelva a iniciar sesión.",
  "{{count}} more card(s) this way": "{{count}} tarjeta(s) más de esta manera",
  "{{num}} users": "{{num}} usuarios",
  "{{quantity}} x subscriptions to '{{plan.name}}' ({{planPrice}} / {{plan.interval}})": "{{quantity}} x suscripciones a \"{{plan.name}}\" ({{planPrice}} / {{plan.interval}})",
  "{{remaining}} days of trial remaining": "Quedan {{remaining}} días de prueba",
  "{{remaining}} days remaining in your premium preview.": "Quedan {{remaining}} días de versión preliminar premium.",
  "{{userTrialCount}} user(s) have started a trial of Kudos Boards Premium": "{{userTrialCount}} usuario(s) ha(n) comenzado a usar una versión de prueba de Kudos Boards Premium"
}