{
  "": "",
  "'{{userName}}' will not be able to view the message because they cannot access this Board": "{{userName}} ei voi tarkastella viestiä, koska hän ei voi käyttää tätä ilmoitustaulua",
  "(Copy Of) ": "(Kopio) ",
  "A problem occurred when creating invite": "Ongelma kutsua luotaessa",
  "A problem occurred when deleting node": "Ongelma solmua poistettaessa",
  "A problem occurred when getting a node": "Ongelma solmua haettaessa",
  "A problem occurred when redeeming invite": "Ongelma kutsua lunastettaessa",
  "A problem occurred when removing invite": "Ongelma kutsua poistettaessa",
  "A problem occurred when removing member": "Ongelma jäsentä poistettaessa",
  "A problem occurred when saving invite": "Ongelma kutsua tallennettaessa",
  "A problem occurred when saving member": "Ongelma jäsentä tallennettaessa",
  "A problem occurred when saving node": "Ongelma solmua tallennettaessa",
  "A problem occurred when updating invite": "Ongelma kutsua päivitettäessä",
  "A user with that email address already exists": "Järjestelmässä on jo käyttäjä, jolla on sama sähköpostiosoite",
  "A user with that email address already exists as a member of this board": "Tällä sähköpostiosoitteella on jo käyttäjä tämän taulun jäsenenä",
  "Accessed in the Last Month": "Käytetty viimeisimmän kuukauden aikana",
  "Accessed since": "Käytetty jälkeen:",
  "Account Balance: {{credit}}": "Tilin saldo: {{credit}}",
  "Account Unlinked": "Tilin linkitys poistettiin",
  "Actions": "Toiminnot",
  "Active": "Käytössä",
  "Active Boards": "Aktiiviset taulut",
  "Active Workspace Meetings": "Aktiiviset työtilakokoukset",
  "Activity": "Aktiviteetti",
  "Activity data is loading...": "Aktiviteettitietoja ladataan...",
  "Activity Migration": "Aktiviteettien siirtyminen",
  "Activity Name": "Aktiviteetin nimi",
  "Add": "Lisää",
  "Add a Card": "Lisää kortti",
  "Add a Comment": "Lisää kommentti",
  "Add a Description": "Lisää kuvaus",
  "Add a List": "Lisää luettelo",
  "Add a list": "Lisää luettelo",
  "Add a Tag": "Lisää tunniste",
  "Add an attachment or link": "Lisää liite tai linkki",
  "Add another": "Lisää toinen",
  "Add Attachment": "Lisää liite",
  "Add Bookmark": "Lisää kirjanmerkki",
  "Add Client": "Lisää työasema",
  "Add Custom Field": "Lisää mukautettu kenttä",
  "Add file": "Lisää tiedosto",
  "Add individuals or groups as members, or invite by email": "Lisää yksityishenkilöitä tai ryhmiä jäseniksi tai kutsu sähköpostitse",
  "Add Label": "Lisää nimiö",
  "Add label '{{filter}}'": "Lisää nimiö {{filter}}",
  "Add Licence": "Lisää käyttöoikeus",
  "Add Member": "Lisää jäsen",
  "Add members": "Lisää jäseniä",
  "Add Organisation": "Lisää organisaatio",
  "Add people to your board or invite by email": "Lisää ihmisiä tauluusi tai kutsu sähköpostitse",
  "Add User": "Lisää käyttäjä",
  "Admin approval failed": "Pääkäyttäjän hyväksyntä epäonnistui",
  "Admin Users": "Pääkäyttäjät",
  "Administrator approval required.": "Edellyttää pääkäyttäjän hyvksyntää.",
  "Administrators": "Pääkäyttäjät",
  "Advanced": "Lisäasetukset",
  "Agenda": "Esityslista",
  "All": "Kaikki",
  "All Activities": "Kaikki aktiviteetit",
  "All Boards": "Kaikki taulut",
  "All cards are scheduled.": "Kaikki kortit on ajastettu.",
  "All Templates": "Kaikki mallipohjat",
  "Allow Invite by Email": "Salli kutsu sähköpostitse",
  "Already linked": "Linkitetty jo",
  "Amount": "Summa",
  "Amount Due": "Erääntyvä summa",
  "Amount Due Now: {{due}}": "Nyt erääntynyt summa: {{due}}",
  "Amount Paid": "Maksettu summa",
  "An account of this type already linked": "Tämäntyyppinen tili on jo linkitetty",
  "An invitation for the specified email address already exists on this board": "Tällä taululla on jo kutsu määritetylle sähköpostiosoitteelle",
  "and is already a member of this board": "ja on jo tämän taulun jäsen",
  "Apply Template": "Käytä mallipohjaa",
  "Approve": "Hyväksy",
  "Approve Advanced Features": "Hyväksy lisäominaisuudet",
  "Archive": "Arkisto",
  "Archive Card": "Arkistointikortti",
  "Archive Cards in List": "Arkistoi luettelon kortit",
  "Archive List": "Arkistoi luettelo",
  "Archived": "Arkistoitu",
  "Archived Boards": "Arkistoidut taulut",
  "Archived Templates": "Arkistoidut mallipohjat",
  "Are you sure you want to cancel this licence? This will take effect at the end of the current period.": "Haluatko varmasti peruuttaa tämän käyttöoikeuden? Tämä astuu voimaan nykyisen jakson lopussa.",
  "Are you sure you want to delete this licence? CAUTION: This will delete any associated credit card information": "Haluatko varmasti peruuttaa tämän käyttöoikeuden? VAROITUS: Tämä poistaa mahdolliset liitetyt luottokorttitiedot",
  "Are you sure you want to reactivate this licence?": "Haluatko varmasti aktivoida tämän käyttöoikeuden uudelleen?",
  "Are you sure you want to unlink your {{provider}} account?": "Haluatko varmasti poistaa palveluntarjoajan {{provider}} tilin linkityksen?",
  "Are you sure you wish to leave '{{boardName}}'? This action cannot be undone by you.": "Haluatko varmasti poistua taulusta {{boardName}}? Sinä et voi kumota tätä toimintoa.",
  "Are you sure?": "Oletko varma?",
  "Are You Sure?": "Oletko varma?",
  "Are you sure? This will reinstate the previous billing schedule": "Oletko varma? Tämä palauttaa aiemman laskutusaikataulun",
  "Are you sure? This will take effect at the end of the current billing cycle": "Oletko varma? Tämä astuu voimaan nykyisen laskutusjakson lopussa",
  "Asia Pacific": "Aasian ja Tyynenmeren alue",
  "Assign Users": "Määritä käyttäjät",
  "Assigned": "Määritetty",
  "Assigned to": "Tekijä",
  "Assigned To Me": "Määritetty minulle",
  "Assigned Users that will be added to the Destination Board": "Määritetyt käyttäjät, jotka lisätään kohdetauluun",
  "Assignees": "Määritetyt",
  "Assignments": "Toimeksiannot",
  "Attach": "Liitä",
  "Attachments": "Liitteet",
  "Auth0 url": "Auth0-URL-osoite",
  "Authentication Clients": "Todennustyöasemat",
  "Author": "Tekijä",
  "author": "tekijä",
  "awaiting acceptance": "odottaa hyväksyntää",
  "Back": "Edellinen",
  "Back to Boards": "Takaisin Boardsiin",
  "Back to Colour Selection": "Takaisin värin valintaan",
  "Bad Request": "Virheellinen pyyntö",
  "Best viewed in fullscreen": "Näkyy parhaiten koko näytön tilassa",
  "Billing Cycle": "Laskutusjakso",
  "Billing period: {{interval}}": "Laskutusjakso: {{interval}}",
  "Blank": "Tyhjä",
  "Board": "Taulu",
  "Board Archive": "Tauluarkisto",
  "Board Labels": "Taulunimiöt",
  "Board Members": "Jäsenten käyttöönotto",
  "Board Name": "Taulun nimi",
  "Boards": "Taulut",
  "Boards linked directly to this user": "Tähän käyttäjään tällä hetkellä linkitetyt taulut",
  "Boards linked through group membership": "Ryhmän jäsenyydellä linkitetyt taulut",
  "Boards premium preview": "Boards Premium-esikatselu",
  "Bookmarks": "Kirjanmerkit",
  "Buy Licence": "Osta käyttöoikeus",
  "Buy Online": "Osta verkosta",
  "by": "peruste:",
  "Cancel": "Peruuta",
  "Cancel Licence": "Peruuta käyttöoikeus",
  "Cancelled": "Peruutettu",
  "Cannot Leave Board": "Taulusta ei voi poistua",
  "Card Name": "Kortin nimi",
  "Card Number": "Kortin numero",
  "Cards": "Kortit",
  "Central Europe": "Keski-Eurooppa",
  "Choose a board": "Valitse taulu",
  "Choose a Template": "Valitse mallipohja",
  "Classic": "Perinteinen",
  "Clear Search": "Tyhjennä haku",
  "Clear Selected": "Tyhjennä valitut",
  "Clear Selected Filters": "Poista valittujen suodatinten valinta",
  "Click for details": "Saat lisätietoja napsauttamalla tätä",
  "Click for more information about approving advanced features": "Saat lisätietoja lisätoimintojen hyväksymisestä napsauttamalla tätä",
  "Click here": "Napsauta tätä",
  "Click here for details": "Saat lisätietoja napsauttamalla tätä",
  "Click here for details.": "Saat lisätietoja napsauttamalla tätä",
  "Click here to buy a licence online or get a quote": "Osta käyttöoikeus verkossa tai hanki hintatarjous napsauttamalla tätä",
  "Click here to start a 30 day free trial for your organisation. Contact support for trials with more users.": "Aloita 30 päivän maksuton kokeilujakso organisaatiollesi napsauttamalla tätä. Ota yhteyttä tukeen, jos haluat kokeilujaksoon lisää käyttäjiä.",
  "Click to see more details": "Saat lisätietoja napsauttamalla tätä",
  "Client": "Työasema",
  "Clients": "Työasema",
  "Close": "Sulje",
  "Close Activity After Import": "Sulje aktiviteetti tuonnin jälkeen",
  "Close Board Menu": "Sulje tauluvalikko",
  "Close the activity after the import has completed successfully. You can still access it through 'Trash'": "Sulje aktiviteetti, kun tuonti on suoritettu. Voit edelleen käyttää sitä roskakorissa",
  "Closed": "Suljettu",
  "Collaborate on projects involving different departments": "Tee yhteistyötä eri osastojen välisissä projekteissa",
  "Collapse": "Pienennä",
  "Colour": "Väri",
  "Colour Labels": "Värinimiöt",
  "Colour-Tags": "Väritunnisteet",
  "Colours": "Värit",
  "Column View": "Sarakenäkymä",
  "Comments": "Kommentit",
  "Community Activities": "Yhteisön aktiviteetit",
  "Community Templates": "Yhteisön mallipohjat",
  "Complete Todos": "Valmiit tehtävät",
  "Completed": "Valmiit",
  "Configuration": "Kokoonpano",
  "Confirm": "Vahvista",
  "Confirmation Required": "Edellyttää vahvistusta",
  "Connections Cloud session expired. Click here to validate.": "Connections Cloud -istunto vanhentui. Vahvista napsauttamalla tätä.",
  "Connections On-Premise": "Asiakkaan tiloissa oleva Connections",
  "Connections URL": "Connectionsin URL-osoite",
  "Contact Email": "Yhteystiedon sähköpostiosoite",
  "Contact Name": "Yhteystiedon nimi",
  "Contact Support": "Ota yhteys tukeen",
  "Contact your System Administrator for more information or email us at": "Pyydä lisätietoja järjestelmän pääkäyttäjältä tai lähetä meille sähköpostia osoitteeseen",
  "Content": "Sisältö",
  "Continue": "Jatka",
  "Continue Without Transferring": "Jatka siirtämättä",
  "Convert into Entry": "Muunna merkinnäksi",
  "Convert into Todo": "Muunna tehtäväksi",
  "Copy embed code": "Kopioi upotuskoodi",
  "Copy embed code to clipboard": "Kopioi upotuskoodi leikepöydälle",
  "Create": "Luo",
  "Create a new board": "Luo uusi taulu",
  "Create Board": "Luo taulu",
  "Create Board from Template": "Luo taulu mallipohjasta",
  "Create Boards for anything, manage your workflow, and streamline processes with template creation.": "Luo tauluja mille tahansa, hallinnoi työnkulkua ja nopeuta prosesseja mallipohjan luonnilla.",
  "Create card": "Luo kortti",
  "Create Copy": "Luo kopio",
  "Create Link to Board": "Luo linkki tauluun",
  "Create Template": "Luo mallipohja",
  "Create Template from Board": "Luo mallipohja taulusta",
  "Create your own structure for organising projects, workflows, ideas and more!": "Luo oma rakenne muun muassa projektien, työnkulkujen ja ideoiden järjestelemiseen!",
  "Create {{numCards}} cards?": "Luodaanko {{numCards}} korttia?",
  "Create {{numCards}} lists?": "Luodaanko {{numCards}} luetteloa?",
  "Created": "Luotu",
  "Created By Me": "Itse luodut",
  "Created {{ date }}": "Luotu {{ date }}",
  "Created: {{date}}": "Luotu: {{date}}",
  "Credit Card Ending in {{last4}}": "Luottokortti, jonka loppuosa on {{last4}}",
  "Current Account:": "Nykyinen tili:",
  "Currently the ability to search for groups in {{provider}} is not available until an administrator grants permissions for your organisation. ": "Tällä hetkellä palvelussa {{provider}} ei voi hakea ryhmiä, ennen kuin pääkäyttäjä myöntää oikeudet organisaatiollesi. ",
  "Curve": "Käyrä",
  "Custom Fields": "Mukautetut kentät",
  "Customer ID": "Asiakastunnus",
  "CVC": "CVC",
  "Date": "Päivämäärä",
  "Decisions": "Päätökset",
  "Default templates to exclude": "Ohitettavat oletusmallipohjat",
  "Delete": "Poista",
  "Delete Board": "Poista taulu",
  "Delete Card": "Poista kortti",
  "Delete Comment": "Poista kommentti",
  "Delete File": "Poista tiedosto",
  "Delete items": "Poista kohteet",
  "Delete Label": "Poista otsikko",
  "Delete Link": "Poista linkki",
  "Delete List": "Poista luettelo",
  "Delete mode": "Poista tila",
  "Delete Selected Items": "Poista valitut kohteet",
  "Deleted": "Poistettu",
  "Deleting": "Poisto on meneillään",
  "Departments": "Osastot",
  "Description": "Kuvaus",
  "Description (optional)": "Kuvaus (valinnainen)",
  "Details": "Tiedot",
  "Direct Order via ISW": "Suora tilaus ISW:n kautta",
  "Discount": "Alennus",
  "Discount Code (optional)": "Alennuskoodi (valinnainen)",
  "Discount: {{discount}}": "Alennus: {{discount}}",
  "Display an existing board": "Näytä olemassa oleva taulu",
  "Documentation": "Käyttöohjeet",
  "Doing": "Suoritetaan",
  "Done": "Valmis",
  "Done ({{num}})": "Valmis ({{num}})",
  "Download": "Lataa",
  "Download file": "Lataa tiedosto",
  "Drop file here to save": "Tallenna tiedosto vetämällä se tähän",
  "Due": "Määräpäivä",
  "Due Date": "Määräpäivä",
  "Due date": "Määräpäivä",
  "Earliest Licence Expired on": "Varhaisin käyttöoikeus vanheni",
  "Earliest Upcoming Expiry": "Varhaisin tuleva vanheneminen",
  "Edit": "Muokkaa",
  "Edit Board Colour Labels": "Muokkaa taulun värinimiöitä",
  "Edit Client": "Muokkaa työasemaa",
  "Edit Client Licence": "Muokkaa työasemakäyttöoikeutta",
  "Edit Colour Labels": "Muokkaa värinimiöitä",
  "Edit Comment": "Muokkaa kommenttia",
  "Edit Description": "Muokkaa kuvausta",
  "Edit Filename": "Muokkaa tiedoston nimeä",
  "Edit Label": "Muokkaa nimiötä",
  "Edit label": "Muokkaa nimiötä",
  "Edit Licence": "Muokkaa käyttöoikeutta",
  "Edit Link": "Muokkaa linkkiä",
  "Edit name": "Muokkaa nimeä",
  "Edit Tile Colour Labels": "Muokkaa ruudun värinimiötä",
  "Edit User Licence": "Muokkaa käyttäjän käyttöoikeutta",
  "Edited": "Muokattu",
  "Editor": "Muokkaaja",
  "editor": "muokkaaja",
  "Email": "Sähköposti",
  "Email Address": "Sähköpostiosoite",
  "Email address is required": "Sähköpostiosoite on pakollinen",
  "Email addresses to copy invoices to": "Sähköpostiosoitteet, joihin laskut kopioidaan",
  "Email addresses to copy quote to": "Sähköpostiosoitteet, joihin tarjous kopioidaan",
  "Email Us": "Lähetä meille sähköpostia",
  "Embed code copied to clipboard": "Upotuskoodi kopioitiin leikepöydälle",
  "Empty Lists": "Tyhjät luettelot",
  "empty name": "tyhjä nimi",
  "Enable Boards File Uploads": "Ota Boards-tiedostolataukset käyttöön",
  "Enabled": "Käytössä",
  "End Date": "Lopetuspäivämäärä",
  "Ending Balance": "Loppusaldo",
  "Enter a title for the link (Optional)": "Anna linkille otsikko (valinnainen)",
  "Enter an email address": "Anna sähköpostiosoite",
  "Enter Label": "Anna otsikko",
  "Enter label name": "Anna otsikon nimi",
  "Enter New Name": "Anna uusi nimi",
  "Enter Text": "Kirjoita teksti",
  "Entry": "Merkintä",
  "Error": "Virhe",
  "Error creating board": "Virhe taulua luotaessa",
  "Error processing quote request. Please email sales@kudosbadges.com": "Virhe tarjouspyyntöä käsiteltäessä. Lähetä sähköposti osoitteeseen sales@kudosbadges.com",
  "Error processing your request": "Virhe pyyntöä käsiteltäessä",
  "Error starting trial": "Virhe kokeilujaksoa aloitettaessa",
  "Error uploading file": "Virhe tiedostoa ladattaessa",
  "Error: an unknown error occurred - cannot move": "Virhe: tapahtui odottamaton virhe - ei voi siirtää",
  "Error: you are not authorised to add content to this board": "Virhe: sinulla ei ole valtuuksia lisätä sisältöä tähän tauluun",
  "Existing Kudos Partner (optional)": "Olemassa oleva Kudos-kumppani (valinnainen)",
  "Existing Login Detected": "Aiemmin luotu kirjautuminen on havaittu",
  "Existing Tab": "Olemassa oleva välilehti",
  "Expand": "Laajenna",
  "Expand/Collapse": "Laajenna/pienennä",
  "Expand/Collapse All Lists": "Pienennä/laajenna kaikki luettelot",
  "Expired": "Vanhentunut",
  "Expires": "Vanhenee",
  "Expires: {{date}}": "Vanhenee: {{date}}",
  "Expires: {{{date}}}": "Vanhenee: {{{date}}}",
  "Expiry": "Vanheneminen",
  "Expiry Date": "Vanhenemispäivä",
  "Explore the Template Library": "Tutki mallipohjakirjastoa",
  "Extend": "Jatka",
  "ExternalId": "ExternalId",
  "Fields": "Kentät",
  "Filter Activities to migrate": "Suodata siirrettäviä aktiviteetteja",
  "Finance": "Talous",
  "Find a Group": "Etsi ryhmä",
  "Find a User": "Etsi käyttäjä",
  "Finding your Connections Cloud Organisation...": "Estitään Connections Cloud -organisaatiotasi...",
  "Free": "Ilmainen",
  "Free Trial": "Ilmainen kokeiluversio",
  "Friday": "Perjantai",
  "From Provider": "Palveluntarjoajalta",
  "Functionality is currently limited.": "Toimintoja on rajoitettu.",
  "Furthest Upcoming Expiry": "Kaukaisin tuleva vanheneminen",
  "Future": "Tuleva",
  "General": "Yleiset",
  "Get a Licence Quote": "Hanki käyttöoikeustarjous",
  "Get a Quote": "Hanki tarjous",
  "Give users the ability to invite external users to a Board by email address": "Anna käyttäjille kyky kutsua ulkoisia käyttäjiä Boardiin sähköpostiosoitteen avulla",
  "Global Access": "Yleinen käyttöoikeus",
  "Global OAuth": "Yleinen OAuth",
  "Go to licence": "Siirry käyttöoikeuteen",
  "Go to Today": "Siirry tähän päivään",
  "Goals": "Tavoitteet",
  "Group": "Ryhmä",
  "Group Boards": "Ryhmätaulut",
  "Group By": "Ryhmittelyperuste",
  "Group Owners: Owners of this Board.</br>Group Members: Authors of this Board": "Ryhmän omistajat: Tämän taulun omistajat.</br>Ryhmän jäsenet: Tämän taulun tekijät",
  "Groups": "Ryhmät",
  "Help": "Ohje",
  "Hide": "Piilota",
  "Hide Completed Todos": "Piilota valmiit tehtävät",
  "Hide Dates": "Piilota päivämäärät",
  "Horizontal": "Vaakasuuntainen",
  "How would you like to proceed?": "Haluatko jatkaa?",
  "HR": "T",
  "I accept the above Terms & Conditions": "Hyväksyn edellä olevat ehdot",
  "I accept the terms of service": "Hyväksyn palveluehdot",
  "ID": "Tunnus",
  "If this setting is switched off, cards are created as entries on enter press.": "Jos tämä asetus poistetaan käytöstä, kortit luodaan merkintöinä Enter-näppäintä painettaessa.",
  "Ignore Completed": "Ohita valmiit",
  "Ignore Deleted": "Ohita poistetut",
  "Ignore Templates": "Ohita mallipohjat",
  "Import": "Tuo",
  "Import an Activity": "Tuo aktiviteetti",
  "Import an Activity Template": "Tuo aktiviteettimallipohja",
  "Import from Activities": "Tuo aktiviteeteista",
  "Import From Activities": "Tuo aktiviteeteista",
  "In a Group": "Ryhmässä",
  "Include email body in description": "Sisällytä sähköpostin leipäteksti kuvaukseen",
  "Inherit": "Peri",
  "Inherit from Group": "Peri ryhmältä",
  "Inherited from Group": "Peritty ryhmältä",
  "Integration Env": "Integrointiympäristö",
  "Internal server error": "Sisäinen palvelinvirhe",
  "Invitation sent to": "Kutsu lähetettiin vastaanottajalle",
  "Invite": "Kutsu",
  "Invite by Email": "Kutsu sähköpostitse",
  "Invite sent on": "Kutsu lähetettiin",
  "Invoice": "Lasku",
  "Invoice Details": "Laskun tiedot",
  "Invoices": "Laskut",
  "Invoices for": "Laskut kohteelle",
  "Is Enabled": "On käytössä",
  "Is Trial": "On kokeiluversio",
  "IT": "Tietotekniikka",
  "It is valid until {{expiry}}.": "Se on voimassa {{expiry}} asti.",
  "Items": "Nimikkeet",
  "Join Workspace Meetings": "Liity työtilakokouksiin",
  "Kanban": "Kanban",
  "Kanban View": "Kanban-näkymä",
  "Kudos Boards": "Kudos Boards",
  "Kudos Boards - Terms & Conditions": "Kudos Boards - Käyttöehdot",
  "Kudos Boards API": "Kudos Boards",
  "Kudos Boards cannot be added as a tab until an administrator approves required functionality": "Kudos Boardsia ei voi lisätä välilehdeksi, ennen kuin pääkäyttäjä hyväksyy vaadittavat toiminnot",
  "Kudos Boards has been updated in the background. Please reload the app!": "Kudos Boards on päivitetty taustalla. Lataa sovellus uudelleen!",
  "Kudos Partner Reference Code (optional)": "Kudos-kumppanin viitekoodi (valinnainen)",
  "Kudos Team Name": "Kudos-työryhmän nimi",
  "Label deleted": "Nimiö on poistettu",
  "Labels": "Nimiöt",
  "Last Accessed": "Viimeksi käytetty",
  "Last Licence Expired on": "Viimeisin käyttöoikeus vanheni",
  "Later This Month": "Myöhemmin tässä kuussa",
  "Later This Week": "Myöhemmin tällä viikolla",
  "Layout": "Asettelu",
  "Leave Board": "Poistu taulusta",
  "Licence Assigned": "Käyttöoikeus määritettiin",
  "Licence Details": "Käyttöoikeuden tiedot",
  "Licence expired": "Käyttöoikeus vanheni",
  "Licence Type": "Käyttöoikeuden tyyppi",
  "Licences": "Käyttöoikeudet",
  "Licenses": "Käyttöoikeudet",
  "Licensing": "Käyttöoikeus",
  "Limit": "Enimmäismäärä",
  "Line": "Viiva",
  "Line Items": "Rivikohteet",
  "Lines in file:": "Rivejä tiedostossa:",
  "Link": "Linkki",
  "Link Accounts": "Linkitä tilejä",
  "Link another account": "Linkitä toinen tili",
  "Link another Kudos Boards account": "Linkitä toinen Kudos Boards -tili",
  "Link Exists": "Linkki on olemassa",
  "Link to Board": "Linkki taululle",
  "Link to Card, List or Board": "Linkki korttiin, luetteloon tai tauluun",
  "Link to File": "Linkitä tiedostoon",
  "Link to Folder": "Linkitä kansioon",
  "Link {{provider}} with the current account": "Linkitä {{provider}} nykyiseen tiliin",
  "Linked Accounts": "Linkitetyt tilit",
  "Linked Groups": "Linkitetyt ryhmät",
  "Links": "Linkit",
  "Links & Attachments": "Linkit ja liitteet",
  "List": "Luettelo",
  "List all Boards": "Luettele kaikki taulut",
  "List Name": "Luettelon nimi",
  "List View": "Luettelonäkymä",
  "Lists": "Luettelot",
  "Lite": "Kevyt",
  "Local": "Paikallinen",
  "Logging in, please wait...": "Kirjaudutaan sisään. Odota hetki...",
  "Login": "Kirjaudu sisään",
  "Logout": "Kirjaudu ulos",
  "Look in": "Kohde",
  "Make the most of your Kudos Boards Premium Preview": "Ota kaikki irti Kudos Boards Premium -esikatseluversiosta",
  "Manage Org": "Hallinnoi organisaatiota",
  "Manage Payments": "Hallinnoi maksuja",
  "Mark Board as Complete": "Merkitse taulu valmiiksi",
  "Mark Board as Incomplete": "Merkitse taulu keskeneräiseksi",
  "Mark Complete": "Merkitse valmiiksi",
  "Mark Incomplete": "Merkitse keskeneräiseksi",
  "Marketing": "Markkinointi",
  "Match All Filters": "Vastaa kaikkiin suodattimiin",
  "Meeting": "Kokous",
  "Members": "Jäsenet",
  "Merge": "Yhdistä",
  "Microsoft Office365": "Microsoft Office365",
  "Migrate ALL ({{num}})": "Siirrä KAIKKI ({{num}})",
  "Migrate Selected ({{num}})": "Siirrä valitut ({{num}})",
  "Mind Map": "Ajatuskartta",
  "MindMap": "Ajatuskartta",
  "Mindmap": "Ajatuskartta",
  "Mindmap View": "Ajatuskarttanäkymä",
  "Minimum number of users for the selected licence type is {{minimumSeats}}": "Valitulle käyttöoikeustyypille käyttäjien vähimmäismäärä on {{minimumSeats}}",
  "Mirror": "Peili",
  "Modified": "Muokattu",
  "Modify": "Muokkaa",
  "Modify Licence": "Muokkaa käyttöoikeutta",
  "Monday": "Maanantai",
  "monthly": "kuukausittain",
  "Monthly": "Kuukausittain",
  "More": "Lisää",
  "Move": "Siirrä",
  "Move and Open": "Siirrä ja avaa",
  "Move Card": "Siirrä kortti",
  "Move List": "Siirrä luetteloa",
  "Move To Another Board": "Siirrä toiseen tauluun",
  "Move to another list or parent card": "Siirrä toiseen luetteloon tai ylätason kortille",
  "My": "Oma",
  "My Account": "Oma tili",
  "My Activities": "Omat aktiviteetit",
  "My Boards": "Omat taulut",
  "My Subscriptions": "Omat tilaukset",
  "My Templates": "Omat mallipohjat",
  "My Todos": "Omat tehtävät",
  "Name": "Nimi",
  "Name on Card": "Kortissa oleva nimi",
  "Named Users": "Nimetyt käyttäjät",
  "Named Users Licence": "Nimettyjen käyttäjien käyttöoikeus",
  "Never": "Ei koskaan",
  "New Board": "Uusi taulu",
  "New card created, however the search filter currently applied is preventing it from being displayed": "Uusi kortti luotiin. Käytössä oleva hakusuodatin kuitenkin estää sen näkymisen.",
  "New cards created as tasks on enter key press": "Uudet kortit luotiin tehtävinä Enter-näppäintä painettaessa",
  "New Client": "Uusi työasema",
  "New Client Licence": "Uusi työasemakäyttöoikeus",
  "New Credit Card": "Uusi luottokortti",
  "New Label": "Uusi nimiö",
  "New Label Text": "Uusi nimiöteksti",
  "New Licence": "Uusi käyttöoikeus",
  "New Since Last Week": "Uutta viime viikon jälkeen",
  "New Sub-Card": "Uusi alikortti",
  "New Tab": "Uusi välilehti",
  "New Template": "Uusi mallipohja",
  "New User Licence": "Uusi käyttäjän käyttöoikeus",
  "Next": "Seuraava",
  "Next Invoice Amount: {{nextAmount}}": "Seuraavan laskun summa: {{nextAmount}}",
  "Next Invoice Date: {{date}}": "Seuraavan laskun päivämäärä: {{date}}",
  "Next Payment": "Seuraava maksu",
  "Next Payment Attempt": "Seuraava maksuyritys",
  "Next Payment: {{{date}}}": "Seuraava maksu: {{{date}}}",
  "Next Week": "Seuraava viikko",
  "No": "Ei",
  "No action available": "Toimintoja ei ole käytettävissä",
  "No Active Meetings found. Click below to go to a Workspace": "Aktiivisia kokouksia ei löytynyt. Siirry työtilaan napsauttamalla alla.",
  "No Activities found": "Aktiviteetteja ei löytynyt",
  "No Archived items to show": "Ei näytettäviä arkistoituja kohteita",
  "No Assignment": "Ei määritetty",
  "No boards found for this group": "Tälle ryhmälle ei löytynyt tauluja",
  "No Boards found.": "Tauluja ei löytynyt.",
  "No boards yet, please create one first": "Ei vielä tauluja. Luo taulu ensin.",
  "No clients found": "Työasemia ei löytynyt",
  "No Colour": "Ei väriä",
  "No Date": "Ei päivämäärää",
  "No files found": "Tiedostoja ei löytynyt",
  "No folders found": "Kansioita ei löytynyt",
  "No Group": "Ei ryhmää",
  "No invoices to display": "Näytettäviä laskuja ei ole",
  "No items were selected": "Kohteita ei valittu",
  "No Label": "Ei nimiötä",
  "No label": "Ei nimiötä",
  "No labels defined": "Nimiöitä ei ole määritetty",
  "No licences available. Functionality will be limited for new users.": "Ei saatavilla olevia käyttöoikeuksia. Toiminnallisuus rajoitetaan uusille käyttäjille.",
  "No licences found": "Käyttöoikeuksia ei löytynyt",
  "No licences to show": "Ei näytettäviä käyttöoikeuksia",
  "No organisations found": "Organisaatioita ei löytynyt",
  "No pinned boards": "Ei kiinnitettyjä tauluja",
  "No Pinned Boards found.": "Kiinnitettyjä tauluja ei löytynyt.",
  "No Recent Boards found.": "Viimeaikaisia tauluja ei löytynyt.",
  "No user trials found": "Käyttäjän kokeilujaksoja ei löytynyt",
  "No users found": "Käyttäjiä ei löytynyt",
  "No users to show": "Ei näytettäviä käyttäjiä",
  "None": "Ei mitään",
  "North America": "Pohjois-Amerikka",
  "Not Licensed": "Ei käyttöoikeutta",
  "Not Supported": "Ei tuettu",
  "Note that file security is managed by {{provider}}, not by Kudos Boards": "Huomaa, että tiedoston suojausta hallinnoi {{provider}} ei Kudos Boards",
  "Nothing to show": "Ei näytettävää",
  "Number of Attempts": "Yritysten määrä",
  "Number of cards": "Korttien määrä",
  "Number of Expired Licences": "Vanhentuneiden käyttöoikeuksien määrä",
  "Number of Users": "Käyttäjien määrä",
  "Number of Valid Licences": "Voimassa olevien käyttöoikeuksien määrä",
  "oAuth Client ID": "OAuth-työaseman tunnus",
  "OAuth Client ID": "OAuth-työaseman tuinnus",
  "OAuth Client Secret": "OAuth-työaseman salaisuus",
  "oAuth Client Secret": "oAuth-työaseman salaisuus",
  "ok": "ok",
  "OK": "OK",
  "Only Entries": "Vain merkinnät",
  "Only the members of this board will be able to see and access this board.": "Vain tämän taulun jäsenet voivat nähdä tämän taulun ja käyttää sitä.",
  "Only Todos": "Vain tehtävät",
  "Open": "Avaa",
  "Open Board Options": "Avaa taulun asetukset",
  "Open Boards in:": "Avaa taulut ohjelmassa:",
  "Open in Boards": "Avaa Boardsissa",
  "Open Licence": "Avaa käyttöoikeus",
  "Open this board": "Avaa tämä taulu",
  "Opt in below to receive tips and tricks from the Kudos Boards team to make the most of your premium preview.": "Vastaanota Kudos Boards -työryhmältä vinkkejä ja vihjeitä Premium-esikatselun hyödyntämiseen valitsemalla se alla.",
  "Order": "Järjestys",
  "Order Summary": "Tilauksen yhteenveto",
  "Order via ISW Partner": "Tilaa ISW-kumppanilta",
  "Org Administration": "Organisaation hallinta",
  "Organisation": "Organisaatio",
  "Organisation Name": "Organisaation nimi",
  "Organisations": "Organisaatiot",
  "Organise any project productively using the classic Todo, Doing, Done methodology": "Järjestä mikä tahansa projekti tuottavasti perinteisellä tehtävä, tekeillä, valmis -menetelmällä",
  "Our Terms & Conditions have changed": "Käyttöehdot ovat muuttuneet",
  "Overdue": "Myöhässä",
  "owner": "omistaja",
  "Owner": "Omistaja",
  "Owners": "Omistajat",
  "Page Not Found": "Sivua ei löydy",
  "Paid": "Maksettu",
  "Paste link or drop file to upload": "Lataa liittämällä linkki tai pudottamalla tiedosto",
  "Payment Method": "Maksutapa",
  "Period": "Piste",
  "Person": "Henkilö",
  "Pin Board": "Kiinnitä taulu",
  "Pinned": "Kiinnitetty",
  "Pinned Boards": "Kiinnitetyt taulut",
  "Pinned boards": "Kiinnitetyt taulut",
  "Plan and collaborate on tasks on a weekly basis": "Suunnittele tehtäviä ja tee niissä yhteistyötä viikoittain",
  "Please approve the Kudos Boards app to allow it to be added as a tab.": "Salli Kudos Boards -sovelluksen lisääminen välilehtenä hyväksymällä sovellus.",
  "Please approve the Kudos Boards app to use advanced features.": "Käytä lisäominaisuuksia hyväksymällä Kudos Boards -sovellus.",
  "Please contact your Administrator": "Ota yhteys pääkäyttäjään",
  "Please contact your IBM Connections Admin to purchase a licence.": "Hanki käyttöoikeus ottamalla yhteyttä IBM Connections -pääkäyttäjään.",
  "Please ensure you login with the same Office 365 user account as you are using in Microsoft Teams": "Varmista, että kirjaudut samalla Office 365 -käyttäjätilillä, jota käytät Microsoft Teamsissa.",
  "Please enter a board name": "Anna taulun nimi",
  "Please enter a valid email address": "Anna kelvollinen sähköpostiosoite",
  "Please enter a valid URL": "Anna kelvollinen URL-osoite",
  "Please enter the number of users in your Connections Cloud Organisation": "Anna Connections Cloud -organisaation käyttäjien määrä",
  "Please enter the number of users you wish to name under this licence": "Anna tässä käyttöoikeudessa nimettävien käyttäjien määrä",
  "Please read our Terms & Conditions": "Lue käyttöehdot",
  "Please reload the page and try again, if this issue persists please let us know": "Lataa sivu uudelleen ja yritä uudelleen. Jos tämä ongelma jatkuu, ilmoita siitä meille.",
  "Please review your licences here": "Tutustu käyttöoikeuksiisi täällä",
  "Please see the <a href='{{url}}'>new board</a>": "Katso <a href='{{url}}'>uusi taulu</a>",
  "Please sign in": "Kirjaudu sisään",
  "Please start a trial to use Boards in your {{provider}} organisation": "Käytä Boardsia palveluntarjoajan {{provider}} organisaatiossasi aloittamalla kokeiluversio",
  "Position": "Sijainti",
  "Post": "Julkaise",
  "Premium": "Premium",
  "Premium Preview Status": "Premium-esikatselun tila",
  "Preview": "Esikatselu",
  "Preview available": "Esikatselu saatavilla",
  "Previous": "Edellinen",
  "Pricing": "Hinnoittelu",
  "primary": "ensisijainen",
  "Primary": "Ensisijainen",
  "Print": "Tulosta",
  "Private (me only)": "Yksityinen (vain minä)",
  "Product Information": "Tuotetiedot",
  "Product Version": "Tuotteen versio",
  "Provider": "Toimittaja",
  "Provider not supported": "Palveluntarjoajaa ei tueta",
  "Public": "Julkinen",
  "Public Access": "Julkinen käyttö",
  "Public Activities": "Julkiset aktiviteetit",
  "Public Boards": "Julkiset taulut",
  "Public Templates": "Julkiset mallipohjat",
  "Quarterly": "Neljännesvuosittain",
  "Questions": "Kysymykset",
  "Quick Edit": "Pikamuokkaus",
  "Radial": "Säteittäinen",
  "RE-CENTER": "KESKITÄ UUDELLEEN",
  "Reactivate Licence": "Aktivoi käyttöoikeus uudelleen",
  "reader": "lukija",
  "Reader": "Lukija",
  "Recent": "Viimeisimmät",
  "Recent boards": "Viimeisimmät taulut",
  "Recent Boards": "Viimeisimmät taulut",
  "Recurring Amount Due: {{recurring}}": "Toistuva erääntyvä summa: {{recurring}}",
  "Redeeming Invitation...": "Lunastetaan kutsua...",
  "Redirecting to Connections Cloud...": "Ohjataan edelleen Connections Cloudiin...",
  "Redirecting to Watson Workspace...": "Ohjataan edelleen Watson Workspaceen...",
  "Refresh": "Päivitä",
  "Region": "Alue",
  "Reload": "Lataa uudelleen",
  "Remaining ({{num}})": "Jäljellä ({{num}})",
  "Remove Admin": "Poista pääkäyttäjä",
  "Remove Client": "Poista työasema",
  "Remove Invite": "Poista kutsu",
  "Remove Licence": "Poista käyttöoikeus",
  "Replace": "Korvaa",
  "Resend Invite": "Lähetä kutsu uudelleen",
  "Reset": "Palauta",
  "Restore": "Palauta",
  "Restore Card": "Palauta kortti",
  "Restore items": "Palauta kohteet",
  "Restore List": "Palauta luettelo",
  "Restore mode": "Palauta tila",
  "Reverse": "Käänteinen",
  "Revoke All": "Kumoa kaikki",
  "Revoke Licence": "Kumoa käyttöoikeus",
  "Role": "Rooli",
  "Roles": "Roolit",
  "Rows": "Rivit",
  "Sales": "Myynti",
  "Save": "Tallenna",
  "Save card for future purchases": "Tallenna kortti tulevia ostoja varten",
  "Save Changes": "Tallenna muutokset",
  "Save link": "Tallenna linkki",
  "Scroll To": "Vieritä kohtaan",
  "Search": "Haku",
  "Search All Templates": "Hae kaikista mallipohjista",
  "Search this view": "Hae tästä näkymästä",
  "Search...": "Haku...",
  "Select a Board": "Valitse taulu",
  "Select board": "Valitse taulu",
  "Select Board": "Valitse taulu",
  "Select Board Label": "Valitse taulun nimiö",
  "Select Card Colours": "Valitse kortin värit",
  "Select Colour": "Valitse väri",
  "Select Colours": "Valitse värit",
  "Select Destination Board": "Valitse kohdetaulu",
  "Select destination folder": "Valitse kohdekansio",
  "Select File": "Valitse tiedosto",
  "Select Folder": "Valitse kansio",
  "Select items for delete": "Valitse poistettavat kohteet",
  "Select items for restore": "Valitse palautettavat kohteet",
  "Select List or Card": "Valitse luettelo tai kortti",
  "Select the boards below that you would like to transfer membership over to your primary ({{toName}}) account": "Valitse alla taulut, joiden omistajuuden haluat siirtää ensisijaiselle ({{toName}}) tilillesi",
  "Selected Activity": "Valittu aktiviteetti",
  "Send an email notifying each member that the Activity has been migrated to a Board.": "Lähetä jokaiselle jäsenelle sähköpostiviesti-ilmoitus siitä, että aktiviteetti on siirretty tauluun.",
  "Send Invitation": "Lähetä kutsu",
  "Send Notification Email to Members": "Lähetä jäsenille sähköpostiviesti-ilmoitus",
  "Sending invitations": "Lähetetään kutsuja",
  "Set as primary account": "Määritä ensisijaiseksi tiliksi",
  "Set Dates": "Määritä päivämäärät",
  "Set enter key press action to create a task when creating new cards in a list.": "Määritä Enter-näppäimen painaminen luomaan tehtävä luettelon uusia kortteja luotaessa.",
  "Setup Subscription": "Tilauksen määritys",
  "Share with": "Yhteiskäyttäjät",
  "Shared by me": "Yhteiskäyttöön määrittämäsi",
  "Shared with me": "Yhteiskäytössä kanssasi",
  "Show": "Näytä",
  "Show all ancestors": "Näytä kaikki edeltäjät",
  "Show all boards for this team": "Näytä kaikki tämän työryhmän taulut",
  "Show Board Menu": "Näytä tauluvalikko",
  "Show Filter Options": "Näytä suodatinasetukset",
  "Show Less": "Näytä vähemmän",
  "Show Licences for your organisation": "Näytä organisaatiosi käyttöoikeudet",
  "Show More": "Näytä lisää",
  "Show on Card": "Näytä kortissa",
  "Show previous comments": "Näytä edelliset kommentit",
  "Show previous links & attachments": "Näytä aiemmat linkit ja liitteet",
  "Show Sub-cards": "Näytä alikortit",
  "Sign In": "Kirjaudu sisään",
  "Sign in with": "Kirjaudu tunnuksella",
  "SIGN IN WITH:": "KIRJAUDU TUNNUKSELLA:",
  "Sign Out": "Kirjaudu ulos",
  "Sign Out of Kudos Boards": "Kirjaudu ulos Kudos Boardsista",
  "Signing in...": "Kirjaudutaan sisään...",
  "Signing out...": "Kirjaudutaan ulos...",
  "Smartcloud": "Smartcloud",
  "Something went wrong.": "On ilmennyt ongelma.",
  "Source Board/Template": "Lähdetaulu tai -mallipohja",
  "Source Template": "Lähdemallipohja",
  "Specific Board": "Tietty taulu",
  "Start a Trial": "Aloita kokeilujakso",
  "Start a trial or purchase a subscription to start creating boards": "Ala luoda tauluja aloittamalla kokeilujakso tai ostamalla tilaus",
  "Start Boards Premium Preview": "Aloita Boards Premium -esikatselu",
  "Start Date": "Aloituspäivämäärä",
  "Start Free Trial": "Aloita ilmainen kokeilujakso",
  "Start my trial": "Aloita kokeilujakso",
  "Start Now": "Aloita nyt",
  "Start page updated": "Aloitussivu päivitettiin",
  "Start Page:": "Aloitussivu:",
  "Starting Balance": "Alkusaldo",
  "Starting View": "Aloitusnäkymö",
  "Status": "Tila",
  "Step": "Vaihe",
  "Sub Cards": "Alikortit",
  "Sub Tasks": "Alitehtävät",
  "Submit": "Lähetä",
  "Subscription": "Tilaus",
  "Subscription expired.": "Tilaus vanhentui.",
  "Subtotal": "Välisumma",
  "Summary": "Tiivistelmä",
  "Support for browsers is currently limited.  This browser is not yet supported. <br>Please use one of the following browsers:": "Selaintuki on tällä hetkellä rajallinen. Tätä selainta ei vielä tueta. <br>Käytä jotakin seuraavista selaimista:",
  "Tab Content": "Välilehden sisältö",
  "Tab Name": "Välilehden nimi",
  "Tags": "Tunnisteet",
  "Tags (optional)": "Tunnisteet (valinnainenl)",
  "Take away meaningful and collaborative notes from any meeting!": "Saa merkityksellisiä ja yhteistyötä tukevia muistiinpanoja jokaisesta kokouksesta!",
  "Task": "Tehtävä",
  "Team Boards": "Työryhmän taulut",
  "Team Name": "Työryhmän nimi",
  "Team Name is used as a method to log in to certain authentication providers. e.g. Auth0": "Työryhmän nimeä käytetään kirjautumismenetelmänä tietyissä todennuspalvelintarjoajissa (esimerkiksi Auth0)",
  "Template": "Mallipohja",
  "Templates": "Mallipohjat",
  "Templates tagged with": "Mallipohjat, joissa on merkintä",
  "Text": "Teksti",
  "Text Mode": "Tekstitila",
  "That can't be pasted there.": "Tätä ei voi liittää tähän.",
  "The board has been deleted": "Taulu on poistettu",
  "The files below cannot be uploaded to Kudos Boards as they are larger than the limit of {{limit}}": "Seuraavia tiedostoja ei voi ladata Kudos Boardsiin, koska niiden koko ylittää kokorajoituksen ({{limit}})",
  "The following links have already been added to this card:": "Seuraavat linkit on jo lisätty tähän korttiin:",
  "The invite was resent to": "Kustu lähetettiin uudelleen osoitteeseen",
  "The selected board(s) were successfully transferred": "Valitut taulut siirrettiin",
  "The selected items have been deleted": "Valitut kohteet on poistettu",
  "The selected items have been restored": "Valitut kohteet on palautettu",
  "There was an error when uploading the file. Server response: ": "Virhe lisättäessä tätä tiedostoa palvelimeen ladattaessa. Palvelimen vastaus:",
  "This Activity has been migrated to Kudos Boards": "Tämä aktiviteetti on siirretty Kudos Boardsiin",
  "This billing cycle affords a {{discount}}% discount": "Tämä laskutusjakso antaa {{discount}} % alennuksen",
  "This Board": "Tämä taulu",
  "This Board is available with AUTHOR access to everyone across all organisations.": "Tämä taulu on saatavilla, ja siinä on TEKIJÄ-käyttöoikeus kaikille kaikissa organisaatioissa.",
  "This Board is available with EDITOR access to everyone across all organisations.": "Tämä taulu on saatavilla, ja siinä on MUOKKAAJA-käyttöoikeus kaikille kaikissa organisaatioissa.",
  "This Board is in one or more Groups": "Tämä taulu on ainakin yhdessä ryhmässä",
  "This Board is read-only to everyone across all organisations.": "Tämä taulu on vain luku -tilassa kaikille kaikissa organisaatioissa.",
  "This Board will be visible to everyone in your organisation. <br>Non-members can create new content and edit their own content.": "Tämä taulu näkyy kaikille organisaatiossasi. <br>Muut kuin jäsenet voivat luoda uutta sisältöä ja muokata omaa sisältöään.",
  "This Board will be visible to everyone in your organisation. <br>Non-members can only view the board's contents.": "Tämä taulu näkyy kaikille organisaatiossasi. <br>Muut kuin jäsenet voivat vain tarkastella taulun sisältöä.",
  "This Board will be visible to everyone in your organisation. <br>Please note: This access level allows non-members to edit <b>all</b> board content.": "Tämä taulu näkyy kaikille organisaatiossasi.<br>Huomautus: Tämä käyttöoikeustaso antaa muiden kuin jäsenten muokata <b>kaikkea</b> taulun sisältöä.",
  "This card will be restored with its parent": "Tämä kortti palautetaan pääkorttinsa kanssa",
  "This Community": "Tämä yhteisö",
  "This feature is coming soon!": "Tämä ominaisuus on tulossa pian!",
  "This feature is currently not supported by the IBM Connections Cloud API": "IBM Connections Cloud -API ei tällä hetkellä tue tätä ominaisuutta",
  "This field is required": "Tämä kenttä on pakollinen",
  "This invoice has been closed. Payment will not be automatically attempted again. Contact support for more information": "Tämä lasku on suljettu. Maksua ei yritetä automaattisesti uudelleen. Saat lisätietoja ottamalla yhteyttä tukeen.",
  "This is a Free trial of Kudos Boards and will expire in {{numDays}} day(s).": "Tämä on Kudos Boardsin ilmainen kokeiluversio, joka vanhenee {{numDays}} päivän kuluttua.",
  "This is a read-only preview of this Activity. Import to Boards for full functionality": "Tämä on tämän aktiviteetin vain luku -muodossa oleva esikatselu. Saat täydet toiminnot tuomalla Boardsiin.",
  "This licence grants access to a set number of users as they use the app. You may view the user-licences already assigned.": "Tämä käyttöoikeus myöntää käyttöoikeuden tietylle määrälle käyttäjiä näiden käyttäessä sovellusta. Voit tarkastella jo määritettyjä käyttäjän käyttöoikeuksia.",
  "This licence has been cancelled.": "Tämä käyttöoikeus on peruutettu.",
  "This licence only grants access to a selected group of named users. Access will not be granted to users not named by the Org Admins. You can view and edit the named users from the Admin settings.": "Tämä käyttöoikeus myöntää käyttöoikeuden vain valikoidulle nimettyjen käyttäjien ryhmälle. Käyttöoikeutta ei myönnetä käyttäjille, joita organisaation pääkäyttäjät eivät ole nimenneet. Voit tarkastella ja muokata nimettyjä käyttäjiä pääkäyttäjän asetuksissa.",
  "This option is only available when paying by credit card": "Tämä vaihtoehto on saatavilla vain luottokortilla maksettaessa",
  "This option is only editable if paying by credit card": "Tämä vaihtoehto on muokattavissa vain luottokortilla maksettaessa",
  "This team account is already linked": "Tämä työryhmän tili on jo linkitetty",
  "This will go to your provider for an administrator to approve access to Kudos Boards": "Tämä siirtyy palveluntarjoajallesi, jotta pääkäyttäjä hyväksyy Kudos Boards -käyttöoikeuden",
  "This will permanently delete the board and all its data, are you sure?": "Tämä poistaa taulun ja kaikki sen tiedot pysyvästi. Oletko varma?",
  "This will remove this data permanently from the board, are you sure?": "Tämä poistaa nämä tiedot pysyvästi taulusta. Oletko varma?",
  "Thursday": "Torstai",
  "Tile Colours": "Ruudun värit",
  "Timeline": "Aikajana",
  "Timeline View": "Aikajananäkymä",
  "Title": "Otsikko",
  "to go to Connections Cloud, then access Kudos Boards via the link in the 'Apps' menu.": "siirry Connections Cloudiin ja avaa Kudos Boards Sovellukset-valikon linkistä.",
  "To interact with this card the parent will need to be restored": "Jos haluat olla vuorovaikutuksessa tämän kortin kanssa, sen pääkortti on palautettava",
  "To unselect this card you will need to unselect its parent": "Jos haluat poistaa tämän kortin valinnan, sinun on poistettava sen pääkortin valinta",
  "to view this content": ", jos haluat tarkastella tätä sisältöä",
  "Today": "Tänään",
  "Todo": "Tehtävät",
  "Todos": "Tehtävät",
  "Todos by Date": "Tehtävät päivämäärän mukaan",
  "Todos by Due Date": "Tehtävät määräpäivän mukaan",
  "Toggle Completion": "Ota täydennys käyttöön tai poista se käytöstä",
  "Toggle Editor": "Ota editori käyttöön tai poista se käytöstä",
  "Toggle Sidebar": "Ota sivupalkki käyttöön tai poista se käytöstä",
  "Tomorrow": "Huomenna",
  "Total": "Yhteensä",
  "Transfer Board Membership": "Siirrä taulun jäsenyys",
  "Transfer Membership": "Siirrä jäsenyys",
  "TRIAL": "KOKEILUVERSIO",
  "Trial": "Kokeiluversio",
  "Trial End Date: {{trialEnd}}": "Kokeilujakson päättymispäivä: {{trialEnd}}",
  "Trial expired": "Kokeilujakso vanhentui",
  "Trial expired.": "Kokeilujakso vanhentui.",
  "Trial extended {{extensions}} time(s)": "Kokeilujaksoa on jatkettu {{extensions}} kerta(a)",
  "Try again": "Yritä uudelleen",
  "Tuesday": "Tiistai",
  "Type": "Laji",
  "Type to filter archive": "Suodata arkisto kirjoittamalla",
  "Type to filter list": "Suodata luetteloa kirjoittamalla",
  "Type to filter members": "Suodata jäseniä kirjoittamalla",
  "Type to search": "Hae kirjoittamalla",
  "Unassigned": "Määrittämätön",
  "Undo": "Kumoa",
  "UNDO": "KUMOA",
  "Unit price: {{unitPrice}} per user": "Yksikköhinta: {{unitPrice}} käyttäjää kohden",
  "Unknown Connections Cloud organisation. Redirecting...": "Tuntematon Connections Cloud -organisaatio. Ohjataan edelleen...",
  "Unknown Team": "Tuntematon työryhmä",
  "Unlimited": "Rajoittamaton",
  "Unlink account": "Poista tilin linkitys",
  "Unlink Board": "Poista taulun linkitys",
  "Unlink {{fromName}} Account": "Poista {{fromName}} tilin linkitys",
  "Unlock Kudos Boards Premium Preview": "Avaa Kudos Boards Premium -esikatselu",
  "Unpaid": "Maksamaton",
  "Unpin Board": "Poista taulun kiinnitys",
  "Unscheduled cards": "Ajastamattomat kortit",
  "Update": "Päivitä",
  "Updated": "Päivitetty",
  "Updated Since Last Accessed": "Päivitetty viimeisimmän käyttökerran jälkeen",
  "Updated {{ date }}": "Päivitetty {{ date }}",
  "Updating...": "Päivitetään...",
  "Upload": "Lataa",
  "Upload file from computer": "Lataa tiedosto tietokoneesta",
  "Upload to Kudos Boards": "Lataa Kudos Boardsiin",
  "Upload Users": "Lataa käyttäjät",
  "Upload Users from CSV": "Lataa käyttäjät CSV-tiedostosta",
  "uploaded successfully": "ladattiin",
  "Uploading file:": "Tiedoston siirto:",
  "URL": "URL-osoite",
  "URL of Connections header frame (optional)": "Connections-otsikkokehyksen URL-osoite (valinnainen)",
  "Use another file service": "Käytä toista tiedostopalvelua",
  "Use current account": "Käytä nykyistä tiliä",
  "Use Email": "Käytä sähköpostiosoitetta",
  "Use the Kudos Boards File Attachment Service for attaching files to cards": "Liitä tiedostoja korttehin Kudos Boardsin tiedostoliitepalvelua",
  "Use {{provider}} instead": "Käytä sen sijaan palvelua {{provider}}",
  "Used": "Käytetty",
  "User": "Käyttäjä",
  "User Emails": "Käyttäjän sähköpostiosoitteet",
  "User ExternalID": "Käyttäjän ExternalID",
  "User Licences": "Käyttäjän käyttöoikeudet",
  "User Options": "Käyttäjäasetukset",
  "User Trials": "Käyttäjän kokeilujaksot",
  "User upload success!": "Käyttäjä ladattiin!",
  "Username": "Käyttäjänimi",
  "Users": "Käyttäjät",
  "Users may need to be added to the destination board to maintain access to their assigned todos.": "Käyttäjät on ehkä lisättävä kohdetauluunsa, jotta heillä on edelleen määritettyjen tehtäviensä käyttöoikeus.",
  "Users: {{num}}": "Käyttäjät: {{num}}",
  "Vertical": "Pystysuuntainen",
  "View": "Näytä",
  "View and Accept ↗": "Näytä ja hyväksy ↗",
  "View Details": "Näytä tiedot",
  "View licences": "Näytä käyttöoikeudet",
  "View subscriptions": "Näytä tilaukset",
  "View Subscriptions": "Näytä tilaukset",
  "Want to know more?": "Haluatko lisätietoja?",
  "Warning: you are not authorised to add members in this board": "Varoitus: Sinulla ei ole valtuuksia lisätä jäseniä tähän tauluun",
  "We found one board linked your {{fromName}} user account. Once you unlink the account you may no longer have access to this board.": "Löytyi yksi taulu, joka on linkitetty käyttäjätiliisi {{fromName}}. Kun poistat tilin linkityksen, et ehkä enää voi käyttää tätä taulua.",
  "We found {{count}} boards linked to your {{fromName}} user account. Once you unlink the account you may no longer have access to these boards.": "Löytyi {{count}} taulua, jotka on linkitetty käyttäjätiliisi {{fromName}}. Kun poistat tilin linkityksen, et ehkä enää voi käyttää näitä tauluja.",
  "We recommended you change the widget title from the actions menu above": "Suosittelemme vaihtamaan pienoisohjelman otsikon yllä olevasta toimintovalikosta",
  "Wednesday": "Keskiviikko",
  "Weekdays": "Viikonpäivät",
  "Welcome": "Tervetuloa",
  "Welcome to Kudos Boards": "Tervetuloa Kudos Boards -käyttäjäksi",
  "When you unlock Kudos Boards Premium View, your current Activities will immediately be available in Board, Timeline and MindMap view.": "Kun avaat Kudos Boards Premium -näkymän, nykyiset aktiviteettisi ovat heti saatavilla taulu-, aikajana- ja ajatuskarttanäkymässä.",
  "Widget Settings": "Pienoisohjelma-asetukset",
  "yearly": "vuosittain",
  "Yearly": "Vuosittain",
  "Yes": "Kyllä",
  "Yes Please": "Kyllä kiitos",
  "You are in DELETE mode, select items to delete": "Olet POISTO-tilassa. Valitse poistettavat kohteet.",
  "You are in restore mode, select items to restore": "Olet palautustilassa. Valitse palautettavat kohteet.",
  "You are not a direct member of this board. Please consider leaving any Groups that may be members of this board.": "Et ole tämän taulun suora jäsen. Poistu ryhmistä, jotka voivat olla tämän taulun jäseniä.",
  "You are not allowed to leave this Board. Please consider archiving board.": "Et voi poistua tästä taulusta. Arkistoi taulu.",
  "You are not authorised to access this resource": "Käyttöoikeudet eivät riitä tämän resurssin käsittelyyn",
  "You are not licensed to access this resource.": "Käyttöoikeudet eivät riitä tämän resurssin käsittelyyn.",
  "You are the only owner of this board. Please consider adding other owners or archiving this board instead.": "Olet tämän taulun ainoa omistaja. Lisää sen sijaan muita omistajia tai arkistoi tämä taulu.",
  "You can enhance your workflow by unlocking Kudos Boards Premium Preview. In addition to your Activities view, you’ll also be able to work in the Boards, Timeline and Mind Map views!": "Voit parantaa työnkulkua avaamalla Kudos Boards Premium -esikatselun. Aktiviteettinäkymän lisäksi voit myös työskennellä taulu-, aikajana- ja ajatuskarttanäkymissä!",
  "You have READ ONLY access to this Board": "Sinulla on tämän taulun VAIN LUKU -käyttöoikeus",
  "You have {{remaining}} day(s) remaining in your premium preview.": "Premium-esikatselusta on jäljellä {{remaining}} päivä(ä).",
  "Your account's email address and other admin emails for your org ({{emails}}) are already included": "Tilisi sähköpostiosoite ja muut organisaatiosi ({{emails}}) pääkäyttäjän sähköpostiosoitteet on jo sisällytetty",
  "Your api key for kudos boards is shown below": "Kudos Boardsin API-avaimesi näkyy alla",
  "Your changes have been saved": "Muutokset on tallennettu",
  "Your initial premium preview with {{orgName}} has expired. Click extend if you would like to continue access for an additional 30 days": "Organisaation {{orgName}} alkuperäinen Premium-esikatselu on vanhentunut. Jos haluat käyttää sitä vielä 30 päivää, valitse Jatka.",
  "Your premium preview expires today.": "Premium-esikatselusi vanhenee tänään.",
  "Your premium preview has expired, Let your administrator know you'd like to continue using Kudos Boards Premium view.": "Premium-esikatselusi on vanhentunut. Kerro pääkäyttäjälle, että haluaisit jatkaa Kudos Boards Premium -näkymän käyttämistä.",
  "Your session with {{provider}} has expired. Redirecting...": "Palvelun {{provider}} istuntosi on vanhentunut. Ohjataan uudelleen...",
  "Your session with {{provider}} has expired. Some functionality (ie notifications, groups, files) will be restricted until you login again.": "Palvelun {{provider}} istuntosi on vanhentunut. Jotkin toiminnot (ilmoitukset, ryhmät, tiedostot) on rajoitettu, kunnes kirjaudut uudelleen.",
  "{{count}} more card(s) this way": "{{count}} muuta korttia tällä tavalla",
  "{{num}} users": "{{num}} käyttäjää",
  "{{quantity}} x subscriptions to '{{plan.name}}' ({{planPrice}} / {{plan.interval}})": "{{quantity}} x tilausta sopimukselle {{plan.name}} ({{planPrice}} / {{plan.interval}})",
  "{{remaining}} days of trial remaining": "Kokeilujaksosta {{remaining}} päivää jäljellä",
  "{{remaining}} days remaining in your premium preview.": "Premium-esikatselussa jäljellä {{remaining}} päivää.",
  "{{userTrialCount}} user(s) have started a trial of Kudos Boards Premium": "{{userTrialCount}} käyttäjä(ä) on aloittanut Kudos Boards Premiumin kokeilujakson"
}