{
  "": "",
  "'{{userName}}' will not be able to view the message because they cannot access this Board": "'{{userName}}' ne pourra pas voir le message, car il ne peut pas accéder à ce Board",
  "(Copy Of) ": "(Copie de) ",
  "A problem occurred when creating invite": "Un problème est survenu lors de la création de l'invite",
  "A problem occurred when deleting node": "Un problème est survenu lors de la suppression du noeud",
  "A problem occurred when getting a node": "Un problème est survenu lors de l'obtention d'un noeud",
  "A problem occurred when redeeming invite": "Un problème est survenu lors de la validation de l'invite",
  "A problem occurred when removing invite": "Un problème s'est produit lors de la suppression de l'invite",
  "A problem occurred when removing member": "Un problème s'est produit lors de la suppression de membre",
  "A problem occurred when saving invite": "Un problème est survenu lors de la sauvegarde de l'invite",
  "A problem occurred when saving member": "Un problème est survenu lors de la sauvegarde du membre",
  "A problem occurred when saving node": "Un problème est survenu lors de la sauvegarde du noeud",
  "A problem occurred when updating invite": "Un problème est survenu lors de la mise à jour de l'invite",
  "A user with that email address already exists": "Un utilisateur avec la même adresse électronique existe déjà",
  "A user with that email address already exists as a member of this board": "Un utilisateur avec la même adresse électronique existe déjà en tant que membre de ce board",
  "Accessed in the Last Month": "Consulté au cours du mois dernier",
  "Accessed since": "Consulté depuis",
  "Account Balance: {{credit}}": "Solde du compte: {{credit}}",
  "Account Unlinked": "Compte dissocié",
  "Actions": "Actions",
  "Active": "Actif",
  "Active Boards": "Boards actifs",
  "Active Workspace Meetings": "Réunions en espace de travail actif",
  "Activities": "Activities",
  "Activities Plus": "Activities Plus",
  "Activities/Boards": "Activities/Boards",
  "Activities/Boards Search Results": "Résultats de recherche Activities/Boards",
  "Activity": "Activité",
  "Activity Migration": "Migration de l'activité",
  "Activity Name": "Nom de l'activité",
  "Activity data is loading...": "Les données de l'activité sont en cours de chargement...",
  "Add": "Ajouter",
  "Add Attachment": "Ajouter une pièce jointe",
  "Add Bookmark": "Ajouter un marque-page",
  "Add Client": "Ajouter un client",
  "Add Custom Field": "Ajouter un champ personnalisé",
  "Add Label": "Ajouter une étiquette",
  "Add Licence": "Ajouter une licence",
  "Add Link to Activity": "Ajouter le lien à Activity",
  "Add Member": "Ajouter un membre",
  "Add Organisation": "Ajouter une organisation",
  "Add User": "Ajouter un utilisateur",
  "Add a Card": "Ajouter une carte",
  "Add a Comment": "Ajouter un commentaire",
  "Add a Description": "Ajouter une description",
  "Add a List": "Ajouter une liste",
  "Add a Tag": "Ajouter un mot clé",
  "Add a list": "Ajouter une liste",
  "Add an attachment or link": "Ajouter une pièce jointe ou un lien",
  "Add another": "Ajouter un autre",
  "Add file": "Ajouter le fichier",
  "Add individuals or groups as members, or invite by email": "Ajouter des individus ou des groupes comme membres, ou inviter par e-mail",
  "Add label '{{filter}}'": "Ajouter un libellé '{{filter}}'",
  "Add members": "Ajouter des membres",
  "Add people to your board or invite by email": "Ajoutez des personnes à votre board",
  "Admin Users": "Utilisateurs admin",
  "Admin approval failed": "Echec de l'approbation de l'administrateur",
  "Administrator approval required.": "Approbation de l'administrateur requise.",
  "Administrators": "Administrateurs",
  "Advanced": "Avancée",
  "Agenda": "Agenda",
  "All": "Tous",
  "All Activities": "Toutes les activités",
  "All Boards": "Tous les Boards",
  "All Templates": "Tous les modèles",
  "All cards are scheduled.": "Toutes les cartes sont planifiées.",
  "Allow Invite by Email": "Autoriser l'invitation par e-mail",
  "Already linked": "Déjà lié",
  "Amount": "Montant",
  "Amount Due": "Montant dû",
  "Amount Due Now: {{due}}": "Montant dû maintenant: {{due}}",
  "Amount Paid": "Le montant payé",
  "An account of this type already linked": "Un compte de ce type est déjà lié",
  "An invitation for the specified email address already exists on this board": "Une invitation pour l'adresse électronique spécifiée existe déjà dans ce Board",
  "App for Internal Boards Deployment": "Application pour le déploiement interne de Boards",
  "App with Notifications": "Application avec notifications",
  "Apply Template": "Appliquer un modèle",
  "Approve": "Approuver",
  "Approve Advanced Features": "Approuver les fonctions avancées",
  "Archive": "Archiver",
  "Archive Card": "Archiver la Carte",
  "Archive Cards in List": "Archiver les cartes dans la liste",
  "Archive List": "Liste d'archive",
  "Archived": "Archivé",
  "Archived Boards": "Boards Archivés",
  "Archived Templates": "Modèles Archivés",
  "Are You Sure?": "Êtes-vous sûr?",
  "Are you sure you want to cancel this licence? This will take effect at the end of the current period.": "Êtes-vous sûr de vouloir annuler cette licence? Cela prendra effet à la fin de la période actuelle.",
  "Are you sure you want to delete this licence? CAUTION: This will delete any associated credit card information": "Êtes-vous sûr de vouloir supprimer cette licence? ATTENTION: Ceci supprimera toutes les informations de carte de crédit associées",
  "Are you sure you want to reactivate this licence?": "Êtes-vous sûr de vouloir réactiver cette licence?",
  "Are you sure you want to unlink your {{provider}} account?": "Etes-vous sûr de vouloir dissocier votre compte {{provider}} ?",
  "Are you sure you wish to leave '{{boardName}}'? This action cannot be undone by you.": "Êtes-vous sûr de vouloir quitter '{{boardName}}'? Cette action ne peut pas être annulée par vous.",
  "Are you sure?": "Etes-vous sûr ?",
  "Are you sure? This will reinstate the previous billing schedule": "Etes-vous sûr ? Cela va restaurer la précédente planification de facturation",
  "Are you sure? This will take effect at the end of the current billing cycle": "Etes-vous sûr ? Cela va prendre effet à la fin du cycle de facturation actuel",
  "Asia Pacific": "Asie Pacifique",
  "Assign Users": "Affecter des utilisateurs",
  "Assigned": "Assigné",
  "Assigned To Me": "Assigné à moi",
  "Assigned Users that will be added to the Destination Board": "Utilisateurs affectés qui seront ajoutés au board de destination",
  "Assigned to": "Assigné à",
  "Assignees": "Cessionnaires",
  "Assignments": "Affectations",
  "Attach": "Joindre",
  "Attachments": "Pièces jointes",
  "Auth0 url": "URL Auth0",
  "Authentication Clients": "Clients d'authentification",
  "Author": "Auteur",
  "Back": "Précédent",
  "Back to Boards": "Revenir aux Boards",
  "Back to Colour Selection": "Revenir à la sélection des couleurs",
  "Bad Request": "Demande incorrecte",
  "Best viewed in fullscreen": "Affichage optimisé en plein écran",
  "Billing Cycle": "Cycle de facturation",
  "Billing period: {{interval}}": "Période de facturation : {{interval}}",
  "Blank": "Vide",
  "Board": "Board",
  "Board Archive": "Archive du board",
  "Board Labels": "Étiquettes de panneau",
  "Board Members": "Membres du Board",
  "Board Name": "Nom du Board",
  "Boards": "Boards",
  "Boards User Data": "Données utilisateurs des Boards",
  "Boards linked directly to this user": "Boards liés directement à cet utilisateur",
  "Boards linked through group membership": "Boards liés via une affiliation de groupe",
  "Boards premium preview": "Aperçu Boards Premium",
  "Bookmarks": "marque-pages",
  "Buy Licence": "Acheter une licence",
  "Buy Online": "Acheter en ligne",
  "CVC": "CVC",
  "Cancel": "Annuler",
  "Cancel Licence": "Annuler la licence",
  "Cancelled": "Annulé",
  "Cannot Leave Board": "Vous ne pouvez pas quitter le board",
  "Card Name": "Nom de la carte",
  "Card Number": "Numéro de carte",
  "Cards": "Cartes",
  "Central Europe": "Europe centrale",
  "Choose a Template": "Choisir un modèle",
  "Choose a board": "Choisir un Board",
  "Classic": "Classique",
  "Clear Search": "Effacer la recherche",
  "Clear Selected": "Effacer la sélection",
  "Clear Selected Filters": "Effacer les filtres sélectionnés",
  "Click for details": "Cliquez pour obtenir des détails",
  "Click for more information": "Cliquez pour plus d'informations",
  "Click for more information about approving advanced features": "Cliquez pour en savoir plus sur les fonctions avancées d'approbation",
  "Click here": "Cliquez ici",
  "Click here for details": "Cliquez ici pour obtenir des détails",
  "Click here for details.": "Cliquez ici pour obtenir des détails.",
  "Click here to buy a licence online or get a quote": "Cliquez ici pour acheter une licence en ligne ou obtenir un devis",
  "Click here to start a 30 day free trial for your organisation. Contact support for trials with more users.": "Cliquez ici pour commencer un essai gratuit de 30 jours pour votre organisation. Contacter le support pour les essais avec plus d'utilisateurs.",
  "Click to see more details": "Cliquez ici pour voir plus de détails",
  "Client": "Client",
  "Clients": "Clients",
  "Close": "Fermer",
  "Close Activity After Import": "Fermez l'activité après l'importation",
  "Close Board Menu": "Fermer le Menu du Board",
  "Close the activity after the import has completed successfully. You can still access it through 'Trash'": "Fermez l'activité une fois l'importation terminée avec succès. Vous pouvez toujours y accéder via 'Corbeille'",
  "Closed": "Fermé",
  "Collaborate on projects involving different departments": "Collaborez à des projets impliquant différents départements",
  "Collapse": "Réduire",
  "Colour": "Couleur",
  "Colour Labels": "Étiquettes de couleur",
  "Colour-Tags": "tags en couleur",
  "Colours": "Couleurs",
  "Column View": "Affichage de board",
  "Comment": "Commentaires",
  "Comment on": "Commentaire à propos de",
  "Comments": "Commentaires",
  "Community": "Communauté",
  "Community Activities": "Activités communautaires",
  "Community Templates": "Modèles de communauté",
  "Complete Todos": "compléter Todos",
  "Completed": "Terminé",
  "Configuration": "Configuration",
  "Confirm": "Confirmer",
  "Confirmation Required": "Confirmation requise.",
  "Connections Cloud session expired. Click here to validate.": "La session Connections Cloud a expiré. Cliquez ici pour valider.",
  "Connections On-Premise": "Connexions sur site",
  "Connections URL": "URL de connexions",
  "Contact Email": "Email du contact",
  "Contact Name": "Nom du contact",
  "Contact Support": "Contactez le support",
  "Contact your System Administrator for more information or email us at": "Contactez votre administrateur système pour plus d'informations ou envoyez-nous un e-mail à",
  "Content": "Contenu",
  "Continue": "Poursuivre",
  "Continue Without Transferring": "Poursuivre sans transfert",
  "Convert into Entry": "Convertir en entrée",
  "Convert into Todo": "Convertir en Todo",
  "Copy embed code": "Copier le code incorporé",
  "Copy embed code to clipboard": "Copier le code incorporé au presse-papiers",
  "Create": "Créer",
  "Create Board": "Créer un board",
  "Create Board from Template": "Créer un board à partir d'un modèle",
  "Create Boards for anything, manage your workflow, and streamline processes with template creation.": "Créez des Boards pour tout, gérez vos flux de travail et optimisez vos processus avec la création de modèles.",
  "Create Copy": "Créer une copie",
  "Create Link to Board": "Créer un lien vers le Board",
  "Create Template": "Créer un modèle",
  "Create Template from Board": "Créer un modèle à partir du board",
  "Create a new board": "Créer un nouveau Board",
  "Create card": "Créer une carte",
  "Create your own structure for organising projects, workflows, ideas and more!": "Créez votre propre structure pour organiser des projets, des workflows, des idées et plus encore!",
  "Create {{numCards}} cards?": "Créer {{numCards}} cartes ?",
  "Create {{numCards}} lists?": "Créer {{numCards}} listes ?",
  "Created": "Créé",
  "Created By Me": "Créé par moi",
  "Created {{ date }}": "Créé le {{ date }}",
  "Created: {{date}}": "Créé le : {{date}}",
  "Credit Card Ending in {{last4}}": "Carte de crédit se terminant par {{last4}}",
  "Current Account:": "Compte actuel :",
  "Currently the ability to search for groups in {{provider}} is not available until an administrator grants permissions for your organisation. ": "Actuellement, il n'est pas possible de charger des groupes dans {{provider}} tant qu'un administrateur n'a pas donné les autorisations à votre organisation. ",
  "Curve": "Courbe",
  "Custom Fields": "Les champs personnalisés",
  "Customer ID": "ID du client",
  "Date": "Date",
  "Decisions": "Décisions",
  "Default templates to exclude": "Modèles par défaut à exclure",
  "Delete": "Supprimer",
  "Delete Board": "Supprimer le board",
  "Delete Card": "Supprimer la carte",
  "Delete Comment": "Supprimer le commentaire",
  "Delete File": "Supprimer le fichier",
  "Delete Label": "Supprimer l'étiquette",
  "Delete Link": "Supprimer le lien",
  "Delete List": "Supprimer la liste",
  "Delete Selected Items": "Supprimer les éléments sélectionnés",
  "Delete items": "Supprimer les éléments",
  "Delete mode": "Supprimer le mode",
  "Deleted": "Supprimé",
  "Deleting": "Suppression",
  "Departments": "Départements",
  "Description": "Description",
  "Description (optional)": "Description (optionel)",
  "Details": "Détails",
  "Direct Order via ISW": "Commande directe via ISW",
  "Discount": "Remise",
  "Discount Code (optional)": "Code de réduction (facultatif)",
  "Discount: {{discount}}": "Réduction: {{discount}}",
  "Display an existing board": "Afficher un Board existant",
  "Documentation": "Documentation",
  "Doing": "Doing",
  "Don't worry you wont lose any data, all content created in Boards Premium views will still be accessible from the Activity View.": "Ne vous inquiétez pas, vous ne perdrez aucune donnée, tout le contenu créé dans les vues Premium des Boards restera accessible depuis la vue Activity.",
  "Done": "Done",
  "Done ({{num}})": "Terminé ({{num}})",
  "Download": "Télécharger",
  "Download Teams App": "Télécharger l'application Teams",
  "Download file": "Télécharger le fichier",
  "Drop file here to save": "Déposez le fichier ici pour sauvegarder",
  "Due": "Dû",
  "Due Date": "Date d'échéance",
  "Due date": "Date d'échéance",
  "Earliest Licence Expired on": "Première licence expirée le",
  "Earliest Upcoming Expiry": "Echéance prochaine la plus proche",
  "Edit": "Editer",
  "Edit Board Colour Labels": "Modifier les étiquettes de couleur du board",
  "Edit Client": "Modifier le client",
  "Edit Client Licence": "Modifier la licence du client",
  "Edit Colour Labels": "Modifier les étiquettes de couleur",
  "Edit Comment": "Modifier le commentaire",
  "Edit Description": "Modifier la description",
  "Edit Filename": "Modifier le nom de fichier",
  "Edit Label": "Modifier le libellé",
  "Edit Licence": "Modifier la licence",
  "Edit Link": "Modifier le lien",
  "Edit Tile Colour Labels": "Modifier les étiquettes de couleur des carreaux",
  "Edit Title": "Modifier le titre",
  "Edit User Licence": "Modifier la licence d'utilisateur",
  "Edit label": "Modifier l'étiquette",
  "Edit name": "Modifier le nom",
  "Edited": "Édité",
  "Editor": "Éditeur",
  "Email": "E-mail",
  "Email Address": "Adresse électronique",
  "Email Us": "Envoyez-nous un email",
  "Email address is required": "Une adresse électronique est nécessaire",
  "Email addresses to copy invoices to": "Adresses e-mail pour copier les factures vers",
  "Email addresses to copy quote to": "Adresses e-mail pour copier le devis vers",
  "Embed code copied to clipboard": "Code incorporé copié dans le presse-papiers",
  "Empty Lists": "Listes vides",
  "Enable Boards File Uploads": "Activer les chargements de fichiers dans les Boards",
  "Enabled": "Activé",
  "End Date": "Date de fin",
  "Ending Balance": "Solde de clôture",
  "Enter Label": "Entrer l'étiquette",
  "Enter New Name": "Saisir un nouveau nom",
  "Enter Text": "Entrer le texte",
  "Enter a title for the link (Optional)": "Entrez un titre pour le lien (facultatif)",
  "Enter an email address": "Saisir une adresse électronique",
  "Enter label name": "Entrez le nom de l'étiquette",
  "Entry": "Entrée",
  "Error": "Erreur",
  "Error creating board": "Erreur de création du board",
  "Error processing quote request. Please email sales@kudosbadges.com": "Erreur lors du traitement de la demande de devis. Veuillez envoyer un email à sales@kudosbadges.com",
  "Error processing your request": "Erreur lors du traitement de votre demande",
  "Error starting trial": "Erreur de démarrage de l'essai",
  "Error uploading file": "Erreur de téléchargement de fichier",
  "Error: an unknown error occurred - cannot move": "Erreur: une erreur inconnue s'est produite - impossible de se déplacer",
  "Error: you are not authorised to add content to this board": "Erreur: vous n'êtes pas autorisé à ajouter du contenu à ce board",
  "Existing Kudos Partner (optional)": "Partenaire Kudos existant (facultatif)",
  "Existing Login Detected": "Connexion existante détectée",
  "Existing Tab": "Onglet existant",
  "Expand": "Développer",
  "Expand/Collapse": "Développer / Réduire",
  "Expand/Collapse All Lists": "Développer/réduire toutes les listes",
  "Expired": "Expiré",
  "Expires": "Expire",
  "Expires: {{date}}": "Expire le : {{date}}",
  "Expires: {{{date}}}": "Expire le : {{{date}}}",
  "Expiry": "Expiration",
  "Expiry Date": "Date d'expiration",
  "Explore the Template Library": "Explorez la Bibliothèque de Modèles",
  "Extend": "Etendre",
  "ExternalId": "ID externe",
  "Fields": "Fichiers",
  "Filter Activities to migrate": "Filtrer les activités à migrer",
  "Filters": "Filtres",
  "Finance": "Finance",
  "Find a Group": "Trouver une communauté",
  "Find a User": "Trouver un utilisateur",
  "Finding your Connections Cloud Organisation...": "Trouver votre organisation Connections Cloud ...",
  "Found {{count}} users with Boards user data.": "Utilisateurs de {{count}} trouvés avec données utilisateurs de Boards.",
  "Free": "Libre",
  "Free Trial": "Essai gratuit",
  "Friday": "Vendredi",
  "From Provider": "Depuis Fournisseur",
  "Functionality is currently limited.": "La fonctionnalité est actuellement limitée.",
  "Furthest Upcoming Expiry": "Echéance prochaine la plus éloigné",
  "Future": "Avenir",
  "General": "Général",
  "Get a Licence Quote": "Obtenir un devis de licence",
  "Get a Quote": "Obtenir un devis",
  "Give users the ability to invite external users to a Board by email address": "Permet aux utilisateurs d'inviter des utilisateurs externes à un Board via une adresse électronique",
  "Global Access": "Accès global",
  "Global OAuth": "OAuth global",
  "Go to Today": "Aller à Aujourd'hui",
  "Go to licence": "Aller à la licence",
  "Goals": "Objectifs",
  "Group": "Communauté",
  "Group Boards": "Boards Communautaires",
  "Group By": "Regrouper par",
  "Group Owners: Owners of this Board.</br>Group Members: Authors of this Board": "Propriétaires communautaires: Propriétaires de ce board.</br>Membres de la communauté: Auteurs de ce board",
  "Groups": "Communautés",
  "HR": "RH",
  "Help": "Aide",
  "Hide": "Masquer",
  "Hide Completed Todos": "Masquer les Todos Terminés",
  "Hide Dates": "Masquer les dates",
  "Horizontal": "Horizontal",
  "How would you like to proceed?": "Comment souhaitez-vous procéder ?",
  "I accept the above Terms & Conditions": "J'accepte les conditions générales ci-dessus",
  "I accept the terms of service": "J'accepte les conditions de service",
  "ID": "ID",
  "IT": "IT",
  "If this setting is switched off, cards are created as entries on enter press.": "Si ce paramètre est désactivé, les cartes sont créées comme des entrées en appuyant sur Entrée.",
  "Ignore Completed": "Ignorer Terminé",
  "Ignore Deleted": "Ignorer Supprimé",
  "Ignore Templates": "Ignorer Modèles",
  "Import": "Importer",
  "Import From Activities": "Importer à partir d'activités",
  "Import an Activity": "Importer une activité",
  "Import an Activity Template": "Importer un modèle d'activité",
  "Import from Activities": "Importer à partir d'activités",
  "In a Group": "Fichiers de communauté",
  "Include email body in description": "Inclure le corps de l'e-mail dans la description",
  "Inherit": "Hériter",
  "Inherit from Group": "Hériter de la communauté",
  "Inherited from Group": "Hériter du groupe",
  "Integration Env": "Intégration env",
  "Internal server error": "Erreur Interne du Serveur",
  "Invitation sent to": "Invitation envoyée à",
  "Invite": "Inviter",
  "Invite by Email": "Inviter par e-mail",
  "Invite sent on": "Invite envoyée le",
  "Invoice": "Facture",
  "Invoice Details": "Détails de la facture",
  "Invoices": "Factures",
  "Invoices for": "Factures pour",
  "Is Enabled": "Est autorisé",
  "Is Trial": "c'est un Essai",
  "It is valid until {{expiry}}.": "Il est valable jusqu'au {{expiry}}.",
  "Items": "Eléments",
  "Join Workspace Meetings": "Rejoindre les réunions en espace de travail",
  "Kanban": "Kanban",
  "Kanban View": "Vue Kanban",
  "Kudos Boards": "Kudos Boards",
  "Kudos Boards - Terms & Conditions": "Kudos Boards - Conditions générales",
  "Kudos Boards API": "API Kudos Boards",
  "Kudos Boards cannot be added as a tab until an administrator approves required functionality": "Kudos Boards ne peut pas être ajouté comme onglet tant qu'un administrateur n'a pas approuvé la fonctionnalité requise",
  "Kudos Boards has been updated in the background. Please reload the app!": "Kudos Boards a été mis à jour en arrière-plan. Veuillez recharger l'application !",
  "Kudos Partner Reference Code (optional)": "Code de référence du partenaire Kudos (facultatif)",
  "Kudos Team Name": "Nom de l'équipe Kudos",
  "Label deleted": "Étiquette supprimée",
  "Labels": "Libellés",
  "Last Accessed": "Dernier accès",
  "Last Licence Expired on": "Dernière licence expirée le",
  "Later This Month": "Plus tard dans ce mois",
  "Later This Week": "Plus tard dans cette semaine",
  "Layout": "Présentation",
  "Leave Board": "Quitter le board",
  "Licence Assigned": "Licence attribuée",
  "Licence Details": "Détails de la licence",
  "Licence Type": "Type de licence",
  "Licence expired": "Licence expirée",
  "Licences": "Licences",
  "Licenses": "Licences",
  "Licensing": "Autorisation",
  "Limit": "Limite",
  "Line": "Ligne",
  "Line Items": "Éléments de ligne",
  "Lines in file:": "Lignes dans le fichier:",
  "Link": "Lier",
  "Link Accounts": "Lier des comptes",
  "Link Exists": "Lien existe",
  "Link another Kudos Boards account": "Lier un autre compte Kudos Boards",
  "Link another account": "Lier un autre compte",
  "Link to Board": "Lien vers le board",
  "Link to Card, List or Board": "Lier à une carte, une liste ou un Board",
  "Link to File": "Sélectionner dans mes fichiers",
  "Link to Folder": "Sélectionner dans mes dossiers",
  "Link {{provider}} with the current account": "Lier {{provider}} au compte actuel",
  "Linked Accounts": "Comptes liés",
  "Linked Groups": "Communautés liées",
  "Links": "Liens",
  "Links & Attachments": "Liens et pièces jointes",
  "List": "Liste",
  "List Name": "Nom de la liste",
  "List View": "Affichage de liste",
  "List all Boards": "Lister tous les Boards",
  "Lists": "Listes",
  "Lite": "Lite",
  "Local": "Local",
  "Logging in, please wait...": "Connexion, veuillez patienter...",
  "Login": "Connexion",
  "Logout": "Déconnexion",
  "Look in": "Regarder dans",
  "Make the most of your Kudos Boards Premium Preview": "Tirez le meilleur parti de l'aperçu Kudos Boards Premium",
  "Manage Org": "Gérer l'organisation",
  "Manage Payments": "Gérer les paiements",
  "Mark Activity Complete": "Marquer Activity terminée",
  "Mark Board as Complete": "Marquer le board comme complet",
  "Mark Board as Incomplete": "Marquer le board comme incomplet",
  "Mark Complete": "Marque complète",
  "Mark Incomplete": "Marque incomplète",
  "Marketing": "Marketing",
  "Match All Filters": "Assortir tous les filtres",
  "Meeting": "Réunion",
  "Members": "Membres",
  "Merge": "Fusionner",
  "Microsoft Office365": "Microsoft Office365",
  "Migrate ALL ({{num}})": "Tout migrer ({{num}})",
  "Migrate Selected ({{num}})": "Migrer les éléments sélectionnés ({{num}})",
  "Migrating data for {{count}} users...": "Migration des données pour les utilisateurs de {{count}}...",
  "Mind Map": "carte heuristique",
  "MindMap": "MindMap",
  "Mindmap": "MindMap",
  "Mindmap View": "Vue MindMap",
  "Minimum number of users for the selected licence type is {{minimumSeats}}": "Le nombre minimal d'utilisateurs pour le type de licence sélectionné est {{minimumSeats}}",
  "Mirror": "Miroir",
  "Modified": "Modifié",
  "Modify": "Modifier",
  "Modify Licence": "Modifier la licence",
  "Monday": "Lundi",
  "Monthly": "Mensuel",
  "More": "Plus",
  "Move": "Déplacer",
  "Move Card": "Déplacer la carte",
  "Move List": "Déplacer la liste",
  "Move To Another Board": "Passer à un autre board",
  "Move and Open": "Déplacer et ouvrir",
  "Move to another list or parent card": "Déplacer dans une autre liste ou carte parent",
  "My": "Mes fichiers",
  "My Account": "Mon compte",
  "My Activities": "Mes activités",
  "My Boards": "Mes Boards",
  "My Subscriptions": "Mes abonnements",
  "My Templates": "Mes Modèles",
  "My Todos": "Mes Todos",
  "Name": "Nom",
  "Name on Card": "Nom sur carte",
  "Named Users": "Utilisateurs nommés",
  "Named Users Licence": "Licence d'utilisateurs nommés",
  "Never": "Jamais",
  "New Board": "Nouveau Board",
  "New Client": "Nouveau Client",
  "New Client Licence": "Nouvelle licence client",
  "New Credit Card": "Nouvelle carte de crédit",
  "New Label": "Nouvelle étiquette",
  "New Label Text": "Nouveau texte d'étiquette",
  "New Licence": "Nouvelle licence",
  "New Since Last Week": "Nouveau depuis la semaine dernière",
  "New Sub-Card": "Nouvelle sous-carte",
  "New Tab": "Nouvel onglet",
  "New Template": "Nouveau modèle",
  "New User Licence": "Nouvelle licence d'utilisateur",
  "New card created, however the search filter currently applied is preventing it from being displayed": "Nouvelle carte créée, cependant le filtre de recherche actuellement appliqué empêche son affichage",
  "New cards created as tasks on enter key press": "Nouvelles cartes créées comme tâches en appuyant sur Entrée",
  "Next": "Suivant",
  "Next Invoice Amount: {{nextAmount}}": "Montant de la facture suivante: {{nextAmount}}",
  "Next Invoice Date: {{date}}": "Date de la prochaine facture: {{date}}",
  "Next Payment": "Prochain paiement",
  "Next Payment Attempt": "Prochaine tentative de paiement",
  "Next Payment: {{{date}}}": "Prochain paiement : {{{date}}}",
  "Next Week": "Prochaine semaine",
  "No": "Non",
  "No Active Meetings found. Click below to go to a Workspace": "Aucune réunion active trouvée. Cliquez ci-dessous pour aller dans un espace de travail",
  "No Activities found": "Aucune activité trouvée",
  "No Archived items to show": "Aucun élément archivé à afficher",
  "No Assignment": "Aucune affectation",
  "No Boards found.": "Aucun Board trouvé.",
  "No Colour": "Aucune couleur",
  "No Date": "Pas de date",
  "No Group": "Aucun groupe",
  "No Label": "Aucune étiquette",
  "No Pinned Boards found.": "Pas de Boards épinglés trouvés.",
  "No Recent Boards found.": "Aucun board récent trouvé.",
  "No action available": "Aucune action disponible",
  "No boards found for this group": "Aucun Board trouvé pour ce groupe",
  "No boards yet, please create one first": "Aucun Board, veuillez en créer un d'abord",
  "No clients found": "Aucun client trouvé",
  "No description or summary for this result": "Pas de description ou résumé pour ce résultat",
  "No files found": "Aucun fichier trouvé",
  "No folders found": "Aucun dossier trouvé",
  "No invoices to display": "Aucune facture à afficher",
  "No items were selected": "Aucun élément n'a été sélectionné",
  "No label": "Aucune étiquette",
  "No labels defined": "Aucune étiquette définie",
  "No licences available. Functionality is currently limited": "Aucunes licences disponibles. La fonctionnalité est actuellement limitée",
  "No licences available. Functionality will be limited for new users.": "Aucune licence disponible. La fonctionnalité sera limitée pour les nouveaux utilisateurs.",
  "No licences found": "Aucune licence trouvée",
  "No licences to show": "Aucune licence à afficher",
  "No organisations found": "Aucune organisation trouvée",
  "No pinned boards": "Pas de Boards épinglés",
  "No results were found for that search": "Aucun résultat n'a été trouvé pour cette recherche",
  "No user trials found": "Aucun utilisateur en version d'essai trouvé",
  "No users found": "Aucun utilisateur trouvé",
  "No users to show": "Aucun utilisateur à afficher",
  "None": "Aucun",
  "North America": "Amérique du Nord",
  "Not Licensed": "Non autorisé",
  "Not Supported": "Non supporté",
  "Note that file security is managed by {{provider}}, not by Kudos Boards": "Notez que la sécurité des fichiers est gérée depuis {{provider}}, et non par Kudos Boards",
  "Nothing to show": "Rien à afficher",
  "Number of Attempts": "Nombre de Tentatives",
  "Number of Expired Licences": "Nombre de licences expirées",
  "Number of Users": "Nombre d'utilisateurs",
  "Number of Valid Licences": "Nombre de licences valides",
  "Number of cards": "Nombre de cartes",
  "OAuth Client ID": "ID client OAuth",
  "OAuth Client Secret": "Secret client OAuth",
  "OK": "OK",
  "Only Entries": "Seules les entrées",
  "Only Todos": "Seules Todos",
  "Only the members of this board will be able to see and access this board.": "Seuls les membres de ce board seront en mesure de le voir et de y accéder.",
  "Open": "Ouvrir",
  "Open Board Options": "Options de tablesu ouvert",
  "Open Boards in:": "Ouvrir les Boards dans :",
  "Open Licence": "Licence ouverte",
  "Open in Boards": "Ouvrir dans Boards",
  "Open this board": "Ouvrir ce Board",
  "Opt in below to receive tips and tricks from the Kudos Boards team to make the most of your premium preview.": "Abonnez-vous ci-dessous pour recevoir des conseils et astuces de l'équipe Kudos Boards et tirer le meilleur parti de votre aperçu Premium.",
  "Options": "Options",
  "Order": "Ordre",
  "Order Summary": "Récapitulatif de la commande",
  "Order via ISW Partner": "Commander via ISW Partner",
  "Org Administration": "Administration de l'organisation",
  "Organisation": "Organisation",
  "Organisation Name": "Nom d'organisation",
  "Organisations": "Organisations",
  "Organise any project productively using the classic Todo, Doing, Done methodology": "Organisez tout projet de façon productive en utilisant la méthodologie classique Todo, Doing, Done",
  "Our Terms & Conditions have changed": "Nos conditions générales ont changé",
  "Overdue": "En retard",
  "Owner": "Propriétaire",
  "Owners": "Propriétaires",
  "Page Not Found": "Page non trouvée",
  "Paid": "Payé",
  "Paste link or drop file to upload": "Coller le lien ou déposer le fichier à télécharger",
  "Payment Method": "Mode de paiement",
  "Period": "Période",
  "Person": "Personne",
  "Pin Board": " Epingler Board",
  "Pinned": "Fichiers épinglés",
  "Pinned Boards": "Boards épinglés",
  "Pinned boards": "Boards épinglés",
  "Plan and collaborate on tasks on a weekly basis": "Planifiez et collaborez sur les tâches sur une base hebdomadaire",
  "Please approve the Kudos Boards app to allow it to be added as a tab.": "Veuillez accepter l'application Kudos Boards pour lui permettre d'être ajoutée comme onglet.",
  "Please approve the Kudos Boards app to use advanced features.": "Veuillez accepter l'application Kudos Boards pour utiliser les fonctionnalités avancées.",
  "Please contact your Administrator": "Veuillez contacter votre administrateur",
  "Please contact your IBM Connections Admin to purchase a licence.": "Veuillez contacter votre administrateur IBM Connections pour acheter une licence.",
  "Please ensure you login with the same Office 365 user account as you are using in Microsoft Teams": "Assurez-vous de vous connecter avec le même compte utilisateur Office 365 utilisé dans Microsoft Teams",
  "Please enter a board name": "Veuillez entrer un nom de board",
  "Please enter a valid URL": "Veuillez entrer une URL valide",
  "Please enter a valid email address": "Veuillez saisir une adresse électronique valide",
  "Please enter the number of users in your Connections Cloud Organisation": "Veuillez entrer le nombre d'utilisateurs dans votre organisation Connections Cloud",
  "Please enter the number of users you wish to name under this licence": "Veuillez entrer le nombre d'utilisateurs que vous souhaitez nommer sous cette licence",
  "Please read our Terms & Conditions": "Veuillez lire nos conditions générales",
  "Please reload the page and try again, if this issue persists please let us know": "Veuillez recharger la page et réessayer. Si ce problème persiste, contactez-nous",
  "Please review your licences here": "Veuillez vérifier vos licences ici",
  "Please see the <a href='{{url}}'>new board</a>": "Veuillez consulter le <a href='{{url}}'>nouveau board</a>",
  "Please sign in": "Veuillez vous connecter",
  "Please start a trial to use Boards in your {{provider}} organisation": "Commencez une version d'essai pour utiliser les Boards dans votre organisation {{provider}}",
  "Position": "Position",
  "Post": "Poster",
  "Premium": "Premium",
  "Premium Preview Status": "Etat d'aperçu Premium",
  "Preview": "Aperçu",
  "Preview available": "Aperçu disponible",
  "Previous": "Précédent",
  "Pricing": "Tarification",
  "Primary": "Principal",
  "Print": "Imprimer",
  "Private (me only)": "Personne (partagée avec moi seulement)",
  "Product Information": "Informations sur le produit",
  "Product Version": "Version du produit",
  "Provider": "Fournisseur",
  "Provider not supported": "Fournisseur non pris en charge",
  "Public": "Fichiers publics",
  "Public Access": "Accès public",
  "Public Activities": "Activités publiques",
  "Public Boards": "Boards Publics",
  "Public Templates": "Modèles Publics",
  "Quarterly": "Trimestriel",
  "Questions": "Questions",
  "Quick Edit": "Edition rapide",
  "RE-CENTER": "RECENTRER",
  "Radial": "Radial",
  "Reactivate Licence": "Réactiver la licence",
  "Reader": "Lecteur",
  "Recent": "Récent",
  "Recent Boards": "Boards récents",
  "Recent boards": "Boards récents",
  "Recurring Amount Due: {{recurring}}": "Montant récurrent dû: {{recurring}}",
  "Redeeming Invitation...": "Validation de l'invitation...",
  "Redirecting to Connections Cloud...": "Redirection vers Connections Cloud...",
  "Redirecting to Watson Workspace...": "Redirection vers l'espace de travail Watson...",
  "Refresh": "Actualiser",
  "Region": "Région",
  "Reload": "Recharger",
  "Remaining ({{num}})": "Restant ({{num}})",
  "Remove Admin": "Retirer l'administrateur",
  "Remove Client": "Supprimer le client",
  "Remove Invite": "Retirer l'invitation",
  "Remove Licence": "Supprimer la licence",
  "Replace": "Remplacer",
  "Resend Invite": "Renvoyer l'invitation",
  "Reset": "Réinitialiser",
  "Restore": "Restaurer",
  "Restore Card": "Restaurer la carte",
  "Restore List": "Restaurer la liste",
  "Restore items": "Restaurer des éléments",
  "Restore mode": "Mode de restauration",
  "Reverse": "Inverser",
  "Revoke All": "Tout Révoquer",
  "Revoke Licence": "Révoquer la licence",
  "Role": "Rôle",
  "Roles": "Rôles",
  "Rows": "Lignes",
  "SIGN IN WITH:": "SE CONNECTER AVEC :",
  "Sales": "Ventes",
  "Save": "sauvegarder",
  "Save Changes": "Sauvegarder les modifications",
  "Save card for future purchases": "Enregistrez la carte pour les futurs achats",
  "Save link": "Sauvegarder le lien",
  "Scroll To": "Faites défiler jusqu'à",
  "Search": "Recherche",
  "Search All Templates": "Rechercher tous les Modèles",
  "Search this view": "Rechercher dans cette vue",
  "Search...": "Chercher...",
  "Select Board": "Sélectionner un Board",
  "Select Board Label": "Sélectionner l'étiquette du board",
  "Select Card Colours": "Sélectionnez les couleurs de la carte",
  "Select Colour": "Sélectionner la couleur",
  "Select Colours": "Sélectionner les couleurs",
  "Select Destination Board": "Sélectionner le board de destination",
  "Select File": "Sélectionnez les Fichiers",
  "Select Folder": "Sélectionnez les Dossiers",
  "Select List or Card": "Sélectionner une liste ou une carte",
  "Select a Board": "Sélectionnez un Board",
  "Select board": "Sélectionner un Board",
  "Select destination folder": "Sélectionner le dossier de destination",
  "Select items for delete": "Sélectionnez les éléments à supprimer",
  "Select items for restore": "Sélectionnez les éléments à restaurer",
  "Select the boards below that you would like to transfer membership over to your primary ({{toName}}) account": "Sélectionnez les Boards ci-dessous pour lesquels vous souhaitez transférer l'affiliation vers votre compte principal ({{toName}})",
  "Selected Activity": "Activité sélectionnée",
  "Send Invitation": "Envoyer une invitation",
  "Send Notification Email to Members": "Envoyez un e-mail de notification aux membres",
  "Send an email notifying each member that the Activity has been migrated to a Board.": "Envoyez un courrier électronique informant chaque membre que l'activité a été migrée vers un board.",
  "Sending invitations": "Envoi d'invitations",
  "Set Dates": "Définir des dates",
  "Set as primary account": "Définir comme compte principal",
  "Set enter key press action to create a task when creating new cards in a list.": "Définir l'action de la touche Entrée pour créer une tâche lors de la création de nouvelles cartes dans une liste.",
  "Setup Subscription": "Configurer l'abonnement",
  "Share with": "Partager avec",
  "Shared by me": "Fichiers partagés par moi",
  "Shared with me": "Fichiers partagés avec moi",
  "Show": "Afficher",
  "Show Board Menu": "Afficher le menu du board",
  "Show Filter Options": "Afficher les options de filtre",
  "Show Less": "Afficher moins",
  "Show Licences for your organisation": "Afficher les licences pour votre organisation",
  "Show More": "Afficher plus",
  "Show Sub-cards": "Afficher les sous-cartes",
  "Show all ancestors": "Afficher tous les ancêtres",
  "Show all boards for this team": "Afficher tous les Boards pour cette équipe",
  "Show link on card": "Afficher le lien sur la carte",
  "Show on Card": "Afficher sur la carte",
  "Show previous comments": "Afficher les commentaires précédents",
  "Show previous links & attachments": "Afficher les liens et les pièces jointes précédents",
  "Sign In": "Se connecter",
  "Sign Out": "Se déconnecter",
  "Sign Out of Kudos Boards": "Se déconnecter de Kudos Boards",
  "Sign in with": "Se connecter avec",
  "Signing in...": "Connexion...",
  "Signing out...": "Déconnexion...",
  "Smartcloud": "Smartcloud",
  "Something went wrong.": "Une erreur s'est produite.",
  "Source Board/Template": "Board source / modèle",
  "Source Template": "Modèle Source",
  "Specific Board": "Board spécifique",
  "Start": "Commencer",
  "Start Boards Premium Preview": "Commencer l'aperçu Boards Premium",
  "Start Date": "Date de début",
  "Start Free Trial": "Lancer l'essai gratuit",
  "Start Now": "Commencer maintenant",
  "Start Page:": "Page d'accueil :",
  "Start a Trial": "Commencer une version d'essai",
  "Start a trial or purchase a subscription to start creating boards": "Commencer une version d'essai ou acheter un abonnement pour commencer à créer des Boards",
  "Start my trial": "Commencer ma version d'essai",
  "Start page updated": "Page d'accueil mise à jour",
  "Starting Balance": "Solde de départ",
  "Starting View": "Vue de démarrage",
  "Status": "Status",
  "Step": "Etape",
  "Sub Cards": "Sous-cartes",
  "Sub Tasks": "Sous-tâches",
  "Submit": "Soumettre",
  "Subscription": "Abonnement",
  "Subscription expired.": "Abonnement expiré.",
  "Subtotal": "Sous-total",
  "Successfully migrated data for {{response}} users!": "Données migrées avec succès pour {{response}} utilisateurs !",
  "Summary": "Résumé",
  "Support for browsers is currently limited.  This browser is not yet supported. <br>Please use one of the following browsers:": "La prise en charge des navigateurs est actuellement limitée. Ce navigateur n'est pas encore pris en charge. <br>Veuillez utiliser l'un des navigateurs suivants:",
  "TRIAL": "VERSION D'ESSAI",
  "Tab Content": "Contenu de libellé",
  "Tab Name": "Nom d'onglet",
  "Tags": "Mots clés",
  "Tags (optional)": "Mots clés (optionel)",
  "Take away meaningful and collaborative notes from any meeting!": "Enlevez des notes significatives et collaboratives de toute réunion!",
  "Task": "Tâche",
  "Team Boards": "Boards d'équipe",
  "Team Name": "Nom d'équipe",
  "Team Name is used as a method to log in to certain authentication providers. e.g. Auth0": "Le nom d'équipe est utilisé comme méthode de connexion à certains fournisseurs d'authentification, par exemple : Auth0",
  "Template": "Modèle",
  "Templates": "Modèles",
  "Templates tagged with": "Modèles libellés avec",
  "Text": "Texte",
  "Text Mode": "Mode texte",
  "That can't be pasted there.": "Impossible de coller ici.",
  "The board has been deleted": "Le board a été supprimé",
  "The files below cannot be uploaded to Kudos Boards as they are larger than the limit of {{limit}}": "Les fichiers ci-dessous ne peuvent pas être chargés dans Kudos Boards, car ils sont plus larges que la limite de {{limit}}",
  "The following links have already been added to this card:": "Les liens suivants ont déjà été ajoutés à cette carte:",
  "The invite was resent to": "L'invitation a été renvoyée à",
  "The selected board(s) were successfully transferred": "Le ou les Boards sélectionnés ont été transférés avec succès",
  "The selected items have been deleted": "Les éléments sélectionnés ont été supprimés",
  "The selected items have been restored": "Les éléments sélectionnés ont été restaurés",
  "There was an error when uploading the file. Server response: ": "Il y a eu une erreur lors du téléchargement du fichier. Réponse du serveur: ",
  "This Activity has been migrated to Kudos Boards": "Cette activité a été migrée vers Kudos Boards",
  "This Board": "Ce Board",
  "This Board is available with AUTHOR access to everyone across all organisations.": "Ce board est disponible avec un accès AUTEUR à tous dans toutes les organisations.",
  "This Board is available with EDITOR access to everyone across all organisations.": "Ce board est disponible avec un accès EDITEUR à tous dans toutes les organisations.",
  "This Board is in one or more Groups": "Ce Tablesu est dans une ou plusieurs communautés",
  "This Board is read-only to everyone across all organisations.": "Ce board est en lecture seule pour tous dans toutes les organisations.",
  "This Board will be visible to everyone in your organisation. <br>Non-members can create new content and edit their own content.": "Ce board sera visible par tous les membres de votre organisation. <br>Les non-membres peuvent créer un nouveau contenu et éditer leur propre contenu.",
  "This Board will be visible to everyone in your organisation. <br>Non-members can only view the board's contents.": "Ce board sera visible par tous les membres de votre organisation. <br>Les non-membres ne peuvent voir que le contenu du board.",
  "This Board will be visible to everyone in your organisation. <br>Please note: This access level allows non-members to edit <b>all</b> board content.": "Ce board sera visible par tous les membres de votre organisation. <br>Veuillez noter: ce niveau d'accès permet aux non-membres d'éditer <b>all</b> contenu du board.",
  "This Community": "Cette communauté",
  "This billing cycle affords a {{discount}}% discount": "Ce cycle de facturation offre une réduction de {{discount}}%",
  "This card will be restored with its parent": "Cette carte sera restaurée avec son original",
  "This feature is coming soon!": "Cette fonctionnalité sera bientôt disponible!",
  "This feature is currently not supported by the IBM Connections Cloud API": "Cette fonctionnalité n'est actuellement pas prise en charge par l'API IBM Connections Cloud",
  "This field is required": "Ce champ est obligatoire",
  "This invoice has been closed. Payment will not be automatically attempted again. Contact support for more information": "Cette facture a été fermée. Le paiement ne sera pas automatiquement tenté à nouveau. Contacter le support pour plus d'informations",
  "This is a Free trial of Kudos Boards and will expire in {{numDays}} day(s).": "Il s'agit d'un essai gratuit de Kudos Boards et expirera dans  {{numDays}} jour(s).",
  "This is a one way process and updates will not be reflected in your old Activity.": "Ce processus est à sens unique et les mises à jour ne seront pas reflétées dans votre ancienne Activity.",
  "This is a read-only preview of this Activity. Import to Boards for full functionality": "Ceci est un aperçu en lecture seule de cette activité. Importez aux Boards pour une fonctionnalité complète",
  "This licence grants access to a set number of users as they use the app. You may view the user-licences already assigned.": "Cette licence accorde l'accès à un nombre défini d'utilisateurs lorsqu'ils utilisent l'application. Vous pouvez voir les licences utilisateur déjà assignées.",
  "This licence has been cancelled.": "Cette licence a été annulée.",
  "This licence only grants access to a selected group of named users. Access will not be granted to users not named by the Org Admins. You can view and edit the named users from the Admin settings.": "Cette licence accorde uniquement l'accès à un groupe sélectionné d'utilisateurs nommés. L'accès ne sera pas accordé aux utilisateurs non nommés par les administrateurs de l'organisation. Vous pouvez afficher et modifier les utilisateurs nommés à partir des paramètres d'administration.",
  "This option is only available when paying by credit card": "Cette option n'est disponible que lorsque vous payez par carte de crédit",
  "This option is only editable if paying by credit card": "Cette option n'est modifiable que si vous payez par carte de crédit",
  "This team account is already linked": "Le compte de cette équipe est déjà lié",
  "This will go to your provider for an administrator to approve access to Kudos Boards": "Cela sera envoyé à votre fournisseur pour qu'un administrateur approuve l'accès à Kudos Boards",
  "This will permanently delete the board and all its data, are you sure?": "Cela supprimera définitivement le board et toutes ses données, êtes-vous sûr?",
  "This will remove this data permanently from the board, are you sure?": "Cela supprimera définitivement ces données du board, êtes-vous sûr?",
  "Thursday": "Jeudi",
  "Tile Colours": "Couleurs des carreaux",
  "Timeline": "Chronologie",
  "Timeline View": "Vue Chronologie",
  "Title": "Titre",
  "To interact with this card the parent will need to be restored": "Pour interagir avec cette carte, l'original devra être restauré",
  "To unselect this card you will need to unselect its parent": "Pour désélectionner cette carte, vous devrez désélectionner son originl",
  "Today": "Aujourd'hui",
  "Todo": "Todo",
  "Todos": "Todos",
  "Todos by Date": "Eléments à faire par date",
  "Todos by Due Date": "Chronologie",
  "Toggle Completion": "Activer l'achèvement",
  "Toggle Editor": "Basculer l'éditeur",
  "Toggle Sidebar": "Basculez la barre latérale",
  "Tomorrow": "Demain",
  "Total": "Total",
  "Transfer Board Membership": "Transférer l'affiliation du Board",
  "Transfer Membership": "Transférer l'affiliation",
  "Trial": "Version d'essai",
  "Trial End Date: {{trialEnd}}": "Date de fin d'essai: {{trialEnd}}",
  "Trial expired": "Version d'essai expirée",
  "Trial expired.": "Version d'essai expirée.",
  "Trial extended {{extensions}} time(s)": "Version d'essai prolongée {{extensions}} fois",
  "Try again": "Recommencer",
  "Tuesday": "Mardi",
  "Type": "Type",
  "Type to filter archive": "Tapez pour filtrer les archives",
  "Type to filter list": "Saisir pour filtrer la liste",
  "Type to filter members": "Tapez pour filtrer les membres",
  "Type to search": "Tapez pour rechercher des fichiers",
  "UNDO": "ANNULER",
  "URL": "URL",
  "URL of Connections header frame (optional)": "URL du cadre d'en-tête de connexions (en option)",
  "Unassigned": "Non attribué",
  "Undo": "Annuler",
  "Unit price: {{unitPrice}} per user": "Prix unitaire: {{unitPrice}} par utilisateur",
  "Unknown Connections Cloud organisation. Redirecting...": "Organisation de Connections Cloud  inconnues. Redirection...",
  "Unknown Team": "Equipe inconnue",
  "Unlimited": "Non limité",
  "Unlink Board": "Dissocier le board",
  "Unlink account": "Dissocier le compte",
  "Unlink {{fromName}} Account": "Dissocier le compte {{fromName}}",
  "Unlock Kudos Boards Premium Preview": "Déverrouiller l'aperçu Kudos Boards Premium",
  "Unpaid": "impayé",
  "Unpin Board": "Détacher board",
  "Unscheduled cards": "Cartes non planifiées",
  "Update": "Mettre à jour",
  "Updated": "Actualisé",
  "Updated Since Last Accessed": "Mis à jour depuis le dernier accès",
  "Updated {{ date }}": "Mis à jour le {{ date }}",
  "Updating...": "Mise à jour...",
  "Upload": "Télécharger",
  "Upload Users": "Télécharger des utilisateurs",
  "Upload Users from CSV": "Télécharger des utilisateurs à partir de CSV",
  "Upload file from computer": "Télécharger le fichier à partir de l'ordinateur",
  "Upload to Kudos Boards": "Charger dans Kudos Boards",
  "Uploading file:": "Téléchargement du fichier:",
  "Use Email": "Utiliser l'adresse électronique",
  "Use another file service": "Utiliser un autre service de fichiers",
  "Use as card theme": "Utiliser en tant que thème de carte",
  "Use current account": "Utiliser le compte actuel",
  "Use the Kudos Boards File Attachment Service for attaching files to cards": "Utiliser le service d'attachement de fichiers Kudos Boards pour joindre des fichiers aux cartes",
  "Use {{provider}} instead": "Utiliser {{provider}} à la place",
  "Used": "Utilisé",
  "User": "Utilisateur",
  "User Emails": "Courriels d'utilisateur",
  "User ExternalID": "ID externe d'utilisateur",
  "User Licences": "Licences d'utilisateur",
  "User Options": "Options de l'utilisateur",
  "User Trials": "Versions d'essai utilisateur",
  "User upload success!": "Succès de téléchargement d'utilisateur!",
  "Username": "Nomd'utilisateur",
  "Users": "Utilisateurs",
  "Users may need to be added to the destination board to maintain access to their assigned todos.": "Les utilisateurs peuvent avoir besoin d'être ajoutés au board de destination pour maintenir l'accès à leurs todos assignés.",
  "Users: {{num}}": "Utilisateurs : {{num}}",
  "Vertical": "Vertical",
  "View": "Afficher",
  "View Details": "Voir les détails",
  "View Subscriptions": "Afficher les abonnements",
  "View and Accept ↗": "Afficher et accepter ↗",
  "View licences": "Afficher les licences",
  "View subscriptions": "Afficher les abonnements",
  "Want to know more?": "Vous souhaitez en savoir plus ?",
  "Warning: you are not authorised to add members in this board": "Attention: vous n'êtes pas autorisé à ajouter des membres dans ce board",
  "We found one board linked your {{fromName}} user account. Once you unlink the account you may no longer have access to this board.": "Nous avons trouvé un Board lié à votre compte utilisateur {{fromName}}. Une fois le compte dissocié, vous ne pourrez plus accéder à ce Board.",
  "We found {{count}} boards linked to your {{fromName}} user account. Once you unlink the account you may no longer have access to these boards.": "Nous avons trouvé {{count}} Boards liés à votre compte utilisateur {{fromName}}. Une fois le compte dissocié, vous ne pourrez plus accéder à ces Boards.",
  "We recommended you change the widget title from the actions menu above": "Nous vous recommandons de changer le titre du widget depuis le menu d'actions au-dessus",
  "Wednesday": "Mercredi",
  "Weekdays": "Jours de la semaine",
  "Welcome": "Bienvenue",
  "Welcome to Kudos Boards": "Bienvenue chez Kudos Boards",
  "When you unlock Kudos Boards Premium View, your current Activities will immediately be available in Board, Timeline and MindMap view.": "Lorsque vous déverrouillez la vue Kudos Boards Premium, vos activités actuelles seront immédiatement disponibles dans les vues Board, Chronologie et MindMap.",
  "Widget Settings": "Paramètres de widget",
  "Yearly": "Annuel",
  "Yes": "Oui",
  "Yes Please": "Oui",
  "You are in DELETE mode, select items to delete": "Vous êtes en mode SUPPRIMER, sélectionnez les éléments à supprimer",
  "You are in restore mode, select items to restore": "Vous êtes en mode restauration, sélectionnez les éléments à restaurer",
  "You are not a direct member of this board. Please consider leaving any Groups that may be members of this board.": "Vous n'êtes pas un membre direct de ce board. Veuillez envisager de quitter les communautés qui peuvent être membres de ce board.",
  "You are not allowed to leave this Board. Please consider archiving board.": "Vous n'êtes pas autorisé à quitter ce board. Veuillez examiner le board d'archivage.",
  "You are not authorised to access this resource": "Vous n'êtes pas autorisé à accéder à cette ressource",
  "You are not licensed to access this resource.": "Vous n'êtes pas autorisé à accéder à cette ressource. Veuillez contacter votre administrateur",
  "You are the only owner of this board. Please consider adding other owners or archiving this board instead.": "Vous êtes le seul propriétaire de ce board. Veuillez envisager d'ajouter d'autres propriétaires ou d'archiver ce board.",
  "You can enhance your workflow by unlocking Kudos Boards Premium Preview. In addition to your Activities view, you’ll also be able to work in the Boards, Timeline and Mind Map views!": "Vous pouvez optimiser votre flux de travail en déverrouillant l'aperçu Kudos Boards Premium. Outre l'affichage de vos activités, vous pourrez travailler dans les vues Boards, Timeline et MindMap !",
  "You have READ ONLY access to this Board": "Vous avez un accès en LECTURE SEULE à ce board",
  "You have {{remaining}} day(s) remaining in your premium preview.": "Il vous reste {{remaining}} jour(s) dans votre aperçu Premium.",
  "Your account's email address and other admin emails for your org ({{emails}}) are already included": "L'adresse e-mail de votre compte et les autres e-mails d'administrateur de votre organisation ({{emails}}) sont déjà inclus",
  "Your api key for kudos boards is shown below": "Votre clé API pour Kudos Boards est affichée ci-dessous",
  "Your changes have been saved": "Vos changements ont été enregistrés",
  "Your initial premium preview with {{orgName}} has expired. Click extend if you would like to continue access for an additional 30 days": "Votre aperçu Premium initial {{orgName}} a expiré. Cliquez sur Prolonger si vous souhaitez continuer à y accéder pendant 30 jours supplémentaires",
  "Your premium preview expires today.": "Votre aperçu Premium expire aujourd'hui.",
  "Your premium preview has expired, Let your administrator know you'd like to continue using Kudos Boards Premium view.": "Votre aperçu Premium a expiré. Informez votre administrateur si vous souhaitez continuer à utiliser la vue Kudos Boards Premium.",
  "Your preview will last for 30 days and any data you create in these views will always be available in the Activities view.": "Votre aperçu aura une durée de vie de 30 jours et toutes les données que vous créerez dans ces vues seront toujours disponibles dans la vue Activities.",
  "Your session with {{provider}} has expired. Redirecting...": "Votre session avec {{provider}} a expiré. Redirection...",
  "Your session with {{provider}} has expired. Some functionality (ie notifications, groups, files) will be restricted until you login again.": "Votre session avec {{provider}} a expiré. Certaines fonctionnalités (notifications, groupes, fichiers...) seront restreintes jusqu'à ce que vous vous connectiez à nouveau.",
  "and is already a member of this board": "et est déjà membre de ce Board",
  "author": "auteur",
  "awaiting acceptance": "acceptation en attente",
  "by": "par",
  "editor": "éditeur",
  "empty name": "nom vide",
  "monthly": "mensuel",
  "oAuth Client ID": "ID client OAuth",
  "oAuth Client Secret": "Secret client OAuth",
  "of": "de",
  "ok": "ok",
  "owner": "propriétaire",
  "primary": "principal",
  "reader": "lecteur",
  "to go to Connections Cloud, then access Kudos Boards via the link in the 'Apps' menu.": "pour accéder à Connections Cloud, puis accéder à Kudos Boards via le lien dans le menu 'Apps'.",
  "to view this content": "pour afficher ce contenu",
  "uploaded successfully": "téléchargé avec succès",
  "yearly": "annuel",
  "{{count}} more card(s) this way": "{{count}} carte(s) en plus de cette manière",
  "{{num}} users": "{{num}} utilisateurs",
  "{{quantity}} x subscriptions to '{{plan.name}}' ({{planPrice}} / {{plan.interval}})": "{{quantity}} x abonnements à '{{plan.name}}' ({{planPrice}} / {{plan.interval}})",
  "{{remaining}} days of trial remaining": "{{remaining}} jours d'essai restants",
  "{{remaining}} days remaining in your premium preview.": "{{remaining}} jours restants dans votre aperçu Premium",
  "{{userTrialCount}} user(s) have started a trial of Kudos Boards Premium": "{{userTrialCount}} utilisateur(s) a/ont commencé une version d'essai de Kudos Boards Premium"
}