{
  "": "",
  "'{{userName}}' will not be able to view the message because they cannot access this Board": "'{{userName}}' לא יוכל להציג את ההודעה משום שהם לא יכולים לגשת ללוח זה",
  "(Copy Of) ": "(העתק של) ",
  "A problem occurred when creating invite": "אירעה בעיה בעת יצירת ההזמנה",
  "A problem occurred when deleting node": "אירעה בעיה בעת מחיקת הצומת",
  "A problem occurred when getting a node": "אירעה בעיה בעת קבלת הצומת",
  "A problem occurred when redeeming invite": "אירעה בעיה בעת מימוש ההזמנה",
  "A problem occurred when removing invite": "אירעה בעיה בעת סילוק ההזמנה",
  "A problem occurred when removing member": "אירעה בעיה בעת סילוק החבר",
  "A problem occurred when saving invite": "אירעה בעיה בעת שמירת ההזמנה",
  "A problem occurred when saving member": "אירעה בעיה בעת שמירת החבר",
  "A problem occurred when saving node": "אירעה בעיה בעת שמירת הצומת",
  "A problem occurred when updating invite": "אירעה בעיה בעת עדכון ההזמנה",
  "A user with that email address already exists": "משתמש עם כתובת הדוא\"ל כבר קיים",
  "A user with that email address already exists as a member of this board": "משתמש עם כתובת הדוא\"ל כבר קיים כחבר של לוח זה",
  "Accessed in the Last Month": "התבצעה גישה בחודש שעבר",
  "Accessed since": "התבצעה גישה מאז",
  "Account Balance: {{credit}}": "יתרת חשבון: {{credit}}",
  "Account Unlinked": "חשבון לא מקושר",
  "Actions": "פעולות",
  "Active": "פעיל",
  "Active Boards": "לוחות פעילים",
  "Active Workspace Meetings": "פגישות סביבת עבודה פעילות",
  "Activity": "פעילות",
  "Activity data is loading...": "נתוני פעילות נטענים...",
  "Activity Migration": "העברת פעילות",
  "Activity Name": "שם פעילות",
  "Add": "הוספה",
  "Add a Card": "הוספת כרטיס",
  "Add a Comment": "הוספת הערה",
  "Add a Description": "הוספת תיאור",
  "Add a List": "הוספת רשימה",
  "Add a list": "הוספת רשימה",
  "Add a Tag": "הוספת תג",
  "Add an attachment or link": "הוספת צרופה או קישור",
  "Add another": "הוספת אחר",
  "Add Attachment": "הוספת צרופה",
  "Add Bookmark": "הוספת סימניה",
  "Add Client": "הוספת לקוח",
  "Add Custom Field": "הוספת שדה מותאם אישית",
  "Add file": "הוספת קובץ",
  "Add individuals or groups as members, or invite by email": "הוספת יחידים או קבוצות כחברים, או הזמנה בדוא\"ל",
  "Add Label": "הוספת תווית",
  "Add label '{{filter}}'": "הוספת תווית '{{filter}}'",
  "Add Licence": "הוספת רישיון",
  "Add Member": "הוספת חבר",
  "Add members": "הוספת חברים",
  "Add Organisation": "הוספת ארגון",
  "Add people to your board or invite by email": "הוספת אנשים ללוח או הזמנה בדוא\"ל",
  "Add User": "הוספת משתמש",
  "Admin approval failed": "אישור מנהלה נכשל",
  "Admin Users": "משתמשים מנהלה",
  "Administrator approval required.": "אישור מנהלה נדרש.",
  "Administrators": "מנהלנים",
  "Advanced": "מתקדם",
  "Agenda": "סדר יום",
  "All": "הכל",
  "All Activities": "כל הפעילויות",
  "All Boards": "כל הלוחות",
  "All cards are scheduled.": "כל הכרטיסים מתוזמנים.",
  "All Templates": "כל התבניות",
  "Allow Invite by Email": "התרת הזמנה בדוא\"ל",
  "Already linked": "כבר מקושר",
  "Amount": "סכום",
  "Amount Due": "סכום לחיוב",
  "Amount Due Now: {{due}}": "סכום לחיוב כעת: {{due}}",
  "Amount Paid": "סכום ששולם",
  "An account of this type already linked": "חשבון מסוג זה כבר מקושר",
  "An invitation for the specified email address already exists on this board": "הזמנה עבור כתובת הדוא\"ל המצוינת כבר קיימת בלוח זה",
  "and is already a member of this board": "וכבר חבר בלוח זה",
  "Apply Template": "החלת תבנית",
  "Approve": "אישור",
  "Approve Advanced Features": "אישור מאפיינים מתקדמים",
  "Archive": "ארכיון",
  "Archive Card": "כרטיס ארכיון",
  "Archive Cards in List": "כרטיסי ארכיון ברשימה",
  "Archive List": "רשימת ארכיונים",
  "Archived": "תויק בארכיון",
  "Archived Boards": "לוחות שתויקו בארכיון",
  "Archived Templates": "תבניות שתויקו בארכיון",
  "Are you sure you want to cancel this licence? This will take effect at the end of the current period.": "האם אתם בטוחים שברצונכם לבטל את הרישיון? פעולה זו תשפיע על סיום התקופה הנוכחית.",
  "Are you sure you want to delete this licence? CAUTION: This will delete any associated credit card information": "האם אתם בטוחים שברצונכם לבטל את הרישיון? זהירות: פעולה זו תמחק כל מידע של כרטיס אשראי משויך",
  "Are you sure you want to reactivate this licence?": "אתם בטוחים שברצונכם להפעיל מחדש רישיון זה?",
  "Are you sure you want to unlink your {{provider}} account?": "האם אתם בטוחים שברצונכם לבטל את הקישור לחשבון {{provider}}?",
  "Are you sure you wish to leave '{{boardName}}'? This action cannot be undone by you.": "האם אתם בטוחים שברצונכם לצאת מ-'{{boardName}}'? אין באפשרותך לבטל פעולה זו.",
  "Are you sure?": "אתם בטוחים?‏",
  "Are You Sure?": "אתם בטוחים?",
  "Are you sure? This will reinstate the previous billing schedule": "האם אתם בטוחים? פעולה זו תציב מחדש את תזמון החיוב הקודם",
  "Are you sure? This will take effect at the end of the current billing cycle": "האם אתם בטוחים? פעולה זו תיכנס לתוקף בסוף מחזור החיוב הנוכחי",
  "Asia Pacific": "אסיה והאוקיינוס השקט",
  "Assign Users": "הקצאת משתמשים",
  "Assigned": "מוקצה",
  "Assigned to": "הקצאה",
  "Assigned To Me": "מוקצות לי",
  "Assigned Users that will be added to the Destination Board": "משתמשים מוקצים שיוספו ללוח היעד",
  "Assignees": "מקבלי הקצאה",
  "Assignments": "הקצאות",
  "Attach": "צירוף",
  "Attachments": "צרופות",
  "Auth0 url": "Auth0 url",
  "Authentication Clients": "לקוחות אימות",
  "Author": "מחבר",
  "author": "מחבר",
  "awaiting acceptance": "ממתין לאישור",
  "Back": "חזרה",
  "Back to Boards": "חזרה ללוחות",
  "Back to Colour Selection": "חזרה לבחירת צבע",
  "Bad Request": "בקשה שגויה",
  "Best viewed in fullscreen": "מומלץ להציג במסך מלא",
  "Billing Cycle": "מחזור חיוב",
  "Billing period: {{interval}}": "תקופת חיוב: {{interval}}",
  "Blank": "ריק",
  "Board": "לוח",
  "Board Archive": "ארכיון לוח",
  "Board Labels": "תוויות לוח",
  "Board Members": "חברי לוח",
  "Board Name": "שם לוח",
  "Boards": "Boards",
  "Boards linked directly to this user": "יישום Boards מקושר ישירות למשתמש",
  "Boards linked through group membership": "יישום Boards מקושר באמצעות חברות בקבוצה",
  "Boards premium preview": "תצוגה מקדימה מועדפת של Boards",
  "Bookmarks": "סימניות",
  "Buy Licence": "קניית רישיון",
  "Buy Online": "קנייה מקוונת",
  "by": "על ידי",
  "Cancel": "ביטול",
  "Cancel Licence": "ביטול רישיון",
  "Cancelled": "מבוטל",
  "Cannot Leave Board": "לא ניתן לצאת מלוח",
  "Card Name": "שם כרטיס",
  "Card Number": "מספר כרטיס",
  "Cards": "כרטיסים",
  "Central Europe": "מרכז אירופה",
  "Choose a board": "בחר לוח",
  "Choose a Template": "בחר תבנית",
  "Classic": "קלאסי",
  "Clear Search": "ניקוי חיפוש",
  "Clear Selected": "ניקוי פריטים שנבחרו",
  "Clear Selected Filters": "ניקוי מסננים שנבחרו",
  "Click for details": "לחצו כדי לראות פרטים",
  "Click for more information about approving advanced features": "יש ללחוץ עבור מידע נוסף לגבי אישור של מאפיינים מתקדמים",
  "Click here": "יש ללחוץ כאן",
  "Click here for details": "לחצו כאן כדי לראות פרטים",
  "Click here for details.": "לחצו כאן כדי לראות פרטים",
  "Click here to buy a licence online or get a quote": "יש ללחוץ כאן כדי לקנות רישיון מקוון או לקבל הצעת מחיר",
  "Click here to start a 30 day free trial for your organisation. Contact support for trials with more users.": "יש ללחוץ כאן כדי להתחיל תקופת ניסיון חינם ל-30 יום עבור הארגון שלך. פנה לתמיכה עבור תקופות ניסיון עם משתמשים נוספים.",
  "Click to see more details": "לחצו כאן כדי להציג פרטים נוספים",
  "Client": "לקוח",
  "Clients": "לקוחות",
  "Close": "סגירה",
  "Close Activity After Import": "סגירת פעילות לאחר יבוא",
  "Close Board Menu": "סגירת תפריט לוח",
  "Close the activity after the import has completed successfully. You can still access it through 'Trash'": "סגירת הפעילות לאחר שהיבוא הושלם בהצלחה. עדיין תוכלו לגשת אליה באמצעות 'סל המחזור'",
  "Closed": "נסגר",
  "Collaborate on projects involving different departments": "שיתוף פעולה בפרויקטים שכוללים מחלקות שונות",
  "Collapse": "כיווץ",
  "Colour": "צבע",
  "Colour Labels": "טבלאות צבעים",
  "Colour-Tags": "תגי צבע",
  "Colours": "צבעים",
  "Column View": "תצוגת עמודה",
  "Comments": "הערות",
  "Community Activities": "פעילויות קהילה",
  "Community Templates": "תבניות קהילה",
  "Complete Todos": "מטלות שהושלמו",
  "Completed": "הושלם",
  "Configuration": "תצורה",
  "Confirm": "אישור",
  "Confirmation Required": "דרוש אישור",
  "Connections Cloud session expired. Click here to validate.": "מהלך עבודה של Connections Cloud פג תוקף. יש ללחוץ כאן לאימות.",
  "Connections On-Premise": "אתר מקומי של Connections",
  "Connections URL": "כתובת URL של Connections",
  "Contact Email": "דוא\"ל של איש קשר",
  "Contact Name": "שם איש קשר",
  "Contact Support": "יצירת קשר עם תמיכה",
  "Contact your System Administrator for more information or email us at": "למידע נוסף, יש ליצור קשר עם מנהלן או לפנות אלינו בהודעת דוא\"ל",
  "Content": "תוכן",
  "Continue": "המשך",
  "Continue Without Transferring": "להמשיך ללא העברה",
  "Convert into Entry": "המרה להזנה",
  "Convert into Todo": "המרה למטלה",
  "Copy embed code": "העתקת קוד מוטבע",
  "Copy embed code to clipboard": "העתקת קוד מוטבע ללוח הגזירים",
  "Create": "יצירה",
  "Create a new board": "יצירת לוח חדש",
  "Create Board": "יצירת לוח",
  "Create Board from Template": "יצירת לוח מתבנית",
  "Create Boards for anything, manage your workflow, and streamline processes with template creation.": "יצירת לוחות לכל דבר, ניהול תהליך עבודה וייעול תהליכים עם יצירת תבנית.",
  "Create card": "יצירת כרטיס",
  "Create Copy": "יצירת העתק",
  "Create Link to Board": "יצירת קישור ללוח",
  "Create Template": "יצירת תבנית",
  "Create Template from Board": "יצירת תבנית מלוח",
  "Create your own structure for organising projects, workflows, ideas and more!": "יצירת מבנה עצמי עבור ארגון פרויקטים, תהליכי עבודה, רעיונות ועוד!",
  "Create {{numCards}} cards?": "האם ליצור {{numCards}} כרטיסים?",
  "Create {{numCards}} lists?": "האם ליצור {{numCards}} רשימות?",
  "Created": "נוצר",
  "Created By Me": "שאני יצרתי",
  "Created {{ date }}": "נוצר {{ date }}",
  "Created: {{date}}": "נוצר: {{date}}",
  "Credit Card Ending in {{last4}}": "כרטיס אשראי מסתיים ב-{{last4}}",
  "Current Account:": "חשבון נוכחי:",
  "Currently the ability to search for groups in {{provider}} is not available until an administrator grants permissions for your organisation. ": "כרגע, היכולת לחפש קבוצות ב-{{provider}} לא זמינה עד שמנהלן יעניק הרשאות עבור הארגון שלך. ",
  "Curve": "עקומה",
  "Custom Fields": "שדות מותאמים אישית",
  "Customer ID": "זיהוי לקוח",
  "CVC": "CVC",
  "Date": "תאריך",
  "Decisions": "החלטות",
  "Default templates to exclude": "תבניות ברירת מחדל שלא נכללות",
  "Delete": "מחיקה",
  "Delete Board": "מחיקת לוח",
  "Delete Card": "מחיקת כרטיס",
  "Delete Comment": "מחיקת הערה",
  "Delete File": "מחיקת קובץ",
  "Delete items": "מחיקת פריטים",
  "Delete Label": "מחיקת תווית",
  "Delete Link": "מחיקת קישור",
  "Delete List": "מחיקת רשימה",
  "Delete mode": "מחיקת מצב",
  "Delete Selected Items": "מחיקת פריטים שנבחרו",
  "Deleted": "נמחק",
  "Deleting": "מחיקה",
  "Departments": "מחלקות",
  "Description": "תיאור",
  "Description (optional)": "תיאור (אופציונלי)",
  "Details": "פרטים",
  "Direct Order via ISW": "הזמנה ישירה באמצעות ISW",
  "Discount": "הנחה",
  "Discount Code (optional)": "קוד הנחה (אופציונלי)",
  "Discount: {{discount}}": "הנחה: {{discount}}",
  "Display an existing board": "הצגת לוח קיים",
  "Documentation": "תיעוד",
  "Doing": "ביצוע",
  "Done": "סיום",
  "Done ({{num}})": "בוצע ({{num}})",
  "Download": "הורדה",
  "Download file": "הורדת קובץ",
  "Drop file here to save": "שחררו קובץ כאן לשמירה",
  "Due": "תאריך יעד",
  "Due Date": "תאריך יעד",
  "Due date": "תאריך יעד",
  "Earliest Licence Expired on": "תאריך התפוגה המוקדם ביותר של רישיון הוא",
  "Earliest Upcoming Expiry": "תאריך תפוגה המוקדם ביותר שמתקרב",
  "Edit": "עריכה",
  "Edit Board Colour Labels": "עריכת תוויות צבע בלוח",
  "Edit Client": "עריכת לקוח",
  "Edit Client Licence": "עריכת רישיון לקוח",
  "Edit Colour Labels": "עריכת תוויות צבע",
  "Edit Comment": "עריכת הערה",
  "Edit Description": "עריכת תיאור",
  "Edit Filename": "עריכת שם קובץ",
  "Edit Label": "עריכת תווית",
  "Edit label": "עריכת תווית",
  "Edit Licence": "עריכת רישיון",
  "Edit Link": "עריכת קישור",
  "Edit name": "עריכת שם",
  "Edit Tile Colour Labels": "עריכת תוויות צבע באריח",
  "Edit User Licence": "עריכת רישיון משתמש",
  "Edited": "נערך",
  "Editor": "עורך",
  "editor": "עורך",
  "Email": "דואל",
  "Email Address": "כתובת דוא\"ל",
  "Email address is required": "כתובת דוא\"ל נדרשת",
  "Email addresses to copy invoices to": "כתובות דוא\"ל להעתקת חשבוניות",
  "Email addresses to copy quote to": "כתובות דוא\"ל להעתקת הצעת מחיר",
  "Email Us": "שלח לנו דואר אלקטרוני",
  "Embed code copied to clipboard": "קוד מוטבע הועתק ללוח הגזירים",
  "Empty Lists": "רשימות ריקות",
  "empty name": "שם ריק",
  "Enable Boards File Uploads": "הפעלה של טעינת קובץ לוחות",
  "Enabled": "מופעל",
  "End Date": "תאריך סיום",
  "Ending Balance": "יתרת סגירה",
  "Enter a title for the link (Optional)": "ציינו כותרת עבור הקישור (אופציונלי)",
  "Enter an email address": "הזנת כתובת דוא\"ל",
  "Enter Label": "הזנת תווית",
  "Enter label name": "הזנת שם תווית",
  "Enter New Name": "הזנת שם חדש",
  "Enter Text": "הזנת טקסט",
  "Entry": "רשומה",
  "Error": "שגיאה",
  "Error creating board": "שגיאה ביצירת לוח",
  "Error processing quote request. Please email sales@kudosbadges.com": "שגיאה בעיבוד בקשת הצעת מחיר. יש לשלוח הודעת דוא\"ל אל sales@kudosbadges.com",
  "Error processing your request": "שגיאה בעיבוד הבקשה שלך",
  "Error starting trial": "שגיאה בהתחלת תקופת הניסיון",
  "Error uploading file": "שגיאה בטעינת הקובץ",
  "Error: an unknown error occurred - cannot move": "שגיאה: אירעה שגיאה לא ידועה - לא ניתן להעברה",
  "Error: you are not authorised to add content to this board": "שגיאה: אינך מורשה להוסיף תוכן ללוח זה",
  "Existing Kudos Partner (optional)": "שותף Kudos קיים (אופציונלי)",
  "Existing Login Detected": "אותרה כניסה קיימת",
  "Existing Tab": "לשונית קיימת",
  "Expand": "הרחבה",
  "Expand/Collapse": "הרחבה/כיווץ",
  "Expand/Collapse All Lists": "הרחבה/כיווץ של כל הרשימות",
  "Expired": "פג התוקף",
  "Expires": "תאריך תפוגה",
  "Expires: {{date}}": "תאריך תפוגה: {{date}}",
  "Expires: {{{date}}}": "תאריך תפוגה: {{{date}}}",
  "Expiry": "תאריך תפוגה",
  "Expiry Date": "תאריך תפוגה",
  "Explore the Template Library": "סיור בספריית התבניות",
  "Extend": "הרחבה",
  "ExternalId": "זיהוי חיצוני",
  "Fields": "שדות",
  "Filter Activities to migrate": "סינון פעילויות להעברה",
  "Finance": "כספים",
  "Find a Group": "חיפוש קבוצה",
  "Find a User": "חיפוש משתמש",
  "Finding your Connections Cloud Organisation...": "מחפש את ארגון Connections Cloud שלך...",
  "Free": "חינם",
  "Free Trial": "תקופת ניסיון בחינם",
  "Friday": "שישי",
  "From Provider": "מספק",
  "Functionality is currently limited.": "פונקציונליות מוגבלת כעת.",
  "Furthest Upcoming Expiry": "תאריך תפוגה הרחוק ביותר שמתקרב",
  "Future": "עתיד",
  "General": "כללי",
  "Get a Licence Quote": "קבלת הצעת מחיר של רישיון",
  "Get a Quote": "קבלת הצעת מחיר",
  "Give users the ability to invite external users to a Board by email address": "מתן יכולת הזמנת משתמשים חיצוניים ללוח על-ידי כתובת דוא\"ל למשתמשים ",
  "Global Access": "גישה גלובלית",
  "Global OAuth": "OAuth גלובלי",
  "Go to licence": "מעבר אל רישיון",
  "Go to Today": "מעבר אל היום",
  "Goals": "מטרות",
  "Group": "קבוצה",
  "Group Boards": "קיבוץ לוחות",
  "Group By": "קיבוץ לפי",
  "Group Owners: Owners of this Board.</br>Group Members: Authors of this Board": "בעלי קבוצה: בעלי הלוח. </br>חברי קבוצה: מחברי הלוח",
  "Groups": "קבוצות",
  "Help": "עזרה",
  "Hide": "הסתרה",
  "Hide Completed Todos": "הסתרת מטלות שהושלמו",
  "Hide Dates": "הסתרת תאריכים",
  "Horizontal": "אופקי",
  "How would you like to proceed?": "כיצד ברצונך להמשיך?",
  "HR": "משאבי אנוש",
  "I accept the above Terms & Conditions": "אני מקבל את התנאים וההתניות שלעיל",
  "I accept the terms of service": "אני מקבל את תנאי השירות",
  "ID": "זיהוי",
  "If this setting is switched off, cards are created as entries on enter press.": "אם הגדרה זו מכובית, כרטיסים נוצרים כהזנות בלחיצה על Enter.",
  "Ignore Completed": "התעלמות מ'הושלם'",
  "Ignore Deleted": "התעלמות מ'נמחק'",
  "Ignore Templates": "התעלמות מ'תבניות'",
  "Import": "יבוא",
  "Import an Activity": "יבוא פעילות",
  "Import an Activity Template": "יבוא תבנית פעילות",
  "Import from Activities": "יבוא מפעילויות",
  "Import From Activities": "יבוא מפעילויות",
  "In a Group": "בקבוצה",
  "Include email body in description": "כולל גוף הדוא\"ל התיאור",
  "Inherit": "ירושה",
  "Inherit from Group": "קבלה בירושה מקבוצה",
  "Inherited from Group": "התקבל בירושה מקבוצה",
  "Integration Env": "Env לשילוב",
  "Internal server error": "שגיאת שרת פנימית",
  "Invitation sent to": "הזמנה נשלחה אל",
  "Invite": "הזמנה",
  "Invite by Email": "הזמנה על-ידי דוא\"ל",
  "Invite sent on": "הזמנה נשלחה בתאריך",
  "Invoice": "חשבונית",
  "Invoice Details": "פרטי חשבונית",
  "Invoices": "חשבוניות",
  "Invoices for": "חשבוניות עבור",
  "Is Enabled": "מופעל",
  "Is Trial": "ניסיון",
  "IT": "IT",
  "It is valid until {{expiry}}.": "תקף עד {{expiry}}.",
  "Items": "פריטים",
  "Join Workspace Meetings": "הצטרפות לפגישות סביבת עבודה",
  "Kanban": "קנבן",
  "Kanban View": "תצוגת קנבן",
  "Kudos Boards": "Kudos Boards",
  "Kudos Boards - Terms & Conditions": "Kudos Boards - תנאים והתניות",
  "Kudos Boards API": "API של Kudos Boards",
  "Kudos Boards cannot be added as a tab until an administrator approves required functionality": "לא ניתן להוסיף Kudos Boards כלשונית עד שמנהלן מאשר פונקציונליות נדרשת",
  "Kudos Boards has been updated in the background. Please reload the app!": "יישום Kudos Boards עודכן ברקע. יש לטעון מחדש את היישום!",
  "Kudos Partner Reference Code (optional)": "קוד סימוכין של שותף Kudos (אופציונלי)",
  "Kudos Team Name": "שם צוות Kudos",
  "Label deleted": "תווית נמחקה",
  "Labels": "תוויות",
  "Last Accessed": "גישה אחרונה שבוצעה",
  "Last Licence Expired on": "תאריך תפוגה אחרון של רישיון",
  "Later This Month": "מאוחר יותר החודש",
  "Later This Week": "מאוחר יותר השבוע",
  "Layout": "מתכונת",
  "Leave Board": "יציאה מלוח",
  "Licence Assigned": "רישיון מוקצה",
  "Licence Details": "פרטי רישיון",
  "Licence expired": "רישיון פג תוקף",
  "Licence Type": "סוג רישיון",
  "Licences": "רישיונות",
  "Licenses": "רישיונות",
  "Licensing": "רישוי",
  "Limit": "הגבלה",
  "Line": "שורה",
  "Line Items": "שורות",
  "Lines in file:": "שורות בקובץ:",
  "Link": "קישור",
  "Link Accounts": "קישור חשבונות",
  "Link another account": "קישור חשבון אחר",
  "Link another Kudos Boards account": "קישור חשבון אחר של Kudos Boards",
  "Link Exists": "קישור קיים",
  "Link to Board": "קישור ללוח",
  "Link to Card, List or Board": "קישור לכרטיס, רשימה או לוח",
  "Link to File": "קישור לקובץ",
  "Link to Folder": "קישור לתיקייה",
  "Link {{provider}} with the current account": "קישור {{provider}} עם חשבון נוכחי",
  "Linked Accounts": "חשבונות מקושרים",
  "Linked Groups": "קבוצות מקושרות",
  "Links": "קישורים",
  "Links & Attachments": "קישורים וצרופות",
  "List": "רשימה",
  "List all Boards": "פירוט כל הלוחות",
  "List Name": "שם רשימה",
  "List View": "תצוגת רשימה",
  "Lists": "רשימות",
  "Lite": "Lite",
  "Local": "מקומי",
  "Logging in, please wait...": "נכנס למערכת, יש להמתין...",
  "Login": "התחברות",
  "Logout": "התנתקות",
  "Look in": "חיפוש ב-",
  "Make the most of your Kudos Boards Premium Preview": "הפק את המרב מהשימוש בתצוגה מקדימה מועדפת של Kudos Boards",
  "Manage Org": "ניהול ארגון",
  "Manage Payments": "ניהול תשלומים",
  "Mark Board as Complete": "סימון לוח כ'הושלם'",
  "Mark Board as Incomplete": "סימון לוח כ'לא הושלם'",
  "Mark Complete": "סימון 'הושלם'‏",
  "Mark Incomplete": "סימון לא 'הושלם'",
  "Marketing": "שיווק",
  "Match All Filters": "התאמת כל המסננים",
  "Meeting": "פגישה",
  "Members": "חברים",
  "Merge": "מיזוג",
  "Microsoft Office365": "Microsoft Office365",
  "Migrate ALL ({{num}})": "העברת הכול ({{num}})",
  "Migrate Selected ({{num}})": "העברת נבחרים ({{num}})",
  "Mind Map": "מפת חשיבה",
  "MindMap": "מפת חשיבה",
  "Mindmap": "מפת חשיבה",
  "Mindmap View": "תצוגה של מפת חשיבה",
  "Minimum number of users for the selected licence type is {{minimumSeats}}": "מספר מינימלי של משתמשים עבור סוג רישיון נבחר הוא {{minimumSeats}}",
  "Mirror": "שיקוף",
  "Modified": "שונה",
  "Modify": "שינוי",
  "Modify Licence": "שינוי רישיון",
  "Monday": "שני",
  "monthly": "חודשי",
  "Monthly": "חודשי",
  "More": "עוד",
  "Move": "העברה",
  "Move and Open": "העברה ופתיחה",
  "Move Card": "העברת כרטיס",
  "Move List": "העברת רשימה",
  "Move To Another Board": "העברה ללוח אחר",
  "Move to another list or parent card": "העברה לרשימה או כרטיס אב אחר",
  "My": "שלי",
  "My Account": "החשבון שלי",
  "My Activities": "הפעילויות שלי",
  "My Boards": "הלוחות שלי",
  "My Subscriptions": "המינויים שלי",
  "My Templates": "התבניות שלי",
  "My Todos": "המטלות שלי",
  "Name": "שם",
  "Name on Card": "שם בכרטיס",
  "Named Users": "משתמשים בשם",
  "Named Users Licence": "רישיון משתמשים בשם",
  "Never": "לעולם לא",
  "New Board": "לוח חדש",
  "New card created, however the search filter currently applied is preventing it from being displayed": "כרטיס חדש נוצר, עם זאת, מסנן החיפוש שחל כעת מונע את הצגתו",
  "New cards created as tasks on enter key press": "כרטיסים חדשים שנוצרו כמשימות בלחיצת מקש Enter",
  "New Client": "לקוח חדש",
  "New Client Licence": "רישיון לקוח חדש",
  "New Credit Card": "כרטיס אשראי חדש",
  "New Label": "תווית חדשה",
  "New Label Text": "טקסט תווית חדש",
  "New Licence": "רישיון חדש",
  "New Since Last Week": "חדש מהשבוע האחרון",
  "New Sub-Card": "כרטיס משנה חדש",
  "New Tab": "לשונית חדשה",
  "New Template": "תבנית חדשה",
  "New User Licence": "רישיון משתמש חדש",
  "Next": "הבא",
  "Next Invoice Amount: {{nextAmount}}": "סכום של החשבונית הבאה: {{nextAmount}}",
  "Next Invoice Date: {{date}}": "תאריך החשבונית הבאה: {{date}}",
  "Next Payment": "התשלום הבא",
  "Next Payment Attempt": "ניסיון של התשלום הבא",
  "Next Payment: {{{date}}}": "התשלום הבא: {{{date}}}",
  "Next Week": "שבוע הבא",
  "No": "לא",
  "No action available": "אין פעולה זמינה",
  "No Active Meetings found. Click below to go to a Workspace": "לא נמצאו פגישות פעילות. יש ללחוץ למטה כדי לעבור לסביבת העבודה",
  "No Activities found": "לא נמצאו פעילויות",
  "No Archived items to show": "אין פריטים מתויקים בארכיון להציג",
  "No Assignment": "אין הקצאה",
  "No boards found for this group": "לא נמצאו לוחות עבור קבוצה זו",
  "No Boards found.": "לא נמצאו לוחות.",
  "No boards yet, please create one first": "אין עדיין לוחות, תחילה יש ליצור אחת",
  "No clients found": "לא נמצאו לקוחות",
  "No Colour": "ללא צבע",
  "No Date": "ללא תאריך",
  "No files found": "לא נמצאו קבצים",
  "No folders found": "לא נמצאו תיקיות",
  "No Group": "ללא קבוצה",
  "No invoices to display": "אין חשבוניות להציג",
  "No items were selected": "לא נבחרו פריטים",
  "No Label": "ללא תווית",
  "No label": "ללא תווית",
  "No labels defined": "לא הוגדרו תוויות",
  "No licences available. Functionality will be limited for new users.": "אין רישיונות זמינים. פונקציונליות מוגבלת עבור משתמשים חדשים.",
  "No licences found": "לא נמצאו רישיונות",
  "No licences to show": "אין רישיונות להציג",
  "No organisations found": "לא נמצאו ארגונים",
  "No pinned boards": "לא ננעצו לוחות",
  "No Pinned Boards found.": "לא נמצאו לוחות שננעצו",
  "No Recent Boards found.": "לא נמצאו לוחות אחרונים.",
  "No user trials found": "לא נמצאו גרסאות ניסיון של משתמש",
  "No users found": "לא נמצאו משתמשים",
  "No users to show": "אין משתמשים להציג",
  "None": "ללא",
  "North America": "צפון אמריקה",
  "Not Licensed": "",
  "Not Supported": "לא נתמך",
  "Note that file security is managed by {{provider}}, not by Kudos Boards": "שים לב שאבטחת הקובץ מנוהלת על-ידי {{provider}}, לא על-ידי Kudos Boards",
  "Nothing to show": "אין מה להציג",
  "Number of Attempts": "מספר ניסיונות",
  "Number of cards": "מספר כרטיסים",
  "Number of Expired Licences": "מספר רישיונות שפג תוקפם",
  "Number of Users": "מספר משתמשים",
  "Number of Valid Licences": "מספר רישיונות תקפים",
  "oAuth Client ID": "זיהוי לקוח OAuth",
  "OAuth Client ID": "זיהוי לקוח OAuth",
  "OAuth Client Secret": "סוד לקוח OAuth",
  "oAuth Client Secret": "סוד לקוח OAuth",
  "ok": "אישור",
  "OK": "אישור",
  "Only Entries": "הזנות בלבד",
  "Only the members of this board will be able to see and access this board.": "חברים של לוח זה יכולו לראות ולגשת ללוח בלבד.",
  "Only Todos": "מטלות בלבד",
  "Open": "פתיחה",
  "Open Board Options": "פתיחת אפשרויות לוח",
  "Open Boards in:": "פתיחת לוחות ב:",
  "Open in Boards": "פתיחה בלוחות",
  "Open Licence": "פתיחת רישיון",
  "Open this board": "פתיחת לוח זה",
  "Opt in below to receive tips and tricks from the Kudos Boards team to make the most of your premium preview.": "הסכמת הצטרפות למטה לקבלת טיפים וטריקים מצוות Kudos Boards לביצוע המרב מהתצוגה המקדימה המועדפת.",
  "Order": "הזמנה",
  "Order Summary": "סיכום הזמנה",
  "Order via ISW Partner": "הזמנה באמצעות שותף ISW",
  "Org Administration": "מנהלה של ארגון",
  "Organisation": "ארגון",
  "Organisation Name": "שם ארגון",
  "Organisations": "ארגונים",
  "Organise any project productively using the classic Todo, Doing, Done methodology": "ארגון כל פרויקט ביעילות באמצעות מתודולוגיית מטלה, ביצוע, בוצע קלסית",
  "Our Terms & Conditions have changed": "התנאים וההתניות שלנו השתנו",
  "Overdue": "באיחור",
  "owner": "בעלים",
  "Owner": "בעלים",
  "Owners": "בעלים",
  "Page Not Found": "הדף לא נמצא",
  "Paid": "שולם",
  "Paste link or drop file to upload": "הדבקת קישור או שמיטת קובץ לטעינה",
  "Payment Method": "שיטת תשלום",
  "Period": "תקופה",
  "Person": "אדם",
  "Pin Board": "נעיצת הלוח",
  "Pinned": "נעוץ",
  "Pinned Boards": "לוחות נעוצים",
  "Pinned boards": "לוחות נעוצים",
  "Plan and collaborate on tasks on a weekly basis": "תכנון ושיתוף פעולה במשימות על בסיס יומי",
  "Please approve the Kudos Boards app to allow it to be added as a tab.": "יש לאשר יישום Kudos Boards כדי לאפשר לו להתווסף כלשונית.",
  "Please approve the Kudos Boards app to use advanced features.": "יש לאשר יישום Kudos Boards כדי להשתמש במאפיינים מתקדמים.",
  "Please contact your Administrator": "יש ליצור קשר עם מנהלן",
  "Please contact your IBM Connections Admin to purchase a licence.": "יש ליצור קשר עם מנהלן של IBM Connections לרכישת רישיון.",
  "Please ensure you login with the same Office 365 user account as you are using in Microsoft Teams": "יש לוודא שהכניסה בוצעה עם חשבון משתמש של Office 365 זהה לחשבון בשימוש ב-Microsoft Teams",
  "Please enter a board name": "יש לציין שם לוח.",
  "Please enter a valid email address": "יש לציין כתובת דוא\"ל חוקית",
  "Please enter a valid URL": "נא לציין URL חוקי",
  "Please enter the number of users in your Connections Cloud Organisation": "יש לציין מספר משתמשים בארגון Connections Cloud",
  "Please enter the number of users you wish to name under this licence": "יש לציין מספר משתמשים שברצונכם לקרוא בשם תחת רישיון זה",
  "Please read our Terms & Conditions": "יש לקרוא את התנאים וההתניות",
  "Please reload the page and try again, if this issue persists please let us know": "יש לטעון מחדש את הדף ולנסון שוב, אם הבעיה ממשיכה להתרחש יש ליצור איתנו קשר",
  "Please review your licences here": "יש לסקור את הרישיונות כאן",
  "Please see the <a href='{{url}}'>new board</a>": "ראו את <a href='{{url}}'>הלוח החדש</a>",
  "Please sign in": "יש להתחבר",
  "Please start a trial to use Boards in your {{provider}} organisation": "התחלת תקופת ניסיון לשימוש ביישום Boards בארגון של {{provider}}",
  "Position": "מיקום",
  "Post": "פרסום",
  "Premium": "מועדף",
  "Premium Preview Status": "סטטוס תצוגה מקדימה מועדפת",
  "Preview": "תצוגה מקדימה",
  "Preview available": "תצוגה מקדימה זמינה",
  "Previous": "הקודם",
  "Pricing": "תמחור",
  "primary": "ראשי",
  "Primary": "ראשי",
  "Print": "הדפסה",
  "Private (me only)": "פרטי (אני בלבד)",
  "Product Information": "פרטי מוצר",
  "Product Version": "גרסת מוצר",
  "Provider": "ספק",
  "Provider not supported": "ספק לא נתמך",
  "Public": "ציבורי",
  "Public Access": "גישה ציבורית",
  "Public Activities": "פעילויות ציבוריות",
  "Public Boards": "לוחות ציבוריים",
  "Public Templates": "תבניות ציבוריות",
  "Quarterly": "רבעוני",
  "Questions": "שאלות",
  "Quick Edit": "עריכה מהירה",
  "Radial": "מוקדי",
  "RE-CENTER": "מרכוז מחדש",
  "Reactivate Licence": "הפעלה מחדש של רישיון",
  "reader": "קורא",
  "Reader": "קורא",
  "Recent": "בשימוש לאחרונה",
  "Recent boards": "לוחות אחרונים",
  "Recent Boards": "לוחות אחרונים",
  "Recurring Amount Due: {{recurring}}": "סכום חוזר לפירעון: {{recurring}}",
  "Redeeming Invitation...": "הזמנה ממתינה...",
  "Redirecting to Connections Cloud...": "ניתוב מחדש אל Connections Cloud...",
  "Redirecting to Watson Workspace...": "ניתוב מחדש אל Watson Workspace...",
  "Refresh": "רענון",
  "Region": "אזור",
  "Reload": "טעינה מחדש",
  "Remaining ({{num}})": "נשארו ({{num}})",
  "Remove Admin": "סילוק מנהלה",
  "Remove Client": "סילוק הלקוח",
  "Remove Invite": "סילוק ההזמנה",
  "Remove Licence": "סילוק הרישיון",
  "Replace": "החלפה",
  "Resend Invite": "שליחה מחדש של הזמנה",
  "Reset": "איפוס",
  "Restore": "שחזור",
  "Restore Card": "שחזור כרטיס",
  "Restore items": "שחזור פריטים",
  "Restore List": "שחזור רשימה",
  "Restore mode": "שחזור מצב",
  "Reverse": "להפוך",
  "Revoke All": "שלילת הכול",
  "Revoke Licence": "שלילת רישיונות",
  "Role": "תפקיד",
  "Roles": "תפקידים",
  "Rows": "שורות",
  "Sales": "מכירות",
  "Save": "שמירה",
  "Save card for future purchases": "שמירת כרטיס לרכישות עתידיות",
  "Save Changes": "שמירת שינויים",
  "Save link": "שמירת קישור",
  "Scroll To": "לגלול אל",
  "Search": "חיפוש",
  "Search All Templates": "חיפוש כל התבניות",
  "Search this view": "חיפוש בתצוגה זו",
  "Search...": "חיפוש...",
  "Select a Board": "בחירת לוח",
  "Select board": "בחירת לוח",
  "Select Board": "בחירת לוח",
  "Select Board Label": "בחירת תווית לוח",
  "Select Card Colours": "בחירת צבעי כרטיס",
  "Select Colour": "בחירת צבע",
  "Select Colours": "בחירת צבעים",
  "Select Destination Board": "בחירת לוח יעד",
  "Select destination folder": "בחירת תיקיית יעד",
  "Select File": "בחירת קובץ",
  "Select Folder": "בחירת תיקיה",
  "Select items for delete": "בחירת פריטים למחיקה",
  "Select items for restore": "בחירת פריטים לשחזור",
  "Select List or Card": "בחירת רשימה או כרטיס",
  "Select the boards below that you would like to transfer membership over to your primary ({{toName}}) account": "בחרו את הלוחות הבאים שברצונכם להעביר את החברות לחשבון ({{toName}}) העיקרי שלכם",
  "Selected Activity": "פעילות נבחרת",
  "Send an email notifying each member that the Activity has been migrated to a Board.": "שליחת הודעת דוא\"ל עם דיווח לכל חבר שהפעילות הועברה ללוח.",
  "Send Invitation": "שליחת הזמנה",
  "Send Notification Email to Members": "שליחת דיווח בדוא\"ל לחברים",
  "Sending invitations": "משלוח הזמנות",
  "Set as primary account": "קביעת חשבון כראשי",
  "Set Dates": "קביעת תאריכים",
  "Set enter key press action to create a task when creating new cards in a list.": "קביעת פעולה של לחיצה על מקש Enter ליצירת משימה בעת יצירת כרטיסים חדשים ברשימה.",
  "Setup Subscription": "הגדרת מינוי",
  "Share with": "שיתוף עם",
  "Shared by me": "משותף על ידי",
  "Shared with me": "שותף אתי",
  "Show": "הצגת",
  "Show all ancestors": "הצגת כל רכיבי האב",
  "Show all boards for this team": "הצגת כל הלוחות עבור צוות זה",
  "Show Board Menu": "הצגת תפריט לוח",
  "Show Filter Options": "הצגת אפשרויות סינון",
  "Show Less": "הצגת פחות",
  "Show Licences for your organisation": "הצגת רישיונות עבור הארגון שלכם",
  "Show More": "הצגת יותר",
  "Show on Card": "הצגה בכרטיס",
  "Show previous comments": "הצגת הערות קודמות",
  "Show previous links & attachments": "הצגת קישורים וצרופות קודמים",
  "Show Sub-cards": "הצגת כרטיסי משנה",
  "Sign In": "התחברות",
  "Sign in with": "התחברות עם",
  "SIGN IN WITH:": "התחברות עם:",
  "Sign Out": "התנתקות",
  "Sign Out of Kudos Boards": "התנתקות מיישום Kudos Boards",
  "Signing in...": "מתחבר...",
  "Signing out...": "מתנתק...",
  "Smartcloud": "Smartcloud",
  "Something went wrong.": "אירעה בעיה.",
  "Source Board/Template": "לוח/תבנית מקור",
  "Source Template": "תבנית מקור",
  "Specific Board": "ציון לוח",
  "Start a Trial": "התחלת תקופת ניסיון",
  "Start a trial or purchase a subscription to start creating boards": "התחלת תקופת ניסיון או רכישת מינוי להתחלת יצירת לוחות",
  "Start Boards Premium Preview": "התחלת שימוש בתצוגה מקדימה מועדפת של Boards",
  "Start Date": "תאריך התחלה",
  "Start Free Trial": "התחלת תקופת ניסיון חינם",
  "Start my trial": "התחלת תקופת הניסיון שלי",
  "Start Now": "התחלה כעת",
  "Start page updated": "דף התחלה עודכן",
  "Start Page:": "דף פתיחה:",
  "Starting Balance": "יתרת פתיחה",
  "Starting View": "תצוגת התחלה",
  "Status": "מצב",
  "Step": "צעד",
  "Sub Cards": "כרטיסי משנה",
  "Sub Tasks": "משימות משנה",
  "Submit": "הגשה",
  "Subscription": "מינוי",
  "Subscription expired.": "מינוי פג תוקף",
  "Subtotal": "סכום ביניים",
  "Summary": "סיכום",
  "Support for browsers is currently limited.  This browser is not yet supported. <br>Please use one of the following browsers:": "תמיכה עבור דפדפנים מוגבלת כעת.  דפדפן זה טרם נתמך. <br>יש להשתמש באחד מהדפדפנים הבאים:",
  "Tab Content": "לשונית תוכן",
  "Tab Name": "שם לשונית",
  "Tags": "תגים",
  "Tags (optional)": "תגים (אופציונלי)",
  "Take away meaningful and collaborative notes from any meeting!": "השגת הערות משמעותיות ושיתופיות מכל פגישה!",
  "Task": "משימה",
  "Team Boards": "צוות Boards",
  "Team Name": "שם צוות",
  "Team Name is used as a method to log in to certain authentication providers. e.g. Auth0": "שם צוות בשימוש כשיטת התחברות לספקי אימות מסוימים. למשל Auth0",
  "Template": "תבנית",
  "Templates": "תבניות",
  "Templates tagged with": "תבניות מתויגות עם",
  "Text": "תמליל",
  "Text Mode": "מצב טקסט",
  "That can't be pasted there.": "לא ניתן להדביק כאן",
  "The board has been deleted": "הלוח נמחק",
  "The files below cannot be uploaded to Kudos Boards as they are larger than the limit of {{limit}}": "לא ניתן לטעון את הקבצים הבאים אל Kudos Boards מפני שהם גדולים מההגבלה של {{limit}}",
  "The following links have already been added to this card:": "הקישורים הבאים כבר נוספו לכרטיס זה:",
  "The invite was resent to": "ההזמנה נשלחה שוב",
  "The selected board(s) were successfully transferred": "הלוחות הבאים הועברו בהצלחה",
  "The selected items have been deleted": "הפריטים הבאים נמחקו",
  "The selected items have been restored": "הפריטים הבאים שוחזרו",
  "There was an error when uploading the file. Server response: ": "אירעה שגיאה בעת טעינה הקובץ. תגובת השרת: ",
  "This Activity has been migrated to Kudos Boards": "פעילות זו הועברה אל יישום Kudos Boards",
  "This billing cycle affords a {{discount}}% discount": "מחזור חיוב זה מספק הנחה של {{discount}}%",
  "This Board": "לוח זה",
  "This Board is available with AUTHOR access to everyone across all organisations.": "לוח זה זמין עם גישת מחבר לכל המשתמשים בארגון.",
  "This Board is available with EDITOR access to everyone across all organisations.": "לוח זה זמין עם גישת עורך לכל המשתמשים בארגון.",
  "This Board is in one or more Groups": "לוח זה קיים בקבוצה אחת יותר",
  "This Board is read-only to everyone across all organisations.": "לוח זה לקריאה בלבד לכל משתמשי הארגון.",
  "This Board will be visible to everyone in your organisation. <br>Non-members can create new content and edit their own content.": "לוח זה יהיה גלוי לכל משתמשי הארגון. <br>משתמשים שאינם חברים יכולים ליצור תוכן חדש ולערוך את התוכן שלהם.",
  "This Board will be visible to everyone in your organisation. <br>Non-members can only view the board's contents.": "לוח זה יהיה גלוי לכל משתמשי הארגון. <br>משתמשים שאינם חברים יכולים לצפות בתכנית הלוח בלבד.",
  "This Board will be visible to everyone in your organisation. <br>Please note: This access level allows non-members to edit <b>all</b> board content.": "לוח זה יהיה גלוי לכל משתמשי הארגון. <br>יש לשים לב: רמת גישה זו מאפשר למשתמשים שאינם חברים לערוך את <b>כל</b> תוכן הלוח.",
  "This card will be restored with its parent": "כרטיס זה ישוחזר עם רכיב האב שלו",
  "This Community": "קהילה זו",
  "This feature is coming soon!": "מאפיין זה יהיה זמין בקרוב!",
  "This feature is currently not supported by the IBM Connections Cloud API": "מאפיין זה לא נתמך כעת על-ידי IBM Connections Cloud API",
  "This field is required": "שדה זה נדרש",
  "This invoice has been closed. Payment will not be automatically attempted again. Contact support for more information": "חשבונית זו נסגרה. תשלום לא יתבצע שוב באופן אוטומטי. יש לפנות לתמיכה למידע נוסף",
  "This is a Free trial of Kudos Boards and will expire in {{numDays}} day(s).": "זוהי תקופת ניסיון חינם של יישום Kudos Boards ותוקפה יפוג בעוד {{numDays}} ימים.",
  "This is a read-only preview of this Activity. Import to Boards for full functionality": "זוהי תצוגה מקדימה לקריאה בלבד של פעילות זו. יש לייבא אל יישום Boards לקבלת פונקציונליות מלאה",
  "This licence grants access to a set number of users as they use the app. You may view the user-licences already assigned.": "רישיון זה מעניק גישה למספר משתמשים קבוע כאשר הם משתמשים ביישום. ניתן לצפות ברישיונות המשתמש שכבר מוקצים.",
  "This licence has been cancelled.": "הרישיון בוטל.",
  "This licence only grants access to a selected group of named users. Access will not be granted to users not named by the Org Admins. You can view and edit the named users from the Admin settings.": "רישיון זה מעניק גישה לקבוצה נבחרת של משתמשים בשם בלבד. גישה לא תוענק למשתמשים שלא נקראו בשם על-ידי מנהלן הארגון. ניתן להציג ולערוך משתמשים בשם מהגדרות המנהלה.",
  "This option is only available when paying by credit card": "אפשרות זו זמינה בעת תשלום על-ידי כרטיס אשראי בלבד",
  "This option is only editable if paying by credit card": "אפשרות זו ניתנת לעריכה בעת תשלום בכרטיס אשראי בלבד",
  "This team account is already linked": "חשבון הצוות כבר מקושר",
  "This will go to your provider for an administrator to approve access to Kudos Boards": "הדבר יועבר לספק שלכם עבור אישור גישה של מנהלן ליישום Kudos Boards",
  "This will permanently delete the board and all its data, are you sure?": "פעולה זו תמחק לצמיתות את הלוח וכל הנתונים שבו, אתם בטוחים?",
  "This will remove this data permanently from the board, are you sure?": "פעולה זו תסלק את הנתונים מהלוח לצמיתות, אתם בטוחים?",
  "Thursday": "חמישי",
  "Tile Colours": "צבעי אריח",
  "Timeline": "ציר זמן",
  "Timeline View": "תצוגת ציר זמן",
  "Title": "כותרת",
  "to go to Connections Cloud, then access Kudos Boards via the link in the 'Apps' menu.": "כדי לעבור אל Connections Cloud, ואז לגשת אל יישום Kudos Boards באמצעות הקישור שבתפריט 'יישומים'.",
  "To interact with this card the parent will need to be restored": "כדי לתקשר עם הכרטיס, יש לשחזר את רכיב האב",
  "To unselect this card you will need to unselect its parent": "כדי לבטל את בחירת הכרטיס עליכם לבטל את בחירת רכיב האב שלו",
  "to view this content": "להצגת תוכן זה",
  "Today": "היום",
  "Todo": "מטלה",
  "Todos": "מטלות",
  "Todos by Date": "מטלות לפי תאריך",
  "Todos by Due Date": "מטלות לפי תאריך יעד",
  "Toggle Completion": "השלמת מיתוג",
  "Toggle Editor": "עורך מיתוג",
  "Toggle Sidebar": "סרגל צד של מיתוג",
  "Tomorrow": "מחר",
  "Total": "סך הכל",
  "Transfer Board Membership": "העברת חברות של לוח",
  "Transfer Membership": "העברת חברות",
  "TRIAL": "ניסיון",
  "Trial": "ניסיון",
  "Trial End Date: {{trialEnd}}": "תאריך סיום של תקופת ניסיון: {{trialEnd}}",
  "Trial expired": "תקופת ניסיון פגה תוקף",
  "Trial expired.": "תקופת ניסיון פגה תוקף.",
  "Trial extended {{extensions}} time(s)": "תקופת ניסיון הוארכה {{extensions}} פעמים",
  "Try again": "נסיון חוזר",
  "Tuesday": "שלישי",
  "Type": "סוג",
  "Type to filter archive": "הקלידו לסינון ארכיון",
  "Type to filter list": "הקלידו לסינון רשימה",
  "Type to filter members": "הקלידו לסינון חברים",
  "Type to search": "הקלידו כדי לחפש",
  "Unassigned": "לא מוקצה",
  "Undo": "ביטול",
  "UNDO": "ביטול",
  "Unit price: {{unitPrice}} per user": "מחיר יחידה: {{unitPrice}} לכל משתמש",
  "Unknown Connections Cloud organisation. Redirecting...": "ארגון Connections Cloud לא ידוע. מנתב מחדש...",
  "Unknown Team": "צוות לא ידוע",
  "Unlimited": "ללא הגבלה",
  "Unlink account": "ביטול קישור של חשבון",
  "Unlink Board": "ביטול קישור של לוח",
  "Unlink {{fromName}} Account": "ביטול קישור של חשבון {{fromName}}",
  "Unlock Kudos Boards Premium Preview": "שחרור נעילה של תצוגה מקדימה של Kudos Boards Premium",
  "Unpaid": "לא שולם",
  "Unpin Board": "ביטול הצמדה של לוח",
  "Unscheduled cards": "כרטיסים לא מתוזמנים",
  "Update": "עדכון",
  "Updated": "עודכן",
  "Updated Since Last Accessed": "עודכן מאז הגישה האחרונה",
  "Updated {{ date }}": "עודכן {{ date }}",
  "Updating...": "מעדכן...",
  "Upload": "טעינה",
  "Upload file from computer": "טעינת קובץ מהמחשב שלכם",
  "Upload to Kudos Boards": "טעינה אל יישום Kudos Boards",
  "Upload Users": "טעינת משתמשים",
  "Upload Users from CSV": "טעינת משתמשים מקובץ CSV",
  "uploaded successfully": "טעינה בוצעה בהצלחה",
  "Uploading file:": "טוען קובץ:",
  "URL": "URL",
  "URL of Connections header frame (optional)": "URL של מסגרת כותרת של Connections (אופציונלי)",
  "Use another file service": "שימוש בשירות קבצים אחר",
  "Use current account": "שימוש בחשבון נוכחי",
  "Use Email": "שימוש בדוא\"ל",
  "Use the Kudos Boards File Attachment Service for attaching files to cards": "שימוש בשירות צרופות קבצים של יישום Kudos Boards לצירוף קבצים לכרטיס",
  "Use {{provider}} instead": "שימוש בספק {{provider}} במקום",
  "Used": "היה בשימוש",
  "User": "משתמש",
  "User Emails": "כתובות דוא\"ל של משתמש",
  "User ExternalID": "זיהוי חיצוני של משתמש",
  "User Licences": "רישיונות משתמש",
  "User Options": "אפשרויות משתמש",
  "User Trials": "גרסאות ניסיון של משתמש",
  "User upload success!": "טעינת משתמש בוצעה בהצלחה!",
  "Username": "שם משתמש",
  "Users": "משתמשים",
  "Users may need to be added to the destination board to maintain access to their assigned todos.": "ייתכן שיש להוסיף משתמשים ללוח היעד כדי לתחזק גישה למטלות המוקצות שלהם.",
  "Users: {{num}}": "משתמשים: {{num}}",
  "Vertical": "אנכי",
  "View": "תצוגה",
  "View and Accept ↗": "הצגה וקבלה ↗",
  "View Details": "הצגת פרטים",
  "View licences": "הצגת רישיונות",
  "View subscriptions": "הצגת מינויים",
  "View Subscriptions": "הצגת מינויים",
  "Want to know more?": "רוצים לקבל פרטים נוספים?",
  "Warning: you are not authorised to add members in this board": "אזהרה: אינכם מורשים להוסיף חברים ללוח זה",
  "We found one board linked your {{fromName}} user account. Once you unlink the account you may no longer have access to this board.": "נמצא לוח מקושר אחד לחשבון משתמש של {{fromName}}. כאשר ביטול קישור החשבון יתבצע לא תהיה יותר גישה ללוח.",
  "We found {{count}} boards linked to your {{fromName}} user account. Once you unlink the account you may no longer have access to these boards.": "נמצאו {{count}} לוחות מקושרים לחשבון משתמש של {{fromName}}. כאשר ביטול קישור החשבון יתבצע לא תהיה יותר גישה ללוחות.",
  "We recommended you change the widget title from the actions menu above": "מומלץ לשנות את כותרת הפקד מתפריט הפעולות לעיל",
  "Wednesday": "רביעי",
  "Weekdays": "ימות השבוע",
  "Welcome": "ברוכים הבאים",
  "Welcome to Kudos Boards": "ברוכים הבאים אל היישום Kudos Boards",
  "When you unlock Kudos Boards Premium View, your current Activities will immediately be available in Board, Timeline and MindMap view.": "בעת שחרור נעילה של תצוגת Kudos Boards Premium, הפעילויות הנוכחיות שלכם יהיו זמינות מיד בתצוגת הלוח, ציר הזמן ומפת החשיבה.",
  "Widget Settings": "הגדרות פקדים",
  "yearly": "שנתי",
  "Yearly": "שנתי",
  "Yes": "כן",
  "Yes Please": "כן",
  "You are in DELETE mode, select items to delete": "אתם במצב מחיקה, יש לבחור פריטים למחיקה",
  "You are in restore mode, select items to restore": "אתם במצב שחזור, יש לבחור פריטים לשחזור",
  "You are not a direct member of this board. Please consider leaving any Groups that may be members of this board.": "אתם לא חברים ישירים בלוח זה. ייתכן שכדאי לצאת מכל קבוצה החברה בלוח זה.",
  "You are not allowed to leave this Board. Please consider archiving board.": "אינכם מורשים לצאת מהלוח. ייתכן שכדאי לתייק את הלוח בארכיון.",
  "You are not authorised to access this resource": "אינכם מורשים לגשת למשאב זה",
  "You are not licensed to access this resource.": "אינכם בעלי רישיון לגשת למשאב זה.",
  "You are the only owner of this board. Please consider adding other owners or archiving this board instead.": "אתם הבעלים היחידים של הלוח. ייתכן שכדאי להוסיף בעלים אחרים או לתייק את הלוח בארכיון במקום.",
  "You can enhance your workflow by unlocking Kudos Boards Premium Preview. In addition to your Activities view, you’ll also be able to work in the Boards, Timeline and Mind Map views!": "ניתן לשפר את תהליך העבודה על-ידי שחרור נעילה של תצוגת מקדימה של  Kudos Boards Premium. בנוסף לתצוגת הפעילויות, תוכלו גם לעבוד בתצוגות של הלוחות, ציר הזמן ומפת החשיבה!",
  "You have READ ONLY access to this Board": "יש לכם גישה לקריאה בלבד ללוח זה",
  "You have {{remaining}} day(s) remaining in your premium preview.": "נותרו {{remaining}} ימים בתצוגה מקדימה מועדפת.",
  "Your account's email address and other admin emails for your org ({{emails}}) are already included": "כתובת הדוא\"ל של החשבון שלכם וכתובות דוא\"ל אחרות של מנהלה עבור הארגון שלכם ({{emails}}) כבר כלולות",
  "Your api key for kudos boards is shown below": "מפתח API שלכם עבור יישום Kudos Boards מוצג למטה",
  "Your changes have been saved": "השינויים שלכם נשמרו",
  "Your initial premium preview with {{orgName}} has expired. Click extend if you would like to continue access for an additional 30 days": "פג תוקפה של תצוגה מקדימה מועדפת התחלתית שלכם עם {{orgName}}. יש ללחוץ על 'הארכה' אם ברצונכם להמשיך לקבל גישה למשך 30 ימים נוספים",
  "Your premium preview expires today.": "התצוגה המקדימה המועדפת שלכם פגה תוקף היום.",
  "Your premium preview has expired, Let your administrator know you'd like to continue using Kudos Boards Premium view.": "התצוגה המקדימה המועדפת שלכם פגה תוקף, יש להודיע למנהלן אם ברצונכם להמשיך להשתמש בתצוגה של  Kudos Boards Premium.",
  "Your session with {{provider}} has expired. Redirecting...": "מהלך העבודה שלכם עם {{provider}} פג תוקף. מנתב מחדש...",
  "Your session with {{provider}} has expired. Some functionality (ie notifications, groups, files) will be restricted until you login again.": "מהלך העבודה שלכם עם {{provider}} פג תוקף. חלק מהפונקציונליות (למשל דיווחים, קבוצות, קבצים) יוגבלו עד שתתחברו שוב.",
  "{{count}} more card(s) this way": "{{count}} כרטיסים נוספים בדרך זו",
  "{{num}} users": "{{num}} משתמשים",
  "{{quantity}} x subscriptions to '{{plan.name}}' ({{planPrice}} / {{plan.interval}})": "{{quantity}} x מינויים אל '{{plan.name}}' ({{planPrice}} / {{plan.interval}})",
  "{{remaining}} days of trial remaining": "{{remaining}} ימי ניסיון נותרו",
  "{{remaining}} days remaining in your premium preview.": "{{remaining}} ימים נותרו בתצוגה מקדימה מועדפת.",
  "{{userTrialCount}} user(s) have started a trial of Kudos Boards Premium": "{{userTrialCount}} משתמשים החלו להשתמש בתקופת ניסיון של Kudos Boards Premium"
}