{
  "": "",
  "'{{userName}}' will not be able to view the message because they cannot access this Board": "'{{userName}}' neće moći pogledati poruku jer ne može pristupiti ovoj ploči",
  "(Copy Of) ": "(kopija) ",
  "A problem occurred when creating invite": "Pojavio se problem pri kreiranju pozivnice",
  "A problem occurred when deleting node": "Pojavio se problem tijekom brisanja čvora",
  "A problem occurred when getting a node": "Pojavio se problem tijekom dohvaćanja čvora",
  "A problem occurred when redeeming invite": "Pojavio se problem pri preuzimanju pozivnice",
  "A problem occurred when removing invite": "Pojavio se problem pri uklanjanju pozivnice",
  "A problem occurred when removing member": "Pojavio se problem pri uklanjanju člana",
  "A problem occurred when saving invite": "Pojavio se problem pri spremanju pozivnice",
  "A problem occurred when saving member": "Pojavio se problem pri spremanju člana",
  "A problem occurred when saving node": "Pojavio se problem pri spremanju čvora",
  "A problem occurred when updating invite": "Pojavio se problem pri ažuriranju pozivnice",
  "A user with that email address already exists": "Korisnik s istom e-mail adresom već postoji",
  "A user with that email address already exists as a member of this board": "Korisnik s tom e-mail adresom već postoji kao član ove ploče",
  "Accessed in the Last Month": "Pristupljeno u prošlom mjesecu",
  "Accessed since": "Pristupljeno od",
  "Account Balance: {{credit}}": "Saldo računa: {{credit}}",
  "Account Unlinked": "Račun nije povezan",
  "Actions": "Akcije",
  "Active": "Aktivno",
  "Active Boards": "Aktivne ploče",
  "Active Workspace Meetings": "Aktivni sastanci na radnom mjestu",
  "Activity": "Aktivnost",
  "Activity data is loading...": "Podaci o aktivnosti se učitavaju...",
  "Activity Migration": "Migracija aktivnosti",
  "Activity Name": "Naziv aktivnosti",
  "Add": "Dodaj",
  "Add a Card": "Dodaj karticu",
  "Add a Comment": "Dodaj komentar",
  "Add a Description": "Dodaj opis",
  "Add a List": "Dodaj listu",
  "Add a list": "Dodaj listu",
  "Add a Tag": "Dodaj oznaku",
  "Add an attachment or link": "Dodaj prilog ili vezu",
  "Add another": "Dodaj drugi",
  "Add Attachment": "Dodaj prilog",
  "Add Bookmark": "Dodaj knjišku oznaku",
  "Add Client": "Dodaj klijenta",
  "Add Custom Field": "Dodaj prilagođeno polje",
  "Add file": "Dodaj datoteku",
  "Add individuals or groups as members, or invite by email": "Dodaj pojedince ili grupe kao članove ili pozovi e-mailom",
  "Add Label": "Dodaj oznaku",
  "Add label '{{filter}}'": "Dodaj oznaku '{{filter}}'",
  "Add Licence": "Dodaj licencu",
  "Add Member": "Dodaj člana",
  "Add members": "Dodaj članove",
  "Add Organisation": "Dodaj organizaciju",
  "Add people to your board or invite by email": "Dodaj osobe ploči ili ih pozovi e-mailom",
  "Add User": "Dodaj korisnika",
  "Admin approval failed": "Odobrenje administratora nije uspjelo",
  "Admin Users": "Korisnici administratori",
  "Administrator approval required.": "Potrebno je odobrenje administratora.",
  "Administrators": "Administratori",
  "Advanced": "Napredno",
  "Agenda": "Dnevni red",
  "All": "Sve",
  "All Activities": "Sve aktivnosti",
  "All Boards": "Sve ploče",
  "All cards are scheduled.": "Sve su kartice raspoređene.",
  "All Templates": "Svi predlošci",
  "Allow Invite by Email": "Dozvoli pozivanje e-mailom",
  "Already linked": "Već je povezano",
  "Amount": "Iznos",
  "Amount Due": "Dospio iznos",
  "Amount Due Now: {{due}}": "Iznos dospio sada: {{due}}",
  "Amount Paid": "Plaćen iznos",
  "An account of this type already linked": "Račun ovog tipa već je povezan",
  "An invitation for the specified email address already exists on this board": "Pozivnica za određenu e-mail adresu već postoji na ovoj ploči",
  "and is already a member of this board": "i već je član ove ploče",
  "Apply Template": "Dodaj predložak",
  "Approve": "Odobri",
  "Approve Advanced Features": "Odobri napredne značajke",
  "Archive": "Arhiva",
  "Archive Card": "Kartica arhiviranja",
  "Archive Cards in List": "Kartice arhiviranja na listi",
  "Archive List": "Lista arhiviranja",
  "Archived": "Arhivirano",
  "Archived Boards": "Arhivirane ploče",
  "Archived Templates": "Arhivirani predlošci",
  "Are you sure you want to cancel this licence? This will take effect at the end of the current period.": "Jeste li sigurni da želite opozvati ovu licencu? To će stupiti na snagu na kraju trenutačnog razdoblja.",
  "Are you sure you want to delete this licence? CAUTION: This will delete any associated credit card information": "Jeste li sigurni da želite izbrisati ovu licencu? OPREZ: Time će se izbrisati svi podaci o povezanoj kreditnoj kartici",
  "Are you sure you want to reactivate this licence?": "Jeste li sigurni da želite ponovno aktivirati ovu licencu?",
  "Are you sure you want to unlink your {{provider}} account?": "Jeste li sigurni da želite poništiti vezu s {{provider}} računom?",
  "Are you sure you wish to leave '{{boardName}}'? This action cannot be undone by you.": "Jeste li sigurni da želite napustiti '{{boardName}}'? Ovu akciju ne možete poništiti.",
  "Are you sure?": "Jeste li sigurni?",
  "Are You Sure?": "Jeste li sigurni?",
  "Are you sure? This will reinstate the previous billing schedule": "Jeste li sigurni? Na taj ćete način ponovno uspostaviti prethodni raspored naplate",
  "Are you sure? This will take effect at the end of the current billing cycle": "Jeste li sigurni? To će stupiti na snagu na kraju trenutačnog ciklusa naplate",
  "Asia Pacific": "Azija i Pacifik",
  "Assign Users": "Dodijeli korisnike",
  "Assigned": "Dodijeljeno",
  "Assigned to": "Dodijeljeno za",
  "Assigned To Me": "Dodijeljeno meni",
  "Assigned Users that will be added to the Destination Board": "Dodijeli korisnike koji će se dodati na odredišnu ploču",
  "Assignees": "Dodijeljene osobe",
  "Assignments": "Dodjele",
  "Attach": "Dodaj",
  "Attachments": "Prilozi",
  "Auth0 url": "Aut0 url",
  "Authentication Clients": "Klijenti za provjeru ovlaštenja",
  "Author": "Autor",
  "author": "autor",
  "awaiting acceptance": "čeka se na prihvaćanje",
  "Back": "Natrag",
  "Back to Boards": "Natrag na ploče",
  "Back to Colour Selection": "Natrag na odabir boje",
  "Bad Request": "Loš zahtjev",
  "Best viewed in fullscreen": "Najbolji prikaz je na punom zaslonu",
  "Billing Cycle": "Ciklus naplate",
  "Billing period: {{interval}}": "Razdoblje naplate: {{interval}}",
  "Blank": "Prazno",
  "Board": "Ploča",
  "Board Archive": "Arhiva ploče",
  "Board Labels": "Oznake ploče",
  "Board Members": "Članovi ploče",
  "Board Name": "Ime ploče",
  "Boards": "Ploče",
  "Boards linked directly to this user": "Ploče povezane izravno s ovim korisnikom",
  "Boards linked through group membership": "Ploče povezane putem grupnog članstva",
  "Boards premium preview": "Premium pregled za ploče",
  "Bookmarks": "Knjiške oznake",
  "Buy Licence": "Kupi licencu",
  "Buy Online": "Kupi online",
  "by": "od",
  "Cancel": "Opoziv",
  "Cancel Licence": "Opozovi licencu",
  "Cancelled": "Opozvano",
  "Cannot Leave Board": "Ne može se napustiti ploča",
  "Card Name": "Ime kartice",
  "Card Number": "Broj kartice",
  "Cards": "Kartice",
  "Central Europe": "Srednja Europa",
  "Choose a board": "Odaberi ploču",
  "Choose a Template": "Odaberi predložak",
  "Classic": "Klasično",
  "Clear Search": "Obriši pretragu",
  "Clear Selected": "Izbriši odabrano",
  "Clear Selected Filters": "Izbriši odabrane filtre",
  "Click for details": "Kliknite za detalje",
  "Click for more information about approving advanced features": "Kliknite za više informacija o odobravanju naprednih funkcija",
  "Click here": "Kliknite ovdje",
  "Click here for details": "Kliknite ovdje za detalje",
  "Click here for details.": "Kliknite ovdje za detalje.",
  "Click here to buy a licence online or get a quote": "Kliknite ovdje za kupnju licence online ili kako biste dobili ponudu",
  "Click here to start a 30 day free trial for your organisation. Contact support for trials with more users.": "Kliknite ovdje za početak besplatnog probnog razdoblja od 30 dana za svoju organizaciju. Kontaktirajte podršku za više probnih razdoblja s više korisnika.",
  "Click to see more details": "Kliknite za pregled dodatnih detalja",
  "Client": "Klijent",
  "Clients": "Klijenti",
  "Close": "Zatvori",
  "Close Activity After Import": "Zatvori aktivnost nakon importa",
  "Close Board Menu": "Zatvori izbornik ploče",
  "Close the activity after the import has completed successfully. You can still access it through 'Trash'": "Zatvori aktivnost nakon što se import uspješno završi. I dalje joj možete pristupiti putem \"Smeća\"",
  "Closed": "Zatvoreno",
  "Collaborate on projects involving different departments": "Surađujte na projektima koji uključuju različite odjele",
  "Collapse": "Skupi",
  "Colour": "Boja",
  "Colour Labels": "Oznake u boji",
  "Colour-Tags": "Oznake u boji",
  "Colours": "Boje",
  "Column View": "Pogled stupca",
  "Comments": "Komentari",
  "Community Activities": "Aktivnosti zajednice",
  "Community Templates": "Predlošci zajednice",
  "Complete Todos": "Dovršeni zadaci",
  "Completed": "Dovršeno",
  "Configuration": "Konfiguracija",
  "Confirm": "Potvrdi",
  "Confirmation Required": "Potrebna je potvrda",
  "Connections Cloud session expired. Click here to validate.": "Sesija za Connections Cloud je istekla. Kliknite ovdje kako biste provjerili valjanost.",
  "Connections On-Premise": "Connections na licu mjesta",
  "Connections URL": "Connections URL",
  "Contact Email": "E-mail kontakta",
  "Contact Name": "Ime kontakta",
  "Contact Support": "Kontakt podrške",
  "Contact your System Administrator for more information or email us at": "Obratite se sistemskom administratoru za više informacija ili nam pošaljite mail na",
  "Content": "Sadržaj",
  "Continue": "Nastavi",
  "Continue Without Transferring": "Nastavi bez prijenosa",
  "Convert into Entry": "Pretvori u unos",
  "Convert into Todo": "Pretvori u zadatak",
  "Copy embed code": "Kopiraj kod za umetanje",
  "Copy embed code to clipboard": "Kopiraj kod za umetanje u privremenu memoriju",
  "Create": "Kreiraj",
  "Create a new board": "Kreiraj novu ploču",
  "Create Board": "Kreiraj ploču",
  "Create Board from Template": "Kreiraj ploču iz predloška",
  "Create Boards for anything, manage your workflow, and streamline processes with template creation.": "Kreirajte ploče za bilo što, upravljajte svojim procesom rada i pojednostavljivanje procesa stvaranjem predložaka.",
  "Create card": "Kreiraj karticu",
  "Create Copy": "Kreiraj kopiju",
  "Create Link to Board": "Kreiraj vezu za ploču",
  "Create Template": "Kreiraj predložak",
  "Create Template from Board": "Kreiraj predložak s ploče",
  "Create your own structure for organising projects, workflows, ideas and more!": "Kreiraj svoju strukturu za organiziranje projekata, procesa rada, ideja i još više!",
  "Create {{numCards}} cards?": "Kreirati {{numCards}} kartica?",
  "Create {{numCards}} lists?": "Kreirati {{numCards}} lista?",
  "Created": "Kreirano",
  "Created By Me": "Kreirao sam",
  "Created {{ date }}": "Kreirano {{ date }}",
  "Created: {{date}}": "Kreirano: {{date}}",
  "Credit Card Ending in {{last4}}": "Kreditna kartica završava na {{last4}}",
  "Current Account:": "Trenutačni račun:",
  "Currently the ability to search for groups in {{provider}} is not available until an administrator grants permissions for your organisation. ": "Mogućnost pretraživanja grupa u {{provider}} trenutačno nije dostupna dok administrator ne dodijeli dozvolu vašoj organizaciji.",
  "Curve": "Krivulja",
  "Custom Fields": "Prilagođena polja",
  "Customer ID": "ID kupca",
  "CVC": "CVC",
  "Date": "Datum",
  "Decisions": "Odluke",
  "Default templates to exclude": "Zadani predlošci koje treba isključiti",
  "Delete": "Izbriši",
  "Delete Board": "Izbriši ploču",
  "Delete Card": "Izbriši karticu",
  "Delete Comment": "Izbriši komentar",
  "Delete File": "Izbriši datoteku",
  "Delete items": "Izbriši stavke",
  "Delete Label": "Izbriši oznaku",
  "Delete Link": "Izbriši poveznicu",
  "Delete List": "Izbriši listu",
  "Delete mode": "Izbriši način rada",
  "Delete Selected Items": "Briše izabrane stavke",
  "Deleted": "Izbrisano",
  "Deleting": "Brisanje",
  "Departments": "Odjeli",
  "Description": "Opis",
  "Description (optional)": "Opis (neobvezno)",
  "Details": "Detalji",
  "Direct Order via ISW": "Izravna narudžba putem ISW-a",
  "Discount": "Popust",
  "Discount Code (optional)": "Šifra popusta (neobavezno)",
  "Discount: {{discount}}": "Popust: {{discount}}",
  "Display an existing board": "Prikaži postojeću ploču",
  "Documentation": "Dokumentacija",
  "Doing": "Radi",
  "Done": "Gotovo",
  "Done ({{num}})": "Gotovo ({{num}})",
  "Download": "Preuzmi",
  "Download file": "Preuzmite datoteku",
  "Drop file here to save": "Ovdje ispustite datoteku za spremanje",
  "Due": "Dospijeće",
  "Due Date": "Datum dospijeća",
  "Due date": "Datum dospijeća",
  "Earliest Licence Expired on": "Najstarija licenca ističe na",
  "Earliest Upcoming Expiry": "Najstariji nadolazeći istek",
  "Edit": "Uredi",
  "Edit Board Colour Labels": "Uredi oznake u boji za ploču",
  "Edit Client": "Uredi klijenta",
  "Edit Client Licence": "Uredi licencu klijenta",
  "Edit Colour Labels": "Uredi oznake u boji",
  "Edit Comment": "Uredi komentar",
  "Edit Description": "Uredi opis",
  "Edit Filename": "Uredi naziv datoteke",
  "Edit Label": "Uredi oznaku",
  "Edit label": "Uredi oznaku",
  "Edit Licence": "Uredi licencu",
  "Edit Link": "Uredi vezu",
  "Edit name": "Uredi ime",
  "Edit Tile Colour Labels": "Uredi oznake u boji za pločicu",
  "Edit User Licence": "Uredi korisničku licencu",
  "Edited": "Uređeno",
  "Editor": "Uređivač",
  "editor": "uređivač",
  "Email": "E-mail",
  "Email Address": "E-mail adresa",
  "Email address is required": "E-mail adresa je obavezna",
  "Email addresses to copy invoices to": "E-mail adrese za kopiranje računa",
  "Email addresses to copy quote to": "E-mail adrese za kopiranje ponude",
  "Email Us": "Pošaljite nam e-mail",
  "Embed code copied to clipboard": "Kod za umetanje kopiran je u privremenu memoriju",
  "Empty Lists": "Prazne liste",
  "empty name": "prazno ime",
  "Enable Boards File Uploads": "Omogući učitavanje datoteke na ploče",
  "Enabled": "Omogućeno",
  "End Date": "Završni datum",
  "Ending Balance": "Završni saldo",
  "Enter a title for the link (Optional)": "Unesite naslov za vezu (neobavezno)",
  "Enter an email address": "Upišite e-mail adresu",
  "Enter Label": "Unesite oznaku",
  "Enter label name": "Unesite ime oznake",
  "Enter New Name": "Unesite novo ime",
  "Enter Text": "Unesite tkest",
  "Entry": "Unos",
  "Error": "Greška",
  "Error creating board": "Greška pri kreiranju ploče",
  "Error processing quote request. Please email sales@kudosbadges.com": "Greška obrade zahtjeva za ponudu. Pošaljite e-mail na sales@kudosbadges.com",
  "Error processing your request": "Greška kod obrade zahtjeva",
  "Error starting trial": "Greška pri početku probnog razdoblja",
  "Error uploading file": "Greška kod učitavanja datoteke",
  "Error: an unknown error occurred - cannot move": "Greška: pojavila se nepoznata greška - ne može se premjestiti",
  "Error: you are not authorised to add content to this board": "Greška: nemate ovlaštenja za dodavanje sadržaja na ovu ploču",
  "Existing Kudos Partner (optional)": "Postojeći Kudos partner (neobavezno)",
  "Existing Login Detected": "Otkrivena je postojeća prijava",
  "Existing Tab": "Postojeća kartica",
  "Expand": "Proširi",
  "Expand/Collapse": "Širiti/skupiti",
  "Expand/Collapse All Lists": "Širiti/skupiti sve liste",
  "Expired": "Isteklo",
  "Expires": "Ističe",
  "Expires: {{date}}": "Istječe: {{date}}",
  "Expires: {{{date}}}": "Istječe: {{{date}}}",
  "Expiry": "Istek",
  "Expiry Date": "Datum isteka",
  "Explore the Template Library": "Istražite knjižnicu predložaka",
  "Extend": "Prioširi",
  "ExternalId": "Vanjski ID",
  "Fields": "Polja",
  "Filter Activities to migrate": "Filtriranje aktivnosti za migraciju",
  "Finance": "Financije",
  "Find a Group": "Pronađi grupu",
  "Find a User": "Pronađi korisnika",
  "Finding your Connections Cloud Organisation...": "Pronađite svoju organizaciju Connections Cloud...",
  "Free": "Besplatno",
  "Free Trial": "Besplatno probno razdoblje",
  "Friday": "Petak",
  "From Provider": "Od dobavljača",
  "Functionality is currently limited.": "Funkcionalnost je trenutačno ograničena.",
  "Furthest Upcoming Expiry": "Najdalji nadolazeći istek",
  "Future": "Buduće",
  "General": "Općenito",
  "Get a Licence Quote": "Dobijte ponudu za licencu",
  "Get a Quote": "Dobijte ponudu",
  "Give users the ability to invite external users to a Board by email address": "Omogućite korisnicima da pozovu vanjske korisnike na ploču putem e-mail adrese",
  "Global Access": "Globalni pristup",
  "Global OAuth": "Globalna Oaut",
  "Go to licence": "Idi na licencu",
  "Go to Today": "Idi na danas",
  "Goals": "Ciljevi",
  "Group": "Grupa",
  "Group Boards": "Grupne ploče",
  "Group By": "Grupiraj prema",
  "Group Owners: Owners of this Board.</br>Group Members: Authors of this Board": "Vlasnici grupe: vlasnici ove ploče.</br>Vlasnici grupe: autori ove ploče",
  "Groups": "Grupe",
  "Help": "Pomoć",
  "Hide": "Sakrij",
  "Hide Completed Todos": "Sakrij završene zadatke",
  "Hide Dates": "Sakrij datume",
  "Horizontal": "Vodoravno",
  "How would you like to proceed?": "Želite li nastaviti?",
  "HR": "HR",
  "I accept the above Terms & Conditions": "Prihvaćam gornje Odredbe i uvjete",
  "I accept the terms of service": "Prihvaćam uvjete pružanja usluge",
  "ID": "ID",
  "If this setting is switched off, cards are created as entries on enter press.": "Ako se ova postavka isključi, kartice se kreiraju kao unosi na pritisak tipke enter.",
  "Ignore Completed": "Zanemari završeno",
  "Ignore Deleted": "Zanemari izbrisano",
  "Ignore Templates": "Zanemari predloške",
  "Import": "Import",
  "Import an Activity": "Importiraj aktivnost",
  "Import an Activity Template": "Importiraj predložak aktivnosti",
  "Import from Activities": "Importiraj iz aktivnosti",
  "Import From Activities": "Importiraj iz aktivnosti",
  "In a Group": "U grupi",
  "Include email body in description": "Uključi tijelo e-maila u opis",
  "Inherit": "Naslijedi",
  "Inherit from Group": "Naslijedi od grupe",
  "Inherited from Group": "Naslijeđeno od grupe",
  "Integration Env": "Integracija Env",
  "Internal server error": "Interna greška poslužitelja",
  "Invitation sent to": "Poziv poslan na",
  "Invite": "Pozovi",
  "Invite by Email": "Pozovi e-mailom",
  "Invite sent on": "Poziv je poslan",
  "Invoice": "Račun",
  "Invoice Details": "Detalji računa",
  "Invoices": "Računi",
  "Invoices for": "Računi za",
  "Is Enabled": "Omogućeno je",
  "Is Trial": "Probno razdoblje",
  "IT": "IT",
  "It is valid until {{expiry}}.": "Važeće je do {{expiry}}.",
  "Items": "Stavke",
  "Join Workspace Meetings": "Pridružite se sastancima na radnom mjestu",
  "Kanban": "Kanban",
  "Kanban View": "Kanban pogled",
  "Kudos Boards": "Kudos Boards",
  "Kudos Boards - Terms & Conditions": "Kudos Boards - Odredbe i uvjeti",
  "Kudos Boards API": "Kudos Boards API",
  "Kudos Boards cannot be added as a tab until an administrator approves required functionality": "Kudos Boards ne može se dodati kao kartica dok administrator ne odobri potrebnu funkcionalnost",
  "Kudos Boards has been updated in the background. Please reload the app!": "Kudos Boards je ažuriran u pozadini. Molimo da ponovno učitate aplikaciju!",
  "Kudos Partner Reference Code (optional)": "Referentna šifra za Kudos Partnera (neobaveznol)",
  "Kudos Team Name": "Ime Kudos tima",
  "Label deleted": "Oznaka je izbrisana",
  "Labels": "Oznake",
  "Last Accessed": "Zadnji pristup",
  "Last Licence Expired on": "Zadnja licenca istječe",
  "Later This Month": "Kasnije ovaj mjesec",
  "Later This Week": "Kasnije ovaj tjedan",
  "Layout": "Izgled",
  "Leave Board": "Napusti ploču",
  "Licence Assigned": "Licenca je dodijeljena",
  "Licence Details": "Detalji licence",
  "Licence expired": "Licenca je istekla",
  "Licence Type": "Tip licence",
  "Licences": "Licence",
  "Licenses": "Licence",
  "Licensing": "Licenciranje",
  "Limit": "Granica",
  "Line": "Linija",
  "Line Items": "Stavke linije",
  "Lines in file:": "Linije u datoteci:",
  "Link": "Veza",
  "Link Accounts": "Poveži račune",
  "Link another account": "Poveži drugi račun",
  "Link another Kudos Boards account": "Poveži drugi račun za Kudos Boards",
  "Link Exists": "Veza postoji",
  "Link to Board": "Veza na ploču",
  "Link to Card, List or Board": "Veza na karticu, popis ili ploču",
  "Link to File": "Veza na datoteku",
  "Link to Folder": "Veza na folder",
  "Link {{provider}} with the current account": "Poveži {{provider}} s trenutačnim računom",
  "Linked Accounts": "Povezani računi",
  "Linked Groups": "Povezane grupe",
  "Links": "Veze",
  "Links & Attachments": "Veze i prilozi",
  "List": "Lista",
  "List all Boards": "Lista svih ploča",
  "List Name": "Prezime",
  "List View": "Pregled liste",
  "Lists": "Liste",
  "Lite": "Lite",
  "Local": "Lokalno",
  "Logging in, please wait...": "U tijeku je prijava, pričekajte...",
  "Login": "Prijava",
  "Logout": "Odjava",
  "Look in": "Traži u",
  "Make the most of your Kudos Boards Premium Preview": "Maksimalno iskoristite premium pregled za Kudos Boards",
  "Manage Org": "Upravljanje organizacjom",
  "Manage Payments": "Upralvjanje plaćanjima",
  "Mark Board as Complete": "Označi ploču kao dovršenu",
  "Mark Board as Incomplete": "Označi ploču kao nedovršenu",
  "Mark Complete": "Označi dovršenim",
  "Mark Incomplete": "Označi nedovršenim",
  "Marketing": "Marketing",
  "Match All Filters": "Upari sve filtre",
  "Meeting": "Sastanak",
  "Members": "Članovi",
  "Merge": "Spoji",
  "Microsoft Office365": "Microsoft Office 365",
  "Migrate ALL ({{num}})": "Migriraj SVE ({{num}})",
  "Migrate Selected ({{num}})": "Migriraj izabrano ({{num}})",
  "Mind Map": "Umna mapa",
  "MindMap": "Umna mapa",
  "Mindmap": "Umna mapa",
  "Mindmap View": "Pregled umne mape",
  "Minimum number of users for the selected licence type is {{minimumSeats}}": "Najmanji broj korisnika za odabrani tip licence je {{minimumSeats}}",
  "Mirror": "Ogledalo",
  "Modified": "Promijenjen",
  "Modify": "Promijeni",
  "Modify Licence": "Promijeni licencu",
  "Monday": "Ponedjeljak",
  "monthly": "mjesečno",
  "Monthly": "Mjesečno",
  "More": "Više",
  "Move": "Premjesti",
  "Move and Open": "Premjesti i otvori",
  "Move Card": "Premjesti karticu",
  "Move List": "Premjesti listu",
  "Move To Another Board": "Premjesti na drugu ploču",
  "Move to another list or parent card": "Premjesti na drugu listu ili matičnu karticu",
  "My": "Moje",
  "My Account": "Moj račun",
  "My Activities": "Moje aktivnosti",
  "My Boards": "Moje ploče",
  "My Subscriptions": "Moje pretplate",
  "My Templates": "Moji predlošci",
  "My Todos": "Moji zadaci",
  "Name": "Ime",
  "Name on Card": "Ime na kartici",
  "Named Users": "Imenovani korisnici",
  "Named Users Licence": "Licenca imenovanih korisnika",
  "Never": "Nikad",
  "New Board": "Nova ploča",
  "New card created, however the search filter currently applied is preventing it from being displayed": "Stvorena je nova kartica, međutim, filtar pretraživanja koji je trenutačno primijenjen sprječava da se ona prikaže",
  "New cards created as tasks on enter key press": "Stvorena je nova kartica kao zadatak na pritisak tipke enter",
  "New Client": "Novi klijent",
  "New Client Licence": "Licenca za novog klijenta",
  "New Credit Card": "Kartica za novog klijenta",
  "New Label": "Nova oznaka",
  "New Label Text": "Tekst nove oznake",
  "New Licence": "Nova licenca",
  "New Since Last Week": "Novo od prošlog tjedna",
  "New Sub-Card": "Nova podkartica",
  "New Tab": "Nova kartica",
  "New Template": "Novi predložak",
  "New User Licence": "Nova korisnička licenca",
  "Next": "Sljedeće",
  "Next Invoice Amount: {{nextAmount}}": "Iznos sljedećeg računa: {{nextAmount}}",
  "Next Invoice Date: {{date}}": "Datum sljedećeg računa: {{date}}",
  "Next Payment": "Sljedeće plaćanje",
  "Next Payment Attempt": "Sljedeći pokušaj plaćanja",
  "Next Payment: {{{date}}}": "Sljedeće plaćanje: {{{date}}}",
  "Next Week": "Sljedeći tjedan",
  "No": "Ne",
  "No action available": "Nema raspoloživih akcija",
  "No Active Meetings found. Click below to go to a Workspace": "Nisu pronađeni aktivni sastanci. Kliknite dolje kako biste prešli u Workspace",
  "No Activities found": "Nisu nađene aktivnosti",
  "No Archived items to show": "Nema arhiviranih stavki za prikaz",
  "No Assignment": "Nema dodjela",
  "No boards found for this group": "Nisu nađene  ploče za ovu grupu",
  "No Boards found.": "Nisu nađene ploče.",
  "No boards yet, please create one first": "Još nema ploča, najprije kreirajte jednu",
  "No clients found": "Nisu nađeni klijenti",
  "No Colour": "Nema boje",
  "No Date": "Nema datuma",
  "No files found": "Nisu nađene datoteke",
  "No folders found": "Nisu nađeni folderi",
  "No Group": "Nema grupe",
  "No invoices to display": "Nema računa za prikaz",
  "No items were selected": "Nisu odabrane stavke",
  "No Label": "Nema oznake",
  "No label": "Nema oznake",
  "No labels defined": "Nema definiranih oznaka",
  "No licences available. Functionality will be limited for new users.": "Nema dostupnih licenci. Funkcionalnost će biti ograničena za nove korisnike.",
  "No licences found": "Nisu nađene licence",
  "No licences to show": "Nema licenci za prikaz",
  "No organisations found": "Nisu nađene organizacije",
  "No pinned boards": "Nema prikvačenih ploča",
  "No Pinned Boards found.": "Nisu nađene prikvačene ploče.",
  "No Recent Boards found.": "Nisu nađene nedavne ploče.",
  "No user trials found": "Nisu nađena probna razdoblja za korisnika",
  "No users found": "Nisu nađeni korisnici",
  "No users to show": "Nema korisnika za prikaz",
  "None": "Ništa",
  "North America": "Sjeverna Amerika",
  "Not Licensed": "Nema licence",
  "Not Supported": "Nije podržano",
  "Note that file security is managed by {{provider}}, not by Kudos Boards": "Imajte na umu da sigurnošću datoteke upravlja {{provider}}, a ne Kudos Boards",
  "Nothing to show": "Nema ništa za prikaz",
  "Number of Attempts": "Broj pokušaja",
  "Number of cards": "Broj kartica",
  "Number of Expired Licences": "Broj isteklih licenci",
  "Number of Users": "Broj korisnika",
  "Number of Valid Licences": "Broj važećih licenci",
  "oAuth Client ID": "ID OAuth klijenta",
  "OAuth Client ID": "OD OAuth klijenta",
  "OAuth Client Secret": "Tajna OAuth klijenta",
  "oAuth Client Secret": "Tajna oAuth klijenta",
  "ok": "ok",
  "OK": "OK",
  "Only Entries": "Samo unosi",
  "Only the members of this board will be able to see and access this board.": "Samo članovi ove ploče mogu vidjeti ovu ploču i pristupiti joj.",
  "Only Todos": "Samo zadaci",
  "Open": "Otvori",
  "Open Board Options": "Otvori opcije ploče",
  "Open Boards in:": "Otvori plolu u:",
  "Open in Boards": "Otvori u ploči",
  "Open Licence": "Otvori licencu",
  "Open this board": "Otvori ovu ploču",
  "Opt in below to receive tips and tricks from the Kudos Boards team to make the most of your premium preview.": "Prijavite se u nastavku kako biste primili savjete i trikove od tima Kudos Boards i kako biste maksimalno iskoristili svoj premium pregled.",
  "Order": "Redoslijed",
  "Order Summary": "Sažetak narudžbe",
  "Order via ISW Partner": "Narudžba putem ISW partnera",
  "Org Administration": "Administracija organizacije",
  "Organisation": "Organizacija",
  "Organisation Name": "Ime organizacije",
  "Organisations": "Organizacije",
  "Organise any project productively using the classic Todo, Doing, Done methodology": "Organizirajte projekte produktivno uz pomoć klasične metodologije, zadaci, radi, gotovo",
  "Our Terms & Conditions have changed": "Naše odredbe i uvjeti su promijenjeni",
  "Overdue": "Zakašnjelo",
  "owner": "vlasnik",
  "Owner": "Vlasnik",
  "Owners": "Vlasnici",
  "Page Not Found": "Stranica nije nađena",
  "Paid": "Plaćeno",
  "Paste link or drop file to upload": "Zalijepite vezu ili ispustite datoteku za učitavanje",
  "Payment Method": "Način plaćanja",
  "Period": "Točka",
  "Person": "Osoba",
  "Pin Board": "Prikvači ploču",
  "Pinned": "Prikvačena",
  "Pinned Boards": "Prikvačene ploče",
  "Pinned boards": "Prikvačene ploče",
  "Plan and collaborate on tasks on a weekly basis": "Planirajte i surađujte na zadacima na tjednoj bazi",
  "Please approve the Kudos Boards app to allow it to be added as a tab.": "Odobrite aplikaciju Kudos Boards kako bi se ona mogla dodati kako kartica.",
  "Please approve the Kudos Boards app to use advanced features.": "Odobrite aplikaciju Kudos Boards kako biste mogli upotrebljavati napredne značajke.",
  "Please contact your Administrator": "Kontaktirajte svog administratora",
  "Please contact your IBM Connections Admin to purchase a licence.": "Kontaktirajte administratora za IBM Connections kako biste kupili licencu.",
  "Please ensure you login with the same Office 365 user account as you are using in Microsoft Teams": "Provjerite jeste li prijavljeni s istim korisničkim računom kao i za Office 365 dok upotrebljavate Microsoft Teams",
  "Please enter a board name": "Unesite ime ploče",
  "Please enter a valid email address": "Unesite važeću e-mail adresu",
  "Please enter a valid URL": "Molimo unesite važeći URL",
  "Please enter the number of users in your Connections Cloud Organisation": "Unesite broj korisnika u organizaciji Connections Cloud",
  "Please enter the number of users you wish to name under this licence": "Unesite broj korisnika koje želite imenovati pod ovom licencom",
  "Please read our Terms & Conditions": "Pročitajte naše Odredbe i uvjete",
  "Please reload the page and try again, if this issue persists please let us know": "Ponovno učitajte stranicu i pokušajte ponovno. Ako se ovaj problem nastavi, javite nam",
  "Please review your licences here": "Ovdje pregledajte svoju licencu",
  "Please see the <a href='{{url}}'>new board</a>": "Pogledajte <a href='{{url}}'>novu ploču</a>",
  "Please sign in": "Prijavite se",
  "Please start a trial to use Boards in your {{provider}} organisation": "Započnite s probnim razdobljem za upotrebu ploča u svojoj organizaciji {{provider}}",
  "Position": "Položaj",
  "Post": "Pošalji",
  "Premium": "Premium",
  "Premium Preview Status": "Status premium pregleda",
  "Preview": "Pregled",
  "Preview available": "Dostupan je pregled",
  "Previous": "Prethodna",
  "Pricing": "Cijena",
  "primary": "primarno",
  "Primary": "Primarno",
  "Print": "Ispiši",
  "Private (me only)": "Privatno (samo ja)",
  "Product Information": "Informacije o proizvodu",
  "Product Version": "Verzija proizvoda",
  "Provider": "Dobavljač",
  "Provider not supported": "Dobavljač nije podržan",
  "Public": "Javno",
  "Public Access": "Javni pristup",
  "Public Activities": "Javne aktivnosti",
  "Public Boards": "Javne ploče",
  "Public Templates": "Javni predlošci",
  "Quarterly": "Kvartalno",
  "Questions": "Pitanja",
  "Quick Edit": "Brzo uređivanje",
  "Radial": "Izborni gumb",
  "RE-CENTER": "PONOVNO CENTRIRAJ",
  "Reactivate Licence": "Ponovno aktiviraj licencu",
  "reader": "čitač",
  "Reader": "Čitač",
  "Recent": "Nedavno",
  "Recent boards": "Nedavne ploče",
  "Recent Boards": "Nedavne ploče",
  "Recurring Amount Due: {{recurring}}": "Ponavljajući dospjeli iznos: {{recurring}}",
  "Redeeming Invitation...": "Aktivacija pozivnice...",
  "Redirecting to Connections Cloud...": "Preusmjeravanje na Connections Cloud...",
  "Redirecting to Watson Workspace...": "Preusmjeravanje na Watson Workspace...",
  "Refresh": "Osvježi",
  "Region": "Regija",
  "Reload": "Ponovno učitavanje",
  "Remaining ({{num}})": "Preostalo ({{num}})",
  "Remove Admin": "Ukloni administratora",
  "Remove Client": "Ukloni klijenta",
  "Remove Invite": "Ukloni pozivnicu",
  "Remove Licence": "Ukloni licencu",
  "Replace": "Zamijeni",
  "Resend Invite": "Ponovno pošalji pozivnicu",
  "Reset": "Resetiraj",
  "Restore": "Vrati",
  "Restore Card": "Vrati karticu",
  "Restore items": "Vrati stavke",
  "Restore List": "Vrati listu",
  "Restore mode": "Vrati način rada",
  "Reverse": "Poništi",
  "Revoke All": "Opozovi sve",
  "Revoke Licence": "Opozovi licencu",
  "Role": "Uloga",
  "Roles": "Uloge",
  "Rows": "Redovi",
  "Sales": "Prodaja",
  "Save": "Spremi",
  "Save card for future purchases": "Spremi karticu za buduće kupnje",
  "Save Changes": "Spremi promjene",
  "Save link": "Spremi vezu",
  "Scroll To": "Klizanje do",
  "Search": "Traži",
  "Search All Templates": "Pretraži sve predloške",
  "Search this view": "Pretraži ovaj pogled",
  "Search...": "Pretražuje se...",
  "Select a Board": "Odaberi ploču",
  "Select board": "Odaberi ploču",
  "Select Board": "Odaberi ploču",
  "Select Board Label": "Odaberi oznaku ploče",
  "Select Card Colours": "Odaberi boju kartice",
  "Select Colour": "Odaberi boju",
  "Select Colours": "Odaberi boju",
  "Select Destination Board": "Odaberi odredišnu ploču",
  "Select destination folder": "Odaberi odredišni folder",
  "Select File": "Izbor datoteke",
  "Select Folder": "Izbor foldera",
  "Select items for delete": "Odaberi stavke za brisanje",
  "Select items for restore": "Odaberi stavke za vraćanje",
  "Select List or Card": "Odaberi listu ili karticu",
  "Select the boards below that you would like to transfer membership over to your primary ({{toName}}) account": "Odaberite ploče u nastavku za koje želite prenijeti članstvo na primarni račun ({{toName}})",
  "Selected Activity": "Odabrana aktivnost",
  "Send an email notifying each member that the Activity has been migrated to a Board.": "Svakom članu pošaljite e-mail s obavijesti da je aktivnost migrirana na ploču.",
  "Send Invitation": "Pošalji pozivnicu",
  "Send Notification Email to Members": "Članovima pošaljite obavijest e-mailom",
  "Sending invitations": "Slanje pozivnica",
  "Set as primary account": "Postavi kao primarni račun",
  "Set Dates": "Postavi datume",
  "Set enter key press action to create a task when creating new cards in a list.": "Postavite akciju pritiska tipke enter da stvori zadatak kada se na listi kreiraju nove kartice.",
  "Setup Subscription": "Postavi pretplate",
  "Share with": "Dijeli s",
  "Shared by me": "Ono što ja dijelim",
  "Shared with me": "Dijeljeno sa mnom",
  "Show": "Pokaži",
  "Show all ancestors": "Pokaži sve prethodnike",
  "Show all boards for this team": "Pokaži sve ploče za ovaj tim",
  "Show Board Menu": "Pokaži izbornik ploče",
  "Show Filter Options": "Pokaži opcije filtra",
  "Show Less": "Pokaži manje",
  "Show Licences for your organisation": "Pokaži licence za svoju organizaciju",
  "Show More": "Pokaži više",
  "Show on Card": "Pokaži na kartici",
  "Show previous comments": "Pokaži prethodne komentare",
  "Show previous links & attachments": "Pokaži prethodne veze i priloge",
  "Show Sub-cards": "Pokaži podkarticu",
  "Sign In": "Prijava",
  "Sign in with": "Prijavi se s",
  "SIGN IN WITH:": "PRIJAVI SE S:",
  "Sign Out": "Odjava",
  "Sign Out of Kudos Boards": "Odjavi se iz Kudos Boards",
  "Signing in...": "Prijava u tijeku...",
  "Signing out...": "Odjava u tijeku...",
  "Smartcloud": "Smartcloud",
  "Something went wrong.": "Dogodilo se nešto pogrešno.",
  "Source Board/Template": "Izvorna ploča/predložak",
  "Source Template": "Izvorni predložak",
  "Specific Board": "Specifična ploča",
  "Start a Trial": "Započnite probno razdoblje",
  "Start a trial or purchase a subscription to start creating boards": "Započnite probno razdoblje ili kupite pretplatu kako biste započeli sa stvaranjem ploča",
  "Start Boards Premium Preview": "Pokrenite premium pregled ploča",
  "Start Date": "Datum početka",
  "Start Free Trial": "Započnite besplatno probno razdoblje",
  "Start my trial": "Započni moje probno razdoblje",
  "Start Now": "Počni sada",
  "Start page updated": "Početna stranica je ažurirana",
  "Start Page:": "Početna stranica:",
  "Starting Balance": "Početni saldo",
  "Starting View": "POčetni pogled",
  "Status": "Status",
  "Step": "Korak",
  "Sub Cards": "Podkartice",
  "Sub Tasks": "Podzadaci",
  "Submit": "Pošalji",
  "Subscription": "Pretplata",
  "Subscription expired.": "Pretplata je istekla.",
  "Subtotal": "Međusuma",
  "Summary": "Sažetak",
  "Support for browsers is currently limited.  This browser is not yet supported. <br>Please use one of the following browsers:": "Podrška za pretražitelj trenutačno je ograničena.  Ovaj pretražitelj još nije podržan. <br>Upotrijebite jedan od sljedećih pretražitelja:",
  "Tab Content": "Sadržaj kartice",
  "Tab Name": "Naziv kartice",
  "Tags": "Oznake",
  "Tags (optional)": "Oznake (neobavezno)",
  "Take away meaningful and collaborative notes from any meeting!": "Uzmite značajne i zajedničke bilješke sa svakog sastanka!",
  "Task": "Zadatak",
  "Team Boards": "Timske ploče",
  "Team Name": "Ime tima",
  "Team Name is used as a method to log in to certain authentication providers. e.g. Auth0": "Ime tima upotrebljava se kao metoda za prijavu na određene dobavljače za provjeru ovlaštenja: npr. Auth0",
  "Template": "Predložak",
  "Templates": "Predlošci",
  "Templates tagged with": "Predlošci označeni s",
  "Text": "Tekst",
  "Text Mode": "Tekstni način",
  "That can't be pasted there.": "To ne možete ovdje zalijepiti.",
  "The board has been deleted": "Ploča je izbrisana",
  "The files below cannot be uploaded to Kudos Boards as they are larger than the limit of {{limit}}": "Datoteke u nastavku ne mogu se učitati na Kudos Boards jer su veće od ograničenja koje iznosi {{limit}}",
  "The following links have already been added to this card:": "Sljedeće veze već su dodane na ovu karticu:",
  "The invite was resent to": "Pozivnica je ponovno poslana",
  "The selected board(s) were successfully transferred": "Odabrane ploče uspješno su prenesene",
  "The selected items have been deleted": "Odabrane stavke su izbrisane",
  "The selected items have been restored": "Odabrane stavku su vraćene",
  "There was an error when uploading the file. Server response: ": "Došlo je do greške pri učitavanju datoteke. Odgovor poslužitelja:",
  "This Activity has been migrated to Kudos Boards": "Ova je aktivnost migrirana na Kudos Boards",
  "This billing cycle affords a {{discount}}% discount": "Ciklus naplate nudi popust od {{discount}}%",
  "This Board": "Ova ploča",
  "This Board is available with AUTHOR access to everyone across all organisations.": "Ova ploča dostupna je s pristupom za AUTORA svima kroz sve organizacije.",
  "This Board is available with EDITOR access to everyone across all organisations.": "Ova ploča dostupna je s pristupom za UREĐIVAČA svima kroz sve organizacije.",
  "This Board is in one or more Groups": "Ova se ploča nalazi u jednoj grupi ili više njih",
  "This Board is read-only to everyone across all organisations.": "Ova je ploča samo za čitanje namijenjena svima kroz sve organizacije.",
  "This Board will be visible to everyone in your organisation. <br>Non-members can create new content and edit their own content.": "Ova će ploča biti vidljiva svima u vašoj organizaciji. <b>Osobe koje nisu članovi mogu stvoriti novi sadržaj i urediti svoj vlastiti sadržaj.",
  "This Board will be visible to everyone in your organisation. <br>Non-members can only view the board's contents.": "Ova će ploča biti vidljiva svima u vašoj organizaciji <br>Osobe koje nisu članovi mogu samo vidjeti sadržaj ploče.",
  "This Board will be visible to everyone in your organisation. <br>Please note: This access level allows non-members to edit <b>all</b> board content.": "Ova će ploča biti vidljiva svima u vašoj organizaciji. <br>Zapamtite: ova razina pristupa omogućuje osobama koje nisu članovi da uređuju <b>sav</b> sadržaj ploče.",
  "This card will be restored with its parent": "Ova će kartica biti vraćena s pripadajućom matičnom",
  "This Community": "Ova zajednica",
  "This feature is coming soon!": "Ova funkcija dolazi uskoro!",
  "This feature is currently not supported by the IBM Connections Cloud API": "IBM Connections Cloud API trenutačno ne podržava ovu funkciju",
  "This field is required": "Ovo polje je obavezno",
  "This invoice has been closed. Payment will not be automatically attempted again. Contact support for more information": "Ovaj je račun zatvoren. Plaćanje se neće automatski ponovno pokušati izvršiti. Za više informacija kontaktirajte podršku.",
  "This is a Free trial of Kudos Boards and will expire in {{numDays}} day(s).": "To je besplatno probno razdoblje za Kudos Boards i istječe za {{numDays}} dana.",
  "This is a read-only preview of this Activity. Import to Boards for full functionality": "Ovaj pregled aktivnosti je samo za čitanje. Importirajte ploče za potpunu funkcionalnost",
  "This licence grants access to a set number of users as they use the app. You may view the user-licences already assigned.": "Licenca daje pristup određenom broju korisnika dok upotrebljavaju aplikaciju. Možete vidjeti već dodijeljene korisničke licence.",
  "This licence has been cancelled.": "Ova je licenca opozvana.",
  "This licence only grants access to a selected group of named users. Access will not be granted to users not named by the Org Admins. You can view and edit the named users from the Admin settings.": "Ova licenca daje pristup samo odabranoj grupi imenovanih korisnika. Pristup neće biti dodijeljen korisnicima koje nije naveo administrator organizacije. Imenovane korisnike možete vidjeti i urediti putem postavki za administratora.",
  "This option is only available when paying by credit card": "Ova je opcija dostupna samo kada plaćate kreditnom karticom",
  "This option is only editable if paying by credit card": "Ova se opcija može uređivati samo kada plaćate kreditnom karticom",
  "This team account is already linked": "Ovaj račun tima već je povezan",
  "This will go to your provider for an administrator to approve access to Kudos Boards": "Ovo će ići vašem dobavljaču da administrator odobri pristup za Kudos Boards",
  "This will permanently delete the board and all its data, are you sure?": "To će trajno izbrisati ploču i sve pripadajuće podatke, jeste li sigurni?",
  "This will remove this data permanently from the board, are you sure?": "To će trajno ukloniti ove podatke s ploče, jeste li sigurni?",
  "Thursday": "Četvrtak",
  "Tile Colours": "Boje pločice",
  "Timeline": "Vremenska crta",
  "Timeline View": "Pregled vremenske crte",
  "Title": "Naslov",
  "to go to Connections Cloud, then access Kudos Boards via the link in the 'Apps' menu.": "prijeći na Connections Cloud, i zatim pristupiti na Kudos Boards putem veze u izborniku Aplikacije.",
  "To interact with this card the parent will need to be restored": "Kako bi se povezao s ovom karticom, potrebno je vratiti matičnu",
  "To unselect this card you will need to unselect its parent": "Kako bi se poništio odabir ove kartice, trebate poništiti odabir matične",
  "to view this content": "kako biste pogledali ovaj sadržaj",
  "Today": "Danas",
  "Todo": "Zadatak",
  "Todos": "Zadaci",
  "Todos by Date": "Zadaci prema datumu",
  "Todos by Due Date": "Zadaci prema roku",
  "Toggle Completion": "Prebaci dovršetak",
  "Toggle Editor": "Prebaci uređivač",
  "Toggle Sidebar": "Prebaci rubnu traku",
  "Tomorrow": "Sutra",
  "Total": "Ukupno",
  "Transfer Board Membership": "Prenesi članstvo ploče",
  "Transfer Membership": "Prenesi članstvo",
  "TRIAL": "PROBA",
  "Trial": "Proba",
  "Trial End Date: {{trialEnd}}": "Datum završetka probnog razdoblja: {{trialEnd}}",
  "Trial expired": "Probno razdoblje je isteklo",
  "Trial expired.": "Probno razdoblje je isteklo.",
  "Trial extended {{extensions}} time(s)": "Probno razdoblje produženo je {{extensions}} puta",
  "Try again": "Pokušajte ponovno",
  "Tuesday": "Utorak",
  "Type": "Upišite tekst",
  "Type to filter archive": "Upišite za filtriranje arhive",
  "Type to filter list": "Upišite za filtriranje liste",
  "Type to filter members": "Upišite za filtriranje članova",
  "Type to search": "Upišite za pretraživanje",
  "Unassigned": "Nedodijeljen",
  "Undo": "Poništi",
  "UNDO": "PONIŠTI",
  "Unit price: {{unitPrice}} per user": "Jedinična cijena: {{unitPrice}} po korisniku",
  "Unknown Connections Cloud organisation. Redirecting...": "Nepoznata Connections Cloud organizacija. Preusmjeravanje u tijeku...",
  "Unknown Team": "Nepoznat tim",
  "Unlimited": "Neograničeno",
  "Unlink account": "Poništi povezivanje računa",
  "Unlink Board": "Poništite povezivanje ploče",
  "Unlink {{fromName}} Account": "Poništi povezivanje računa {{fromName}}",
  "Unlock Kudos Boards Premium Preview": "Otključaj premium pregled za Kudos Boards",
  "Unpaid": "Neplaćeno",
  "Unpin Board": "Otkači ploču",
  "Unscheduled cards": "Poništi raspored za kartice",
  "Update": "Ažuriraj",
  "Updated": "Ažurirano",
  "Updated Since Last Accessed": "Ažurirano od zadnjeg pristupa",
  "Updated {{ date }}": "Ažurirano {{ date }}",
  "Updating...": "Ažuriranje...",
  "Upload": "Predaj",
  "Upload file from computer": "Predajte datoteke s računala",
  "Upload to Kudos Boards": "Predajte na Kudos Boards",
  "Upload Users": "Predaj korisnike",
  "Upload Users from CSV": "Predaj korisnice iz CSV-a",
  "uploaded successfully": "uspješno predano",
  "Uploading file:": "Učitavanje datoteke:",
  "URL": "URL",
  "URL of Connections header frame (optional)": "URL okvira zaglavlja Connections (neobavezno)",
  "Use another file service": "Koristi drugi servis datoteka",
  "Use current account": "Koristi drugi račun",
  "Use Email": "Koristi e-mail",
  "Use the Kudos Boards File Attachment Service for attaching files to cards": "Koristi Kudos Boards File Attachment Service za prilaganje datoteka na kartice",
  "Use {{provider}} instead": "Umjesto toga koristi {{provider}}",
  "Used": "Korišteno",
  "User": "Korisnik",
  "User Emails": "E-mail korisnika",
  "User ExternalID": "ID vanjskog korisnika",
  "User Licences": "Korisnička licenca",
  "User Options": "Opcije korisnika",
  "User Trials": "Korisničko probno razdoblje",
  "User upload success!": "Korisničko učitavanje bilo je uspješno!",
  "Username": "Ime korisnika",
  "Users": "Korisnici",
  "Users may need to be added to the destination board to maintain access to their assigned todos.": "Korisnike će možda trebati dodati na odredišnu ploču kako bi zadržali pristup svojim dodijeljenim zadacima.",
  "Users: {{num}}": "Korisnici: {{num}}",
  "Vertical": "Okomito",
  "View": "Pogled",
  "View and Accept ↗": "Pogledaj i prihvati ↗",
  "View Details": "Pregled detalja",
  "View licences": "Pogled licenci",
  "View subscriptions": "Pogled pretplata",
  "View Subscriptions": "Pogled pretplata",
  "Want to know more?": "Želite li znati više?",
  "Warning: you are not authorised to add members in this board": "Upozorenje: niste ovlašteni za dodavanje članova na ovu ploču",
  "We found one board linked your {{fromName}} user account. Once you unlink the account you may no longer have access to this board.": "Pronašli smo jednu ploču povezanu s vašim korisničkim računom {{fromName}}. Kada poništite vezu računa, možda više nećete imati pristup toj ploči.",
  "We found {{count}} boards linked to your {{fromName}} user account. Once you unlink the account you may no longer have access to these boards.": "Pronašli smo {{count}} ploča povezanih s vašim korisničkim računom {{fromName}}. Kada poništite vezu računa, možda više nećete imati pristup tim pločama.",
  "We recommended you change the widget title from the actions menu above": "Preporučujemo da promijenite naslov grafičkog elementa u gornjem izborniku akcija",
  "Wednesday": "Srijeda",
  "Weekdays": "Dani u tjednu",
  "Welcome": "Dobro došli",
  "Welcome to Kudos Boards": "Dobro došli u Kudos Boards",
  "When you unlock Kudos Boards Premium View, your current Activities will immediately be available in Board, Timeline and MindMap view.": "Kada otključate premium pregled za Kudos Boards, vaše trenutačne aktivnosti odmah će biti dostupne u pregledu ploče, vremenske crte i umne mape.",
  "Widget Settings": "Postavke grafičkog elementa",
  "yearly": "Godišnje",
  "Yearly": "Godišnje",
  "Yes": "Da",
  "Yes Please": "Da, molim",
  "You are in DELETE mode, select items to delete": "Nalazite se u način rada BRISANJE, odaberite stavke za brisanje",
  "You are in restore mode, select items to restore": "Nalazite se u načinu rada za vraćanje, odaberite stavke za vraćanje",
  "You are not a direct member of this board. Please consider leaving any Groups that may be members of this board.": "Niste izravan član ove ploče. Uzmite u obzir napuštanje grupa koje bi mogle biti članovi ove ploče.",
  "You are not allowed to leave this Board. Please consider archiving board.": "Nije vam dozvoljeno napustiti ovu ploču. Uzmite u obzir arhiviranje ploče.",
  "You are not authorised to access this resource": "Niste ovlašteni za pristup ovom resursu",
  "You are not licensed to access this resource.": "Nemate licencu za pristup ovom resursu.",
  "You are the only owner of this board. Please consider adding other owners or archiving this board instead.": "Jedini ste vlasnik ove ploče. Uzmite u obzir dodavanje drugih vlasnika ili umjesto toga arhivirajte ovu ploču.",
  "You can enhance your workflow by unlocking Kudos Boards Premium Preview. In addition to your Activities view, you’ll also be able to work in the Boards, Timeline and Mind Map views!": "Možete poboljšati svoj proces rada otključavanjem premium pregleda za Kudos Boards. Pored pregleda Aktivnosti, moći ćete isto tako raditi u pregledima ploče, vremenske crte i umne mape!",
  "You have READ ONLY access to this Board": "Vaš pristup ovoj ploči je SAMO ZA ČITANJE",
  "You have {{remaining}} day(s) remaining in your premium preview.": "Preostalo vam je {{remaining}} dana u premium pregledu.",
  "Your account's email address and other admin emails for your org ({{emails}}) are already included": "E-mal adresa vašeg računa i e-mail adrese ostalih administratora vaše organizacije ({{emails}}) već su uključene",
  "Your api key for kudos boards is shown below": "Vaš API ključ za Kudos Boards prikazan je ispod",
  "Your changes have been saved": "Vaše promjene su spremljene",
  "Your initial premium preview with {{orgName}} has expired. Click extend if you would like to continue access for an additional 30 days": "Vaš početni premium pregled s {{orgName}} istekao je. Kliknite proširi ako želite imati pristup dodatnih 30 dana",
  "Your premium preview expires today.": "Vaš premium pregled istječe danas.",
  "Your premium preview has expired, Let your administrator know you'd like to continue using Kudos Boards Premium view.": "Vaš premium pregled istekao je. Javite administratoru želite li nastaviti upotrebljavati premium pregled za Kudos Boards.",
  "Your session with {{provider}} has expired. Redirecting...": "Vaša je sesija s {{provider}} istekla. Preusmjeravanje...",
  "Your session with {{provider}} has expired. Some functionality (ie notifications, groups, files) will be restricted until you login again.": "Vaša je sesija s {{provider}} istekla. Neke funkcije (tj. obavijesti, grupe, datoteke) bit će ograničene dok se ponovno ne prijavite.",
  "{{count}} more card(s) this way": "{{count}} dodatnih kartica ovamo",
  "{{num}} users": "{{num}} korisnika",
  "{{quantity}} x subscriptions to '{{plan.name}}' ({{planPrice}} / {{plan.interval}})": "{{quantity}} x pretplate na '{{plan.name}}' ({{planPrice}} / {{plan.interval}})",
  "{{remaining}} days of trial remaining": "Preostalo je {{remaining}} dana probnog razdoblja",
  "{{remaining}} days remaining in your premium preview.": "Preostalo je {{remaining}} dana premium pregleda.",
  "{{userTrialCount}} user(s) have started a trial of Kudos Boards Premium": "{{userTrialCount}} korisnika započelo je probno razdoblje za Kudos Boards Premium"
}