{
  "": "",
  "'{{userName}}' will not be able to view the message because they cannot access this Board": "„{{userName}}” nem fogja tudni megtekinteni az üzenetet, mert nem rendelkezik hozzáféréssel ehhez a táblához.",
  "(Copy Of) ": "(Másolat) ",
  "A problem occurred when creating invite": "Probléma merült fel a meghívás létrehozásakor.",
  "A problem occurred when deleting node": "Probléma merült fel a csomópont törlésekor.",
  "A problem occurred when getting a node": "Probléma merült fel egy csomópont lekérésekor.",
  "A problem occurred when redeeming invite": "Probléma merült fel egy meghívás beváltásakor.",
  "A problem occurred when removing invite": "Probléma merült fel a meghívás eltávolításakor.",
  "A problem occurred when removing member": "Probléma merült fel a tag eltávolításakor.",
  "A problem occurred when saving invite": "Probléma merült fel a meghívás mentésekor.",
  "A problem occurred when saving member": "Probléma merült fel a tag mentésekor.",
  "A problem occurred when saving node": "Probléma merült fel a csomópont mentésekor.",
  "A problem occurred when updating invite": "Probléma merült fel a meghívás frissítésekor.",
  "A user with that email address already exists": "Ezzel az e-mail-címmel már létezik felhasználó.",
  "A user with that email address already exists as a member of this board": "Ezzel az e-mail-címmel már létezik felhasználó e tábla tagjaként.",
  "Accessed in the Last Month": "Hozzáférve az elmúlt hónapban",
  "Accessed since": "Hozzáférve ezóta:",
  "Account Balance: {{credit}}": "Fiókegyenleg: {{credit}}",
  "Account Unlinked": "Fiók összekapcsolása megszüntetve",
  "Actions": "Műveletek",
  "Active": "Aktív",
  "Active Boards": "Aktív táblák",
  "Active Workspace Meetings": "Aktív munkaterületi találkozók",
  "Activity": "Tevékenység",
  "Activity data is loading...": "A tevékenységadatok betöltése folyamatban...",
  "Activity Migration": "Tevékenységáttelepítés",
  "Activity Name": "Tevékenység neve",
  "Add": "Hozzáadás",
  "Add a Card": "Kártya hozzáadása",
  "Add a Comment": "Megjegyzés hozzáadása",
  "Add a Description": "Leírás hozzáadása",
  "Add a List": "Lista hozzáadása",
  "Add a list": "Lista hozzáadása",
  "Add a Tag": "Címke hozzáadása",
  "Add an attachment or link": "Melléklet vagy hivatkozás hozzáadása",
  "Add another": "Másik hozzáadása",
  "Add Attachment": "Melléklet hozzáadása",
  "Add Bookmark": "Könyvjelző hozzáadása",
  "Add Client": "Ügyfél hozzáadása",
  "Add Custom Field": "Egyéni mező hozzáadása",
  "Add file": "Fájl hozzáadása",
  "Add individuals or groups as members, or invite by email": "Egyének vagy csoportok hozzáadása tagokként, vagy meghívás e-mailben",
  "Add Label": "Címke hozzáadása",
  "Add label '{{filter}}'": "„{{filter}}” címke hozzáadása",
  "Add Licence": "Licenc hozzáadása",
  "Add Member": "Tag hozzáadása",
  "Add members": "Tagok hozzáadása",
  "Add Organisation": "Szervezet hozzáadása",
  "Add people to your board or invite by email": "Személyek hozzáadása a táblához, vagy meghívás e-mailben",
  "Add User": "Felhasználó hozzáadása",
  "Admin approval failed": "Az adminisztrátor általi jóváhagyás meghiúsult",
  "Admin Users": "Adminisztrátori felhasználók",
  "Administrator approval required.": "Adminisztrátori jóváhagyás szükséges.",
  "Administrators": "Adminisztrátorok",
  "Advanced": "Speciális",
  "Agenda": "Napirend",
  "All": "Mind",
  "All Activities": "Minden tevékenység",
  "All Boards": "Az összes tábla",
  "All cards are scheduled.": "Minden kártya ütemezve van.",
  "All Templates": "Minden sablon",
  "Allow Invite by Email": "E-mailben történő meghívás engedélyezése",
  "Already linked": "Már össze van kapcsolva",
  "Amount": "Összeg",
  "Amount Due": "Esedékes összeg",
  "Amount Due Now: {{due}}": "Jelenleg esedékes összeg: {{due}}",
  "Amount Paid": "Fizetett összeg",
  "An account of this type already linked": "Már van összekapcsolva ilyen típusú fiók.",
  "An invitation for the specified email address already exists on this board": "Már létezik a megadott e-mail-címhez tartozó meghívás ezen a táblán.",
  "and is already a member of this board": "és már tagja ennek a táblának",
  "Apply Template": "Sablon alkalmazása",
  "Approve": "Jóváhagyás",
  "Approve Advanced Features": "Speciális funkciók jóváhagyása",
  "Archive": "Archív",
  "Archive Card": "Kártya archiválása",
  "Archive Cards in List": "Listában lévő kártyák archiválása",
  "Archive List": "Lista archiválása",
  "Archived": "Archivált",
  "Archived Boards": "Archivált táblák",
  "Archived Templates": "Archivált sablonok",
  "Are you sure you want to cancel this licence? This will take effect at the end of the current period.": "Biztos, hogy lemondja ezt a licencet? Ez a jelenlegi időszak végén fog érvénybe lépni.",
  "Are you sure you want to delete this licence? CAUTION: This will delete any associated credit card information": "Biztos, hogy törli ezt a licencet? VIGYÁZAT: Ezzel törlődik minden társított bank-/hitelkártyaadat.",
  "Are you sure you want to reactivate this licence?": "Biztos, hogy újraaktiválja ezt a licencet?",
  "Are you sure you want to unlink your {{provider}} account?": "Biztos, hogy megszünteti {{provider}}-fiókja összekapcsolását?",
  "Are you sure you wish to leave '{{boardName}}'? This action cannot be undone by you.": "Biztos, hogy elhagyja a(z) „{{boardName}}” táblát? Ezt a műveletet Ön nem vonhatja vissza.",
  "Are you sure?": "Biztos benne?",
  "Are You Sure?": "Biztos benne?",
  "Are you sure? This will reinstate the previous billing schedule": "Biztos benne? Ezzel újra visszaáll az előző számlázási ütemezés.",
  "Are you sure? This will take effect at the end of the current billing cycle": "Biztos benne? Ez a jelenlegi számlázási ciklus végén fog érvénybe lépni.",
  "Asia Pacific": "Ázsia és a Csendes-óceáni térség",
  "Assign Users": "Felhasználók hozzárendelése",
  "Assigned": "Hozzárendelve",
  "Assigned to": "Hozzárendelve a következőhöz:",
  "Assigned To Me": "Hozzám rendelve",
  "Assigned Users that will be added to the Destination Board": "Azok a hozzárendelt felhasználók, akik hozzá lesznek adva a céltáblához",
  "Assignees": "Hozzárendelt felek",
  "Assignments": "Hozzárendelések",
  "Attach": "Csatolás",
  "Attachments": "Mellékletek",
  "Auth0 url": "Auth0 url",
  "Authentication Clients": "Hitelesítési ügyfelek",
  "Author": "Szerző",
  "author": "szerző",
  "awaiting acceptance": "elfogadásra vár",
  "Back": "Vissza",
  "Back to Boards": "Vissza a táblákhoz",
  "Back to Colour Selection": "Vissza a színválasztáshoz",
  "Bad Request": "Hibás kérés",
  "Best viewed in fullscreen": "Legjobb megjelenés teljes képernyős módban",
  "Billing Cycle": "Számlázási ciklus",
  "Billing period: {{interval}}": "Számlázási időszak: {{interval}}",
  "Blank": "Üres",
  "Board": "Tábla",
  "Board Archive": "Táblaarchívum",
  "Board Labels": "Táblacímkék",
  "Board Members": "Tábla tagjai",
  "Board Name": "Tábla neve",
  "Boards": "Táblák",
  "Boards linked directly to this user": "Közvetlenül ehhez a felhasználóval összekapcsolt táblák",
  "Boards linked through group membership": "Csoporttagságon keresztül összekapcsolt táblák",
  "Boards premium preview": "Boards premium előzetes verzió",
  "Bookmarks": "Könyvjelzők",
  "Buy Licence": "Licenc vásárlása",
  "Buy Online": "Online vásárlás",
  "by": "-",
  "Cancel": "Mégse",
  "Cancel Licence": "Licenc lemondása",
  "Cancelled": "Lemondva",
  "Cannot Leave Board": "A tábla nem hagyható el.",
  "Card Name": "Kártya neve",
  "Card Number": "Kártyaszám",
  "Cards": "Kártyák",
  "Central Europe": "Közép-Európa",
  "Choose a board": "Tábla kiválasztása",
  "Choose a Template": "Sablon kiválasztása",
  "Classic": "Klasszikus",
  "Clear Search": "Keresés törlése",
  "Clear Selected": "Kijelölt törlése",
  "Clear Selected Filters": "Kijelölt szűrők kiürítése",
  "Click for details": "Kattintson ide a részletekért",
  "Click for more information about approving advanced features": "Kattintson a speciális funkciók jóváhagyásával kapcsolatos további információkért.",
  "Click here": "Kattintson ide",
  "Click here for details": "Kattintson ide a részletekért.",
  "Click here for details.": "Kattintson ide a részletekért.",
  "Click here to buy a licence online or get a quote": "Kattintson ide licenc online megvásárlásához vagy árajánlat kéréséhez.",
  "Click here to start a 30 day free trial for your organisation. Contact support for trials with more users.": "Kattintson ide a szervezetére vonatkozó 30 napos próbaidőszak elindításához. Több felhasználóra kiterjedő próbaverzió kapcsán forduljon a támogatáshoz.",
  "Click to see more details": "Kattintson ide további részletekért.",
  "Client": "Ügyfél",
  "Clients": "Ügyfelek",
  "Close": "Bezárás",
  "Close Activity After Import": "Tevékenység bezárása importálása után",
  "Close Board Menu": "Tábla menü bezárása",
  "Close the activity after the import has completed successfully. You can still access it through 'Trash'": "A tevékenység bezárása, miután az importálás sikeresen befejeződött. Továbbra is hozzáférhető marad a „Szemétgyűjtő” funkción keresztül.",
  "Closed": "Bezárva",
  "Collaborate on projects involving different departments": "Együttműködés különböző részlegeket érintő projekteken",
  "Collapse": "Összezárás",
  "Colour": "Szín",
  "Colour Labels": "Színcímkék",
  "Colour-Tags": "Színcímkék",
  "Colours": "Színek",
  "Column View": "Oszlopos nézet",
  "Comments": "Megjegyzések",
  "Community Activities": "Közösségi tevékenységek",
  "Community Templates": "Közösségi sablonok",
  "Complete Todos": "Befejezett teendők",
  "Completed": "Befejezett",
  "Configuration": "Konfiguráció",
  "Confirm": "Megerősítés",
  "Confirmation Required": "Megerősítés szükséges",
  "Connections Cloud session expired. Click here to validate.": "A Connections Cloud munkamenete lejárt. Érvényesítéshez kattintson ide.",
  "Connections On-Premise": "Helyszíni Connections",
  "Connections URL": "Connections URL-je",
  "Contact Email": "Kapcsolattartó e-mail címe",
  "Contact Name": "Kapcsolattartó neve",
  "Contact Support": "Kapcsolatfelvétel a támogatási szolgálattal",
  "Contact your System Administrator for more information or email us at": "További információkkal kapcsolatban keresse meg a rendszeradminisztrátort, vagy írjon nekünk e-mailt ezen a címen:",
  "Content": "Tartalom",
  "Continue": "Folytatás",
  "Continue Without Transferring": "Folytatás átvitel nélkül",
  "Convert into Entry": "Átalakítás bejegyzéssé",
  "Convert into Todo": "Átalakítás teendővé",
  "Copy embed code": "Beágyazási kód másolása",
  "Copy embed code to clipboard": "Beágyazási kód másolása a vágólapra",
  "Create": "Létrehozás",
  "Create a new board": "Új tábla létrehozása",
  "Create Board": "Tábla létrehozása",
  "Create Board from Template": "Tábla létrehozása sablonból",
  "Create Boards for anything, manage your workflow, and streamline processes with template creation.": "Létrehozhat táblákat bármilyen célra, felügyelheti munkafolyamatait, valamint gördülékenyebbé teheti a folyamatokat a sablonok létrehozásával.",
  "Create card": "Kártya létrehozása",
  "Create Copy": "Másolat létrehozása",
  "Create Link to Board": "Táblára mutató hivatkozás létrehozása",
  "Create Template": "Sablon létrehozása",
  "Create Template from Board": "Sablon létrehozása táblából",
  "Create your own structure for organising projects, workflows, ideas and more!": "Saját struktúrát hozhat létre a projektek, munkafolyamatok ötletek és egyebek rendszerezésére!",
  "Create {{numCards}} cards?": "Létrehoz {{numCards}} kártyát?",
  "Create {{numCards}} lists?": "Létrehoz {{numCards}} listát?",
  "Created": "Létrehozva",
  "Created By Me": "Általam létrehozott",
  "Created {{ date }}": "Létrehozva: {{ date }}",
  "Created: {{date}}": "Létrehozva: {{date}}",
  "Credit Card Ending in {{last4}}": "{{last4}} végződésű bank-/hitelkártya",
  "Current Account:": "Jelenlegi fiók:",
  "Currently the ability to search for groups in {{provider}} is not available until an administrator grants permissions for your organisation. ": "Jelenleg nem érhető el a(z) {{provider}} csoportjai közötti keresés, amíg egy adminisztrátor jogosultságokat nem ad az Ön szervezetének. ",
  "Curve": "Görbe",
  "Custom Fields": "Egyéni mezők",
  "Customer ID": "Ügyfél-azonosító",
  "CVC": "CVC",
  "Date": "Dátum",
  "Decisions": "Döntések",
  "Default templates to exclude": "Kizárandó alapértelmezett sablonok",
  "Delete": "Törlés",
  "Delete Board": "Tábla törlése",
  "Delete Card": "Kártya törlése",
  "Delete Comment": "Megjegyzés törlése",
  "Delete File": "Fájl törlése",
  "Delete items": "Elemek törlése",
  "Delete Label": "Címke törlése",
  "Delete Link": "Hivatkozás törlése",
  "Delete List": "Lista törlése",
  "Delete mode": "Törlési mód",
  "Delete Selected Items": "Kijelölt elemek törlése",
  "Deleted": "Törölve",
  "Deleting": "Törlés",
  "Departments": "Részlegek",
  "Description": "Leírás",
  "Description (optional)": "Leírás (nem kötelező)",
  "Details": "Részletek",
  "Direct Order via ISW": "Közvetlen rendelés ISW-n keresztül",
  "Discount": "Kedvezmény",
  "Discount Code (optional)": "Kedvezménykód (nem kötelező)",
  "Discount: {{discount}}": "Kedvezmény: {{discount}}",
  "Display an existing board": "Meglévő tábla megjelenítése",
  "Documentation": "Dokumentáció",
  "Doing": "Cselekvés",
  "Done": "Kész",
  "Done ({{num}})": "Kész ({{num}})",
  "Download": "Letöltés",
  "Download file": "Fájl letöltése",
  "Drop file here to save": "Mentéshez húzza ide a fájlt.",
  "Due": "Esedékességi dátum",
  "Due Date": "Határidő",
  "Due date": "Határidő",
  "Earliest Licence Expired on": "Legkorábbi licenc lejárt ekkor:",
  "Earliest Upcoming Expiry": "Legkorábbi közelgő lejárat",
  "Edit": "Szerkesztés",
  "Edit Board Colour Labels": "Tábla színcímkéinek szerkesztése",
  "Edit Client": "Ügyfél szerkesztése",
  "Edit Client Licence": "Ügyféllicenc szerkesztése",
  "Edit Colour Labels": "Színcímkék szerkesztése",
  "Edit Comment": "Megjegyzés szerkesztése",
  "Edit Description": "Leírás szerkesztése",
  "Edit Filename": "Fájlnév szerkesztése",
  "Edit Label": "Címke szerkesztése",
  "Edit label": "Címke szerkesztése",
  "Edit Licence": "Licenc szerkesztése",
  "Edit Link": "Hivatkozás szerkesztése",
  "Edit name": "Név szerkesztése",
  "Edit Tile Colour Labels": "Csempe színcímkéinek szerkesztése",
  "Edit User Licence": "Felhasználói licenc szerkesztése",
  "Edited": "Szerkesztett",
  "Editor": "Szerkesztő",
  "editor": "szerkesztő",
  "Email": "E-mail",
  "Email Address": "E-mail cím",
  "Email address is required": "Az e-mail-cím megadása kötelező.",
  "Email addresses to copy invoices to": "Számlamásolatokat kapó e-mail-címek",
  "Email addresses to copy quote to": "Árajánlat-másolatokat kapó e-mail-címek",
  "Email Us": "Írjon nekünk e-mailt",
  "Embed code copied to clipboard": "Beágyazási kód a vágólapra másolva",
  "Empty Lists": "Üres listák",
  "empty name": "üres név",
  "Enable Boards File Uploads": "Táblák fájlfeltöltéseinek engedélyezése",
  "Enabled": "Engedélyezve",
  "End Date": "Záródátum",
  "Ending Balance": "Záró egyenleg",
  "Enter a title for the link (Optional)": "Adjon megnevezést a hivatkozásnak (nem kötelező).",
  "Enter an email address": "Adjon meg egy e-mail címet",
  "Enter Label": "Címke megadása",
  "Enter label name": "Címke nevének megadása",
  "Enter New Name": "Új név megadása",
  "Enter Text": "Szöveg megadása",
  "Entry": "Bejegyzés",
  "Error": "Hiba",
  "Error creating board": "Hiba a tábla létrehozásakor",
  "Error processing quote request. Please email sales@kudosbadges.com": "Hiba az árajánlatkérés feldolgozásakor. Küldjön e-mailt a sales@kudosbadges.com címre.",
  "Error processing your request": "Hiba a kérés feldolgozásakor",
  "Error starting trial": "Hiba a próbaverzió elindításakor",
  "Error uploading file": "Hiba a fájl feltöltésekor",
  "Error: an unknown error occurred - cannot move": "Hiba: ismeretlen hiba történt - nem helyezhető át",
  "Error: you are not authorised to add content to this board": "Hiba: Ön nem jogosult arra, hogy tartalmat vegyen fel erre a táblára.",
  "Existing Kudos Partner (optional)": "Meglévő Kudos-partner (nem kötelező)",
  "Existing Login Detected": "Meglévő bejelentkezés észlelhető",
  "Existing Tab": "Meglévő lap",
  "Expand": "Kibontás",
  "Expand/Collapse": "Kibontás/összezárás",
  "Expand/Collapse All Lists": "Minden lista kibontása/összecsukása",
  "Expired": "Lejárt",
  "Expires": "Lejár",
  "Expires: {{date}}": "Lejár: {{date}}",
  "Expires: {{{date}}}": "Lejár: {{{date}}}",
  "Expiry": "Lejárat",
  "Expiry Date": "Lejárati dátum",
  "Explore the Template Library": "A sablonkönyvtár felfedezése",
  "Extend": "Meghosszabbítás",
  "ExternalId": "ExternalId",
  "Fields": "Mezők",
  "Filter Activities to migrate": "Áttelepítendő tevékenységek szűrése",
  "Finance": "Pénzügy",
  "Find a Group": "Csoport keresése",
  "Find a User": "Felhasználó keresése",
  "Finding your Connections Cloud Organisation...": "Az Ön Connections Cloud-szervezetének keresése folyamatban...",
  "Free": "Ingyenes",
  "Free Trial": "Ingyenes próbaverzió",
  "Friday": "Péntek",
  "From Provider": "Szolgáltatótól",
  "Functionality is currently limited.": "A funkcionalitás jelenleg korlátozott.",
  "Furthest Upcoming Expiry": "Legkésőbbi közelgő lejárat",
  "Future": "Jövőbeni",
  "General": "Általános",
  "Get a Licence Quote": "Licencárajánlat kérése",
  "Get a Quote": "Árajánlatkérés",
  "Give users the ability to invite external users to a Board by email address": "Lehetővé teheti a felhasználóknak, hogy e-mail-cím alapján külső felhasználókat hívjanak meg egy táblába.",
  "Global Access": "Globális hozzáférés",
  "Global OAuth": "Globális OAuth",
  "Go to licence": "Ugrás licenchez",
  "Go to Today": "Ugrás mára",
  "Goals": "Célok",
  "Group": "Csoport",
  "Group Boards": "Csoportos táblák",
  "Group By": "Csoportosítás alapja",
  "Group Owners: Owners of this Board.</br>Group Members: Authors of this Board": "Csoporttulajdonosok: Ennek a táblának a tulajdonosai</br>Csoporttagok: Ennek a táblának a szerzői",
  "Groups": "Csoportok",
  "Help": "Súgó",
  "Hide": "Elrejtés",
  "Hide Completed Todos": "Teljesített teendők elrejtése",
  "Hide Dates": "Dátumok elrejtése",
  "Horizontal": "Vízszintes",
  "How would you like to proceed?": "Hogyan kívánja folytatni?",
  "HR": "ÓRA",
  "I accept the above Terms & Conditions": "Elfogadom a fenti feltételeket és kikötéseket.",
  "I accept the terms of service": "Elfogadom a szolgáltatási feltételeket.",
  "ID": "Azonosító",
  "If this setting is switched off, cards are created as entries on enter press.": "Ha ez a beállítás ki van kapcsolva, akkor az Enter lenyomásakor a kártyák bejegyzésként jönnek létre.",
  "Ignore Completed": "Teljesítettek mellőzése",
  "Ignore Deleted": "Töröltek mellőzése",
  "Ignore Templates": "Sablonok mellőzése",
  "Import": "Importálás",
  "Import an Activity": "Tevékenység importálása",
  "Import an Activity Template": "Tevékenységsablon importálása",
  "Import from Activities": "Importálás a tevékenységekből",
  "Import From Activities": "Importálás a tevékenységekből",
  "In a Group": "Egy csoportban",
  "Include email body in description": "E-mail törzsének belefoglalása a leírásba",
  "Inherit": "Öröklés",
  "Inherit from Group": "Öröklés csoportból",
  "Inherited from Group": "Csoportból örökölve",
  "Integration Env": "Integrációs környezet",
  "Internal server error": "Belső kiszolgálóhiba",
  "Invitation sent to": "Elküldött meghívás címzettje",
  "Invite": "Meghívás",
  "Invite by Email": "Meghívás e-mailben",
  "Invite sent on": "Meghívás elküldésének ideje",
  "Invoice": "Számla",
  "Invoice Details": "Számla részletei",
  "Invoices": "Számlák",
  "Invoices for": "A következő számlái:",
  "Is Enabled": "Engedélyezett-e",
  "Is Trial": "Próbaverzió-e",
  "IT": "IT",
  "It is valid until {{expiry}}.": "Eddig érvényes: {{expiry}}.",
  "Items": "Elemek",
  "Join Workspace Meetings": "Csatlakozás munkaterületi találkozókhoz",
  "Kanban": "Kanban",
  "Kanban View": "Kanban nézet",
  "Kudos Boards": "Kudos Boards",
  "Kudos Boards - Terms & Conditions": "Kudos Boards - Feltételek és kikötések",
  "Kudos Boards API": "Kudos Boards API",
  "Kudos Boards cannot be added as a tab until an administrator approves required functionality": "A Kudos Boards nem adható hozzá lapként, amíg egy adminisztrátor nem hagyja jóvá a szükséges funkcionalitást.",
  "Kudos Boards has been updated in the background. Please reload the app!": "A Kudos Boards frissítve lett a háttérben. Töltse be újra az alkalmazást!",
  "Kudos Partner Reference Code (optional)": "Kudos-partner hivatkozási kódja (nem kötelező)",
  "Kudos Team Name": "Kudos-csapat neve",
  "Label deleted": "Címke törölve",
  "Labels": "Címkék",
  "Last Accessed": "Legutóbbi hozzáférés",
  "Last Licence Expired on": "Utolsó licenc lejárt ekkor:",
  "Later This Month": "Később ebben a hónapban",
  "Later This Week": "Később ezen a héten",
  "Layout": "Elrendezés",
  "Leave Board": "Tábla elhagyása",
  "Licence Assigned": "Hozzárendelt licenc",
  "Licence Details": "Licenc részletei",
  "Licence expired": "Lejárt licenc",
  "Licence Type": "Licenc típusa",
  "Licences": "Licencek",
  "Licenses": "Licencek",
  "Licensing": "Licencelés",
  "Limit": "Korlát",
  "Line": "Vonal",
  "Line Items": "Sortételek",
  "Lines in file:": "Sorok a fájlban:",
  "Link": "Hivatkozás",
  "Link Accounts": "Fiókok összekapcsolása",
  "Link another account": "Másik fiók összekapcsolása",
  "Link another Kudos Boards account": "Másik Kudos Boards-fiók összekapcsolása",
  "Link Exists": "Létező összekapcsolás",
  "Link to Board": "Hivatkozás táblára",
  "Link to Card, List or Board": "Hivatkozás kártyára, listára vagy táblára",
  "Link to File": "Hivatkozás fájlra",
  "Link to Folder": "Hivatkozás mappára",
  "Link {{provider}} with the current account": "{{provider}} összekapcsolása az aktuális fiókkal",
  "Linked Accounts": "Összekapcsolt fiókok",
  "Linked Groups": "Összekapcsolt csoportok",
  "Links": "Hivatkozások",
  "Links & Attachments": "Hivatkozások és mellékletek",
  "List": "Lista",
  "List all Boards": "Az összes tábla listázása",
  "List Name": "Lista neve",
  "List View": "Listanézet",
  "Lists": "Listák",
  "Lite": "Lite",
  "Local": "Helyi",
  "Logging in, please wait...": "Bejelentkezés folyamatban, kis türelmet...",
  "Login": "Bejelentkezés",
  "Logout": "Kijelentkezés",
  "Look in": "Keresés helye",
  "Make the most of your Kudos Boards Premium Preview": "Hozza ki a legtöbbet a Kudos Boards premium előzetes verziójából.",
  "Manage Org": "Szervezet kezelése",
  "Manage Payments": "Fizetések kezelése",
  "Mark Board as Complete": "Tábla megjelölése befejezettként",
  "Mark Board as Incomplete": "Tábla megjelölése befejezetlenként",
  "Mark Complete": "Megjelölés befejezettként",
  "Mark Incomplete": "Megjelölés befejezetlenként",
  "Marketing": "Marketing",
  "Match All Filters": "Egyezés az összes szűrővel",
  "Meeting": "Találkozó",
  "Members": "Tagok",
  "Merge": "Összefésülés",
  "Microsoft Office365": "Microsoft Office365",
  "Migrate ALL ({{num}})": "Az ÖSSZES áttelepítése ({{num}})",
  "Migrate Selected ({{num}})": "A kijelöltek áttelepítése ({{num}})",
  "Mind Map": "Gondolattérkép",
  "MindMap": "Gondolattérkép",
  "Mindmap": "Gondolattérkép",
  "Mindmap View": "Gondolattérkép-nézet",
  "Minimum number of users for the selected licence type is {{minimumSeats}}": "A kiválasztott licenc esetén a minimális felhasználószám {{minimumSeats}}.",
  "Mirror": "Tükrözés",
  "Modified": "Módosítva",
  "Modify": "Módosítás",
  "Modify Licence": "Licenc módosítása",
  "Monday": "Hétfő",
  "monthly": "havi",
  "Monthly": "Havi",
  "More": "Részletek",
  "Move": "Áthelyezés",
  "Move and Open": "Áthelyezés és megnyitás",
  "Move Card": "Kártya áthelyezése",
  "Move List": "Lista áthelyezése",
  "Move To Another Board": "Áthelyezés másik táblába",
  "Move to another list or parent card": "Áthelyezés másik listába vagy szülőkártyába",
  "My": "Saját",
  "My Account": "Saját fiók",
  "My Activities": "Saját tevékenységek",
  "My Boards": "Saját táblák",
  "My Subscriptions": "Saját előfizetések",
  "My Templates": "Saját sablonok",
  "My Todos": "Saját teendők",
  "Name": "Név",
  "Name on Card": "Név a kártyán",
  "Named Users": "Elnevezett felhasználók",
  "Named Users Licence": "Elnevezett felhasználók licence",
  "Never": "Soha",
  "New Board": "Új tábla",
  "New card created, however the search filter currently applied is preventing it from being displayed": "Új kártya létrehozva, azonban a jelenleg alkalmazott keresési szűrő megakadályozza annak megjelenítését.",
  "New cards created as tasks on enter key press": "Új kártyák létrehozása feladatokként az Enter billentyű lenyomásakor",
  "New Client": "Új ügyfél",
  "New Client Licence": "Új ügyféllicenc",
  "New Credit Card": "Új hitelkártya",
  "New Label": "Új felirat",
  "New Label Text": "Új címkeszöveg",
  "New Licence": "Új licenc",
  "New Since Last Week": "Új a múlt hét óta",
  "New Sub-Card": "Új alkártya",
  "New Tab": "Új lap",
  "New Template": "Új sablon",
  "New User Licence": "Új felhasználói licenc",
  "Next": "Tovább",
  "Next Invoice Amount: {{nextAmount}}": "Következő számla összege: {{nextAmount}}",
  "Next Invoice Date: {{date}}": "Következő számla dátuma: {{date}}",
  "Next Payment": "Következő fizetés",
  "Next Payment Attempt": "Következő fizetési kísérlet",
  "Next Payment: {{{date}}}": "Következő fizetés: {{{date}}}",
  "Next Week": "Jövő hét",
  "No": "Nem",
  "No action available": "Nincsenek választható műveletek",
  "No Active Meetings found. Click below to go to a Workspace": "Nem találhatók aktív értekezletek. Kattintson lejjebb egy munkaterülethez ugráshoz.",
  "No Activities found": "Nem találhatók tevékenységek.",
  "No Archived items to show": "Nincsenek megjeleníthető archivált elemek",
  "No Assignment": "Nincs hozzárendelés",
  "No boards found for this group": "Nem találhatók táblák ehhez a csoporthoz.",
  "No Boards found.": "Nem találhatók táblák.",
  "No boards yet, please create one first": "Még nincsenek táblák, először hozzon létre egyet.",
  "No clients found": "Nem találhatók ügyfelek.",
  "No Colour": "Nincs szín",
  "No Date": "Nincs dátum",
  "No files found": "Nem találhatók fájlok.",
  "No folders found": "Nem találhatók mappák.",
  "No Group": "Nincs csoport",
  "No invoices to display": "Nincsenek megjeleníthető számlák",
  "No items were selected": "Nincsenek kijelölt elemek",
  "No Label": "Nincs címke",
  "No label": "Nincs címke",
  "No labels defined": "Nincsenek címkék meghatározva",
  "No licences available. Functionality will be limited for new users.": "Nem állnak rendelkezésre licencek. Az új felhasználók számára a funkcionalitás korlátozott lesz.",
  "No licences found": "Nem találhatók licencek.",
  "No licences to show": "Nincsenek megjeleníthető licencek",
  "No organisations found": "Nem találhatók szervezetek.",
  "No pinned boards": "Nincsenek rögzített táblák",
  "No Pinned Boards found.": "Nem találhatók rögzített táblák.",
  "No Recent Boards found.": "Nem találhatók legutóbbi táblák.",
  "No user trials found": "Nem találhatók felhasználói próbaverziók.",
  "No users found": "Nem találhatók felhasználók.",
  "No users to show": "Nincsenek megjeleníthető felhasználók",
  "None": "Nincs",
  "North America": "Észak-Amerika",
  "Not Licensed": "Nem licencelt",
  "Not Supported": "Nem támogatott",
  "Note that file security is managed by {{provider}}, not by Kudos Boards": "Vegye figyelembe, hogy a fájlbiztonság felügyeletéért a(z) {{provider}} felel, nem a Kudos Boards.",
  "Nothing to show": "Nincs megjeleníthető elem",
  "Number of Attempts": "Kísérletek száma",
  "Number of cards": "Kártyák száma",
  "Number of Expired Licences": "Lejárt licencek száma",
  "Number of Users": "Felhasználók száma",
  "Number of Valid Licences": "Érvényes licencek száma",
  "oAuth Client ID": "oAuth-ügyfél-azonosító",
  "OAuth Client ID": "OAuth-ügyfél-azonosító",
  "OAuth Client Secret": "OAuth titkos ügyfélkód",
  "oAuth Client Secret": "oAuth titkos ügyfélkód",
  "ok": "ok",
  "OK": "OK",
  "Only Entries": "Csak bejegyzések",
  "Only the members of this board will be able to see and access this board.": "Csak a tábla tagjai láthatják és érhetik el ezt a táblát.",
  "Only Todos": "Csak teendők",
  "Open": "Megnyitás",
  "Open Board Options": "Táblamegnyitási beállítások",
  "Open Boards in:": "Táblák megnyitása itt:",
  "Open in Boards": "Megnyitás a Boards rendszerben",
  "Open Licence": "Nyílt licenc",
  "Open this board": "A tábla megnyitása",
  "Opt in below to receive tips and tricks from the Kudos Boards team to make the most of your premium preview.": "Alább beleegyezhet abba, hogy tippeket és trükköket kapjon a Kudos Boards csapatától, melyekkel a legtöbbet kihozhatja a premium előzetes verzióból.",
  "Order": "Sorrend",
  "Order Summary": "Rendelés összegzése",
  "Order via ISW Partner": "Rendelés ISW-partneren keresztül",
  "Org Administration": "Szervezeti adminisztráció",
  "Organisation": "Szervezet",
  "Organisation Name": "Szervezet neve",
  "Organisations": "Szervezetek",
  "Organise any project productively using the classic Todo, Doing, Done methodology": "Bármilyen projektet hatékonyan megszervezhet a klasszikus Todo, Doing, Done (teendő, folyamatban, kész) metodológia alkalmazásával.",
  "Our Terms & Conditions have changed": "Feltételeink és kikötéseink megváltoztak.",
  "Overdue": "Lejártak",
  "owner": "tulajdonos",
  "Owner": "Tulajdonos",
  "Owners": "Tulajdonosok",
  "Page Not Found": "Az oldal nem található",
  "Paid": "Fizetett",
  "Paste link or drop file to upload": "Feltöltéshez illesszen be hivatkozást vagy húzzon ide egy fájlt.",
  "Payment Method": "Fizetési mód",
  "Period": "Pont",
  "Person": "Személy",
  "Pin Board": "Tábla rögzítése",
  "Pinned": "Rögzítve",
  "Pinned Boards": "Rögzített táblák",
  "Pinned boards": "Rögzített táblák",
  "Plan and collaborate on tasks on a weekly basis": "Heti alapon tervezhet feladatokat, és együttműködhet rajtuk másokkal.",
  "Please approve the Kudos Boards app to allow it to be added as a tab.": "Hagyja jóvá a Kudos Boards alkalmazást, hogy engedélyezve legyen annak lapként való hozzáadása.",
  "Please approve the Kudos Boards app to use advanced features.": "Hagyja jóvá a Kudos Boards alkalmazást a haladó funkciók használata érdekében.",
  "Please contact your Administrator": "Lépjen kapcsolatba az adminisztrátorral.",
  "Please contact your IBM Connections Admin to purchase a licence.": "Licenc vásárlásához forduljon az IBM Connections-adminisztrátorához.",
  "Please ensure you login with the same Office 365 user account as you are using in Microsoft Teams": "Győződjön meg róla, hogy ugyanazzal az Office 365 felhasználói fiókkal jelentkezik be, melyet a Microsoft Teams szolgáltatásban is használ.",
  "Please enter a board name": "Adjon meg egy táblanevet.",
  "Please enter a valid email address": "Adjon meg érvényes e-mail-címet.",
  "Please enter a valid URL": "Írjon be érvényes URL címet",
  "Please enter the number of users in your Connections Cloud Organisation": "Adja meg a Connections Cloud-szervezetében található felhasználók számát.",
  "Please enter the number of users you wish to name under this licence": "Adja meg, hány felhasználót kíván megnevezni e licenc alatt.",
  "Please read our Terms & Conditions": "Olvassa el feltételeinket és kikötéseinket.",
  "Please reload the page and try again, if this issue persists please let us know": "Frissítse az oldalt, és próbálkozzon újra. Ha a probléma továbbra is fennáll, tájékoztasson bennünket.",
  "Please review your licences here": "Tekintse át licenceit itt.",
  "Please see the <a href='{{url}}'>new board</a>": "Tekintse meg az <a href='{{url}}'>új táblát</a>.",
  "Please sign in": "Jelentkezzen be.",
  "Please start a trial to use Boards in your {{provider}} organisation": "Indítson új próbaverziót, hogy használhassa a Boards rendszert saját {{provider}}-szervezetében.",
  "Position": "Pozíció",
  "Post": "Közzététel",
  "Premium": "Premium",
  "Premium Preview Status": "Premium előzetes verzió állapota",
  "Preview": "Előzetes verzió",
  "Preview available": "Rendelkezésre áll előnézet",
  "Previous": "Előző",
  "Pricing": "Díjszabás",
  "primary": "elsődleges",
  "Primary": "Elsődleges",
  "Print": "Nyomtatás",
  "Private (me only)": "Privát (csak én)",
  "Product Information": "Termékinformációk",
  "Product Version": "Termékverzió",
  "Provider": "Szolgáltató",
  "Provider not supported": "A szolgáltató nem támogatott.",
  "Public": "Nyilvános",
  "Public Access": "Nyilvános hozzáférés",
  "Public Activities": "Nyilvános tevékenységek",
  "Public Boards": "Nyilvános táblák",
  "Public Templates": "Nyilvános sablonok",
  "Quarterly": "Negyedévi",
  "Questions": "Kérdések",
  "Quick Edit": "Gyorsszerkesztés",
  "Radial": "Radiális",
  "RE-CENTER": "KÖZÉPPONT VISSZAIGAZÍTÁSA",
  "Reactivate Licence": "Licenc újraaktiválás",
  "reader": "olvasó",
  "Reader": "Olvasó",
  "Recent": "Új",
  "Recent boards": "Legutóbbi táblák",
  "Recent Boards": "Legutóbbi táblák",
  "Recurring Amount Due: {{recurring}}": "Esedékes ismétlődő összeg: {{recurring}}",
  "Redeeming Invitation...": "Meghívás beváltása folyamatban...",
  "Redirecting to Connections Cloud...": "Átirányítás a Connections Cloud rendszerbe folyamatban...",
  "Redirecting to Watson Workspace...": "Átirányítás a Watson Workspace rendszerbe folyamatban...",
  "Refresh": "Frissítés",
  "Region": "Régió",
  "Reload": "Újrabetöltés",
  "Remaining ({{num}})": "Hátralevő ({{num}})",
  "Remove Admin": "Adminisztrátor eltávolítása",
  "Remove Client": "Ügyfél eltávolítása",
  "Remove Invite": "Meghívás eltávolítása",
  "Remove Licence": "Licenc eltávolítása",
  "Replace": "Csere",
  "Resend Invite": "Meghívás elküldése újból",
  "Reset": "Alaphelyzet",
  "Restore": "Visszaállítás",
  "Restore Card": "Kártya visszaállítása",
  "Restore items": "Elemek visszaállítása",
  "Restore List": "Lista visszaállítása",
  "Restore mode": "Visszaállítási mód",
  "Reverse": "Fordított",
  "Revoke All": "Az összes visszavonása",
  "Revoke Licence": "Licenc visszavonása",
  "Role": "Szerepkör",
  "Roles": "Szerepkörök",
  "Rows": "Sorok",
  "Sales": "Értékesítés",
  "Save": "Mentés",
  "Save card for future purchases": "Kártya mentése jövőbeli vásárlásokhoz",
  "Save Changes": "Módosítások mentése",
  "Save link": "Hivatkozás mentése",
  "Scroll To": "Görgetés ide",
  "Search": "Keresés",
  "Search All Templates": "Keresés az összes sablonban",
  "Search this view": "Keresés a nézetben",
  "Search...": "Keresés...",
  "Select a Board": "Tábla kiválasztása",
  "Select board": "Tábla kiválasztása",
  "Select Board": "Tábla kiválasztása",
  "Select Board Label": "Táblacímke kiválasztása",
  "Select Card Colours": "Kártyaszínek kiválasztása",
  "Select Colour": "Szín kiválasztása",
  "Select Colours": "Színek kiválasztása",
  "Select Destination Board": "Céltábla kiválasztása",
  "Select destination folder": "Célmappa kiválasztása",
  "Select File": "Fájl kiválasztása",
  "Select Folder": "Mappa kiválasztása",
  "Select items for delete": "Törölni kívánt elemek kiválasztása",
  "Select items for restore": "Visszaállítani kívánt elemek kiválasztása",
  "Select List or Card": "Lista vagy kártya kiválasztása",
  "Select the boards below that you would like to transfer membership over to your primary ({{toName}}) account": "Válassza ki alább azokat a táblákat, amelyek tagságát át kívánja vinni saját, elsődleges ({{toName}}) fiókjába.",
  "Selected Activity": "Kiválasztott tevékenység",
  "Send an email notifying each member that the Activity has been migrated to a Board.": "E-mailes értesítés küldése minden tagnak arról, hogy a tevékenység át lett telepítve egy táblába.",
  "Send Invitation": "Meghívás küldése",
  "Send Notification Email to Members": "Értesítő e-mail küldése a tagoknak",
  "Sending invitations": "Meghívások küldése folyamatban",
  "Set as primary account": "Beállítás elsődleges fiókként",
  "Set Dates": "Dátumok beállítása",
  "Set enter key press action to create a task when creating new cards in a list.": "Állítsa be az Enter billentyűlenyomási műveletet, hogy létrejöjjön egy feladat, amikor új kártyákat hoz létre egy listában.",
  "Setup Subscription": "Előfizetés beállítása",
  "Share with": "Megosztás mással",
  "Shared by me": "Általam megosztott",
  "Shared with me": "Velem megosztott",
  "Show": "Megjelenítés",
  "Show all ancestors": "Az összes előd megjelenítése",
  "Show all boards for this team": "A csapat összes táblájának megjelenítése",
  "Show Board Menu": "Tábla menü megjelenítése",
  "Show Filter Options": "Szűrőbeállítások megjelenítése",
  "Show Less": "Kevesebb megjelenítése",
  "Show Licences for your organisation": "Szervezetére vonatkozó licencek megjelenítése",
  "Show More": "Több megjelenítése",
  "Show on Card": "Megjelenítés kártyán",
  "Show previous comments": "Korábbi megjegyzések megjelenítése",
  "Show previous links & attachments": "Korábbi hivatkozások és mellékletek megjelenítése",
  "Show Sub-cards": "Alkártyák megjelenítése",
  "Sign In": "Bejelentkezés",
  "Sign in with": "Bejelentkezés ezzel:",
  "SIGN IN WITH:": "BEJELENTKEZÉS EZZEL:",
  "Sign Out": "Kijelentkezés",
  "Sign Out of Kudos Boards": "Kijelentkezés a Kudos Boards rendszerből",
  "Signing in...": "Bejelentkezés folyamatban...",
  "Signing out...": "Kijelentkezés folyamatban...",
  "Smartcloud": "Smartcloud",
  "Something went wrong.": "Hiba történt.",
  "Source Board/Template": "Forrástábla/-sablon",
  "Source Template": "Forrássablon",
  "Specific Board": "Konkrét tábla",
  "Start a Trial": "Próbaidőszak megkezdése",
  "Start a trial or purchase a subscription to start creating boards": "Táblák létrehozásának megkezdéséhez indítson próbaidőszakot vagy vásároljon előfizetést.",
  "Start Boards Premium Preview": "A Boards premium előzetes verziójának megkezdése",
  "Start Date": "Kezdő dátum",
  "Start Free Trial": "Ingyenes próbaidőszak megkezdése",
  "Start my trial": "A próbaidőszakom megkezdése",
  "Start Now": "Megkezdés most",
  "Start page updated": "Kezdőoldal frissítve",
  "Start Page:": "Kezdőoldal:",
  "Starting Balance": "Kezdő egyenleg",
  "Starting View": "Kezdő nézet",
  "Status": "Állapot",
  "Step": "Lépés",
  "Sub Cards": "Alkártyák",
  "Sub Tasks": "Részfeladatok",
  "Submit": "Küldés",
  "Subscription": "Előfizetés",
  "Subscription expired.": "Az előfizetés lejárt.",
  "Subtotal": "Részösszeg",
  "Summary": "Összegzés",
  "Support for browsers is currently limited.  This browser is not yet supported. <br>Please use one of the following browsers:": "A böngészők támogatása jelenleg támogatott. Ez a böngésző egyelőre nem támogatott. <br>Használja az alábbi böngészők egyikét:",
  "Tab Content": "Lap tartalma",
  "Tab Name": "Lap neve",
  "Tags": "Címkék",
  "Tags (optional)": "Címkék (nem kötelező)",
  "Take away meaningful and collaborative notes from any meeting!": "Hasznos, együttműködésen alapuló jegyzetekkel távozhat az értekezletekről!",
  "Task": "Feladat",
  "Team Boards": "Csapattáblák",
  "Team Name": "Csapat neve",
  "Team Name is used as a method to log in to certain authentication providers. e.g. Auth0": "A csapatnév bejelentkezési módszerként használatos bizonyos hitelesítésszolgáltatókba (pl. Auth0) való bejelentkezéshez.",
  "Template": "Sablon",
  "Templates": "Sablonok",
  "Templates tagged with": "Sablonok ezzel a címkével:",
  "Text": "Szöveg",
  "Text Mode": "Szöveges mód",
  "That can't be pasted there.": "Ez nem illeszthető be oda.",
  "The board has been deleted": "A tábla törölve lett.",
  "The files below cannot be uploaded to Kudos Boards as they are larger than the limit of {{limit}}": "Az alábbi fájlok nem tölthetők fel a Kudos Boards rendszerbe, mert meghaladják a(z) {{limit}} méretkorlátozást.",
  "The following links have already been added to this card:": "Az alábbi hivatkozások már hozzá lettek adva ehhez a kártyához:",
  "The invite was resent to": "A meghívás újból el lett küldve ide:",
  "The selected board(s) were successfully transferred": "A kijelölt tábla/táblák átvitele sikeresen megtörtént.",
  "The selected items have been deleted": "A kijelölt elemek törölve lettek.",
  "The selected items have been restored": "A kijelölt elemek vissza lettek állítva.",
  "There was an error when uploading the file. Server response: ": "Hiba történt a fájl feltöltésekor. A kiszolgáló válasza: ",
  "This Activity has been migrated to Kudos Boards": "Ez a tevékenység át lett telepítve a Kudos Boards rendszerbe.",
  "This billing cycle affords a {{discount}}% discount": "Ez a számlázási ciklus {{discount}}%-os kedvezménnyel jár.",
  "This Board": "Ez a tábla",
  "This Board is available with AUTHOR access to everyone across all organisations.": "Ez a tábla mindenki számára rendelkezésre áll SZERZŐI hozzáféréssel, minden szervezeten átívelően.",
  "This Board is available with EDITOR access to everyone across all organisations.": "Ez a tábla mindenki számára rendelkezésre áll SZERKESZTŐI hozzáféréssel, minden szervezeten átívelően.",
  "This Board is in one or more Groups": "Ez a tábla megtalálható egy vagy több csoportban.",
  "This Board is read-only to everyone across all organisations.": "Ez a tábla írásvédett mindenki számára, az összes szervezeten átívelően.",
  "This Board will be visible to everyone in your organisation. <br>Non-members can create new content and edit their own content.": "Ez a tábla látható lesz mindenki számára a szervezetében. <br>Akik nem tagok, azok létrehozhatnak új tartalmakat, és szerkeszthetik saját tartalmaikat.",
  "This Board will be visible to everyone in your organisation. <br>Non-members can only view the board's contents.": "Ez a tábla látható lesz mindenki számára a szervezetében. <br>Akik nem tagok, azok csak megtekinthetik a tábla tartalmait.",
  "This Board will be visible to everyone in your organisation. <br>Please note: This access level allows non-members to edit <b>all</b> board content.": "Ez a tábla látható lesz mindenki számára a szervezetében. <br>Megjegyzés: Ez a hozzáférési szint lehetővé teszi <b>minden</b> táblatartalom szerkesztését azoknak, akik nem tagok.",
  "This card will be restored with its parent": "Ez a kártya vissza lesz állítva a szülőjével.",
  "This Community": "Ez a közösség",
  "This feature is coming soon!": "Ez a funkció hamarosan érkezik!",
  "This feature is currently not supported by the IBM Connections Cloud API": "Az IBM Connections Cloud API jelenleg nem támogatja ezt a funkciót.",
  "This field is required": "Ez a mező kötelező.",
  "This invoice has been closed. Payment will not be automatically attempted again. Contact support for more information": "Ez a számla le lett zárva. A fizetés nem lesz automatikusan újra megkísérelve. További információért forduljon a támogatáshoz.",
  "This is a Free trial of Kudos Boards and will expire in {{numDays}} day(s).": "Ez a Kudos Boards ingyenes próbaverziója, amely {{numDays}} nap múlva lejár.",
  "This is a read-only preview of this Activity. Import to Boards for full functionality": "Ez a tevékenység írásvédett előnézete. A teljes funkcionalitáshoz importálja a Boards rendszerbe.",
  "This licence grants access to a set number of users as they use the app. You may view the user-licences already assigned.": "Ez a licenc meghatározott számú felhasználónak biztosít hozzáférést, annak megfelelően, ahogy az alkalmazást használják. Megtekintheti a már hozzárendelt felhasználói licenceket.",
  "This licence has been cancelled.": "Ez a licenc vissza lett vonva.",
  "This licence only grants access to a selected group of named users. Access will not be granted to users not named by the Org Admins. You can view and edit the named users from the Admin settings.": "Ez a licenc az elnevezett felhasználók csupán egy kiválasztott csoportjának biztosít hozzáférést. Nem kapnak hozzáférést azok a felhasználók, akiket nem neveznek meg a szervezeti adminisztrátorok. Az elnevezett felhasználókat az adminisztrálási beállítások között tekintheti meg és szerkesztheti.",
  "This option is only available when paying by credit card": "Ez a lehetőség csak hitelkártyával való fizetés esetén érhető el.",
  "This option is only editable if paying by credit card": "Ez a lehetőség csak hitelkártyával való fizetés esetén szerkeszthető.",
  "This team account is already linked": "Ez a csapatfiók már össze van kapcsolva.",
  "This will go to your provider for an administrator to approve access to Kudos Boards": "Ez a szolgáltatójához kerül, hogy egy adminisztrátor jóváhagyhassa a Kudos Boards rendszerhez való hozzáférést.",
  "This will permanently delete the board and all its data, are you sure?": "Ezzel véglegesen törli a táblát és annak minden adatát. Biztos benne?",
  "This will remove this data permanently from the board, are you sure?": "Ezzel véglegesen eltávolítja ezeket az adatokat a táblából. Biztos benne?",
  "Thursday": "Csütörtök",
  "Tile Colours": "Csempeszínek",
  "Timeline": "Idővonal",
  "Timeline View": "Idővonal nézet",
  "Title": "Cím",
  "to go to Connections Cloud, then access Kudos Boards via the link in the 'Apps' menu.": "a Connections Cloud megnyitásához, majd érje el a Kudos Boards rendszert az „Alkalmazások” menüben található hivatkozás használatával.",
  "To interact with this card the parent will need to be restored": "A kártyával való interakcióhoz vissza kell állítani a szülőt.",
  "To unselect this card you will need to unselect its parent": "A kártya kijelölésének megszüntetéséhez meg kell szüntetnie a szülőjének a kijelölését.",
  "to view this content": "a tartalom megtekintéséhez",
  "Today": "Ma",
  "Todo": "Tennivaló",
  "Todos": "Teendők",
  "Todos by Date": "Teendők dátum szerint",
  "Todos by Due Date": "Teendők határidő szerint",
  "Toggle Completion": "Befejezettség ki-/bekapcsolása",
  "Toggle Editor": "Szerkesztő ki-/bekapcsolása",
  "Toggle Sidebar": "Oldalsáv ki-/bekapcsolása",
  "Tomorrow": "Holnap",
  "Total": "Összesen",
  "Transfer Board Membership": "Táblatagság átvitele",
  "Transfer Membership": "Tagság átvitele",
  "TRIAL": "PRÓBAVÁLTOZAT",
  "Trial": "Próbaváltozat",
  "Trial End Date: {{trialEnd}}": "Próbaidőszak végének dátuma: {{trialEnd}}",
  "Trial expired": "A próbaverzió lejárt.",
  "Trial expired.": "A próbaverzió lejárt.",
  "Trial extended {{extensions}} time(s)": "Próbaidőszak meghosszabbítva {{extensions}} alkalommal",
  "Try again": "Újrapróbálkozás",
  "Tuesday": "Kedd",
  "Type": "Típus",
  "Type to filter archive": "Írjon be szöveget az archívum szűréséhez.",
  "Type to filter list": "Írjon be szöveget a lista szűréséhez.",
  "Type to filter members": "Írjon be szöveget a tagok szűréséhez.",
  "Type to search": "Írjon be szöveget a kereséshez.",
  "Unassigned": "Nincs kiosztva",
  "Undo": "Visszavonás",
  "UNDO": "VISSZAVONÁS",
  "Unit price: {{unitPrice}} per user": "Egységár: felhasználónként {{unitPrice}}",
  "Unknown Connections Cloud organisation. Redirecting...": "Ismeretlen Connections Cloud-szervezet. Átirányítás folyamatban...",
  "Unknown Team": "Ismeretlen csapat",
  "Unlimited": "Korlátlan",
  "Unlink account": "Fiók összekapcsolásának megszüntetése",
  "Unlink Board": "Tábla összekapcsolásának megszüntetése",
  "Unlink {{fromName}} Account": "{{fromName}} fiók összekapcsolásának megszüntetése",
  "Unlock Kudos Boards Premium Preview": "A Kudos Boards premium előzetes verzió feloldása",
  "Unpaid": "Nem fizetett",
  "Unpin Board": "Tábla rögzítésének megszüntetése",
  "Unscheduled cards": "Ütemezetlen kártyák",
  "Update": "Frissítés",
  "Updated": "Frissítve",
  "Updated Since Last Accessed": "Frissítve a legutóbbi hozzáférés óta",
  "Updated {{ date }}": "Frissítve: {{ date }}",
  "Updating...": "Frissítés...",
  "Upload": "Feltöltés",
  "Upload file from computer": "Fájl feltöltése számítógépről",
  "Upload to Kudos Boards": "Feltöltés a Kudos Boards rendszerbe",
  "Upload Users": "Felhasználók feltöltése",
  "Upload Users from CSV": "Felhasználók feltöltése CSV-fájlból",
  "uploaded successfully": "sikeresen feltöltve",
  "Uploading file:": "Fájl feltöltése:",
  "URL": "URL",
  "URL of Connections header frame (optional)": "Connections-fejléckeret URL-je (nem kötelező)",
  "Use another file service": "Másik fájlszolgáltatás használata",
  "Use current account": "Jelenlegi fiók használata",
  "Use Email": "E-mail használata",
  "Use the Kudos Boards File Attachment Service for attaching files to cards": "A Kudos Boards fájlmelléklet-szolgáltatásának használata fájlok kártyákhoz csatolásához",
  "Use {{provider}} instead": "{{provider}} használata helyette",
  "Used": "Felhasználva",
  "User": "Felhasználó",
  "User Emails": "Felhasználói e-mailek",
  "User ExternalID": "Felhasználó ExternalID azonosítója",
  "User Licences": "Felhasználói licencek",
  "User Options": "Felhasználói beállítások",
  "User Trials": "Felhasználói próbaverziók",
  "User upload success!": "A felhasználófeltöltés sikerült!",
  "Username": "Felhasználónév",
  "Users": "Felhasználók",
  "Users may need to be added to the destination board to maintain access to their assigned todos.": "Lehet, hogy a felhasználókat hozzá kell adni a céltáblához, hogy megmaradjon a hozzáférésük a hozzájuk rendelt teendőkhöz.",
  "Users: {{num}}": "Felhasználók: {{num}}",
  "Vertical": "Függőleges",
  "View": "Nézet",
  "View and Accept ↗": "Megtekintés és elfogadás ↗",
  "View Details": "Részletek megtekintése",
  "View licences": "Licencek megtekintése",
  "View subscriptions": "Előfizetések megtekintése",
  "View Subscriptions": "Előfizetések megtekintése",
  "Want to know more?": "Szeretne többet megtudni?",
  "Warning: you are not authorised to add members in this board": "Figyelem: Ön nem jogosult arra, hogy tagokat vegyen fel ebbe a táblába.",
  "We found one board linked your {{fromName}} user account. Once you unlink the account you may no longer have access to this board.": "Egy táblát találtunk, amely össze van kapcsolva az Ön {{fromName}} fiókjával. Miután megszünteti a fiók összekapcsolását, lehet, hogy többé nem lesz hozzáférése ehhez a táblához.",
  "We found {{count}} boards linked to your {{fromName}} user account. Once you unlink the account you may no longer have access to these boards.": "{{count}} táblát találtunk, amely össze van kapcsolva az Ön {{fromName}} fiókjával. Miután megszünteti a fiók összekapcsolását, lehet, hogy többé nem lesz hozzáférése ezekhez a táblákhoz.",
  "We recommended you change the widget title from the actions menu above": "Azt javasoltuk, hogy módosítsa a felületi elem címét a fenti műveletmenüből.",
  "Wednesday": "Szerda",
  "Weekdays": "Hétköznapok",
  "Welcome": "Üdvözöljük!",
  "Welcome to Kudos Boards": "Üdvözli a Kudos Boards!",
  "When you unlock Kudos Boards Premium View, your current Activities will immediately be available in Board, Timeline and MindMap view.": "A Kudos Boards premium nézetének feloldásakor a jelenlegi tevékenységei azonnal elérhetők lesznek tábla, idővonal és gondolattérkép nézetben.",
  "Widget Settings": "Felületielem-beállítások",
  "yearly": "évenként",
  "Yearly": "Évente",
  "Yes": "Igen",
  "Yes Please": "Igen",
  "You are in DELETE mode, select items to delete": "TÖRLÉSI módban van. Jelölje ki a törölni kívánt elemeket.",
  "You are in restore mode, select items to restore": "Visszaállítása módban van. Jelölje ki a visszaállítani kívánt elemeket.",
  "You are not a direct member of this board. Please consider leaving any Groups that may be members of this board.": "Ön nem közvetlen tagja ennek a táblának. Fontolja meg, hogy elhagyja azokat a csoportokat, amelyek esetleg a tagjai ennek a táblának.",
  "You are not allowed to leave this Board. Please consider archiving board.": "Önnek nem engedélyezett e tábla elhagyása. Fontolja meg a tábla archiválását.",
  "You are not authorised to access this resource": "Ön nem jogosult ennek az erőforrásnak az elérésére.",
  "You are not licensed to access this resource.": "Nem rendelkezik engedéllyel az erőforráshoz való hozzáféréshez.",
  "You are the only owner of this board. Please consider adding other owners or archiving this board instead.": "Ön ennek a táblának az egyedüli tulajdonosa. Ehelyett fontolja meg más tulajdonosok hozzáadását, vagy a tábla archiválását.",
  "You can enhance your workflow by unlocking Kudos Boards Premium Preview. In addition to your Activities view, you’ll also be able to work in the Boards, Timeline and Mind Map views!": "A Kudos Boards premium előzetes verzió feloldásával jobbá teheti munkafolyamatát. A tevékenységek nézet mellett lehetősége nyílik a táblák, idővonal és gondolattérkép nézetben való munkavégzésre is!",
  "You have READ ONLY access to this Board": "Önnek ÍRÁSVÉDETT hozzáférése van ehhez a táblához.",
  "You have {{remaining}} day(s) remaining in your premium preview.": "{{remaining}} napja van hátra a premium előzetes verziójából.",
  "Your account's email address and other admin emails for your org ({{emails}}) are already included": "Az Ön fiókjának e-mail-címe, illetve a szervezetéhez tartozó egyéb adminisztrátori e-mail-címek ({{emails}}) már bele vannak foglalva.",
  "Your api key for kudos boards is shown below": "Alább látható a kudos boards rendszerhez tartozó API-kulcsa.",
  "Your changes have been saved": "A módosításainak mentése megtörtént.",
  "Your initial premium preview with {{orgName}} has expired. Click extend if you would like to continue access for an additional 30 days": "A(z) {{orgName}} szervezethez fűződő kezdeti premium előzetes verziója lejárt. Kattintson a meghosszabbítási lehetőségre, ha további 30 napig szeretné fenntartani a hozzáférését.",
  "Your premium preview expires today.": "Az Ön premium előzetes verziója ma lejár.",
  "Your premium preview has expired, Let your administrator know you'd like to continue using Kudos Boards Premium view.": "Az Ön premium előzetes verziója lejárt. Közölje adminisztrátorával, hogy szeretné tovább használni a Kudos Boards premium nézetet.",
  "Your session with {{provider}} has expired. Redirecting...": "A(z) {{provider}} szolgáltatóval való munkamenete lejárt. Átirányítás folyamatban…",
  "Your session with {{provider}} has expired. Some functionality (ie notifications, groups, files) will be restricted until you login again.": "A(z) {{provider}} szolgáltatóval való munkamenete lejárt. Egyes funkciók (azaz az értesítések, csoportok, fájlok) korlátozva lesznek, amíg újból be nem jelentkezik.",
  "{{count}} more card(s) this way": "{{count}} további kártya van errefelé",
  "{{num}} users": "{{num}} felhasználó",
  "{{quantity}} x subscriptions to '{{plan.name}}' ({{planPrice}} / {{plan.interval}})": "{{quantity}} × előfizetések erre: „{{plan.name}}” ({{planPrice}} / {{plan.interval}})",
  "{{remaining}} days of trial remaining": "{{remaining}} nap van hátra a próbaidőszakból.",
  "{{remaining}} days remaining in your premium preview.": "{{remaining}} nap van hátra az Ön premium előzetes verziójából.",
  "{{userTrialCount}} user(s) have started a trial of Kudos Boards Premium": "{{userTrialCount}} felhasználó kezdte meg a Kudos Boards Premium próbaverziójának használatát."
}