{
  "": "",
  "'{{userName}}' will not be able to view the message because they cannot access this Board": "\"{{userName}}\" non sarà in grado di visualizzare il messaggio perché non può accedere a questo Board",
  "(Copy Of) ": "(Copia di) ",
  "A problem occurred when creating invite": "Si è verificato un problema durante la creazione dell'invito",
  "A problem occurred when deleting node": "Si è verificato un problema durante l'eliminazione del nodo",
  "A problem occurred when getting a node": "Si è verificato un problema durante il recupero di un nodo",
  "A problem occurred when redeeming invite": "Si è verificato un problema durante il riottenimento dell'invito",
  "A problem occurred when removing invite": "Si è verificato un problema durante la rimozione dell'invito",
  "A problem occurred when removing member": "Si è verificato un problema durante la rimozione del membro",
  "A problem occurred when saving invite": "Si è verificato un problema durante il salvataggio dell'invito",
  "A problem occurred when saving member": "Si è verificato un problema durante il salvataggio del membro",
  "A problem occurred when saving node": "Si è verificato un problema durante il salvataggio del nodo",
  "A problem occurred when updating invite": "Si è verificato un problema durante l'aggiornamento dell'invito",
  "A user with that email address already exists": "Un utente con lo stesso indirizzo email esiste già",
  "A user with that email address already exists as a member of this board": "Un utente con lo stesso indirizzo email esiste già come membro di questo board",
  "Accessed in the Last Month": "Effettuato l'accesso nell'ultimo mese",
  "Accessed since": "Effettuato l'accesso da",
  "Account Balance: {{credit}}": "Saldo: {{credit}}",
  "Account Unlinked": "Account scollegato",
  "Actions": "Operazioni",
  "Active": "Attivo",
  "Active Boards": "Board attivi",
  "Active Workspace Meetings": "Riunioni spazio di lavoro attive",
  "Activity": "Attività",
  "Activity data is loading...": "Caricamento dei dati dell'attività in corso...",
  "Activity Migration": "Migrazione attività",
  "Activity Name": "Nome attività",
  "Add": "Aggiungi",
  "Add a Card": "Aggiungi una scheda",
  "Add a Comment": "Aggiungi un commento",
  "Add a Description": "Aggiungi una descrizione",
  "Add a List": "Aggiungi un elenco",
  "Add a list": "Aggiungi un elenco",
  "Add a Tag": "Aggiungi un tag",
  "Add an attachment or link": "Aggiungi un allegato o un collegamento",
  "Add another": "Aggiungi altro",
  "Add Attachment": "Aggiungi allegato",
  "Add Bookmark": "Aggiungi segnalibro",
  "Add Client": "Aggiungi client",
  "Add Custom Field": "Aggiungi campo personalizzato",
  "Add file": "Aggiungi file",
  "Add individuals or groups as members, or invite by email": "Aggiungi individui o gruppi come membri o invita via email",
  "Add Label": "Aggiungi etichetta",
  "Add label '{{filter}}'": "Aggiungi etichetta \"{{filter}}\"",
  "Add Licence": "Aggiungi licenza",
  "Add Member": "Aggiungi membro",
  "Add members": "Aggiungi membri",
  "Add Organisation": "Aggiungi organizzazione",
  "Add people to your board or invite by email": "Aggiungi persone al board o invita via email",
  "Add User": "Aggiungi utente",
  "Admin approval failed": "Approvazione dell'amministratore non riuscita",
  "Admin Users": "Utenti amministratori",
  "Administrator approval required.": "Approvazione dell'amministratore richiesta.",
  "Administrators": "Amministratori",
  "Advanced": "Avanzata",
  "Agenda": "Agenda",
  "All": "Tutti",
  "All Activities": "Tutte le attività",
  "All Boards": "Tutti i board",
  "All cards are scheduled.": "Tutte le schede sono pianificate.",
  "All Templates": "Tutti i modelli",
  "Allow Invite by Email": "Consenti inviti via email",
  "Already linked": "Già collegato",
  "Amount": "Importo",
  "Amount Due": "Importo dovuto",
  "Amount Due Now: {{due}}": "Importo dovuto ora: {{due}}",
  "Amount Paid": "Importo pagato",
  "An account of this type already linked": "Un account di questo tipo è già collegato",
  "An invitation for the specified email address already exists on this board": "Un invito per l'indirizzo email specificato esiste già in questo board",
  "and is already a member of this board": "ed è già un membro di questo board",
  "Apply Template": "Applica modello",
  "Approve": "Approva",
  "Approve Advanced Features": "Approva funzioni avanzate",
  "Archive": "Archivio",
  "Archive Card": "Archivia scheda",
  "Archive Cards in List": "Archivia schede in elenco",
  "Archive List": "Archivia elenco",
  "Archived": "Archiviato",
  "Archived Boards": "Board archiviati",
  "Archived Templates": "Modelli archiviati",
  "Are you sure you want to cancel this licence? This will take effect at the end of the current period.": "Annullare questa licenza? L'operazione avrà effetto alla fine del periodo corrente.",
  "Are you sure you want to delete this licence? CAUTION: This will delete any associated credit card information": "Eliminare questa licenza? ATTENZIONE: l'operazione eliminerà le informazioni delle carte di credito associate",
  "Are you sure you want to reactivate this licence?": "Riattivare questa licenza?",
  "Are you sure you want to unlink your {{provider}} account?": "Scollegare l'account {{provider}}?",
  "Are you sure you wish to leave '{{boardName}}'? This action cannot be undone by you.": "Abbandonare \"{{boardName}}\"? Questa operazione non può essere annullata dall'utente.",
  "Are you sure?": "Siete sicuri?",
  "Are You Sure?": "Procedere?",
  "Are you sure? This will reinstate the previous billing schedule": "Procedere? L'operazione ripristinerà la pianificazione di fatturazione precedente",
  "Are you sure? This will take effect at the end of the current billing cycle": "Procedere? L'operazione avrà effetto alla fine del ciclo di fatturazione corrente",
  "Asia Pacific": "Asia - Pacifico",
  "Assign Users": "Assegna utenti",
  "Assigned": "Assegnato",
  "Assigned to": "Assegnato a",
  "Assigned To Me": "Assegnato a me",
  "Assigned Users that will be added to the Destination Board": "Utenti assegnati che verranno aggiunti al board di destinazione",
  "Assignees": "Assegnatari",
  "Assignments": "Assegnazioni",
  "Attach": "Allega",
  "Attachments": "Allegati",
  "Auth0 url": "Url Auth0",
  "Authentication Clients": "Client di autenticazione",
  "Author": "Autore",
  "author": "autore",
  "awaiting acceptance": "in attesa di accettazione",
  "Back": "Indietro",
  "Back to Boards": "Torna ai board",
  "Back to Colour Selection": "Torna alla selezione dei colori",
  "Bad Request": "Richiesta non valida",
  "Best viewed in fullscreen": "Migliore visualizzazione a schermo intero",
  "Billing Cycle": "Ciclo di fatturazione",
  "Billing period: {{interval}}": "Periodo di fatturazione: {{interval}}",
  "Blank": "Vuoto",
  "Board": "Board",
  "Board Archive": "Archivio board",
  "Board Labels": "Etichette board",
  "Board Members": "Membri del board",
  "Board Name": "Nome board",
  "Boards": "Board",
  "Boards linked directly to this user": "Board collegati direttamente a questo utente",
  "Boards linked through group membership": "Board collegati mediante appartenenza al gruppo",
  "Boards premium preview": "Anteprima board premium",
  "Bookmarks": "Segnalibri",
  "Buy Licence": "Compra licenza",
  "Buy Online": "Compra online",
  "by": "da",
  "Cancel": "Annulla",
  "Cancel Licence": "Annulla licenza",
  "Cancelled": "Annullato",
  "Cannot Leave Board": "Impossibile abbandonare il board",
  "Card Name": "Nome scheda",
  "Card Number": "Numero scheda",
  "Cards": "Schede",
  "Central Europe": "Europa centrale",
  "Choose a board": "Scegli un board",
  "Choose a Template": "Scegli un modello",
  "Classic": "Classico",
  "Clear Search": "Cancella ricerca",
  "Clear Selected": "Cancella selezionati",
  "Clear Selected Filters": "Cancella i filtri selezionati",
  "Click for details": "Fare clic per i dettagli",
  "Click for more information about approving advanced features": "Fare clic per ulteriori informazioni sull'approvazione delle funzioni avanzate",
  "Click here": "Fare clic qui",
  "Click here for details": "Fare clic qui per i dettagli",
  "Click here for details.": "Fare clic qui per i dettagli.",
  "Click here to buy a licence online or get a quote": "Fare clic qui per acquistare una licenza online od ottenere un'offerta",
  "Click here to start a 30 day free trial for your organisation. Contact support for trials with more users.": "Fare clic qui per avviare una prova gratuita di 30 giorni per la propria organizzazione. Per le prove con più utenti, contattare l'assistenza.",
  "Click to see more details": "Fare clic per visualizzare ulteriori dettagli",
  "Client": "Client",
  "Clients": "Client",
  "Close": "Chiudi",
  "Close Activity After Import": "Chiudi attività dopo l'importazione",
  "Close Board Menu": "Chiudi menu board",
  "Close the activity after the import has completed successfully. You can still access it through 'Trash'": "Chiudi l'attività dopo il completamento dell'importazione. È ancora possibile accedere ad essa dal \"Cestino\"",
  "Closed": "Chiuso",
  "Collaborate on projects involving different departments": "Collabora a progetti che coinvolgono diversi reparti",
  "Collapse": "Comprimi",
  "Colour": "Colore",
  "Colour Labels": "Colore etichette",
  "Colour-Tags": "Colore-Tag",
  "Colours": "Colori",
  "Column View": "Vista colonna",
  "Comments": "Commenti",
  "Community Activities": "Attività della comunità",
  "Community Templates": "Modelli di comunità",
  "Complete Todos": "To-Do completi",
  "Completed": "Completata",
  "Configuration": "Configurazione",
  "Confirm": "Conferma",
  "Confirmation Required": "È richiesta la conferma",
  "Connections Cloud session expired. Click here to validate.": "Sessione Connections Cloud scaduta. Fare clic qui per convalidare.",
  "Connections On-Premise": "Connections in sede",
  "Connections URL": "Connections URL",
  "Contact Email": "Email contatto",
  "Contact Name": "Nome contatto",
  "Contact Support": "Contatta l'assistenza",
  "Contact your System Administrator for more information or email us at": "Per ulteriori informazioni contattare l'amministratore di sistema o scrivere all'indirizzo",
  "Content": "Contenuto",
  "Continue": "Continua",
  "Continue Without Transferring": "Continua senza trasferire",
  "Convert into Entry": "Converti in voce",
  "Convert into Todo": "Converti in To-Do",
  "Copy embed code": "Copia codice incorporato",
  "Copy embed code to clipboard": "Copia codice incorporato negli appunti",
  "Create": "Crea",
  "Create a new board": "Crea un nuovo board",
  "Create Board": "Crea board",
  "Create Board from Template": "Crea board da modello",
  "Create Boards for anything, manage your workflow, and streamline processes with template creation.": "Crea board per tutto, gestisci il flusso di lavoro e semplifica i processi con la creazione di modelli.",
  "Create card": "Crea scheda",
  "Create Copy": "Crea copia",
  "Create Link to Board": "Crea collegamento a board",
  "Create Template": "Crea modello",
  "Create Template from Board": "Crea modello da board",
  "Create your own structure for organising projects, workflows, ideas and more!": "Crea la tua struttura per organizzare progetti, flussi di lavoro, idee e altro.",
  "Create {{numCards}} cards?": "Creare {{numCards}} schede?",
  "Create {{numCards}} lists?": "Creare {{numCards}} elenchi?",
  "Created": "Creato",
  "Created By Me": "Creato da me",
  "Created {{ date }}": "Creato {{ date }}",
  "Created: {{date}}": "Creato: {{date}}",
  "Credit Card Ending in {{last4}}": "Ultimi numeri della carta di credito {{last4}}",
  "Current Account:": "Account corrente:",
  "Currently the ability to search for groups in {{provider}} is not available until an administrator grants permissions for your organisation. ": "Attualmente la capacità di creare gruppi in {{provider}} non è disponibile fino a quando un amministratore non concede le autorizzazioni per l'organizzazione. ",
  "Curve": "Curva",
  "Custom Fields": "Campi personalizzati",
  "Customer ID": "ID cliente",
  "CVC": "CVC",
  "Date": "Data",
  "Decisions": "Decisioni",
  "Default templates to exclude": "Modelli predefiniti da escludere",
  "Delete": "Elimina",
  "Delete Board": "Elimina board",
  "Delete Card": "Elimina scheda",
  "Delete Comment": "Elimina commento",
  "Delete File": "Elimina file",
  "Delete items": "Elimina elementi",
  "Delete Label": "Elimina etichetta",
  "Delete Link": "Elimina collegamento",
  "Delete List": "Elimina elenco",
  "Delete mode": "Elimina modalità",
  "Delete Selected Items": "Elimina elementi selezionati",
  "Deleted": "Eliminato",
  "Deleting": "Eliminazione",
  "Departments": "Reparti",
  "Description": "Descrizione",
  "Description (optional)": "Descrizione (opzionale)",
  "Details": "Dettagli",
  "Direct Order via ISW": "Ordine diretto mediante ISW",
  "Discount": "Sconto",
  "Discount Code (optional)": "Codice sconto (opzionale)",
  "Discount: {{discount}}": "Sconto: {{discount}}",
  "Display an existing board": "Visualizza un board esistente",
  "Documentation": "Documentazione",
  "Doing": "Operazione in corso",
  "Done": "Fine",
  "Done ({{num}})": "Fine ({{num}})",
  "Download": "Scarica",
  "Download file": "Scarica file",
  "Drop file here to save": "Rilasciare qui il file da salvare",
  "Due": "In scadenza",
  "Due Date": "Data di scadenza",
  "Due date": "Data di scadenza",
  "Earliest Licence Expired on": "Prima licenza scaduta in data",
  "Earliest Upcoming Expiry": "Prima scadenza",
  "Edit": "Modifica",
  "Edit Board Colour Labels": "Modifica etichette a colori board",
  "Edit Client": "Modifica client",
  "Edit Client Licence": "Modifica licenza client",
  "Edit Colour Labels": "Modifica etichette a colori",
  "Edit Comment": "Modifica commento",
  "Edit Description": "Modifica descrizione",
  "Edit Filename": "Modifica nome file",
  "Edit Label": "Modifica etichetta",
  "Edit label": "Modifica etichetta",
  "Edit Licence": "Modifica licenza",
  "Edit Link": "Modifica collegamento",
  "Edit name": "Modifica nome",
  "Edit Tile Colour Labels": "Modifica colore etichette affiancate",
  "Edit User Licence": "Modifica licenza utente",
  "Edited": "Modificato",
  "Editor": "Editor",
  "editor": "editor",
  "Email": "Email",
  "Email Address": "Indirizzo email",
  "Email address is required": "È richiesto un indirizzo email",
  "Email addresses to copy invoices to": "Indirizzi email in cui copiare le fatture",
  "Email addresses to copy quote to": "Indirizzi email in cui copiare l'offerta",
  "Email Us": "Scrivici",
  "Embed code copied to clipboard": "Codice incorporato copiato negli appunti",
  "Empty Lists": "Elenchi vuoti",
  "empty name": "nome vuoto",
  "Enable Boards File Uploads": "Consenti caricamenti di file Boards",
  "Enabled": "Abilitato",
  "End Date": "Data di fine",
  "Ending Balance": "Bilancio finale",
  "Enter a title for the link (Optional)": "Immettere un titolo per il collegamento (opzionale)",
  "Enter an email address": "Immettere un indirizzo email",
  "Enter Label": "Immettere l'etichetta",
  "Enter label name": "Immettere nome etichetta",
  "Enter New Name": "Immettere nuovo nome",
  "Enter Text": "Immettere testo",
  "Entry": "Voce",
  "Error": "Errore",
  "Error creating board": "Errore nella creazione del board",
  "Error processing quote request. Please email sales@kudosbadges.com": "Errore nell'elaborazione della richiesta di offerta. Scrivere a sales@kudosbadges.com",
  "Error processing your request": "Errore nell'elaborazione della richiesta",
  "Error starting trial": "Errore durante l'avviamento della prova",
  "Error uploading file": "Errore durante il caricamento di file",
  "Error: an unknown error occurred - cannot move": "Errore: si è verificato un errore sconosciuto - impossibile spostare",
  "Error: you are not authorised to add content to this board": "Errore: l'utente non dispone dell'autorizzazione per aggiungere contenuti in questo board",
  "Existing Kudos Partner (optional)": "Partner Kudos esistenti (opzionale)",
  "Existing Login Detected": "Rilevato accesso esistente",
  "Existing Tab": "Scheda esistente",
  "Expand": "Espandi",
  "Expand/Collapse": "Espandi/comprimi",
  "Expand/Collapse All Lists": "Espandi/comprimi tutti gli elenchi",
  "Expired": "Scaduto",
  "Expires": "Scade",
  "Expires: {{date}}": "Scade: {{date}}",
  "Expires: {{{date}}}": "Scade: {{{date}}}",
  "Expiry": "Scadenza",
  "Expiry Date": "Data di scadenza",
  "Explore the Template Library": "Esplora la libreria dei modelli",
  "Extend": "Estendi",
  "ExternalId": "ID esterno",
  "Fields": "Campi",
  "Filter Activities to migrate": "Filtra le attività da migrare",
  "Finance": "Finanza",
  "Find a Group": "Trova un gruppo",
  "Find a User": "Trova un utente",
  "Finding your Connections Cloud Organisation...": "Ricerca dell'organizzazione Connections Cloud personale...",
  "Free": "Gratuito",
  "Free Trial": "Prova gratuita",
  "Friday": "Venerdì",
  "From Provider": "Da provider",
  "Functionality is currently limited.": "Attualmente la funzionalità è limitata.",
  "Furthest Upcoming Expiry": "Ulteriori scadenza prossime",
  "Future": "Futuro",
  "General": "Generale",
  "Get a Licence Quote": "Ottieni un'offerta per la licenza",
  "Get a Quote": "Ottieni un'offerta",
  "Give users the ability to invite external users to a Board by email address": "Fornisci agli utenti la possibilità di invitare utenti esterni a un board mediante l'indirizzo email",
  "Global Access": "Accesso globale",
  "Global OAuth": "OAuth globale",
  "Go to licence": "Vai alla licenza",
  "Go to Today": "Vai a oggi",
  "Goals": "Obiettivi",
  "Group": "Gruppo",
  "Group Boards": "Board del gruppo",
  "Group By": "Raggruppa per",
  "Group Owners: Owners of this Board.</br>Group Members: Authors of this Board": "Proprietari del gruppo: i proprietari di questo board.</br>Membri del gruppo: autori di questo board",
  "Groups": "Gruppi",
  "Help": "Guida",
  "Hide": "Nascondi",
  "Hide Completed Todos": "Nascondi To-Do completati",
  "Hide Dates": "Nascondi date",
  "Horizontal": "Orizzontale",
  "How would you like to proceed?": "Come si desidera procedere?",
  "HR": "HR",
  "I accept the above Terms & Conditions": "Accetto i termini e le condizioni di cui sopra",
  "I accept the terms of service": "Accetto i termini di servizio",
  "ID": "ID",
  "If this setting is switched off, cards are created as entries on enter press.": "Se questa impostazione viene disattivata, le schede vengono create come voci alla pressione di Invio.",
  "Ignore Completed": "Ignora completati",
  "Ignore Deleted": "Ignora eliminati",
  "Ignore Templates": "Ignora modelli",
  "Import": "Importa",
  "Import an Activity": "Importa un'attività",
  "Import an Activity Template": "Importa un modello attività",
  "Import from Activities": "Importa da Attività",
  "Import From Activities": "Importa da Attività",
  "In a Group": "In un gruppo",
  "Include email body in description": "Includi corpo email nella descrizione",
  "Inherit": "Eredita",
  "Inherit from Group": "Eredita da gruppo",
  "Inherited from Group": "Ereditato da gruppo",
  "Integration Env": "Amb. di integrazione",
  "Internal server error": "Errore interno del server",
  "Invitation sent to": "Invito inviato a",
  "Invite": "Invita",
  "Invite by Email": "Invita via email",
  "Invite sent on": "Invito inviato in data",
  "Invoice": "Fattura",
  "Invoice Details": "Dettagli fattura",
  "Invoices": "Fatture",
  "Invoices for": "Fatture per",
  "Is Enabled": "Abilitato",
  "Is Trial": "Prova",
  "IT": "IT",
  "It is valid until {{expiry}}.": "Valido fino a {{expiry}}.",
  "Items": "Elementi",
  "Join Workspace Meetings": "Partecipa a riunioni dello spazio di lavoro",
  "Kanban": "Kanban",
  "Kanban View": "Vista Kanban",
  "Kudos Boards": "Kudos Boards",
  "Kudos Boards - Terms & Conditions": "Kudos Boards - Termini e condizioni",
  "Kudos Boards API": "API Kudos Boards",
  "Kudos Boards cannot be added as a tab until an administrator approves required functionality": "Impossibile aggiungere Kudos Boards come scheda fino a quando un amministratore non approva la funzionalità richiesta",
  "Kudos Boards has been updated in the background. Please reload the app!": "Kudos Boards è stato aggiornato in background. Ricaricare l'app.",
  "Kudos Partner Reference Code (optional)": "Codice di riferimento partner Kudos (opzionale)",
  "Kudos Team Name": "Nome del team Kudos",
  "Label deleted": "Etichetta eliminata",
  "Labels": "Etichette",
  "Last Accessed": "Ultimi accessi",
  "Last Licence Expired on": "Ultima licenza scaduta in data",
  "Later This Month": "Più avanti nel mese",
  "Later This Week": "Più avanti nella settimana",
  "Layout": "Layout",
  "Leave Board": "Abbandona board",
  "Licence Assigned": "Licenza assegnata",
  "Licence Details": "Dettagli licenza",
  "Licence expired": "Licenza scaduta",
  "Licence Type": "Tipo di licenza",
  "Licences": "Licenze",
  "Licenses": "Licenze",
  "Licensing": "Autorizzazione licenza in corso",
  "Limit": "Limite",
  "Line": "Riga",
  "Line Items": "Elementi riga",
  "Lines in file:": "Righe nel file:",
  "Link": "Collega",
  "Link Accounts": "Collega account",
  "Link another account": "Collega un altro account",
  "Link another Kudos Boards account": "Collega un altro account Kudos Boards",
  "Link Exists": "Il collegamento esiste",
  "Link to Board": "Collega a board",
  "Link to Card, List or Board": "Collega a scheda, elenco o board",
  "Link to File": "Collega a file",
  "Link to Folder": "Collega a cartella",
  "Link {{provider}} with the current account": "Collega {{provider}} all'account corrente",
  "Linked Accounts": "Account collegati",
  "Linked Groups": "Gruppi collegati",
  "Links": "Collegamento",
  "Links & Attachments": "Collegamenti e allegati",
  "List": "Elenco",
  "List all Boards": "Elenca tutti i board",
  "List Name": "Cognome",
  "List View": "Vista elenco",
  "Lists": "Elenchi",
  "Lite": "Lite",
  "Local": "Locale",
  "Logging in, please wait...": "Accesso in corso, attendere...",
  "Login": "Accedi",
  "Logout": "Esci",
  "Look in": "Cerca in",
  "Make the most of your Kudos Boards Premium Preview": "Sfrutta al massimo l'anteprima premium di Kudos Boards",
  "Manage Org": "Gestisci org",
  "Manage Payments": "Gestisci pagamenti",
  "Mark Board as Complete": "Contrassegna board come completo",
  "Mark Board as Incomplete": "Contrassegna board come incompleto",
  "Mark Complete": "Contrassegna come completa",
  "Mark Incomplete": "Contrassegna come incompleto",
  "Marketing": "Marketing",
  "Match All Filters": "Corrispondenza con tutti i filtri",
  "Meeting": "Riunione",
  "Members": "Membri",
  "Merge": "Unisci",
  "Microsoft Office365": "Microsoft Office365",
  "Migrate ALL ({{num}})": "Migra TUTTO ({{num}})",
  "Migrate Selected ({{num}})": "Migra selezionati ({{num}})",
  "Mind Map": "Mind Map",
  "MindMap": "MindMap",
  "Mindmap": "Mindmap",
  "Mindmap View": "Vista Mindmap",
  "Minimum number of users for the selected licence type is {{minimumSeats}}": "Il numero minimo di utenti per il tipo di licenza selezionato è {{minimumSeats}}",
  "Mirror": "Speculare",
  "Modified": "Modificato",
  "Modify": "Modifica",
  "Modify Licence": "Modifica licenza",
  "Monday": "Lunedì",
  "monthly": "mensile",
  "Monthly": "Mensile",
  "More": "Altro",
  "Move": "Sposta",
  "Move and Open": "Sposta e apri",
  "Move Card": "Sposta scheda",
  "Move List": "Sposta elenco",
  "Move To Another Board": "Sposta in un altro board",
  "Move to another list or parent card": "Sposta in un altro elenco o scheda principale",
  "My": "Personale",
  "My Account": "Il mio account",
  "My Activities": "Attività personali",
  "My Boards": "Board personali",
  "My Subscriptions": "Sottoscrizioni personali",
  "My Templates": "Modelli personali",
  "My Todos": "To-Do personali",
  "Name": "Il nome",
  "Name on Card": "Nome su scheda",
  "Named Users": "Utenti con nome",
  "Named Users Licence": "Licenza utenti con nome",
  "Never": "Mai",
  "New Board": "Nuovo board",
  "New card created, however the search filter currently applied is preventing it from being displayed": "Nuova scheda creata, tuttavia il filtro di ricerca applicato ne impedisce la visualizzazione",
  "New cards created as tasks on enter key press": "Nuove schede create come attività alla pressione del tasto Invio",
  "New Client": "Nuovo client",
  "New Client Licence": "Nuova licenza client",
  "New Credit Card": "Nuova carta di credito",
  "New Label": "Nuova etichetta",
  "New Label Text": "Nuovo testo etichetta",
  "New Licence": "Nuova licenza",
  "New Since Last Week": "Nuovi dall'ultima settimana",
  "New Sub-Card": "Nuova scheda secondaria",
  "New Tab": "Nuova scheda",
  "New Template": "Nuovo modello",
  "New User Licence": "Nuova licenza utente",
  "Next": "Successivo",
  "Next Invoice Amount: {{nextAmount}}": "Importo fattura successiva: {{nextAmount}}",
  "Next Invoice Date: {{date}}": "Data fattura successiva: {{date}}",
  "Next Payment": "Pagamento successivo",
  "Next Payment Attempt": "Tentativo di pagamento successivo",
  "Next Payment: {{{date}}}": "Pagamento successivo: {{{date}}}",
  "Next Week": "Prossima settimana",
  "No": "No",
  "No action available": "Nessuna azione disponibile",
  "No Active Meetings found. Click below to go to a Workspace": "Non sono state trovate riunioni attive. Fare clic di seguito per passare a uno spazio di lavoro",
  "No Activities found": "Non sono state trovate attività",
  "No Archived items to show": "Nessun elemento archiviato da visualizzare",
  "No Assignment": "Nessuna assegnazione",
  "No boards found for this group": "Non sono stati trovati board per questo gruppo",
  "No Boards found.": "Non sono stati trovati board.",
  "No boards yet, please create one first": "Nessun board ancora presente, crearne uno",
  "No clients found": "Non è stato trovato alcun client",
  "No Colour": "Nessun colore",
  "No Date": "Nessuna data",
  "No files found": "Non è stato trovato nessun file",
  "No folders found": "Nessuna cartella trovata",
  "No Group": "Nessun gruppo",
  "No invoices to display": "Nessuna fattura da visualizzare",
  "No items were selected": "Non sono stati selezionati elementi",
  "No Label": "Nessuna etichetta",
  "No label": "Nessuna etichetta",
  "No labels defined": "Nessuna etichetta definita",
  "No licences available. Functionality will be limited for new users.": "Nessuna licenza disponibile. Le funzionalità verranno limitate per i nuovi utenti.",
  "No licences found": "Non è stata trovata alcuna licenza",
  "No licences to show": "Nessuna licenza da visualizzare",
  "No organisations found": "Non è stata trovata alcuna organizzazione",
  "No pinned boards": "Nessun board bloccato",
  "No Pinned Boards found.": "Non è stato trovato alcun board bloccato.",
  "No Recent Boards found.": "Non è stato trovato alcun board recente.",
  "No user trials found": "Non è stata trovata alcuna prova utente",
  "No users found": "Non è stato trovato alcun utente",
  "No users to show": "Nessun utente da visualizzare",
  "None": "Nessuno",
  "North America": "Nord America",
  "Not Licensed": "Non concesso in licenza",
  "Not Supported": "Non supportato",
  "Note that file security is managed by {{provider}}, not by Kudos Boards": "Si noti che la protezione dei file è gestita da {{provider}}, non da Kudos Boards",
  "Nothing to show": "Niente da visualizzare",
  "Number of Attempts": "Numero di tentativi",
  "Number of cards": "Numero di schede",
  "Number of Expired Licences": "Numero di licenze scadute",
  "Number of Users": "Numero di utenti",
  "Number of Valid Licences": "Numero di licenze valide",
  "oAuth Client ID": "ID client oAuth",
  "OAuth Client ID": "ID client OAuth",
  "OAuth Client Secret": "Segreto client OAuth",
  "oAuth Client Secret": "Segreto client oAuth",
  "ok": "ok",
  "OK": "OK",
  "Only Entries": "Solo voci",
  "Only the members of this board will be able to see and access this board.": "Solo i membri di questo board potranno visualizzarlo ed effettuare l'accesso.",
  "Only Todos": "Solo To-Do",
  "Open": "Apri",
  "Open Board Options": "Apri opzioni board",
  "Open Boards in:": "Apri boards in:",
  "Open in Boards": "Apri in Boards",
  "Open Licence": "Apri licenza",
  "Open this board": "Apri questo board",
  "Opt in below to receive tips and tricks from the Kudos Boards team to make the most of your premium preview.": "Scegliere di seguito di ricevere suggerimenti dal team Kudos Boards per sfruttare al massimo l'anteprima premium.",
  "Order": "Ordina",
  "Order Summary": "Riepilogo ordine",
  "Order via ISW Partner": "Ordina mediante partner ISW",
  "Org Administration": "Amministrazione org",
  "Organisation": "Organizzazione",
  "Organisation Name": "Nome organizzazione",
  "Organisations": "Organizzazioni",
  "Organise any project productively using the classic Todo, Doing, Done methodology": "Organizza i progetti in modo produttivo utilizzando la metodologia To-Do, In corso, Finito classica",
  "Our Terms & Conditions have changed": "I termini e le condizioni sono stati modificati",
  "Overdue": "Scaduto",
  "owner": "proprietario",
  "Owner": "Proprietario",
  "Owners": "Proprietari",
  "Page Not Found": "Pagina non trovata",
  "Paid": "Pagato",
  "Paste link or drop file to upload": "Incollare il collegamento o trascinare il file per caricarlo",
  "Payment Method": "Metodo di pagamento",
  "Period": "Punto",
  "Person": "Persona",
  "Pin Board": "Blocca board",
  "Pinned": "Messo in evidenza",
  "Pinned Boards": "Board bloccati",
  "Pinned boards": "Board bloccati",
  "Plan and collaborate on tasks on a weekly basis": "Pianifica e collabora ad attività settimanalmente",
  "Please approve the Kudos Boards app to allow it to be added as a tab.": "Approvare l'app Kudos Boards per consentirne l'aggiunta come scheda.",
  "Please approve the Kudos Boards app to use advanced features.": "Approvare l'app Kudos Boards per utilizzare le funzionalità avanzate.",
  "Please contact your Administrator": "Contattare l'amministratore",
  "Please contact your IBM Connections Admin to purchase a licence.": "Contattare l'amministratore IBM Connections per acquistare una licenza.",
  "Please ensure you login with the same Office 365 user account as you are using in Microsoft Teams": "Effettuare l'accesso con lo stesso account utente di Office 365 utilizzato in Microsoft Teams",
  "Please enter a board name": "Immettere un nome di board",
  "Please enter a valid email address": "Immettere un indirizzo email valido",
  "Please enter a valid URL": "Immettere un URL valido",
  "Please enter the number of users in your Connections Cloud Organisation": "Inserire il numero di utenti nella propria organizzazione Connections Cloud",
  "Please enter the number of users you wish to name under this licence": "Inserire il numero di utenti che si desidera indicare in questa licenza",
  "Please read our Terms & Conditions": "Leggere i termini e le condizioni",
  "Please reload the page and try again, if this issue persists please let us know": "Ricaricare la pagina e riprovare; se il problema persiste, si prega di contattarci",
  "Please review your licences here": "Esaminare la licenza qui",
  "Please see the <a href='{{url}}'>new board</a>": "Vedere il <a href='{{url}}'>nuovo board</a>",
  "Please sign in": "Effettuare l'accesso",
  "Please start a trial to use Boards in your {{provider}} organisation": "Avviare una prova per utilizzare Boards nella propria organizzazione {{provider}}",
  "Position": "Posizione",
  "Post": "Pubblica",
  "Premium": "Premium",
  "Premium Preview Status": "Stato anteprima Premium",
  "Preview": "Anteprima",
  "Preview available": "Anteprima disponibile",
  "Previous": "Precedente",
  "Pricing": "Prezzo",
  "primary": "primario",
  "Primary": "Primario",
  "Print": "Stampa",
  "Private (me only)": "Privato (solo io)",
  "Product Information": "Informazioni sul prodotto",
  "Product Version": "Versione del prodotto",
  "Provider": "Provider",
  "Provider not supported": "Provider non supportato",
  "Public": "Pubblico",
  "Public Access": "Accesso pubblico",
  "Public Activities": "Attività pubbliche",
  "Public Boards": "Board pubblici",
  "Public Templates": "Modelli pubblici",
  "Quarterly": "Trimestrale",
  "Questions": "Domande",
  "Quick Edit": "Modifica rapida",
  "Radial": "Radiale",
  "RE-CENTER": "CENTRA DI NUOVO",
  "Reactivate Licence": "Riattiva licenza",
  "reader": "lettore",
  "Reader": "Lettore",
  "Recent": "Recente",
  "Recent boards": "Board recenti",
  "Recent Boards": "Board recenti",
  "Recurring Amount Due: {{recurring}}": "Importo ricorrente dovuto: {{recurring}}",
  "Redeeming Invitation...": "Recupero invito in corso...",
  "Redirecting to Connections Cloud...": "Reindirizzamento a Connections Cloud in corso...",
  "Redirecting to Watson Workspace...": "Reindirizzamento a Watson Workspace in corso...",
  "Refresh": "Aggiorna",
  "Region": "Regione",
  "Reload": "Ricarica",
  "Remaining ({{num}})": "Restanti ({{num}})",
  "Remove Admin": "Rimuovi amministratore",
  "Remove Client": "Rimuovi client",
  "Remove Invite": "Rimuovi invito",
  "Remove Licence": "Rimuovi licenza",
  "Replace": "Sostituisci",
  "Resend Invite": "Invia nuovamente invito",
  "Reset": "Reimposta",
  "Restore": "Ripristina",
  "Restore Card": "Ripristina scheda",
  "Restore items": "Ripristina elementi",
  "Restore List": "Ripristina elenco",
  "Restore mode": "Ripristina modalità",
  "Reverse": "Indietro",
  "Revoke All": "Revoca tutto",
  "Revoke Licence": "Revoca licenza",
  "Role": "Ruolo",
  "Roles": "Ruoli",
  "Rows": "Righe",
  "Sales": "Vendite",
  "Save": "Salvare",
  "Save card for future purchases": "Salva scheda per acquisti futuri",
  "Save Changes": "Salva modifiche",
  "Save link": "Salva collegamento",
  "Scroll To": "Scorri fino a",
  "Search": "Cerca",
  "Search All Templates": "Ricerca in tutti i modelli",
  "Search this view": "Ricerca in questa vista",
  "Search...": "Ricerca...",
  "Select a Board": "Seleziona un board",
  "Select board": "Seleziona il board",
  "Select Board": "Seleziona il board",
  "Select Board Label": "Seleziona etichetta board",
  "Select Card Colours": "Seleziona colori schede",
  "Select Colour": "Seleziona colore",
  "Select Colours": "Seleziona colori",
  "Select Destination Board": "Seleziona un board di destinazione",
  "Select destination folder": "Seleziona una cartella di destinazione",
  "Select File": "Seleziona file",
  "Select Folder": "Seleziona cartella",
  "Select items for delete": "Seleziona elementi da eliminare",
  "Select items for restore": "Seleziona elementi da ripristinare",
  "Select List or Card": "Seleziona elenco o scheda",
  "Select the boards below that you would like to transfer membership over to your primary ({{toName}}) account": "Selezionare i board di seguito a cui si desidera trasferire l'iscrizione sull'account ({{toName}}) primario",
  "Selected Activity": "Attività selezionata",
  "Send an email notifying each member that the Activity has been migrated to a Board.": "Invia una email per comunicare a tutti i membri che l'attività è stata spostata in un board.",
  "Send Invitation": "Invia invito",
  "Send Notification Email to Members": "Invia email di notifica ai membri",
  "Sending invitations": "Invio di inviti in corso",
  "Set as primary account": "Imposta come account principale",
  "Set Dates": "Imposta date",
  "Set enter key press action to create a task when creating new cards in a list.": "Imposta azione di pressione di Invio per creare un'attività quando si creano nuove schede in un elenco.",
  "Setup Subscription": "Configura sottoscrizione",
  "Share with": "Condividi con",
  "Shared by me": "Condivisi dall'utente",
  "Shared with me": "Condivisi con l'utente",
  "Show": "Visualizza",
  "Show all ancestors": "Mostra tutti i progenitori",
  "Show all boards for this team": "Mostra tutti i board per questo elemento",
  "Show Board Menu": "Mostra menu board",
  "Show Filter Options": "Mostra opzioni filtro",
  "Show Less": "Mostra meno",
  "Show Licences for your organisation": "Mostra licenze per l'organizzazione",
  "Show More": "Mostra altro",
  "Show on Card": "Mostra su scheda",
  "Show previous comments": "Mostra commenti precedenti",
  "Show previous links & attachments": "Mostra collegamenti e allegati precedenti",
  "Show Sub-cards": "Mostra schede secondarie",
  "Sign In": "Accedi",
  "Sign in with": "Accedi con",
  "SIGN IN WITH:": "ACCEDI CON:",
  "Sign Out": "Esci",
  "Sign Out of Kudos Boards": "Esci da Kudos Boards",
  "Signing in...": "Accesso in corso...",
  "Signing out...": "Uscita in corso...",
  "Smartcloud": "Smartcloud",
  "Something went wrong.": "Si è verificato un errore.",
  "Source Board/Template": "Board/modello di origine",
  "Source Template": "Modello di origine",
  "Specific Board": "Board specifico",
  "Start a Trial": "Avvia una prova",
  "Start a trial or purchase a subscription to start creating boards": "Avvia una prova o acquista una sottoscrizione per iniziare a creare board",
  "Start Boards Premium Preview": "Avvia anteprima Boards Premium",
  "Start Date": "Data di inizio",
  "Start Free Trial": "Avvia prova gratuita",
  "Start my trial": "Avvia prova personale",
  "Start Now": "Avvia ora",
  "Start page updated": "Avvia pagina aggiornata",
  "Start Page:": "Pagina iniziale:",
  "Starting Balance": "Bilancio iniziale",
  "Starting View": "Vista iniziale",
  "Status": "Stato",
  "Step": "Fase",
  "Sub Cards": "Schede secondarie",
  "Sub Tasks": "Attività secondarie",
  "Submit": "Inoltra",
  "Subscription": "Sottoscrizione",
  "Subscription expired.": "Sottoscrizione scaduta.",
  "Subtotal": "Subtotale",
  "Summary": "Riepilogo",
  "Support for browsers is currently limited.  This browser is not yet supported. <br>Please use one of the following browsers:": "Attualmente il supporto per browser è limitato. Questo browser non è ancora supportato. <br>Utilizzare uno dei browser di seguito:",
  "Tab Content": "Contenuto scheda",
  "Tab Name": "Nome scheda",
  "Tags": "Tags",
  "Tags (optional)": "Tag (opzionale)",
  "Take away meaningful and collaborative notes from any meeting!": "Elimina note significative e collaborative da qualsiasi riunione.",
  "Task": "Attività",
  "Team Boards": "Team Boards",
  "Team Name": "Nome team",
  "Team Name is used as a method to log in to certain authentication providers. e.g. Auth0": "Il nome di team si utilizza come metodo per accedere a certi provider di autenticazione, ad es. Auth0",
  "Template": "Modello",
  "Templates": "Modelli",
  "Templates tagged with": "Modelli contrassegnati con",
  "Text": "Testo",
  "Text Mode": "Modalità testo",
  "That can't be pasted there.": "Impossibile incollare qui.",
  "The board has been deleted": "Il board è stato eliminato",
  "The files below cannot be uploaded to Kudos Boards as they are larger than the limit of {{limit}}": "Impossibile caricare i file di seguito in Kudos Boards poiché sono di dimensioni maggiori del limite di {{limit}}",
  "The following links have already been added to this card:": "I collegamenti di seguito sono già stati aggiunti a questa scheda:",
  "The invite was resent to": "L'invio è stato reinviato a",
  "The selected board(s) were successfully transferred": "I board selezionati sono stati trasferiti correttamente",
  "The selected items have been deleted": "Gli elementi selezionati sono stati eliminati",
  "The selected items have been restored": "Gli elementi selezionati sono stati ripristinati",
  "There was an error when uploading the file. Server response: ": "Si è verificato un errore durante il caricamento del file. Risposta del server: ",
  "This Activity has been migrated to Kudos Boards": "Questa attività è stata spostata in Kudos Boards",
  "This billing cycle affords a {{discount}}% discount": "Questo ciclo di fatturazione consente uno sconto del {{discount}}%",
  "This Board": "Questo board",
  "This Board is available with AUTHOR access to everyone across all organisations.": "Questo board è disponibile con accesso AUTORE a tutti in tutte le organizzazioni.",
  "This Board is available with EDITOR access to everyone across all organisations.": "Questo board è disponibile con accesso EDITOR a tutti in tutte le organizzazioni.",
  "This Board is in one or more Groups": "Questo board si trova in uno o più gruppi",
  "This Board is read-only to everyone across all organisations.": "Questo board è di sola lettura per tutte le organizzazioni.",
  "This Board will be visible to everyone in your organisation. <br>Non-members can create new content and edit their own content.": "Questo board sarà visibile a tutti nell'organizzazione. <br>Gli utenti che non sono membri possono creare nuovo contenuto e modificare il proprio contenuto.",
  "This Board will be visible to everyone in your organisation. <br>Non-members can only view the board's contents.": "Questo board sarà visibile a tutti nell'organizzazione. <br>Gli utenti che non sono membri possono visualizzare solo i contenuti del board.",
  "This Board will be visible to everyone in your organisation. <br>Please note: This access level allows non-members to edit <b>all</b> board content.": "Questo board sarà visibile a tutti nell'organizzazione. <br>Nota: questo livello di accesso consente agli utenti che non sono membri di modificare <b>tutti</b> i contenuti del board.",
  "This card will be restored with its parent": "Questa scheda verrà ripristinata insieme alla relativa scheda principale",
  "This Community": "Questa comunità",
  "This feature is coming soon!": "Questa funzione sarà disponibile a breve.",
  "This feature is currently not supported by the IBM Connections Cloud API": "Attualmente questa funzione non è supportata da API IBM Connections Cloud",
  "This field is required": "Questo campo è obbligatorio",
  "This invoice has been closed. Payment will not be automatically attempted again. Contact support for more information": "Questa fattura è stata chiusa. Il pagamento non verrà più tentato automaticamente. Per ulteriori informazioni contattare l'assistenza",
  "This is a Free trial of Kudos Boards and will expire in {{numDays}} day(s).": "Questa è una prova gratuita di Kudos Boards e scadrà tra {{numDays}} giorni.",
  "This is a read-only preview of this Activity. Import to Boards for full functionality": "Questa è un'anteprima a sola lettura di questa attività. Per ottenere la funzionalità completa, effettuare l'importazione in Boards",
  "This licence grants access to a set number of users as they use the app. You may view the user-licences already assigned.": "Questa licenza concede l'accesso a un numero di utenti predefinito che utilizzano l'app. È possibile visualizzare le licenze utente già assegnate.",
  "This licence has been cancelled.": "Questa licenza è stata annullata.",
  "This licence only grants access to a selected group of named users. Access will not be granted to users not named by the Org Admins. You can view and edit the named users from the Admin settings.": "Questa licenza consente l'accesso solo a un gruppo selezionato di utenti indicati. L'accesso non sarà concesso a utenti non indicati dagli amministratori dell'organizzazione. È possibile visualizzare e modificare gli utenti indicati dalle impostazioni di amministrazione.",
  "This option is only available when paying by credit card": "Questa opzione è disponibile solo quando si effettua il pagamento con carta di credito",
  "This option is only editable if paying by credit card": "Questa opzione è modificabile solo se si effettua il pagamento con carta di credito",
  "This team account is already linked": "Questo account di team è già collegato",
  "This will go to your provider for an administrator to approve access to Kudos Boards": "Questo verrà inviato al provider affinché un amministratore approvi l'accesso a Kudos Boards",
  "This will permanently delete the board and all its data, are you sure?": "Questa operazione eliminerà definitivamente il board e tutti i relativi dati, procedere?",
  "This will remove this data permanently from the board, are you sure?": "Questa operazione eliminerà questi dati definitivamente dal board, procedere?",
  "Thursday": "Giovedì",
  "Tile Colours": "Colori finestre",
  "Timeline": "Linea temporale",
  "Timeline View": "Vista linea temporale",
  "Title": "Titolo",
  "to go to Connections Cloud, then access Kudos Boards via the link in the 'Apps' menu.": "per passare a Connections Cloud, quindi effettuare l'accesso a Kudos Boards mediante il collegamento nel menu \"Apps\".",
  "To interact with this card the parent will need to be restored": "Per interagire con questa scheda è necessario ripristinare la scheda principale",
  "To unselect this card you will need to unselect its parent": "Per deselezionare questa scheda è necessario deselezionare la scheda principale",
  "to view this content": "per visualizzare questo contenuto",
  "Today": "Oggi",
  "Todo": "To-Do",
  "Todos": "To-Do",
  "Todos by Date": "To-Do per data",
  "Todos by Due Date": "To-Do per data di scadenza",
  "Toggle Completion": "Attiva/disattiva completamento",
  "Toggle Editor": "Attiva/disattiva editor",
  "Toggle Sidebar": "Attiva/disattiva barra laterale",
  "Tomorrow": "Domani",
  "Total": "Totale",
  "Transfer Board Membership": "Trasferisci iscrizione a board",
  "Transfer Membership": "Trasferisci sottoscrizione",
  "TRIAL": "PROVA",
  "Trial": "Prova",
  "Trial End Date: {{trialEnd}}": "Data di fine della prova: {{trialEnd}}",
  "Trial expired": "Prova scaduta",
  "Trial expired.": "Prova scaduta.",
  "Trial extended {{extensions}} time(s)": "Prova estesa {{extensions}} volte",
  "Try again": "Riprovare",
  "Tuesday": "Martedì",
  "Type": "Tipo",
  "Type to filter archive": "Inserire del testo per filtrare l'archivio",
  "Type to filter list": "Inserire del testo per filtrare questo elenco",
  "Type to filter members": "Inserire del testo per filtrare i membri",
  "Type to search": "Digitare per ricercare",
  "Unassigned": "Non assegnato",
  "Undo": "Annulla",
  "UNDO": "ANNULLA",
  "Unit price: {{unitPrice}} per user": "Prezzo unitario: {{unitPrice}} per utente",
  "Unknown Connections Cloud organisation. Redirecting...": "Organizzazione Connections Cloud sconosciuta. Reindirizzamento in corso...",
  "Unknown Team": "Team sconosciuto",
  "Unlimited": "Illimitata",
  "Unlink account": "Scollega account",
  "Unlink Board": "Scollega board",
  "Unlink {{fromName}} Account": "Scollega account {{fromName}}",
  "Unlock Kudos Boards Premium Preview": "Sblocca anteprima Premium Kudos Boards",
  "Unpaid": "Non pagato",
  "Unpin Board": "Sblocca board",
  "Unscheduled cards": "Schede non pianificate",
  "Update": "Aggiorna",
  "Updated": "Aggiornato",
  "Updated Since Last Accessed": "Aggiornamenti dall'ultimo accesso",
  "Updated {{ date }}": "Aggiornato {{ date }}",
  "Updating...": "Aggiornamento in corso...",
  "Upload": "Carica",
  "Upload file from computer": "Carica file dal computer",
  "Upload to Kudos Boards": "Carica in Kudos Boards",
  "Upload Users": "Carica utenti",
  "Upload Users from CSV": "Carica utenti da CSV",
  "uploaded successfully": "caricamento riuscito",
  "Uploading file:": "Caricamento file:",
  "URL": "URL",
  "URL of Connections header frame (optional)": "URL del frame di intestazione Connections (opzionale)",
  "Use another file service": "Utilizzare un altro servizio di file",
  "Use current account": "Utilizza account corrente",
  "Use Email": "Utilizza email",
  "Use the Kudos Boards File Attachment Service for attaching files to cards": "Utilizzare il servizio di file allegati Kudos Boards per allegare file a schede",
  "Use {{provider}} instead": "Utilizzare {{provider}} invece",
  "Used": "Utilizzato",
  "User": "Utente",
  "User Emails": "Email utente",
  "User ExternalID": "ExternalID utente",
  "User Licences": "Licenze utente",
  "User Options": "Opzioni utente",
  "User Trials": "Prove utente",
  "User upload success!": "Caricamento utente riuscito.",
  "Username": "Nome utente",
  "Users": "Utenti",
  "Users may need to be added to the destination board to maintain access to their assigned todos.": "Può essere necessario aggiungere gli utenti al board di destinazione per mantenere l'accesso ai relativi To-Do assegnati.",
  "Users: {{num}}": "Utenti: {{num}}",
  "Vertical": "Verticale",
  "View": "Visualizza",
  "View and Accept ↗": "Visualizza e accetta ↗",
  "View Details": "Visualizza dettagli",
  "View licences": "Visualizza licenze",
  "View subscriptions": "Visualizza sottoscrizioni",
  "View Subscriptions": "Visualizza sottoscrizioni",
  "Want to know more?": "Si desiderano ulteriori informazioni?",
  "Warning: you are not authorised to add members in this board": "Avvertenza: non si dispone dell'autorizzazione all'aggiunta di membri nel board",
  "We found one board linked your {{fromName}} user account. Once you unlink the account you may no longer have access to this board.": "È stato trovato un board collegato all'account utente {{fromName}}. Se si scollega l'account non si dispone più dell'accesso al board.",
  "We found {{count}} boards linked to your {{fromName}} user account. Once you unlink the account you may no longer have access to these boards.": "Sono stati trovati {{count}} board collegati all'account utente {{fromName}}. Se si scollega l'account non si dispone più dell'accesso ai board.",
  "We recommended you change the widget title from the actions menu above": "Si consiglia di modificare il titolo del widget dal menu delle azioni in alto",
  "Wednesday": "Mercoledì",
  "Weekdays": "Giorni della settimana",
  "Welcome": "Benvenuto",
  "Welcome to Kudos Boards": "Benvenuti in Kudos Boards",
  "When you unlock Kudos Boards Premium View, your current Activities will immediately be available in Board, Timeline and MindMap view.": "Quando si sblocca la vista Kudos Boards Premium, le attività correnti sono immediatamente disponibili nella vista Board, Linea temporale e MindMap.",
  "Widget Settings": "Impostazioni widget",
  "yearly": "annuale",
  "Yearly": "Annuale",
  "Yes": "SI",
  "Yes Please": "Sì, grazie",
  "You are in DELETE mode, select items to delete": "Modalità ELIMINA attiva, selezionare gli elementi da eliminare",
  "You are in restore mode, select items to restore": "Modalità ripristino attiva, selezionare gli elementi da ripristinare",
  "You are not a direct member of this board. Please consider leaving any Groups that may be members of this board.": "L'utente non è un membro diretto di questo board. Considerare l'abbandono dei gruppi che possono essere membri di questo board.",
  "You are not allowed to leave this Board. Please consider archiving board.": "L'utente non dispone dell'autorizzazione per abbandonare questo board. Considerare l'archiviazione del board.",
  "You are not authorised to access this resource": "L'utente non è autorizzato ad accedere a questa risorsa",
  "You are not licensed to access this resource.": "L'utente non è autorizzato ad accedere a questa risorsa",
  "You are the only owner of this board. Please consider adding other owners or archiving this board instead.": "L'utente è l'unico proprietario del board. Considerare l'aggiunta di altri proprietari o l'archiviazione del board.",
  "You can enhance your workflow by unlocking Kudos Boards Premium Preview. In addition to your Activities view, you’ll also be able to work in the Boards, Timeline and Mind Map views!": "È possibile migliorare il flusso di lavoro sbloccando l'anteprima Kudos Boards Premium. Oltre alla vista delle attività, sarà possibile lavorare nelle viste Board, Linea temporale e Mind Map.",
  "You have READ ONLY access to this Board": "Si dispone di accesso in SOLA LETTURA a questo board",
  "You have {{remaining}} day(s) remaining in your premium preview.": "Restano {{remaining}} giorni nell'anteprima premium.",
  "Your account's email address and other admin emails for your org ({{emails}}) are already included": "L'indirizzo emali dell'account dell'utente e di altri amministratori dell'organizzazione ({{emails}}) sono già inclusi",
  "Your api key for kudos boards is shown below": "La chiave api per kudos boards è mostrata di seguito",
  "Your changes have been saved": "Le modifiche sono state salvate",
  "Your initial premium preview with {{orgName}} has expired. Click extend if you would like to continue access for an additional 30 days": "L'anteprima premium iniziale con {{orgName}} è scaduta. Fare clic su Estendi per proseguire l'accesso per altri 30 giorni",
  "Your premium preview expires today.": "L'anteprima premium scade oggi.",
  "Your premium preview has expired, Let your administrator know you'd like to continue using Kudos Boards Premium view.": "L'anteprima premium è scaduta, comunicare all'amministratore che si desidera continuare a utilizzare la vista Kudos Boards Premium.",
  "Your session with {{provider}} has expired. Redirecting...": "La sessione con {{provider}} è scaduta. Reindirizzamento in corso...",
  "Your session with {{provider}} has expired. Some functionality (ie notifications, groups, files) will be restricted until you login again.": "La sessione con {{provider}} è scaduta. Alcune funzionalità (ad es. notifiche, gruppi, file) verranno limitate fino al prossimo accesso.",
  "{{count}} more card(s) this way": "Altre {{count}} schede in questo modo",
  "{{num}} users": "{{num}} utenti",
  "{{quantity}} x subscriptions to '{{plan.name}}' ({{planPrice}} / {{plan.interval}})": "{{quantity}} sottoscrizioni a \"{{plan.name}}\" ({{planPrice}} / {{plan.interval}})",
  "{{remaining}} days of trial remaining": "{{remaining}} giorni di prova restanti",
  "{{remaining}} days remaining in your premium preview.": "{{remaining}} giorni restanti nell'anteprima premium.",
  "{{userTrialCount}} user(s) have started a trial of Kudos Boards Premium": "{{userTrialCount}} utenti hanno avviato una prova di Kudos Boards Premium"
}