{
  "": "",
  "'{{userName}}' will not be able to view the message because they cannot access this Board": "‘{{userName}}'は、このボードにアクセスすることができないので、このメッセージを確認することはありません",
  "(Copy Of) ": "（コピー）",
  "A problem occurred when creating invite": "招待の作成中に問題が発生しました",
  "A problem occurred when deleting node": "ノードの削除中に問題が発生しました",
  "A problem occurred when getting a node": "ノードの獲得中に問題が発生しました",
  "A problem occurred when redeeming invite": "招待の引き換え中に問題が発生しました",
  "A problem occurred when removing invite": "招待の削除中に問題が発生しました",
  "A problem occurred when removing member": "メンバーの削除中に問題が発生しました",
  "A problem occurred when saving invite": "招待の保存中に問題が発生しました",
  "A problem occurred when saving member": "メンバーの保存中に問題が発生しました",
  "A problem occurred when saving node": "ノードの保存中に問題が発生しました",
  "A problem occurred when updating invite": "招待の更新中に問題が発生しました",
  "A user with that email address already exists": "このメール・アドレスを持つユーザーが既に存在します",
  "A user with that email address already exists as a member of this board": "このメール・アドレスを持つユーザーがこのボードのメンバーとして既に存在します",
  "Accessed in the Last Month": "過去 1 カ月にアクセス",
  "Accessed since": "それ以来のアクセス",
  "Account Balance: {{credit}}": "アカウント残高：{{credit}}",
  "Account Unlinked": "リンクされていないアカウント",
  "Actions": "アクション",
  "Active": "アクティブ",
  "Active Boards": "アクティブなボード",
  "Active Workspace Meetings": "アクティブなワークスペース・ミーティング",
  "Activities": "Activities",
  "Activities Plus": "Activities プラス",
  "Activities/Boards": "Activities/Boards",
  "Activities/Boards Search Results": "Activities/Boards 結果を検索",
  "Activity": "アクティビティー",
  "Activity Migration": "アクティビティーのマイグレーション",
  "Activity Name": "アクティビティー名",
  "Activity data is loading...": "アクティビティー・データをロード中...",
  "Add": "追加",
  "Add Attachment": "添付ファイルを追加",
  "Add Bookmark": "ブックマークを追加",
  "Add Client": "クライアントの追加",
  "Add Custom Field": "カスタムフィールドを追加",
  "Add Label": "ラベルを追加",
  "Add Licence": "ライセンスの追加",
  "Add Link to Activity": "Activityにリンクを追加",
  "Add Member": "メンバーの追加",
  "Add Organisation": "および組織",
  "Add User": "ユーザーを追加",
  "Add a Card": "カードを追加",
  "Add a Comment": "コメントを削除",
  "Add a Description": "説明を追加",
  "Add a List": "リストを追加",
  "Add a Tag": "タグを追加",
  "Add a list": "リストを追加",
  "Add an attachment or link": "添付ファイルまたはリンクを追加",
  "Add another": "その他を追加",
  "Add file": "ファイルを追加",
  "Add individuals or groups as members, or invite by email": "個人またはグループをメンバーとして追加、またはメールで招待します",
  "Add label '{{filter}}'": "ラベル '{{filter}}' の追加",
  "Add members": "メンバーを追加",
  "Add people to your board or invite by email": "ユーザーをボードに追加",
  "Admin Users": "管理ユーザー",
  "Admin approval failed": "管理承認に失敗しました",
  "Administrator approval required.": "管理者による承認が必要です。",
  "Administrators": "管理者",
  "Advanced": "詳細",
  "Agenda": "議題",
  "All": "全て",
  "All Activities": "全アクティビティ",
  "All Boards": "すべてのボード",
  "All Templates": "全テンプレート",
  "All cards are scheduled.": "すべてのカードがスケジュールされています。",
  "Allow Invite by Email": "メールによる招待を許可する",
  "Already linked": "既にリンクされています",
  "Amount": "総額",
  "Amount Due": "未払い額",
  "Amount Due Now: {{due}}": "期限を迎えたお支払い額：{{due}}",
  "Amount Paid": "支払い済み",
  "An account of this type already linked": "このタイプのアカウントは既にリンクされています",
  "An invitation for the specified email address already exists on this board": "指定したメール・アドレスの招待はこのボードに既に存在します",
  "App for Internal Boards Deployment": "内部Boards デプロイメント用のアプリ",
  "App with Notifications": "通知付きアプリ",
  "Apply Template": "テンプレートの適用",
  "Approve": "承認",
  "Approve Advanced Features": "拡張機能の承認",
  "Archive": "アーカイブ",
  "Archive Card": "カードをアーカイブに追加",
  "Archive Cards in List": "リスト内カードをアーカイブに追加",
  "Archive List": "アーカイブリスト",
  "Archived": "アーカイブに追加済み",
  "Archived Boards": "アーカイブに追加済みのボード",
  "Archived Templates": "アーカイブに追加済みのテンプレート",
  "Are You Sure?": "本当によろしいですか？",
  "Are you sure you want to cancel this licence? This will take effect at the end of the current period.": "このライセンスをキャンセルしてもよろしいですか？これは、現在の期間の終了時に実行されます。",
  "Are you sure you want to delete this licence? CAUTION: This will delete any associated credit card information": "このライセンスを削除してもよろしいですか？ 注意：関連するクレジットカード情報は削除されます",
  "Are you sure you want to reactivate this licence?": "このライセンスを再度有効にしてもよろしいですか？",
  "Are you sure you want to unlink your {{provider}} account?": "{{provider}} アカウントのリンクを解除しますか?",
  "Are you sure you wish to leave '{{boardName}}'? This action cannot be undone by you.": "‘{{boardName}}'から離脱してもよろしいですか？ このアクションはあなたにより取り消すことはできません。",
  "Are you sure?": "よろしいですか?",
  "Are you sure? This will reinstate the previous billing schedule": "よろしいですか?これにより前の請求スケジュールに戻ります",
  "Are you sure? This will take effect at the end of the current billing cycle": "よろしいですか?これは現在の請求サイクルの終了時に有効になります",
  "Asia Pacific": "アジア太平洋",
  "Assign Users": "ユーザーを割り当てる",
  "Assigned": "割り当て済み",
  "Assigned To Me": "自分が担当",
  "Assigned Users that will be added to the Destination Board": "目的のボードに追加される、仕事を割り当てられているユーザー",
  "Assigned to": "担当者",
  "Assignees": "担当者",
  "Assignments": "仕事",
  "Attach": "添付",
  "Attachments": "添付ファイル",
  "Auth0 url": "Auth0 の URL",
  "Authentication Clients": "認証クライアント",
  "Author": "著者",
  "Back": "戻る",
  "Back to Boards": "ボードに戻る",
  "Back to Colour Selection": "色選択に戻る",
  "Bad Request": "不正なリクエスト",
  "Best viewed in fullscreen": "全画面で最適に表示",
  "Billing Cycle": "請求の周期",
  "Billing period: {{interval}}": "請求期間: {{interval}}",
  "Blank": "空白",
  "Board": "ボード",
  "Board Archive": "ボードアーカイブ",
  "Board Labels": "ボードラベル",
  "Board Members": "ボードメンバー",
  "Board Name": "ボード名",
  "Boards": "ボード",
  "Boards User Data": "Boards ユーザーデータ",
  "Boards linked directly to this user": "ボードはこのユーザーに直接リンクされています",
  "Boards linked through group membership": "ボードはグループ・メンバーシップを介してリンクされています",
  "Boards premium preview": "ボードのプレミアム・プレビュー",
  "Bookmarks": "ブックマーク",
  "Buy Licence": "ライセンス購入",
  "Buy Online": "オンラインで購入",
  "CVC": "CVC",
  "Cancel": "キャンセル",
  "Cancel Licence": "ライセンスをキャンセル",
  "Cancelled": "キャンセル済み",
  "Cannot Leave Board": "ボードを離脱することはできません",
  "Card Name": "カード名",
  "Card Number": "カード番号",
  "Cards": "カード",
  "Central Europe": "中央ヨーロッパ",
  "Choose a Template": "テンプレートの選択",
  "Choose a board": "ボードの選択",
  "Classic": "クラシック",
  "Clear Search": "検索をクリア",
  "Clear Selected": "選択を解除",
  "Clear Selected Filters": "選択したフィルターをクリア",
  "Click for details": "クリックして、詳細を表示します",
  "Click for more information": "クリックして詳しい情報を確認",
  "Click for more information about approving advanced features": "クリックして、拡張機能の承認についての詳細情報を表示します",
  "Click here": "ここをクリック",
  "Click here for details": "ここをクリックして、詳細を表示します",
  "Click here for details.": "ここをクリックして、詳細を表示します。",
  "Click here to buy a licence online or get a quote": "オンラインでライセンスを購入するか、見積もりを入手するには、ここをクリックしてください",
  "Click here to start a 30 day free trial for your organisation. Contact support for trials with more users.": "あなたの組織で30日間無料トライアルを開始するには、ここをクリックしてください。 より多くのユーザーともなう試用については、サポートにお問い合わせください。",
  "Click to see more details": "クリックして詳細を表示します",
  "Client": "顧客",
  "Clients": "顧客",
  "Close": "閉じる",
  "Close Activity After Import": "インポート後にアクティビティを閉じる",
  "Close Board Menu": "ボードメニューを閉じる",
  "Close the activity after the import has completed successfully. You can still access it through 'Trash'": "インポートが正常に完了したら、アクティビティを閉じます。「ゴミ箱」からアクセスすることは可能です。",
  "Closed": "停止",
  "Collaborate on projects involving different departments": "部門を跨いだプロジェクトの共同作業",
  "Collapse": "省略表示",
  "Colour": "色",
  "Colour Labels": "カラーラベル",
  "Colour-Tags": "カラータグ",
  "Colours": "色",
  "Column View": "カラム表示",
  "Comment": "コメント",
  "Comment on": "コメント",
  "Comments": "コメント",
  "Community": "コミュニティ",
  "Community Activities": "コミュニティアクティビティ",
  "Community Templates": "コミュニティテンプレート",
  "Complete Todos": "完了したto-do",
  "Completed": "完了",
  "Configuration": "設定",
  "Confirm": "確認",
  "Confirmation Required": "確認が必要です",
  "Connections Cloud session expired. Click here to validate.": "Connections Cloudのセッション期限が切れました。ここをクリックして有効化してください。",
  "Connections On-Premise": "Connectionsオンプレミス",
  "Connections URL": "Connections URL",
  "Contact Email": "連絡先メールアドレス",
  "Contact Name": "連絡先氏名",
  "Contact Support": "サポートへ連絡",
  "Contact your System Administrator for more information or email us at": "システム管理者に連絡を取り詳細を確認するか、当社までメールでご連絡ください→",
  "Content": "コンテンツ",
  "Continue": "続行",
  "Continue Without Transferring": "移転せずに続行します",
  "Convert into Entry": "エントリーに変換",
  "Convert into Todo": "to-doに変換",
  "Copy embed code": "埋め込みコードのコピー",
  "Copy embed code to clipboard": "埋め込みコードのクリップボードへのコピー",
  "Create": "作成",
  "Create Board": "ボードを作成",
  "Create Board from Template": "テンプレートからボードを作成",
  "Create Boards for anything, manage your workflow, and streamline processes with template creation.": "何らかのボードを作成、ワークフローを管理、およびテンプレート作成のプロセスを効率化します。",
  "Create Copy": "コピーを作成",
  "Create Link to Board": "掲示板へのリンクを作成する",
  "Create Template": "テンプレートを作成",
  "Create Template from Board": "ボードからテンプレートを作成",
  "Create a new board": "新しいボードの作成",
  "Create card": "カードの作成",
  "Create your own structure for organising projects, workflows, ideas and more!": "プロジェクト、ワークフロー、アイデアなどを整理するために独自の構造を作成しましょう！",
  "Create {{numCards}} cards?": "{{numCards}} のカードを作成しますか?",
  "Create {{numCards}} lists?": "{{numCards}} のリストを作成しますか?",
  "Created": "作成済み",
  "Created By Me": "自分が作成",
  "Created {{ date }}": "{{ date }} に作成しました",
  "Created: {{date}}": "作成済み: {{date}}",
  "Credit Card Ending in {{last4}}": "下4桁が{{last4}}のクレジットカード",
  "Current Account:": "現在のアカウント：",
  "Currently the ability to search for groups in {{provider}} is not available until an administrator grants permissions for your organisation. ": "現在、{{provider}} でのグループの検索は、管理者が組織に権限を付与するまで使用できません。",
  "Curve": "カーブ",
  "Custom Fields": "カスタムフィールド",
  "Customer ID": "顧客ID",
  "Date": "日付",
  "Decisions": "決定",
  "Default templates to exclude": "除外するデフォルトテンプレート",
  "Delete": "削除",
  "Delete Board": "ボードを削除",
  "Delete Card": "カードを削除",
  "Delete Comment": "コメント削除",
  "Delete File": "ファイルを削除",
  "Delete Label": "ラベルを削除",
  "Delete Link": "リンクを削除",
  "Delete List": "リストを削除",
  "Delete Selected Items": "選択したアイテムを削除",
  "Delete items": "アイテムを削除",
  "Delete mode": "削除モード",
  "Deleted": "削除済み",
  "Deleting": "削除中",
  "Departments": "部署",
  "Description": "説明",
  "Description (optional)": "説明（任意）",
  "Details": "詳細",
  "Direct Order via ISW": "ISWを介した直接のご注文",
  "Discount": "割引",
  "Discount Code (optional)": "割引コード（任意）",
  "Discount: {{discount}}": "割引：{{discount}}",
  "Display an existing board": "既存のボードの表示",
  "Documentation": "情報書類",
  "Doing": "実行中",
  "Don't worry you wont lose any data, all content created in Boards Premium views will still be accessible from the Activity View.": "データを失う心配はありません。Boards Premiumビューで作成されたすべてのコンテンツは、Activityビューから引き続きアクセスできます。",
  "Done": "完了",
  "Done ({{num}})": "完了 ({{num}})",
  "Download": "ダウンロード",
  "Download Teams App": "Teams アプリをダウンロード",
  "Download file": "ファイルをダウンロード",
  "Drop file here to save": "ここにファイルをドロップで保存",
  "Due": "期限",
  "Due Date": "期限",
  "Due date": "期日",
  "Earliest Licence Expired on": "最も古い失効したライセンス→",
  "Earliest Upcoming Expiry": "一番早い期限",
  "Edit": "編集",
  "Edit Board Colour Labels": "ボードのカラーラベルを編集",
  "Edit Client": "顧客を編集",
  "Edit Client Licence": "クライアントのライセンスを編集",
  "Edit Colour Labels": "カラーラベルを編集",
  "Edit Comment": "コメントを編集",
  "Edit Description": "説明を編集",
  "Edit Filename": "ファイル名を編集",
  "Edit Label": "ラベルの編集",
  "Edit Licence": "ライセンスの編集",
  "Edit Link": "リンクを編集",
  "Edit Tile Colour Labels": "タイトルカラーラベルを編集",
  "Edit Title": "タイトルを編集",
  "Edit User Licence": "ユーザーのライセンスを編集",
  "Edit label": "ラベルを編集",
  "Edit name": "名前の編集",
  "Edited": "編集済み",
  "Editor": "編集者",
  "Email": "メールアドレス",
  "Email Address": "メール・アドレス",
  "Email Us": "メールでのお問い合わせ",
  "Email address is required": "メール・アドレスが必要です",
  "Email addresses to copy invoices to": "請求書のコピーを送信するメールアドレス",
  "Email addresses to copy quote to": "見積もりのコピーを送信するメールアドレス",
  "Embed code copied to clipboard": "埋め込みコードがクリップボードにコピーされました",
  "Empty Lists": "空白のリスト",
  "Enable Boards File Uploads": "ボード・ファイルのアップロードを有効にします",
  "Enabled": "有効",
  "End Date": "終了日",
  "Ending Balance": "終了残高",
  "Enter Label": "ラベルを入力",
  "Enter New Name": "新しい名前を入力します",
  "Enter Text": "テキストを入力",
  "Enter a title for the link (Optional)": "リンクのタイトルを入力（任意）",
  "Enter an email address": "メール・アドレスを入力します",
  "Enter label name": "ラベル名を入力",
  "Entry": "エントリー",
  "Error": "エラー",
  "Error creating board": "ボード作成時にエラーが発生しました",
  "Error processing quote request. Please email sales@kudosbadges.com": "見積もりの生成リクエストに失敗しました。sales@kudosbadges.comまでご連絡ください",
  "Error processing your request": "リクエストの処理中にエラーが発生しました",
  "Error starting trial": "試用開始に問題が発生しました",
  "Error uploading file": "ファイルのアップロードエラー",
  "Error: an unknown error occurred - cannot move": "エラー：不明なエラーが発生しました。移動することができません",
  "Error: you are not authorised to add content to this board": "エラー：このボードにコンテンツを追加する権限がありません",
  "Existing Kudos Partner (optional)": "既存のKudosパートナー（任意）",
  "Existing Login Detected": "既存のログイン情報が検知されました",
  "Existing Tab": "既存のタブ",
  "Expand": "展開",
  "Expand/Collapse": "展開/折りたたむ",
  "Expand/Collapse All Lists": "全てのリストを展開/折りたたむ",
  "Expired": "期限切れ",
  "Expires": "期限",
  "Expires: {{date}}": "期限切れ: {{date}}",
  "Expires: {{{date}}}": "期限切れ: {{{date}}}",
  "Expiry": "期限",
  "Expiry Date": "有効期限",
  "Explore the Template Library": "テンプレートライブラリを見る",
  "Extend": "延長",
  "ExternalId": "ExternalId",
  "Fields": "フィールド",
  "Filter Activities to migrate": "マイグレーションのアクティビティーをフィルターします",
  "Filters": "フィルター",
  "Finance": "財務",
  "Find a Group": "グループを検索します",
  "Find a User": "ユーザーを探す",
  "Finding your Connections Cloud Organisation...": "Connections Cloud整理を探索中です…",
  "Found {{count}} users with Boards user data.": "Boardsのユーザーデータで、{{count}} 人のユーザーが見つかりました。",
  "Free": "空き",
  "Free Trial": "無料試用",
  "Friday": "金曜日",
  "From Provider": "プロバイダーから",
  "Functionality is currently limited.": "現在、機能は制限されています。",
  "Furthest Upcoming Expiry": "一番遅い期限",
  "Future": "未来",
  "General": "一般",
  "Get a Licence Quote": "ライセンスの見積もりを請求",
  "Get a Quote": "見積もりをもらう",
  "Give users the ability to invite external users to a Board by email address": "ユーザーがメール・アドレスで外部ユーザーをボードに招待できるようにします",
  "Global Access": "グローバルアクセス",
  "Global OAuth": "グローバル OAuth",
  "Go to Today": "今日に移動",
  "Go to licence": "ライセンスに移動",
  "Goals": "目標",
  "Group": "グループ",
  "Group Boards": "コミュニティボード",
  "Group By": "グループ化",
  "Group Owners: Owners of this Board.</br>Group Members: Authors of this Board": "コミュニティ所有者：このボードの所有者</br>コミュニティメンバー：このボードの著者",
  "Groups": "コミュニティ",
  "HR": "人事",
  "Help": "ヘルプ",
  "Hide": "隠す",
  "Hide Completed Todos": "完了したto-doを隠す",
  "Hide Dates": "日付の非表示",
  "Horizontal": "横向き",
  "How would you like to proceed?": "どのように続行しましょうか？",
  "I accept the above Terms & Conditions": "上記の契約条件に同意します",
  "I accept the terms of service": "利用規約に同意します",
  "ID": "ID",
  "IT": "IT",
  "If this setting is switched off, cards are created as entries on enter press.": "この設定がオフの場合、Enter が押されるとカードがエントリーとして作成されます。",
  "Ignore Completed": "辞退が完了しました",
  "Ignore Deleted": "辞退が削除されました",
  "Ignore Templates": "辞退テンプレート",
  "Import": "インポート",
  "Import From Activities": "アクティビティからインポート",
  "Import an Activity": "アクティビティをインポート",
  "Import an Activity Template": "アクティビティテンプレートをインポート",
  "Import from Activities": "アクティビティからインポート",
  "In a Group": "グループ内",
  "Include email body in description": "メール本文を説明に含めます",
  "Inherit": "継承",
  "Inherit from Group": "コミュニティから継承",
  "Inherited from Group": "グループから継承",
  "Integration Env": "統合環境",
  "Internal server error": "内部サーバーエラー",
  "Invitation sent to": "招待の送信先",
  "Invite": "招待",
  "Invite by Email": "メールによる招待",
  "Invite sent on": "招待が転送されました",
  "Invoice": "請求書",
  "Invoice Details": "請求書の詳細",
  "Invoices": "請求書",
  "Invoices for": "請求書 - ",
  "Is Enabled": "が有効化されました",
  "Is Trial": "は試用です",
  "It is valid until {{expiry}}.": "{{expiry}}まで有効です。",
  "Items": "項目",
  "Join Workspace Meetings": "ワークスペース・ミーティングに参加します",
  "Kanban": "カンバン",
  "Kanban View": "カンバン表示",
  "Kudos Boards": "Kudos Boards",
  "Kudos Boards - Terms & Conditions": "Kudos Boards - 契約条件",
  "Kudos Boards API": "Kudos Boards API",
  "Kudos Boards cannot be added as a tab until an administrator approves required functionality": "管理者が必要な機能を承認するまで、Kudos Boards をタブとして追加できません。",
  "Kudos Boards has been updated in the background. Please reload the app!": "Kudos Boards がバックグラウンドで更新されました。アプリケーションをリロードしてください。",
  "Kudos Partner Reference Code (optional)": "Kudosパートナー参照コード（任意）",
  "Kudos Team Name": "Kudos チーム名",
  "Label deleted": "ラベルを削除しました",
  "Labels": "ラベル",
  "Last Accessed": "最終アクセス",
  "Last Licence Expired on": "最も新しい失効したライセンス→",
  "Later This Month": "今月末",
  "Later This Week": "今週末",
  "Layout": "レイアウト",
  "Leave Board": "ボードを離脱",
  "Licence Assigned": "割当済ライセンス",
  "Licence Details": "ライセンスの詳細",
  "Licence Type": "ライセンス・タイプ",
  "Licence expired": "ライセンスの有効期限が切れました",
  "Licences": "ライセンス",
  "Licenses": "ライセンス",
  "Licensing": "ライセンス契約",
  "Limit": "制限",
  "Line": "行",
  "Line Items": "ラインアイテム",
  "Lines in file:": "ファイルのライン：",
  "Link": "リンク",
  "Link Accounts": "アカウントを接続",
  "Link Exists": "リンクが存在します",
  "Link another Kudos Boards account": "別の Kudos Boards アカウントをリンクします",
  "Link another account": "別のアカウントをリンクします",
  "Link to Board": "ボードにリンク",
  "Link to Card, List or Board": "カード、リストまたはボードへのリンク",
  "Link to File": "マイファイルから選択",
  "Link to Folder": "フォルダーへのリンク",
  "Link {{provider}} with the current account": "{{provider}}を現在のアカウントに接続",
  "Linked Accounts": "リンク済みアカウント",
  "Linked Groups": "リンク済みのコミュニティ",
  "Links": "リンク",
  "Links & Attachments": "リンクと添付ファイル",
  "List": "リスト",
  "List Name": "リスト名",
  "List View": "リスト表示",
  "List all Boards": "すべてのボードのリスト",
  "Lists": "リスト",
  "Lite": "ライト",
  "Local": "ローカル",
  "Logging in, please wait...": "ログイン中です…少々お待ちください…",
  "Login": "ログイン",
  "Logout": "ログアウト",
  "Look in": "検索範囲",
  "Make the most of your Kudos Boards Premium Preview": "Kudos Boards プレミアム・プレビューを最大限に活用します",
  "Manage Org": "組織の管理",
  "Manage Payments": "支払い情報の管理",
  "Mark Activity Complete": "Activity を完了としてマーク",
  "Mark Board as Complete": "ボードを完了としてマークする",
  "Mark Board as Incomplete": "ボードを未完了としてマークする",
  "Mark Complete": "完了としてマークする",
  "Mark Incomplete": "未完了としてマークする",
  "Marketing": "マーケティング",
  "Match All Filters": "全フィルターに該当",
  "Meeting": "ミーティング",
  "Members": "メンバー",
  "Merge": "併合",
  "Microsoft Office365": "Microsoft Office365",
  "Migrate ALL ({{num}})": "すべて ({{num}}) をマイグレーションします",
  "Migrate Selected ({{num}})": "選択したもの ({{num}}) をマイグレーションします",
  "Migrating data for {{count}} users...": "{{count}} のユーザーのデータを移行中...",
  "Mind Map": "マインドマップ",
  "MindMap": "マインドマップ",
  "Mindmap": "マインドマップ",
  "Mindmap View": "マインドマップ・ビュー",
  "Minimum number of users for the selected licence type is {{minimumSeats}}": "選択したライセンスタイプのユーザーの最小数は{{minimumSeats}}です",
  "Mirror": "ミラー",
  "Modified": "修正済み",
  "Modify": "修正",
  "Modify Licence": "ライセンスを修正",
  "Monday": "月曜日",
  "Monthly": "毎月",
  "More": "詳細",
  "Move": "移動する",
  "Move Card": "カードを移動",
  "Move List": "リストを移動",
  "Move To Another Board": "他のボードに移動す",
  "Move and Open": "移動して開く",
  "Move to another list or parent card": "別のリストまたは親カードへ移動します",
  "My": "マイ",
  "My Account": "マイ・アカウント",
  "My Activities": "マイアクティビティ",
  "My Boards": "マイボード",
  "My Subscriptions": "マイ・サブスクリプション",
  "My Templates": "マイテンプレート",
  "My Todos": "マイto-do",
  "Name": "名前",
  "Name on Card": "カード所有者",
  "Named Users": "指定されたユーザー",
  "Named Users Licence": "指定されたユーザーのライセンス",
  "Never": "なし",
  "New Board": "新規ボード",
  "New Client": "新規顧客",
  "New Client Licence": "新しいクライアントライセンス",
  "New Credit Card": "新しいクレジットカード",
  "New Label": "新規ラベル",
  "New Label Text": "新規ラベルのテキスト",
  "New Licence": "新規ライセンス",
  "New Since Last Week": "過去 1 週間以降の新規",
  "New Sub-Card": "新規サブカード",
  "New Tab": "新規タブ",
  "New Template": "新規テンプレート",
  "New User Licence": "新しいユーザーのライセンス",
  "New card created, however the search filter currently applied is preventing it from being displayed": "新しいカードが作成されましたが、現在適用されている検索フィルターにより表示されません",
  "New cards created as tasks on enter key press": "Enter キーが押されると新しいカードがタスクとして作成されます",
  "Next": "次へ",
  "Next Invoice Amount: {{nextAmount}}": "次の請求額：{{nextAmount}}",
  "Next Invoice Date: {{date}}": "次の請求日：{{date}}",
  "Next Payment": "次の支払い",
  "Next Payment Attempt": "次回の請求試行",
  "Next Payment: {{{date}}}": "次の支払い: {{{date}}}",
  "Next Week": "来週",
  "No": "いいえ",
  "No Active Meetings found. Click below to go to a Workspace": "アクティブなミーティングが見つかりません。次をクリックしてワークスペースに移動します",
  "No Activities found": "アクティビティーが見つかりません",
  "No Archived items to show": "表示するアーカイブアイテムがありません",
  "No Assignment": "割り当てがありません",
  "No Boards found.": "ボードが見つかりません",
  "No Colour": "色がありません",
  "No Date": "データなし",
  "No Group": "グループがありません",
  "No Label": "ラベルなし",
  "No Pinned Boards found.": "ピンのあるボードは存在しません",
  "No Recent Boards found.": "最近のボードは存在しません",
  "No action available": "使用可能なアクションはありません",
  "No boards found for this group": "このグループのボードが見つかりません",
  "No boards yet, please create one first": "まだボードがありません。最初に作成してください",
  "No clients found": "クライアントが見つかりません",
  "No description or summary for this result": "この結果の説明や概要はありません",
  "No files found": "ファイルが見つかりません",
  "No folders found": "フォルダーが見つかりません",
  "No invoices to display": "表示する請求書がありません",
  "No items were selected": "アイテムが選択されていません",
  "No label": "ラベルなし",
  "No labels defined": "ラベルが定義されていません",
  "No licences available. Functionality is currently limited": "利用できるライセンスはありません。 機能は現在制限されています",
  "No licences available. Functionality will be limited for new users.": "使用可能なライセンスはありません。新規ユーザーには機能が制限されます。",
  "No licences found": "ライセンスが見つかりません",
  "No licences to show": "表示するライセンスがありません",
  "No organisations found": "組織が見つかりません",
  "No pinned boards": "ピンしたボードはありません",
  "No results were found for that search": "その検索の結果は見つかりませんでした",
  "No user trials found": "ユーザーのトライアル版が見つかりません",
  "No users found": "ユーザーが見つかりませんでした",
  "No users to show": "表示できるユーザーがありません",
  "None": "なし",
  "North America": "北米",
  "Not Licensed": "ライセンスがありません",
  "Not Supported": "対応していません",
  "Note that file security is managed by {{provider}}, not by Kudos Boards": "ファイルセキュリティは、Kudos Boardsではなく、クラウドプロバイダによって管理されるので、この点をご了承ください",
  "Nothing to show": "表示できるものがありません",
  "Number of Attempts": "試行回数",
  "Number of Expired Licences": "期限の切れたライセンス番号",
  "Number of Users": "ユーザーの数",
  "Number of Valid Licences": "有効なライセンス番号",
  "Number of cards": "カードの数",
  "OAuth Client ID": "OAuth顧客ID",
  "OAuth Client Secret": "OAuth顧客シークレット",
  "OK": "了解",
  "Only Entries": "エントリーのみ",
  "Only Todos": "to-doのみ",
  "Only the members of this board will be able to see and access this board.": "このボードのメンバーのみが、このボードにアクセスし、これを閲覧することができます。",
  "Open": "開く",
  "Open Board Options": "ボードオプションを開く",
  "Open Boards in:": "次のボードを開きます:",
  "Open Licence": "ライセンスを開く",
  "Open in Boards": "ボードで開きます",
  "Open this board": "このボードを開きます",
  "Opt in below to receive tips and tricks from the Kudos Boards team to make the most of your premium preview.": "次で Kudos Boards チームからヒントやコツを受け取るためのオプトインを行い、プレミアム・プレビューを最大限に利用します。",
  "Options": "オプション",
  "Order": "順序",
  "Order Summary": "ご注文内容",
  "Order via ISW Partner": "ISWパートナーと介した直接のご注文",
  "Org Administration": "組織管理",
  "Organisation": "組織の全員",
  "Organisation Name": "組織名",
  "Organisations": "組織",
  "Organise any project productively using the classic Todo, Doing, Done methodology": "従来のto-do、実行中、完了の方法論を使用して、あらゆるプロジェクトを効率的に整理することができます",
  "Our Terms & Conditions have changed": "契約条件が変更されました",
  "Overdue": "期限超過",
  "Owner": "所有者",
  "Owners": "所有者",
  "Page Not Found": "ページが見つかりませんでした",
  "Paid": "支払い済み",
  "Paste link or drop file to upload": "リンクを貼り付けるか、ファイルをドロップでアップロード",
  "Payment Method": "お支払い方法",
  "Period": "期間",
  "Person": "ユーザー",
  "Pin Board": "ボードをピン",
  "Pinned": "ピン留め",
  "Pinned Boards": "ピンしたボード",
  "Pinned boards": "ピンしたボード",
  "Plan and collaborate on tasks on a weekly basis": "週単位でタスクを計画し、共同作業を実施",
  "Please approve the Kudos Boards app to allow it to be added as a tab.": "Kudos Boards アプリケーションを承認して、タブとして追加できるようにしてください。",
  "Please approve the Kudos Boards app to use advanced features.": "Kudos Boards アプリケーションを承認して、拡張機能を使用してください。",
  "Please contact your Administrator": "管理者に連絡してください",
  "Please contact your IBM Connections Admin to purchase a licence.": "ライセンスを購入するには、IBM Connections管理者に連絡してください。",
  "Please ensure you login with the same Office 365 user account as you are using in Microsoft Teams": "Microsoft Teams で使用しているものと同じ Office 365 ユーザー・アカウントを使用してログインしてください",
  "Please enter a board name": "ボードの名前を入力してください",
  "Please enter a valid URL": "有効なURLを入力してください",
  "Please enter a valid email address": "有効なメール・アドレスを入力してください",
  "Please enter the number of users in your Connections Cloud Organisation": "Connections Cloud組織内のユーザー数を入力してください",
  "Please enter the number of users you wish to name under this licence": "このライセンスを付与したいユーザー数を入力してください",
  "Please read our Terms & Conditions": "契約条件をお読みください",
  "Please reload the page and try again, if this issue persists please let us know": "ページを再ロードしてから、もう一度実行してください。この問題が解決しない場合はご連絡ください",
  "Please review your licences here": "ここからライセンスを確認してください",
  "Please see the <a href='{{url}}'>new board</a>": "<a href='{{url}}'>新しいボード</a>を確認してください",
  "Please sign in": "サインインしてください",
  "Please start a trial to use Boards in your {{provider}} organisation": "トライアル版を開始して {{provider}} 組織でボードを使用してください",
  "Position": "役割",
  "Post": "投稿",
  "Premium": "プレミアム",
  "Premium Preview Status": "プレミアム・プレビューの状況",
  "Preview": "プレビュー",
  "Preview available": "プレビュー使用可能",
  "Previous": "前へ",
  "Pricing": "価格設定",
  "Primary": "メイン",
  "Print": "プリント",
  "Private (me only)": "なし（自分とのみ共有）",
  "Product Information": "製品情報",
  "Product Version": "製品バージョン",
  "Provider": "提供者",
  "Provider not supported": "プロバイダーはサポートされません",
  "Public": "パブリック",
  "Public Access": "公開アクセス",
  "Public Activities": "パブリックアクティビティ",
  "Public Boards": "パブリックボード",
  "Public Templates": "マイテンプレート",
  "Quarterly": "四半期",
  "Questions": "質問",
  "Quick Edit": "クイック編集",
  "RE-CENTER": "RE-CENTER",
  "Radial": "放射状",
  "Reactivate Licence": "ライセンスを再び有効にする",
  "Reader": "読者",
  "Recent": "最新",
  "Recent Boards": "最近のボード",
  "Recent boards": "最近のボード",
  "Recurring Amount Due: {{recurring}}": "継続支お払い額：{{recurring}}",
  "Redeeming Invitation...": "招待を引き換え中...",
  "Redirecting to Connections Cloud...": "Connections Cloudにリダイレクトしています。",
  "Redirecting to Watson Workspace...": "Watson Workspaceにリダイレクトしています…",
  "Refresh": "最新表示",
  "Region": "地域",
  "Reload": "再ロード",
  "Remaining ({{num}})": "残り ({{num}})",
  "Remove Admin": "管理の削除",
  "Remove Client": "クライアントの削除",
  "Remove Invite": "招待の削除",
  "Remove Licence": "ライセンスを削除",
  "Replace": "置換",
  "Resend Invite": "招待の再送信",
  "Reset": "リセット",
  "Restore": "復元する",
  "Restore Card": "カードを復元",
  "Restore List": "リストを復元",
  "Restore items": "アイテムを復元",
  "Restore mode": "復元モード",
  "Reverse": "逆転",
  "Revoke All": "全て停止",
  "Revoke Licence": "ライセンスを停止",
  "Role": "役割",
  "Roles": "役割",
  "Rows": "行",
  "SIGN IN WITH:": "次を使用してサインイン:",
  "Sales": "営業",
  "Save": "保存",
  "Save Changes": "変更を保存",
  "Save card for future purchases": "今後の購入のためにカード情報を記憶",
  "Save link": "リンクを保存",
  "Scroll To": "スクロール",
  "Search": "検索",
  "Search All Templates": "全てのテンプレートから探す",
  "Search this view": "このビューを検索",
  "Search...": "検索...",
  "Select Board": "ボードの選択",
  "Select Board Label": "ボードラベルの選択",
  "Select Card Colours": "カードの色を選択",
  "Select Colour": "色の選択",
  "Select Colours": "色を選択",
  "Select Destination Board": "移動先のボードを選択",
  "Select File": "ファイルを選択",
  "Select Folder": "フォルダーの選択",
  "Select List or Card": "リストまたはカードを選択",
  "Select a Board": "掲示板を選択する",
  "Select board": "ボードの選択",
  "Select destination folder": "宛先フォルダーの選択",
  "Select items for delete": "削除するアイテムの選択",
  "Select items for restore": "復元するアイテムの選択",
  "Select the boards below that you would like to transfer membership over to your primary ({{toName}}) account": "プライマリー ({{toName}}) アカウントにメンバーシップを移転するボードを次から選択します",
  "Selected Activity": "選択したアクティビティ",
  "Send Invitation": "招待の送信",
  "Send Notification Email to Members": "通知メールをメンバーに送信する",
  "Send an email notifying each member that the Activity has been migrated to a Board.": "アクティビティがボードに移行されたことを各メンバーに通知する電子メールを送信します。",
  "Sending invitations": "招待を送信中",
  "Set Dates": "日付の設定",
  "Set as primary account": "プライマリー・アカウントの設定",
  "Set enter key press action to create a task when creating new cards in a list.": "リストに新しいカードを作成する際に、タスクを作成するための、Enter キーを押したときのアクションを設定します。",
  "Setup Subscription": "サブスクリプションのセットアップ",
  "Share with": "共有する人",
  "Shared by me": "共有したファイル",
  "Shared with me": "共有されたファイル",
  "Show": "表示",
  "Show Board Menu": "ボードメニューを表示",
  "Show Filter Options": "フィルターオプションを表示",
  "Show Less": "隠す",
  "Show Licences for your organisation": "組織のライセンスを表示します",
  "Show More": "もっと表示",
  "Show Sub-cards": "サブカードを表示",
  "Show all ancestors": "全ての前身を表示",
  "Show all boards for this team": "このチームのすべてのボードを表示します",
  "Show link on card": "カードでリンクを表示",
  "Show on Card": "カードに表示させる",
  "Show previous comments": "以前のコメントを表示",
  "Show previous links & attachments": "以前のリンクと添付ファイルを表示",
  "Sign In": "サインイン",
  "Sign Out": "サインアウト",
  "Sign Out of Kudos Boards": "Kudos Boardsからサインアウト",
  "Sign in with": "次を使用してサインイン",
  "Signing in...": "サインインしています...",
  "Signing out...": "サインアウト中です…",
  "Smartcloud": "Smartcloud",
  "Something went wrong.": "何らかの問題が発生しました。",
  "Source Board/Template": "ソースボード/テンプレート",
  "Source Template": "ソーステンプレート",
  "Specific Board": "特定のボード",
  "Start": "スタート",
  "Start Boards Premium Preview": "ボードのプレミアム・プレビューの開始",
  "Start Date": "開始日",
  "Start Free Trial": "無料試用を開始",
  "Start Now": "すぐに開始",
  "Start Page:": "開始ページ:",
  "Start a Trial": "トライアル版を開始します",
  "Start a trial or purchase a subscription to start creating boards": "トライアル版を開始するか、またはサブスクリプションを購入してボードの作成を開始します",
  "Start my trial": "トライアル版を開始します",
  "Start page updated": "開始ページが更新されました",
  "Starting Balance": "開始残高",
  "Starting View": "ビューを開始しています",
  "Status": "ステータス",
  "Step": "ステップ",
  "Sub Cards": "サブカード",
  "Sub Tasks": "サブ・タスク",
  "Submit": "送信",
  "Subscription": "サブスクリプション",
  "Subscription expired.": "サブスクリプションの期限が切れました。",
  "Subtotal": "小計",
  "Successfully migrated data for {{response}} users!": "{{response}} のユーザーのデータを正常に移行しました！",
  "Summary": "要約",
  "Support for browsers is currently limited.  This browser is not yet supported. <br>Please use one of the following browsers:": "現在のところ、対応するブラウザは限られています。このブラウザはまだ利用できません。<br>次のいずれかのブラウザを使用してください： ",
  "TRIAL": "トライアル版",
  "Tab Content": "タブ・コンテンツ",
  "Tab Name": "タブ名",
  "Tags": "タグ",
  "Tags (optional)": "タグ（任意）",
  "Take away meaningful and collaborative notes from any meeting!": "全ての会議から意味のあるメモを記録",
  "Task": "タスク",
  "Team Boards": "チーム・ボード",
  "Team Name": "チーム名",
  "Team Name is used as a method to log in to certain authentication providers. e.g. Auth0": "チーム名は特定の認証プロバイダー (Auth0 など) へログインするためのメソッドとして使用されます",
  "Template": "テンプレート",
  "Templates": "テンプレート",
  "Templates tagged with": "次を使用してタグ付けされたテンプレート",
  "Text": "テキスト",
  "Text Mode": "テキストモード",
  "That can't be pasted there.": "そこに貼り付けることはできません。",
  "The board has been deleted": "ボードが削除されました",
  "The files below cannot be uploaded to Kudos Boards as they are larger than the limit of {{limit}}": "次のファイルは制限 {{limit}} を超えているので、Kudos Boards にアップロードできません",
  "The following links have already been added to this card:": "以下のリンクはすでにこのカードに追加されています：",
  "The invite was resent to": "招待が次に再送信されました",
  "The selected board(s) were successfully transferred": "選択したボードは正常に移転されました",
  "The selected items have been deleted": "選択したアイテムが削除されました",
  "The selected items have been restored": "選択したアイテムが復元されました",
  "There was an error when uploading the file. Server response: ": "ファイルのアップロード中にエラーが発生しました：",
  "This Activity has been migrated to Kudos Boards": "このアクティビティはKudos Boardsに移されました",
  "This Board": "このボード",
  "This Board is available with AUTHOR access to everyone across all organisations.": "このボードは、組織内の全員が著者としてアクセスできます。",
  "This Board is available with EDITOR access to everyone across all organisations.": "このボードは、組織内の全員が編集者としてアクセスできます。",
  "This Board is in one or more Groups": "このボードは 1 つまたは複数のグループにあります",
  "This Board is read-only to everyone across all organisations.": "このボードは、組織内の全員が読者としてアクセスできます。",
  "This Board will be visible to everyone in your organisation. <br>Non-members can create new content and edit their own content.": "このボードは組織の皆が確認できるようになsrます。<br>メンバーでない人でも、新しいコンテンツを作成し、それぞれ、自分の作成したコンテンツを編集することができます。",
  "This Board will be visible to everyone in your organisation. <br>Non-members can only view the board's contents.": "このボードは組織の皆が確認できるようになります。<br>メンバーでない人はボードのコンテンツを閲覧することのみ可能です。",
  "This Board will be visible to everyone in your organisation. <br>Please note: This access level allows non-members to edit <b>all</b> board content.": "このボードは組織の皆が確認できるようになsrます。<br>注意：このアクセスレベルでは、メンバーでない人でも、<b>全ての</b>ボードコンテンツを編集することができます。",
  "This Community": "このコミュニティ",
  "This billing cycle affords a {{discount}}% discount": "この周期には{{discount}}%の割引が適用されます",
  "This card will be restored with its parent": "このカードはペアレントと共に復元されます",
  "This feature is coming soon!": "この機能は近日公開予定です！",
  "This feature is currently not supported by the IBM Connections Cloud API": "この機能は、現在、IBM Connections Cloud APIに対応していません",
  "This field is required": "このフィールドは必須です",
  "This invoice has been closed. Payment will not be automatically attempted again. Contact support for more information": "この請求書は停止されました。お支払いは自動的に試行されません。詳細はサポートにお問い合わせください",
  "This is a Free trial of Kudos Boards and will expire in {{numDays}} day(s).": "これはKudos Boardsの無料トライアルです。あと{{numDays}}日で期限が切れます。",
  "This is a one way process and updates will not be reflected in your old Activity.": "これは一方向のプロセスであり、更新は古いActivityには反映されません。",
  "This is a read-only preview of this Activity. Import to Boards for full functionality": "これはアクティビティの閲覧専用のプレビューです。全ての機能を利用するにはボードへのインポートを行なってください",
  "This licence grants access to a set number of users as they use the app. You may view the user-licences already assigned.": "このライセンスは、アプリを使用している一定数のユーザーにアクセスを許可します。既に割り当てられているユーザーライセンスを表示することができます。",
  "This licence has been cancelled.": "このライセンスはキャンセルされました。",
  "This licence only grants access to a selected group of named users. Access will not be granted to users not named by the Org Admins. You can view and edit the named users from the Admin settings.": "このライセンスは、名前の指定されたユーザーにのみアクセスを許可します。組織管理者により指定されていないユーザーにはアクセスは許可されません。ユーザーの指定は、管理者設定から表示、編集できます。",
  "This option is only available when paying by credit card": "このオプションは、クレジットカードでお支払いの場合のみ利用できます",
  "This option is only editable if paying by credit card": "このオプションは、クレジットカードでお支払いの場合のみ編集可能です",
  "This team account is already linked": "このチーム・アカウントは既にリンクされています",
  "This will go to your provider for an administrator to approve access to Kudos Boards": "これにより、管理者が Kudos Boards へのアクセスを承認できるプロバイダーに移動します",
  "This will permanently delete the board and all its data, are you sure?": "これにより永久にボードと全てのデータが削除されます。実行してもよろしいですか？",
  "This will remove this data permanently from the board, are you sure?": "これによりデータはボードから永遠に削除されます。実行してもよろしいですか？",
  "Thursday": "木曜日",
  "Tile Colours": "タイルの色",
  "Timeline": "タイムライン",
  "Timeline View": "タイムライン・ビュー",
  "Title": "タイトル",
  "To interact with this card the parent will need to be restored": "このカードを操作するには、ペアレントの復元が必要です",
  "To unselect this card you will need to unselect its parent": "このカードの選択を解除するには、ペアレントの選択を解除する必要があります",
  "Today": "今日",
  "Todo": "to-do",
  "Todos": "to-do",
  "Todos by Date": "日付別の To Do",
  "Todos by Due Date": "タイムライン",
  "Toggle Completion": "切り替え完了",
  "Toggle Editor": "エディタの切り替え",
  "Toggle Sidebar": "サイドバーの切り替え",
  "Tomorrow": "明日",
  "Total": "合計",
  "Transfer Board Membership": "ボードのメンバーシップの移転",
  "Transfer Membership": "メンバーシップの移転",
  "Trial": "トライアル版",
  "Trial End Date: {{trialEnd}}": "試用終了期間：{{trialEnd}}",
  "Trial expired": "試用期限が切れました",
  "Trial expired.": "試用期限が切れました。",
  "Trial extended {{extensions}} time(s)": "試用期間が {{extensions}} 回延長されました",
  "Try again": "もう一度実行してください",
  "Tuesday": "火曜日",
  "Type": "種類",
  "Type to filter archive": "入力でアーカイブを選別",
  "Type to filter list": "入力でリストを選別",
  "Type to filter members": "入力してメンバーを選別",
  "Type to search": "入力でファイルを探す",
  "UNDO": "元に戻す",
  "URL": "URL",
  "URL of Connections header frame (optional)": "Connections ヘッダー・フレーム (オプション) の URL",
  "Unassigned": "未割当",
  "Undo": "取り消し",
  "Unit price: {{unitPrice}} per user": "単価：{{unitPrice}}/ユーザー ",
  "Unknown Connections Cloud organisation. Redirecting...": "不明なConnections Cloud整理。リダイレクト中です…",
  "Unknown Team": "不明なチーム",
  "Unlimited": "無制限",
  "Unlink Board": "ボードへのリンクを解除",
  "Unlink account": "アカウントのリンクの解除",
  "Unlink {{fromName}} Account": "{{fromName}} アカウントのリンクの解除",
  "Unlock Kudos Boards Premium Preview": "Kudos Boards プレミアム・プレビューのロックの解除",
  "Unpaid": "未払い",
  "Unpin Board": "ボードのピンを解除",
  "Unscheduled cards": "スケジュールされていないカード",
  "Update": "更新",
  "Updated": "更新完了",
  "Updated Since Last Accessed": "最後のアクセス以来の更新",
  "Updated {{ date }}": "{{ date }} に更新されました",
  "Updating...": "アップデート中…",
  "Upload": "アップロード",
  "Upload Users": "ユーザーをアップロード",
  "Upload Users from CSV": "CSVからユーザーをアップロード",
  "Upload file from computer": "パソコンからファイルをアップロード",
  "Upload to Kudos Boards": "Kudos Boards へのアップロード",
  "Uploading file:": "ファイルのアップロード：",
  "Use Email": "メールを使用します",
  "Use another file service": "別のファイル・サービスを使用します",
  "Use as card theme": "カードのテーマとして使用",
  "Use current account": "現在のアカウントを使う",
  "Use the Kudos Boards File Attachment Service for attaching files to cards": "ファイルをカードに添付するために Kudos Boards ファイル添付サービスを使用します",
  "Use {{provider}} instead": "代わりに{{provider}}を使う",
  "Used": "使用済み",
  "User": "ユーザー",
  "User Emails": "ユーザーのメールアドレス",
  "User ExternalID": "ユーザー外部ID",
  "User Licences": "ユーザーのライセンス",
  "User Options": "ユーザーオプション",
  "User Trials": "ユーザーのトライアル版",
  "User upload success!": "ユーザーのアップロード完了！",
  "Username": "ユーザー名",
  "Users": "ユーザー",
  "Users may need to be added to the destination board to maintain access to their assigned todos.": "割り当てられたto-doをこなすためには、ユーザーを目的のボードに追加する必要がある場合があります。",
  "Users: {{num}}": "ユーザー: {{num}}",
  "Vertical": "縦向き",
  "View": "表示",
  "View Details": "詳細を表示",
  "View Subscriptions": "サブスクリプションの表示",
  "View and Accept ↗": "表示して受け入れ ↗",
  "View licences": "ライセンスの表示",
  "View subscriptions": "サブスクリプションの表示",
  "Want to know more?": "詳細を表示しますか?",
  "Warning: you are not authorised to add members in this board": "警告：このボードにメンバーを追加する権限がありません",
  "We found one board linked your {{fromName}} user account. Once you unlink the account you may no longer have access to this board.": "{{fromName}} ユーザー・アカウントにリンクされた 1 つのボードを見つけました。アカウントのリンクを解除すると、このボードにアクセスできなくなる可能性があります。",
  "We found {{count}} boards linked to your {{fromName}} user account. Once you unlink the account you may no longer have access to these boards.": "{{fromName}} ユーザー・アカウントにリンクされた {{count}} 個のボードを見つけました。アカウントのリンクを解除すると、これらのボードにアクセスできなくなる可能性があります。",
  "We recommended you change the widget title from the actions menu above": "上部のアクション・メニューからウィジェットのタイトルを変更することをお勧めします",
  "Wednesday": "水曜日",
  "Weekdays": "週ごと",
  "Welcome": "ようこそ",
  "Welcome to Kudos Boards": "Kudos Boardsにようこそ",
  "When you unlock Kudos Boards Premium View, your current Activities will immediately be available in Board, Timeline and MindMap view.": "Kudos Boards プレミアム・ビューのロックを解除すると、現在のアクティビティーはボード、タイムラインおよびマインドマップ・ビューですぐに使用可能になります。",
  "Widget Settings": "ウィジェットの設定",
  "Yearly": "毎年",
  "Yes": "はい",
  "Yes Please": "はい、お願いします",
  "You are in DELETE mode, select items to delete": "削除モードに移行しました。削除するアイテムを選択してください。",
  "You are in restore mode, select items to restore": "復元モードに移行しました。復元するアイテムを選んでください。",
  "You are not a direct member of this board. Please consider leaving any Groups that may be members of this board.": "あなたはこのボードの直接のメンバーではありません。代わりに、このボード内に位置する可能性のあるコミュニティからの離脱をご検討ください。",
  "You are not allowed to leave this Board. Please consider archiving board.": "このボードを離脱することは許可されていません。ボードをアーカイブに追加することをご検討ください。",
  "You are not authorised to access this resource": "このリソースへのアクセスは許可されていません",
  "You are not licensed to access this resource.": "このリソースにアクセスするライセンスがありません",
  "You are the only owner of this board. Please consider adding other owners or archiving this board instead.": "あなたはこのボードの唯一の所有者です。 代わりに他の所有者を追加するか、このボードをアーカイブに追加することをご検討ください。",
  "You can enhance your workflow by unlocking Kudos Boards Premium Preview. In addition to your Activities view, you’ll also be able to work in the Boards, Timeline and Mind Map views!": "Kudos Boards プレミアム・プレビューのロックを解除することでワークフローを強化することができます。アクティビティー・ビューに加えて、ボード、タイムラインおよびマインドマップ・ビューでも作業できるようになります。",
  "You have READ ONLY access to this Board": "このボードは閲覧することのみ可能です",
  "You have {{remaining}} day(s) remaining in your premium preview.": "プレミアム・プレビューの残りの日数は {{remaining}} 日です。",
  "Your account's email address and other admin emails for your org ({{emails}}) are already included": "あなたのアカウントのメールアドレスとあなたの組織（{{emails}}）の他の管理者のメールアドレスは既に含まれています",
  "Your api key for kudos boards is shown below": "Kudos Boards の API キーは次のとおりです",
  "Your changes have been saved": "変更内容が保存されました",
  "Your initial premium preview with {{orgName}} has expired. Click extend if you would like to continue access for an additional 30 days": "{{orgName}} での最初のプレミアム・プレビューの期限が切れました。追加で 30 日間アクセスを継続する場合は、「延長」をクリックします",
  "Your premium preview expires today.": "プレミアム・プレビューの期限が今日切れます。",
  "Your premium preview has expired, Let your administrator know you'd like to continue using Kudos Boards Premium view.": "プレミアム・プレビューの期限が切れました。Kudos Boards プレミアム・ビューの使用の継続を管理者に依頼してください。",
  "Your preview will last for 30 days and any data you create in these views will always be available in the Activities view.": "プレビューは30日間続き、これらのビューで作成したデータは常にActivitiesビューで利用できます。",
  "Your session with {{provider}} has expired. Redirecting...": "{{provider}} とのセッションの期限が切れました。リダイレクト中...",
  "Your session with {{provider}} has expired. Some functionality (ie notifications, groups, files) will be restricted until you login again.": "{{provider}} とのセッションの期限が切れました。一部の機能 (通知、グループ、ファイルなど) は再度ログインするまで制限されます。",
  "and is already a member of this board": "および、既にこのボードのメンバーです。",
  "author": "作成者",
  "awaiting acceptance": "受け入れ待ちになっています",
  "by": "実行者：",
  "editor": "編集者",
  "empty name": "名無し",
  "monthly": "毎月",
  "oAuth Client ID": "OAuth クライアント ID",
  "oAuth Client Secret": "OAuth クライアント・シークレット",
  "of": "の",
  "ok": "OK",
  "owner": "所有者",
  "primary": "1 次",
  "reader": "読者",
  "to go to Connections Cloud, then access Kudos Boards via the link in the 'Apps' menu.": "して、Connections Cloudにアクセスしてください。その後、アプリメニューのリンクから、 Kudos Boardsへと移動することができます。",
  "to view this content": "このコンテンツの表示",
  "uploaded successfully": "アップロードが完了しました",
  "yearly": "毎年",
  "{{count}} more card(s) this way": "このようにさらに {{count}} のカード",
  "{{num}} users": "{{num}} ユーザー",
  "{{quantity}} x subscriptions to '{{plan.name}}' ({{planPrice}} / {{plan.interval}})": "‘{{plan.name}}'の購読 x {{quantity}}（{{planPrice}} / {{plan.interval}}）",
  "{{remaining}} days of trial remaining": "試用期間は残り {{remaining}} 日です",
  "{{remaining}} days remaining in your premium preview.": "プレミアム・プレビュー期間は残り {{remaining}} 日です。",
  "{{userTrialCount}} user(s) have started a trial of Kudos Boards Premium": "{{userTrialCount}} ユーザーは Kudos Boards プレミアムの試用を開始しています"
}