{
  "": "",
  "'{{userName}}' will not be able to view the message because they cannot access this Board": "\"{{userName}}\" хабарды көре алмайды, себебі олар осы тақтаға кіре алмайды",
  "(Copy Of) ": "(Көшірмесі) ",
  "A problem occurred when creating invite": "Шақыру жасалған кезде мәселе орын алды",
  "A problem occurred when deleting node": "Түйінді жойған кезде мәселе орын алды",
  "A problem occurred when getting a node": "Түйінді алған кезде мәселе орын алды",
  "A problem occurred when redeeming invite": "Шақыруды нақтылау кезінде мәселе орын алды",
  "A problem occurred when removing invite": "шақыруды жою кезінде мәселе орын алды",
  "A problem occurred when removing member": "Мүшені жойған кезде мәселе орын алды",
  "A problem occurred when saving invite": "Шақыруды сақтаған кезде мәселе орын алды",
  "A problem occurred when saving member": "Мүшені сақаған кезде мәселе орын алды",
  "A problem occurred when saving node": "Түйінді сақтаған кезде мәселе орын алды",
  "A problem occurred when updating invite": "Шақыруды жаңартқан кезде мәселе орын алды",
  "A user with that email address already exists": "Осындай электрондық пошта мекенжайы бар пайдаланушы бұрыннан бар",
  "A user with that email address already exists as a member of this board": "Осындай электрондық пошта мекенжайы бар пайдаланушы осы тақтаның мүшесі ретінде белгілі",
  "Accessed in the Last Month": "Соңғы айда қатынасқан",
  "Accessed since": "Соңғы рет қатынасқан",
  "Account Balance: {{credit}}": "Тіркелгі балансы: {{credit}}",
  "Account Unlinked": "Тіркелгі байланыстан ажыратылған",
  "Actions": "Әрекеттер",
  "Active": "Белсенді",
  "Active Boards": "Белсенді тақталар",
  "Active Workspace Meetings": "Белсенді жұмыс кеңістігі кездесулері",
  "Activity": "Әрекет",
  "Activity data is loading...": "Белсенді деректер жүктелуде...",
  "Activity Migration": "Әрекетті көшіру",
  "Activity Name": "Әрекет атауы",
  "Add": "Қосу",
  "Add a Card": "Карта қосу",
  "Add a Comment": "Пікір қосу",
  "Add a Description": "Сипаттаманы қосу",
  "Add a List": "Тізімге қосу",
  "Add a list": "Тізім қосу",
  "Add a Tag": "Тегті қосу",
  "Add an attachment or link": "Тіркеме немесе сілтеме қосу",
  "Add another": "Басқасын қосу",
  "Add Attachment": "Тіркемені қосу",
  "Add Bookmark": "Бетбелгі қосу",
  "Add Client": "Клиент қосу",
  "Add Custom Field": "Реттелетін өріс қосу",
  "Add file": "Файлды қосу",
  "Add individuals or groups as members, or invite by email": "Жеке тұлғаларды немесе топтарды мүшелер ретінде қосу немесе электрондық поштамен шақыру",
  "Add Label": "Белгі қосу",
  "Add label '{{filter}}'": "\"{{filter}}\" белгісін қосу",
  "Add Licence": "Лицензия қосу",
  "Add Member": "Мүшені қосу",
  "Add members": "Мүшелерді қосу",
  "Add Organisation": "Ұйым қосу",
  "Add people to your board or invite by email": "Тақтаға адамдар қосу немесе электрондық поштамен шақыру",
  "Add User": "Пайдаланушы қосу",
  "Admin approval failed": "Әкімші растауы сәтсіз болды",
  "Admin Users": "Әкімші пайдаланушылары",
  "Administrator approval required.": "Әкімші растауы талап етіледі.",
  "Administrators": "Әкімшілер",
  "Advanced": "Жетілдірілген",
  "Agenda": "Күн тәртібі",
  "All": "Барлығы",
  "All Activities": "Барлық әрекеттер",
  "All Boards": "Барлық тақталар",
  "All cards are scheduled.": "Барлық карталар жоспарланған.",
  "All Templates": "Барлық үлгілер",
  "Allow Invite by Email": "Электрондық поштамен шақыруға рұқсат ету",
  "Already linked": "Әлдеқашан байланыстырылған",
  "Amount": "Сомасы",
  "Amount Due": "Сома мерзімі",
  "Amount Due Now: {{due}}": "Қазіргі сома мерзімі: {{due}}",
  "Amount Paid": "Төленген сома",
  "An account of this type already linked": "Осындай түрлі тіркелгі әлдеқашан байланыстырылған",
  "An invitation for the specified email address already exists on this board": "Бұл тақтада көрсетілген электрондық пошта мекенжайының шақыртуы бұрыннан бар",
  "and is already a member of this board": "және бұрыннан осы тақта мүшесі",
  "Apply Template": "Үлгіні қолдану",
  "Approve": "Бекіту",
  "Approve Advanced Features": "Қосымша мүмкіндіктерді растау",
  "Archive": "Мұрағат",
  "Archive Card": "Мұрағат картасы",
  "Archive Cards in List": "Тізімдегі карталарды мұрағаттау",
  "Archive List": "Мұрағаттар тізімі",
  "Archived": "Мұрағаттанған",
  "Archived Boards": "Мұрағатталған тақталар",
  "Archived Templates": "Мұрағатталған үлгілер",
  "Are you sure you want to cancel this licence? This will take effect at the end of the current period.": "Осы лицензиядан бас тарту керек пе? Ағымдағы мерзім соңында осы күшіне енеді.",
  "Are you sure you want to delete this licence? CAUTION: This will delete any associated credit card information": "Осы лицензияны жою керек пе? АБАЙЛАҢЫЗ: бұл байланысты несие картасының ақпаратын жояды",
  "Are you sure you want to reactivate this licence?": "Осы лицензияны қайта белсендіргіңіз келетініне сенімдісіз бе?",
  "Are you sure you want to unlink your {{provider}} account?": "{{provider}} тіркелгісінің байланысын ажырату керек пе?",
  "Are you sure you wish to leave '{{boardName}}'? This action cannot be undone by you.": "\"{{boardName}}\" тақтасынан шығу керек пе? Бұл әрекеттен сіз бас тарта алмайсыз.",
  "Are you sure?": "Сенімдісіз бе?",
  "Are You Sure?": "Сіз сенімдісіз бе?",
  "Are you sure? This will reinstate the previous billing schedule": "Сенімдісіз бе? Бұл алдыңғы шот ұсыну кестесін қайта бастайды",
  "Are you sure? This will take effect at the end of the current billing cycle": "Сенімдісіз бе? Ағымдағы шот ұсыну циклі соңында осы күшіне енеді.",
  "Asia Pacific": "Азия-Тынық мұхиты",
  "Assign Users": "Пайдаланушыларды тағайындау",
  "Assigned": "Тағайындалған",
  "Assigned to": "Тағайындалған",
  "Assigned To Me": "Маған белгіленген",
  "Assigned Users that will be added to the Destination Board": "Межелі тақтаға қосылатын тағайындалған пайдаланушылар",
  "Assignees": "Тағайындаушылар",
  "Assignments": "Тапсырмалар",
  "Attach": "Тіркеу",
  "Attachments": "Тіркемелер",
  "Auth0 url": "Auth0 url",
  "Authentication Clients": "Түнұсқалық растама клиенттері",
  "Author": "Автор",
  "author": "Автор",
  "awaiting acceptance": "қабылдау күтілуде",
  "Back": "Артқа",
  "Back to Boards": "Тақталарға оралу",
  "Back to Colour Selection": "Түс таңдауына оралу",
  "Bad Request": "Қате сұрау",
  "Best viewed in fullscreen": "Толық экранда өте жақсы көрінеді",
  "Billing Cycle": "Шот ұсыну циклі",
  "Billing period: {{interval}}": "Шот ұсыну мерзімі: {{interval}}",
  "Blank": "Бос",
  "Board": "Тақта",
  "Board Archive": "Тақта мұрағаты",
  "Board Labels": "Тақта белгілері",
  "Board Members": "Тақта мүшелері",
  "Board Name": "Тақта аты",
  "Boards": "Тақталар",
  "Boards linked directly to this user": "Осы топпен тікелей байланыстырылған тақталар",
  "Boards linked through group membership": "Топ мүшелігі арқылы байланыстырылған тақталар",
  "Boards premium preview": "Тақталардың премиум алдын ала көрінісі",
  "Bookmarks": "Бетбелгілер",
  "Buy Licence": "Лицензияны сатып алу",
  "Buy Online": "Онлайн сатып алу",
  "by": "Арқылы",
  "Cancel": "Болдырмау",
  "Cancel Licence": "Лицензиядан бас тарту",
  "Cancelled": "Болдырылмады",
  "Cannot Leave Board": "Тақтадан шығу мүмкін емес",
  "Card Name": "Картаның аты",
  "Card Number": "Карта нөмірі",
  "Cards": "Карталар",
  "Central Europe": "Орталық Еуропа",
  "Choose a board": "Тақтаны таңдау",
  "Choose a Template": "Үлгіні таңдау",
  "Classic": "Классикалық",
  "Clear Search": "Іздеуді тазалау",
  "Clear Selected": "Таңдалғанды тазарту",
  "Clear Selected Filters": "Таңдалған сүзгілерді тазалау",
  "Click for details": "Толық мәлімет үшін басу",
  "Click for more information about approving advanced features": "Қосымша мүмкіндіктерді растау туралы қосымша ақпарат алу үшін басыңыз",
  "Click here": "Осында басу",
  "Click here for details": "Мәліметтер алу үшін осы жерді басыңыз",
  "Click here for details.": "Мәліметтер алу үшін осы жерді басыңыз.",
  "Click here to buy a licence online or get a quote": "Лицензияны онлайн сатып алу немесе баға ұсынысын алу үшін осы жерді басыңыз",
  "Click here to start a 30 day free trial for your organisation. Contact support for trials with more users.": "Ұйымыңыз үшін 30 күндік тегін сынақты бастау үшін осы жерді басыңыз. Қосымша пайдаланушыларға арналған сынақ нұсқалары үшін қолдау орталығына хабарласыңыз.",
  "Click to see more details": "Қосымша мәліметтерді қарау үшін басу",
  "Client": "Клиент",
  "Clients": "Клиенттер",
  "Close": "Жабу",
  "Close Activity After Import": "Импорттаудан кейін әрекетті жабу",
  "Close Board Menu": "Тақта мәзірін жабу",
  "Close the activity after the import has completed successfully. You can still access it through 'Trash'": "Импорттау сәтті орындалғаннан кейін әрекетті жабыңыз. Әлі де \"Себетке\" қатынаса аласыз",
  "Closed": "Жабылған",
  "Collaborate on projects involving different departments": "Әр түрлі бөлімдерді қамтитын жобаларда бірлесіп жұмыс істеу",
  "Collapse": "Тасалау",
  "Colour": "Түс",
  "Colour Labels": "Түсті белгілер",
  "Colour-Tags": "Түсті тегтер",
  "Colours": "Түстер",
  "Column View": "Баған көрінісі",
  "Comments": "Пікірлер",
  "Community Activities": "Қауымдастық әрекеттері",
  "Community Templates": "Қауымдастық үлгілері",
  "Complete Todos": "Іс-әрекеттерді аяқтау",
  "Completed": "Аяқталған",
  "Configuration": "Теңшелім",
  "Confirm": "Растау",
  "Confirmation Required": "Растау кажет етіледі",
  "Connections Cloud session expired. Click here to validate.": "Connections бұлттық сеансының мерзімі аяқталды. Тексеру үшін осы жерді басыңыз.",
  "Connections On-Premise": "Connections жергілікті нұсқасы",
  "Connections URL": "Connections URL",
  "Contact Email": "Контакт электрондық поштасы",
  "Contact Name": "Істес кісі аты",
  "Contact Support": "Қолдау орталығына хабарласу",
  "Contact your System Administrator for more information or email us at": "Қосымша ақпарат алу үшін жүйе әкімшісіне хабарласыңыз немесе бізге электрондық хабар жіберіңіз",
  "Content": "Мазмұн",
  "Continue": "Жалғастыру",
  "Continue Without Transferring": "Тасымалдаусыз жалғастыру",
  "Convert into Entry": "Нысанға түрлендіру",
  "Convert into Todo": "Іс-әрекетке түрлендіру",
  "Copy embed code": "Кірістірілген кодты көшіру",
  "Copy embed code to clipboard": "Аралық сақтағышқа кірістірілген кодты көшіру",
  "Create": "Жасау",
  "Create a new board": "Жаңа тақта жасау",
  "Create Board": "Тақтаны жасау",
  "Create Board from Template": "Үлгіден тақтаны жасау",
  "Create Boards for anything, manage your workflow, and streamline processes with template creation.": "Барлығына арналған тақталар жасаңыз, жұмыс ағынын басқарыңыз және процестерді үлгіні жасау арқылы тасымалдаңыз.",
  "Create card": "Карта жасау",
  "Create Copy": "Көшірмені жасау",
  "Create Link to Board": "Тақтаға сілтеме жасау",
  "Create Template": "Үлгі жасау",
  "Create Template from Board": "Тақтадан үлгі жасау",
  "Create your own structure for organising projects, workflows, ideas and more!": "Жобаларды, жұмыс ағындарын, идеяларды және т.б. ұйымдастыруға арналған жеке құрылым жасаңыз!",
  "Create {{numCards}} cards?": "{{numCards}} картасын жасау керек пе?",
  "Create {{numCards}} lists?": "{{numCards}} тізімін жасау керек пе?",
  "Created": "Жасалды",
  "Created By Me": "Мен жасаған",
  "Created {{ date }}": "{{ date }} күні жасалды",
  "Created: {{date}}": "Жасалды: {{date}}",
  "Credit Card Ending in {{last4}}": "{{last4}} күні аяқталатын несие картасы",
  "Current Account:": "Ағымдағы тіркелгі:",
  "Currently the ability to search for groups in {{provider}} is not available until an administrator grants permissions for your organisation. ": "Дәл қазір әкімші ұйымыңызға рұқсаттар бергенше {{provider}} ішінен топтарды іздеу мүмкіндігі қолжетімді болмайды.",
  "Curve": "Қисық",
  "Custom Fields": "Реттелетін өрістер",
  "Customer ID": "Тұтынушы ИД",
  "CVC": "CVC",
  "Date": "Күн",
  "Decisions": "Шешімдер",
  "Default templates to exclude": "Ескерілмейтін әдепкі үлгілер",
  "Delete": "Жою",
  "Delete Board": "Тақтаны жою",
  "Delete Card": "Картаны жою",
  "Delete Comment": "Аңғартпаны жою",
  "Delete File": "Файлды жою",
  "Delete items": "Элементтерді жою",
  "Delete Label": "Белгіні жою",
  "Delete Link": "Сілтеме жою",
  "Delete List": "Тізімді жою",
  "Delete mode": "Режимді жою",
  "Delete Selected Items": "Таңдалған элементтерді жойыңыз.",
  "Deleted": "Жойылған",
  "Deleting": "Жою",
  "Departments": "Бөлімдер",
  "Description": "Сипаттама",
  "Description (optional)": "Сипаттама (міндетті емес)",
  "Details": "Мәліметтер",
  "Direct Order via ISW": "ISW арқылы тікелей тапсырыс беру",
  "Discount": "Жеңілдік",
  "Discount Code (optional)": "Жеңілдік коды (міндетті емес)",
  "Discount: {{discount}}": "Жеңілдік: {{discount}}",
  "Display an existing board": "Бұрыннан бар тақтаны көрсету",
  "Documentation": "Құжаттама",
  "Doing": "Істеу",
  "Done": "Орындалған",
  "Done ({{num}})": "Дайын ({{num}})",
  "Download": "Жүктеп алу",
  "Download file": "Файлды жүктеп алу",
  "Drop file here to save": "Файлды сақтау үшін осы жерде сүйреу",
  "Due": "Орындалу мерзімі",
  "Due Date": "Орындалу күні",
  "Due date": "Орындалу күні",
  "Earliest Licence Expired on": "Ең алғашқы лицензияның мерзімі бітетін күн",
  "Earliest Upcoming Expiry": "Ең алғашқы нұсқасының мерзімі бітеді",
  "Edit": "Өңдеу",
  "Edit Board Colour Labels": "Тақтаның түсті белгілерін өңдеу",
  "Edit Client": "Клиентті өңдеу",
  "Edit Client Licence": "Клиент лицензиясын өңдеу",
  "Edit Colour Labels": "Түсті белгілерін өңдеу",
  "Edit Comment": "Аңғартпаны өңдеу",
  "Edit Description": "Сипаттаманы өңдеу",
  "Edit Filename": "Файл атын өңдеу",
  "Edit Label": "Белгіні өңдеу",
  "Edit label": "Белгіні өңдеу",
  "Edit Licence": "Лицензияны өңдеу",
  "Edit Link": "Сілтемені өңдеу",
  "Edit name": "Атын өңдеу",
  "Edit Tile Colour Labels": "Қатардың түсті белгілерін өңдеу",
  "Edit User Licence": "Пайдаланушы лицензиясын өңдеу",
  "Edited": "Өңделді",
  "Editor": "Өңдеуші",
  "editor": "өңдегіш",
  "Email": "Электрондық пошта",
  "Email Address": "Электрондық пошта мекен-жайы",
  "Email address is required": "Электрондық пошта мекенжайы талап етіледі",
  "Email addresses to copy invoices to": "Шот-фактуралар көшірілетін электрондық пошта мекенжайлары",
  "Email addresses to copy quote to": "Баға ұсынысы көшірілетін электрондық пошта мекенжайлары",
  "Email Us": "Бізге электрондық хабар жіберу",
  "Embed code copied to clipboard": "Аралық сақтағышқа көшірілген кодты кірістіру",
  "Empty Lists": "Бос тізімдер",
  "empty name": "аты бос",
  "Enable Boards File Uploads": "Тақталар файлын жүктеп салу мүмкіндігін қосу",
  "Enabled": "Қосылған",
  "End Date": "Аяқталу күні",
  "Ending Balance": "Балансты аяқтау",
  "Enter a title for the link (Optional)": "Сілтеме атауын енгізіңіз (міндетті емес)",
  "Enter an email address": "Электрондық пошта мекендайын енгізу",
  "Enter Label": "Белгіні енгізу",
  "Enter label name": "Белгінің атын енгізіңіз",
  "Enter New Name": "Жаңа ат енгізіңіз",
  "Enter Text": "Мәтінді енгізу",
  "Entry": "Жазба",
  "Error": "Қате",
  "Error creating board": "Тақтаны жасау кезіндегі қате",
  "Error processing quote request. Please email sales@kudosbadges.com": "Баға ұсынысы сұрауын өңдеу қатесі. sales@kudosbadges.com мекенжайына электрондық хабар жіберіңіз",
  "Error processing your request": "Сұрауды өңдеу қатесі",
  "Error starting trial": "Сынақ нұсқаны бастау қатесі",
  "Error uploading file": "Файлды жүктеп салу қатесі",
  "Error: an unknown error occurred - cannot move": "Қате: белгісіз қате орын алды - жылжыту мүмкін емес",
  "Error: you are not authorised to add content to this board": "Қате: бұл тақтаға мазмұнды қосуға рұқсат жоқ",
  "Existing Kudos Partner (optional)": "Бұрыннан бар Kudos серіктесі (міндетті емес)",
  "Existing Login Detected": "Бұрыннан бар логин анықталды",
  "Existing Tab": "Бұрыннан бар қойынды",
  "Expand": "Ашу",
  "Expand/Collapse": "Жаю/жию",
  "Expand/Collapse All Lists": "Барлық тізімдерді жаю/жию",
  "Expired": "Мерзімі аяқталады",
  "Expires": "Мерзімі аяқталады",
  "Expires: {{date}}": "Мерзімі біту күні: {{date}}",
  "Expires: {{{date}}}": "Мерзімі біту күні: {{{date}}}",
  "Expiry": "Мерзімі біту",
  "Expiry Date": "Мерзімі біту күні",
  "Explore the Template Library": "Үлгілер кітапханасын зерттеу",
  "Extend": "Кеңейту",
  "ExternalId": "Сыртқы ИД",
  "Fields": "Өрістер",
  "Filter Activities to migrate": "Көшірілетін файлдар әрекеттері",
  "Finance": "Қаржы",
  "Find a Group": "Топты табу",
  "Find a User": "Пайдаланушыны табу",
  "Finding your Connections Cloud Organisation...": "Connections бұлттық ұйымы ізделуде...",
  "Free": "Тегін",
  "Free Trial": "Тегін сынақ нұсқа",
  "Friday": "Жұма",
  "From Provider": "Провайдерден",
  "Functionality is currently limited.": "Дәл қазір функционалдылық шектелген.",
  "Furthest Upcoming Expiry": "Ең соңғы нұсқасының мерзімі бітеді",
  "Future": "Болашақ",
  "General": "Жалпы",
  "Get a Licence Quote": "Лицензияның баға ұсынысын алу",
  "Get a Quote": "Баға ұсынысын алу",
  "Give users the ability to invite external users to a Board by email address": "Пайдаланушыларға электрондық пошта мекенжайы арқылы тақтаға сыртқы пайдаланушыларды шақыру мүмкіндігін беру",
  "Global Access": "Глобалдық қатынас",
  "Global OAuth": "Глобалдық OAuth",
  "Go to licence": "Лицензияға өту",
  "Go to Today": "Бүгінге өту",
  "Goals": "Мақсаттар",
  "Group": "Топ",
  "Group Boards": "Топ тақталары",
  "Group By": "Топтастыру реті",
  "Group Owners: Owners of this Board.</br>Group Members: Authors of this Board": "Топ иелері: осы тақтаның иелері.</br>Топ мүшелері: осы тақтаның авторлары",
  "Groups": "Топтар",
  "Help": "Анықтама",
  "Hide": "Жасыру",
  "Hide Completed Todos": "Аяқталған іс тізімдерін жасыру",
  "Hide Dates": "Күндерді жасыру",
  "Horizontal": "Көлденең",
  "How would you like to proceed?": "Сіз мұны қалай жалғастырғыңыз келе ме?",
  "HR": "СҒ",
  "I accept the above Terms & Conditions": "Жоғарыдағы шарттар мен талаптарды қабылдаймын",
  "I accept the terms of service": "Қызмет көрсету шарттарын қабылдаймын",
  "ID": "ID коды",
  "If this setting is switched off, cards are created as entries on enter press.": "Осы параметр өшсе, енгізу пернесін басқан кезде карталар жазбалар ретінде жасалады.",
  "Ignore Completed": "Орындалғанды елемеу",
  "Ignore Deleted": "Жойылғанды елемеу",
  "Ignore Templates": "Үлгілерді елемеу",
  "Import": "Импорттау",
  "Import an Activity": "Әрекетті импорттау",
  "Import an Activity Template": "Әрекет үлгісін импорттау",
  "Import from Activities": "Әрекеттерден импорттау",
  "Import From Activities": "Әрекеттерден импорттау",
  "In a Group": "Топта",
  "Include email body in description": "Сипаттамаға электрондық хабар мәтінін қосу",
  "Inherit": "Алу",
  "Inherit from Group": "Топтан алу",
  "Inherited from Group": "Топтан алынды",
  "Integration Env": "Біріктіру ортасы",
  "Internal server error": "Ішкі қызмет мүмкін емес",
  "Invitation sent to": "Шақыру жіберілген орын",
  "Invite": "Шақыру",
  "Invite by Email": "Электрондық поштамен шақыру",
  "Invite sent on": "Шақыру жіберілген күн",
  "Invoice": "Есеп-шот",
  "Invoice Details": "Шот-фактура мәліметтері",
  "Invoices": "Есеп-шоттар",
  "Invoices for": "Шот-фактуралар",
  "Is Enabled": "Қосулы",
  "Is Trial": "Сынақ нұсқа",
  "IT": "АТ",
  "It is valid until {{expiry}}.": "Ол {{expiry}} дейін жарамды.",
  "Items": "Элементтер",
  "Join Workspace Meetings": "Жұмыс кеңістігі кездесулеріне қосылу",
  "Kanban": "Канбан",
  "Kanban View": "Канбан көрінісі",
  "Kudos Boards": "Kudos Boards",
  "Kudos Boards - Terms & Conditions": "Kudos Boards - Шарттар мен талаптар",
  "Kudos Boards API": "Kudos Boards API",
  "Kudos Boards cannot be added as a tab until an administrator approves required functionality": "Әкімші қажетті функционалдылықты растағанша Kudos Boards қолданбасын қойынды ретінде қосу мүмкін емес",
  "Kudos Boards has been updated in the background. Please reload the app!": "Фонда Kudos Boards жаңартылды. Қолданбаны қайта жүктеңіз!",
  "Kudos Partner Reference Code (optional)": "Kudos серіктестің анықтамалық коды (міндетті емес)",
  "Kudos Team Name": "Kudos тобының аты",
  "Label deleted": "Белгі жойылды",
  "Labels": "Белгілер",
  "Last Accessed": "Соңғы қатынасқан",
  "Last Licence Expired on": "Соңғы лицензияның мерзімі бітетін күн",
  "Later This Month": "Осы айдан кейін",
  "Later This Week": "Осы аптадан кейін",
  "Layout": "Орналасу",
  "Leave Board": "Тақтадан шығу",
  "Licence Assigned": "Тағайындалған лицензия",
  "Licence Details": "Лицензия мәліметтері",
  "Licence expired": "Мерзімі біткен лицензия",
  "Licence Type": "Лицензия түрі",
  "Licences": "Лицензиялар",
  "Licenses": "Лицензиялар",
  "Licensing": "Лицензиялау",
  "Limit": "Шек",
  "Line": "Сызық",
  "Line Items": "Жол элементтері",
  "Lines in file:": "Файлдағы жолдар:",
  "Link": "Сілтеме",
  "Link Accounts": "Тіркелгілерді байланыстыру",
  "Link another account": "Басқа тіркелгіні байланыстыру",
  "Link another Kudos Boards account": "Басқа Kudos Boards тіркелгісін байланыстыру",
  "Link Exists": "Бұрыннан барларын байланыстыру",
  "Link to Board": "Тақтаға сілтеме",
  "Link to Card, List or Board": "Картаға, тізімге немесе тақтаға сілтеме",
  "Link to File": "Файлға сілтеу",
  "Link to Folder": "Қалтаға сілтеме",
  "Link {{provider}} with the current account": "Ағымдағы тіркелгімен {{provider}} байланыстыру",
  "Linked Accounts": "Байланыстырылған тіркелгілер",
  "Linked Groups": "Байланыстырылған топтар",
  "Links": "Сілтемелер",
  "Links & Attachments": "Сілтемелер және тіркемелер",
  "List": "Тізім",
  "List all Boards": "Барлық тақталар тізімі",
  "List Name": "Тегі",
  "List View": "Тізім көрінісі",
  "Lists": "Тізімдер",
  "Lite": "Lite",
  "Local": "Жергілікті",
  "Logging in, please wait...": "Жүйеге кіруде, күте тұрыңыз...",
  "Login": "Кіру",
  "Logout": "Шығу",
  "Look in": "Іздеу",
  "Make the most of your Kudos Boards Premium Preview": "Көптеген Kudos Boards премиум алдын ала көрінісін жасау",
  "Manage Org": "Ұйымды басқару",
  "Manage Payments": "Төлемдерді басқару",
  "Mark Board as Complete": "Тақтаны аяқталған деп белгілеу",
  "Mark Board as Incomplete": "Тақтаны аяқталмаған деп белгілеу",
  "Mark Complete": "Аяқталды деп белгілеу",
  "Mark Incomplete": "Аяқталмағанын белгілеу",
  "Marketing": "Маркетинг",
  "Match All Filters": "Барлық сүзгілерді сәйкестендіру",
  "Meeting": "Жиналыс",
  "Members": "Мүшелер",
  "Merge": "Біріктіру",
  "Microsoft Office365": "Microsoft Office365",
  "Migrate ALL ({{num}})": "БАРЛЫҒЫН көшіру ({{num}})",
  "Migrate Selected ({{num}})": "Таңдалғанын көшіру ({{num}})",
  "Mind Map": "Байланыстар диаграммасы",
  "MindMap": "Байланыстар диаграммасы",
  "Mindmap": "Байланыстар диаграммасы",
  "Mindmap View": "Байланыстар диаграммасының көрінісі",
  "Minimum number of users for the selected licence type is {{minimumSeats}}": "Таңдалған лицензия түріне арналған максималды пайдаланушылар саны: {{minimumSeats}}",
  "Mirror": "Айна",
  "Modified": "Өзгертілген",
  "Modify": "Өзгерту",
  "Modify Licence": "Лицензияны өзгерту",
  "Monday": "Дүйсенбі",
  "monthly": "айлық",
  "Monthly": "Айлық",
  "More": "Қосымша",
  "Move": "Жылжыту",
  "Move and Open": "Жылжыту және ашу",
  "Move Card": "Картаны жылжыту",
  "Move List": "Тізімді жылжыту",
  "Move To Another Board": "Басқа тақтаға жылжыту",
  "Move to another list or parent card": "Басқа тізімге немесе ата-ана картасына жылжыту",
  "My": "Менің",
  "My Account": "Менің тіркелгім",
  "My Activities": "Менің әрекеттерім",
  "My Boards": "Менің тақталарым",
  "My Subscriptions": "Менің жазылымдарым",
  "My Templates": "Менің үлгілерім",
  "My Todos": "Менің іс-әрекеттерім",
  "Name": "Аты",
  "Name on Card": "Картадағы аты",
  "Named Users": "Аты бар пайдаланушылар",
  "Named Users Licence": "Аты бар пайдаланушылар лицензиясы",
  "Never": "Ешқашан",
  "New Board": "Жаңа тақта",
  "New card created, however the search filter currently applied is preventing it from being displayed": "Жаңа карта жасалды, бірақ қазір қолданылған іздеу сүзгісі көрсетілуін болдырмауда",
  "New cards created as tasks on enter key press": "Енгізу пернесін басқан кезде жаңа карталар тапсырмалар ретінде жасалды",
  "New Client": "Жаңа клиент",
  "New Client Licence": "Жаңа клиент лицензиясы",
  "New Credit Card": "Жаңа несие картасы",
  "New Label": "Жаңа белгі",
  "New Label Text": "Жаңа белгі мәтіні",
  "New Licence": "Жаңа лицензия",
  "New Since Last Week": "Соңғы аптадан бері жаңа",
  "New Sub-Card": "Жаңа қосалқы карта",
  "New Tab": "Жаңа қойынды",
  "New Template": "Жаңа үлгі",
  "New User Licence": "Жаңа пайдаланушы лицензиясы",
  "Next": "Келесі",
  "Next Invoice Amount: {{nextAmount}}": "Келесі шот-фактура сомасы: {{nextAmount}}",
  "Next Invoice Date: {{date}}": "Келесі шот-фактура күні: {{date}}",
  "Next Payment": "Келесі төлем",
  "Next Payment Attempt": "Келесі төлем әрекеті",
  "Next Payment: {{{date}}}": "Келесі төлем: {{{date}}}",
  "Next Week": "Келесі апта",
  "No": "Жоқ",
  "No action available": "Ешқандай әрекет қолжетімді емес",
  "No Active Meetings found. Click below to go to a Workspace": "Жаңа кездесу табылмады. Жұмыс кеңістігіне өту үшін төмендегіні басыңыз",
  "No Activities found": "Әрекеттер табылмады",
  "No Archived items to show": "Көрсететін мұрағатталған элементтер жоқ",
  "No Assignment": "Тағайындау жоқ",
  "No boards found for this group": "Бұл топ үшін тақталар табылмады",
  "No Boards found.": "Тақталар табылмады.",
  "No boards yet, please create one first": "Әлі тақталар жоқ, алдымен біреуін жасаңыз",
  "No clients found": "Клиенттер табылмады",
  "No Colour": "Түс жоқ",
  "No Date": "Күні жоқ",
  "No files found": "Ешқандай файлдар табылмады",
  "No folders found": "Ешбір қалта табылмады",
  "No Group": "Топ жоқ",
  "No invoices to display": "Көрсететін есеп-шоттар жоқ",
  "No items were selected": "Ешбір элемент таңдалмады",
  "No Label": "Белгі жоқ",
  "No label": "Белгі жоқ",
  "No labels defined": "Ешбір белгі анықталмады",
  "No licences available. Functionality will be limited for new users.": "Қолжетімді лицензиялар жоқ. Жаңа пайдаланушылар үшін функционалдылық шектеледі.",
  "No licences found": "Лицензиялар табылмады",
  "No licences to show": "Көрсететін лицензиялар жоқ",
  "No organisations found": "Ұйымдар табылмады",
  "No pinned boards": "Бекітілген тақталар жоқ",
  "No Pinned Boards found.": "Бекітілген тақталар табылмады.",
  "No Recent Boards found.": "Соңғы тақталар табылмады.",
  "No user trials found": "Ешбір пайдаланушы сынағы табылмады",
  "No users found": "Ешбір пайдаланушы табылмады",
  "No users to show": "Көрсететін пайдаланушылар жоқ",
  "None": "Ешбір",
  "North America": "Солтүстік Америка",
  "Not Licensed": "Лицензияланбаған",
  "Not Supported": "Қолдау көрсетілмейді",
  "Note that file security is managed by {{provider}}, not by Kudos Boards": "Файл қауіпсіздігі Kudos Boards тарапынан емес {{provider}} тарапынан басқарылатынын ескеріңіз",
  "Nothing to show": "Көрсететін мәлімет жоқ",
  "Number of Attempts": "Талпыныстар саны",
  "Number of cards": "Карталар саны",
  "Number of Expired Licences": "Мерзімі өткен лицензиялар саны",
  "Number of Users": "Пайдаланушылар саны",
  "Number of Valid Licences": "Жарамды лицензиялар саны",
  "oAuth Client ID": "oAuth клиентінің ИД",
  "OAuth Client ID": "OAuth клиентінің ИД",
  "OAuth Client Secret": "OAuth клиентінің құпиясы",
  "oAuth Client Secret": "oAuth клиентінің құпиясы",
  "ok": "ok",
  "OK": "OK",
  "Only Entries": "Тек жазбалар",
  "Only the members of this board will be able to see and access this board.": "Осы тақтаның мүшелері ғана осы тақтаны көре және қатынаса алады.",
  "Only Todos": "Тек іс-әрекеттер",
  "Open": "Ашу",
  "Open Board Options": "Тақта опцияларын ашу",
  "Open Boards in:": "Тақталарды ашу:",
  "Open in Boards": "Тақталарда ашу",
  "Open Licence": "Лицензияны ашу",
  "Open this board": "Осы тақтаны ашу",
  "Opt in below to receive tips and tricks from the Kudos Boards team to make the most of your premium preview.": "Премиум алдын ала көрініс жасау үшін Kudos Boards тобынан кеңестер мен ұсыныстар алу үшін төмендегіге келісіңіз.",
  "Order": "Рет",
  "Order Summary": "Тапсырыс қорытындысы",
  "Order via ISW Partner": "ISW серіктесі арқылы тапсырыс беру",
  "Org Administration": "Ұйымды басқару",
  "Organisation": "Ұйым",
  "Organisation Name": "Ұйым аты",
  "Organisations": "Ұйымдар",
  "Organise any project productively using the classic Todo, Doing, Done methodology": "Классикалық іс-әрекет, істеу, дайын әдісі арқылы жобаны өнімді ұйымдастыру",
  "Our Terms & Conditions have changed": "Біз өзгерткен шарттар мен талаптар",
  "Overdue": "Кешіктірілген",
  "owner": "Иесі",
  "Owner": "Иесі",
  "Owners": "Иелер",
  "Page Not Found": "Бет табылмады",
  "Paid": "Ақылы",
  "Paste link or drop file to upload": "Сілтемені қою немесе жүктеп салатын файлды тастау",
  "Payment Method": "Төлем әдісі",
  "Period": "Нүкте",
  "Person": "Кісі",
  "Pin Board": "Тақтаны бекіту",
  "Pinned": "Бекітілді",
  "Pinned Boards": "Бекітілген тақталар",
  "Pinned boards": "Бекітілген тақталар",
  "Plan and collaborate on tasks on a weekly basis": "Тапсырмаларда апта сайын жоспарлау және бірлесіп жұмыс істеу",
  "Please approve the Kudos Boards app to allow it to be added as a tab.": "Kudos Boards қолданбасын қойынды ретінде қосу рұқсатын растаңыз.",
  "Please approve the Kudos Boards app to use advanced features.": "Қосымша мүмкіндіктерді пайдалану үшін Kudos Boards қолданбасын растаңыз.",
  "Please contact your Administrator": "Әкімшімен хабарласыңыз",
  "Please contact your IBM Connections Admin to purchase a licence.": "Лицензияны сатып алу үшін IBM Connections әкімшісіне хабарласыңыз.",
  "Please ensure you login with the same Office 365 user account as you are using in Microsoft Teams": "Microsoft Teams жүйесінде пайдаланғанмен бірдей Office 365 пайдаланушы тіркелгісімен кіргеніңізді тексеріңіз",
  "Please enter a board name": "Тақтаның атын енгізіңіз",
  "Please enter a valid email address": "Жарамды электрондық пошта мекенжайын енгізіңіз",
  "Please enter a valid URL": "Жарамды URL мекенжайын енгізіңіз",
  "Please enter the number of users in your Connections Cloud Organisation": "Connections бұлттық ұйымына пайдаланушылар санын енгізіңіз",
  "Please enter the number of users you wish to name under this licence": "Осы лицензия астына атау керек пайдаланушылар санын енгізіңіз",
  "Please read our Terms & Conditions": "Шарттар мен талаптарды оқып шығыңыз",
  "Please reload the page and try again, if this issue persists please let us know": "Бетті қайта жүктеп, әрекетті қайталаңыз, осы мәселе қайталанса, бізге хабарлаңыз",
  "Please review your licences here": "Осындағы лицензияларды қарап шығыңыз",
  "Please see the <a href='{{url}}'>new board</a>": "<a href='{{url}}'>Жаңа тақтаны</a> қарап шығыңыз",
  "Please sign in": "Жүйеге кіріңіз",
  "Please start a trial to use Boards in your {{provider}} organisation": "{{provider}} ұйымында тақталарды пайдалану үшін сынақ нұсқаны іске қосыңыз",
  "Position": "Орны",
  "Post": "Хабар",
  "Premium": "Премиум",
  "Premium Preview Status": "Премиум алдын ала көрініс күйі",
  "Preview": "Алдын ала қарау",
  "Preview available": "Алдын ала көрініс қолжетімді",
  "Previous": "Алдыңғы",
  "Pricing": "Баға белгілеу",
  "primary": "бастапқы",
  "Primary": "Бастапқы",
  "Print": "Басып шығару",
  "Private (me only)": "Жеке (тек мен)",
  "Product Information": "Өнім туралы ақпарат",
  "Product Version": "Өнім нұсқасы",
  "Provider": "Провайдер",
  "Provider not supported": "Провайдерге қолдау көрсетілмейді",
  "Public": "Жалпы",
  "Public Access": "Жалпы қатынас",
  "Public Activities": "Ортақтандырылған әрекеттер",
  "Public Boards": "Жалпы тақталар",
  "Public Templates": "Жалпы үлгілер",
  "Quarterly": "Тоқсандық",
  "Questions": "Сұрақтар",
  "Quick Edit": "Жылдам өңдеу",
  "Radial": "Радиалды",
  "RE-CENTER": "ОРТАҒА ҚАЙТА ТУРАЛАУ",
  "Reactivate Licence": "Лицензияны қайта белсендіру",
  "reader": "оқырман",
  "Reader": "Оқырман",
  "Recent": "Соңғы",
  "Recent boards": "Соңғы тақталар",
  "Recent Boards": "Соңғы тақталар",
  "Recurring Amount Due: {{recurring}}": "Қайталатын сома мерзімі: {{recurring}}",
  "Redeeming Invitation...": "Шақыру нақтылануда...",
  "Redirecting to Connections Cloud...": "Connections бұлтына қайта бағытталуда...",
  "Redirecting to Watson Workspace...": "Watson Workspace қолданбасына қайта бағытталуда...",
  "Refresh": "Жаңарту",
  "Region": "Аудан",
  "Reload": "Қайта жүктеп алу",
  "Remaining ({{num}})": "Қалған ({{num}})",
  "Remove Admin": "Әкімшіні жою",
  "Remove Client": "Клиентті жою",
  "Remove Invite": "Шақыруды жою",
  "Remove Licence": "Лицензияны жою",
  "Replace": "Ауыстыру",
  "Resend Invite": "Шақыруды қайта жіберу",
  "Reset": "Ысыру",
  "Restore": "Қалпына келтіру",
  "Restore Card": "Картаны қалпына келтіру",
  "Restore items": "Элементтерді қалпына келтіру",
  "Restore List": "Тізімді қалпына келтіру",
  "Restore mode": "Режимді қалпына келтіру",
  "Reverse": "Кері",
  "Revoke All": "Барлығын қайтару",
  "Revoke Licence": "Лицензияны қайтару",
  "Role": "Рөл",
  "Roles": "Рөлдер",
  "Rows": "Жолдар",
  "Sales": "Сатылым",
  "Save": "Сақтау",
  "Save card for future purchases": "Болашақ сатып алулар үшін картаны сақтау",
  "Save Changes": "Өзгерістерді сақтау",
  "Save link": "Сілтемені сақтау",
  "Scroll To": "Айналдыру",
  "Search": "Іздеу",
  "Search All Templates": "Барлық үлгілерді іздеу",
  "Search this view": "Осы көріністі іздеу",
  "Search...": "Іздеу...",
  "Select a Board": "Тақтаны таңдау",
  "Select board": "Тақтаны таңдау",
  "Select Board": "Тақтаны таңдау",
  "Select Board Label": "Тақта белгісін таңдау",
  "Select Card Colours": "Карта түстерін таңдау",
  "Select Colour": "Түсті таңдау",
  "Select Colours": "Түстерді таңдау",
  "Select Destination Board": "Межелі тақтаны таңдау",
  "Select destination folder": "Межелі қалтаны таңдау",
  "Select File": "Файл таңдау",
  "Select Folder": "Қалтаны таңдау",
  "Select items for delete": "Жойылатын элементтерді таңдау",
  "Select items for restore": "Қалпына келтіретін элементтерді таңдау",
  "Select List or Card": "Тізімді немесе картаны таңдау",
  "Select the boards below that you would like to transfer membership over to your primary ({{toName}}) account": "Мүшелікті негізгі ({{toName}}) тіркелгіге тасымалдау үшін төмендегі тақталарды таңдаңыз",
  "Selected Activity": "Таңдалған әрекет",
  "Send an email notifying each member that the Activity has been migrated to a Board.": "Әрбір мүшеге әрекеті тақтаға көшірілгенін хабарлайтын электрондық хабарды жіберіңіз.",
  "Send Invitation": "Шақырту жіберу",
  "Send Notification Email to Members": "Мүшелерге электрондық хабарландыруды жіберу",
  "Sending invitations": "Шақыруларды жіберу",
  "Set as primary account": "Негізгі тіркелгі ретінде орнату",
  "Set Dates": "Күндерді орнату",
  "Set enter key press action to create a task when creating new cards in a list.": "Тізімде жаңа карталар жасаған кезде тапсырманы жасау үшін енгізу пернесін басу әрекетін орнатыңыз.",
  "Setup Subscription": "Жазылымды орнату",
  "Share with": "Келесімен бөлісу",
  "Shared by me": "Мен ортақ пайдаланған",
  "Shared with me": "Менімен ортақ пайдаланылатын",
  "Show": "Көрсету",
  "Show all ancestors": "Барлық мысалдарды көрсету",
  "Show all boards for this team": "Бұл топқа барлық тақталарды көрсету",
  "Show Board Menu": "Тақта мәзірін көрсету",
  "Show Filter Options": "Сүзгі опцияларын көрсету",
  "Show Less": "Азырақ көрсету",
  "Show Licences for your organisation": "Ұйымыңызға арналған лицензияларды көрсету",
  "Show More": "Қосымша көрсету",
  "Show on Card": "Картада көрсету",
  "Show previous comments": "Алдыңғы пікірлерді көрсету",
  "Show previous links & attachments": "Алдыңғы сілтемелер мен тіркемелерді көрсету",
  "Show Sub-cards": "Қосалқы карталарды көрсету",
  "Sign In": "Кіру",
  "Sign in with": "Кіру құралы",
  "SIGN IN WITH:": "КІРУ ҚҰРАЛЫ:",
  "Sign Out": "Шығу",
  "Sign Out of Kudos Boards": "Kudos Boards қолданбасынан шығу",
  "Signing in...": "Жүйеге кіруде...",
  "Signing out...": "Жүйеден шығуда...",
  "Smartcloud": "Smartcloud",
  "Something went wrong.": "Бір нәрсе дұрыс болмады.",
  "Source Board/Template": "Негізгі тақта/үлгі",
  "Source Template": "Бастапқы үлгі",
  "Specific Board": "Белгілі бір тақта",
  "Start a Trial": "Сынақты бастау",
  "Start a trial or purchase a subscription to start creating boards": "Тақталарды жасауды бастау үшін сынақты бастаңыз немесе жазылымды сатып алыңыз",
  "Start Boards Premium Preview": "Тақталардың премиум алдын ала көрінісін іске қосу",
  "Start Date": "Бастау күні",
  "Start Free Trial": "Тегін сынақты бастау",
  "Start my trial": "Менің сынағымды бастау",
  "Start Now": "Қазір бастау",
  "Start page updated": "Бастау беті жаңартылған",
  "Start Page:": "Басты беті:",
  "Starting Balance": "Бастапқы баланс",
  "Starting View": "Бастапқы көрініс",
  "Status": "Күйі",
  "Step": "Қадам",
  "Sub Cards": "Қосалқы карталар",
  "Sub Tasks": "Қосалқы тапсырмалар",
  "Submit": "Жіберу",
  "Subscription": "Жазылым",
  "Subscription expired.": "Жазылым мерзімі аяқталды.",
  "Subtotal": "Қосалқы қорытынды",
  "Summary": "Жиынтық",
  "Support for browsers is currently limited.  This browser is not yet supported. <br>Please use one of the following browsers:": "Дәл қазір шолғыштар қолдауы шектелген.  Бұл шолғышқа әлі қолдау көрсетілмейді. <br>Мына шолғыштардың біреуін пайдаланыңыз:",
  "Tab Content": "Тег мазмұны",
  "Tab Name": "Қойынды аты",
  "Tags": "Тегтер",
  "Tags (optional)": "Тегтер (міндетті емес)",
  "Take away meaningful and collaborative notes from any meeting!": "Кездесуден мағыналы және бірлескен ескертпелерді алыңыз!",
  "Task": "Тапсырма",
  "Team Boards": "Топ тақталары",
  "Team Name": "Топ аты",
  "Team Name is used as a method to log in to certain authentication providers. e.g. Auth0": "Белгілі бір түпнұсқалық растама провайдерлеріне кіру әдісі ретінде топ аты қолданылады. Мысалы, Auth0",
  "Template": "үлгі",
  "Templates": "Үлгілер",
  "Templates tagged with": "Тегтелген үлгілер",
  "Text": "Мәтін",
  "Text Mode": "Мәтін режимі",
  "That can't be pasted there.": "Оны мұнда қою мүмкін емес.",
  "The board has been deleted": "Тақта жойылды.",
  "The files below cannot be uploaded to Kudos Boards as they are larger than the limit of {{limit}}": "Төмендегі файлдарды Kudos Boards қолданбасына жүктеп салу мүмкін емес, себебі олар {{limit}} шегінен үлкен",
  "The following links have already been added to this card:": "Бұл картаға мына сілтемелер әлдеқашан қосылған:",
  "The invite was resent to": "Шақыру қайта жіберілді",
  "The selected board(s) were successfully transferred": "Таңдалған тақталар сәтті тасымалданды",
  "The selected items have been deleted": "Таңдалған элементтер жойылды",
  "The selected items have been restored": "Таңдалған элементтер қалпына келтірілді",
  "There was an error when uploading the file. Server response: ": "Файлды жүктеп салу кезінде қате орын алды. Сервер жауабы: ",
  "This Activity has been migrated to Kudos Boards": "Бұл әрекет Kudos Boards қолданбасына көшірілді",
  "This billing cycle affords a {{discount}}% discount": "Бұл шот ұсыну циклінде {{discount}}% жеңілдік қарастырылады",
  "This Board": "Бұл тақта",
  "This Board is available with AUTHOR access to everyone across all organisations.": "Бұл тақта барлық ұйымдар бойынша барлығына АВТОР қатынасымен қолжетімді.",
  "This Board is available with EDITOR access to everyone across all organisations.": "Бұл тақта барлық ұйымдар бойынша барлығына ӨҢДЕГІШ қатынасымен қолжетімді.",
  "This Board is in one or more Groups": "Бұл тақта бір немесе бірнеше топта",
  "This Board is read-only to everyone across all organisations.": "Бұл тақта барлық ұйымдар бойынша барлығына оқуға дайын.",
  "This Board will be visible to everyone in your organisation. <br>Non-members can create new content and edit their own content.": "Бұл тақта ұйымдағы барлық адамдарға көрінеді. <br>Мүше емес адамдар жаңа мазмұнды жасап, жеке мазмұнды өңдей алады.",
  "This Board will be visible to everyone in your organisation. <br>Non-members can only view the board's contents.": "Бұл тақта ұйымдағы барлық адамдарға көрінеді. <br>Мүше емес адамдар тақта мазмұнын ғана көре алады.",
  "This Board will be visible to everyone in your organisation. <br>Please note: This access level allows non-members to edit <b>all</b> board content.": "Бұл тақта ұйымдағы барлық адамдарға көрінеді. <br>Ескертпе: бұл қатынасу деңгейі мүше емес адамдарға <b>барлық</b> тақта мазмұнын көруге мүмкіндік береді.",
  "This card will be restored with its parent": "Бұл карта негізгісімен қалпына келтіріледі",
  "This Community": "Бұл қауымдастық",
  "This feature is coming soon!": "Бұл мүмкіндік жуырда келеді!",
  "This feature is currently not supported by the IBM Connections Cloud API": "Дәл қазір IBM Connections Cloud API қолданбасы бұл мүмкіндікке қолдау көрсетпейді",
  "This field is required": "Осы өріс міндетті",
  "This invoice has been closed. Payment will not be automatically attempted again. Contact support for more information": "Бұл шот-фактура жабылды. Төлем автоматты түрде қайта жасалмайды. Қосымша ақпарат алу үшін қолдау орталығына хабарласыңыз",
  "This is a Free trial of Kudos Boards and will expire in {{numDays}} day(s).": "Бұл - Kudos Boards тегін сынақ нұсқасы және мерзімі {{numDays}} күннен кейін бітеді.",
  "This is a read-only preview of this Activity. Import to Boards for full functionality": "Бұл - осы әрекеттің тек оқуға арналған алдын ала көрінісі. Толық функционалдылық үшін тақталарға импорттау",
  "This licence grants access to a set number of users as they use the app. You may view the user-licences already assigned.": "Бұл лицензия пайдаланушылар қолданбаны пайдаланған кезде олардың орнатылған санына қатынас береді. Әлдеқашан тағайындалған пайдаланушы лицензияларын көре аласыз.",
  "This licence has been cancelled.": "Бұл лицензиядан бас тартылды.",
  "This licence only grants access to a selected group of named users. Access will not be granted to users not named by the Org Admins. You can view and edit the named users from the Admin settings.": "Бұл лицензия тек аты бар пайдаланушылардың таңдалған тобына қатынас береді. Ұйым әкімшілері тарапына ат берілмеген пайдаланушыларға қатынас берілмейді. Әкімші параметрлерінен аты бар пайдаланушыларды көре және өңдей аласыз.",
  "This option is only available when paying by credit card": "Несие картасымен төлеген кезде ғана осы опция қолжетімді",
  "This option is only editable if paying by credit card": "Несие картасымен төлеген кезде ғана осы опция өңделеді",
  "This team account is already linked": "Бұл топ тіркелгісі әлдеқашан байланыстырылған",
  "This will go to your provider for an administrator to approve access to Kudos Boards": "Әкімші Kudos Boards қолданбасына қатынасты растауға арналған провайдеріңізге өткізеді",
  "This will permanently delete the board and all its data, are you sure?": "Бұл тақта мен барлық деректерін біржола жояды, сенімдісіз бе?",
  "This will remove this data permanently from the board, are you sure?": "Бұл тақтадан осы деректерді біржола жояды, сенімдісіз бе?",
  "Thursday": "Бейсенбі",
  "Tile Colours": "Қатар түстері",
  "Timeline": "Уақыт шкаласы",
  "Timeline View": "Уақыт шкаласы көрінісі",
  "Title": "Тақырып",
  "to go to Connections Cloud, then access Kudos Boards via the link in the 'Apps' menu.": "Connections Cloud бұлтына өтіп, \"Қолданбалар\" мәзіріндегі сілтеме арқылы Kudos Boards қолданбасына қатынасыңыз.",
  "To interact with this card the parent will need to be restored": "Осы картамен жұмыс істеу үшін негізгісін қалпына келтіру керек болады",
  "To unselect this card you will need to unselect its parent": "Осы карта таңдауын алу үшін оның негізгісінің таңдауын алу керек болады",
  "to view this content": "осы мазмұнды көру",
  "Today": "Бүгін",
  "Todo": "Іс тізімі",
  "Todos": "Іс-әрекеттер",
  "Todos by Date": "Күн бойынша іс-әрекеттер",
  "Todos by Due Date": "Мерзімі біту күні бойынша іс-әрекеттер",
  "Toggle Completion": "Ауыстыруды аяқтау",
  "Toggle Editor": "Өңдегішті ауыстыру",
  "Toggle Sidebar": "Бүйірлі тақтаны ауыстыру",
  "Tomorrow": "Ертең",
  "Total": "Қорытынды",
  "Transfer Board Membership": "Тақта мүшелігін тасымалдау",
  "Transfer Membership": "Мүшелікті тасымалдау",
  "TRIAL": "СЫНАҚ",
  "Trial": "Сынақ",
  "Trial End Date: {{trialEnd}}": "Сынақтың аяқталу күні: {{trialEnd}}",
  "Trial expired": "Сынақ мерзімі бітті",
  "Trial expired.": "Сынақ мерзімі бітті.",
  "Trial extended {{extensions}} time(s)": "{{extensions}} уақытқа ұзартылған сынақ",
  "Try again": "Қайталап көріңіз",
  "Tuesday": "Сейсенбі",
  "Type": "Түр",
  "Type to filter archive": "Мұрағатты сүзгілеу үшін теру",
  "Type to filter list": "Тізімді сүзгілеу үшін теру",
  "Type to filter members": "Мүшелерді сүзгілеу үшін теру",
  "Type to search": "Іздеу үшін теру",
  "Unassigned": "Берілмеген",
  "Undo": "Болдырмау",
  "UNDO": "Болдырмау",
  "Unit price: {{unitPrice}} per user": "Бірлік бағасы: әрбір пайдаланушы үшін {{unitPrice}}",
  "Unknown Connections Cloud organisation. Redirecting...": "Connections Cloud ұйымы белгісіз. Қайта бағытталуда...",
  "Unknown Team": "Белгісіз топ",
  "Unlimited": "Шексіз",
  "Unlink account": "Тіркелгі байланысын ажырату",
  "Unlink Board": "Тақта байланысын ажырату",
  "Unlink {{fromName}} Account": "{{fromName}} тіркелгісінің байланысын ажырату",
  "Unlock Kudos Boards Premium Preview": "Kudos Boards премиум алдын ала көрінісін құлыптан босату",
  "Unpaid": "Ақылы емес",
  "Unpin Board": "Тақтаны босату",
  "Unscheduled cards": "Жоспарланбаған карталар",
  "Update": "Жаңарту",
  "Updated": "Жаңартылған",
  "Updated Since Last Accessed": "Соңғы қатынасқаннан бері жаңартылды",
  "Updated {{ date }}": "{{ date }} күні жаңартылды",
  "Updating...": "Жаңарту...",
  "Upload": "Жүктеп салу",
  "Upload file from computer": "Компьютерден файлды жүктеп алу",
  "Upload to Kudos Boards": "Kudos Boards қолданбасына жүктеп салу",
  "Upload Users": "Пайдаланушыларды жүктеп салу",
  "Upload Users from CSV": "CSV пайдаланушыларын жүктеп салу",
  "uploaded successfully": "сәтті жүктеп салынды.",
  "Uploading file:": "Файлды кері қотару:",
  "URL": "URL мекен-жайы",
  "URL of Connections header frame (optional)": "Connections тақырыбы жақтауының URL мекенжайы (міндетті емес)",
  "Use another file service": "Басқа файл қызметін пайдалану",
  "Use current account": "Ағымдағы тіркелгісін пайдалану",
  "Use Email": "Электрондық поштаны қолдану",
  "Use the Kudos Boards File Attachment Service for attaching files to cards": "Карталарға файлдарды тіркеу үшін Kudos Boards файлды тіркеу қызметін пайдаланыңыз",
  "Use {{provider}} instead": "Оның орнына {{provider}} пайдалану",
  "Used": "Пайдаланылды",
  "User": "Пайдаланушы",
  "User Emails": "Пайдаланушы электрондық пошталары",
  "User ExternalID": "Пайдаланушының сыртқы ИД",
  "User Licences": "Пайдаланушы лицензиялары",
  "User Options": "Пайдаланушы Параметрлері",
  "User Trials": "Пайдаланушы сынақтары",
  "User upload success!": "Пайдаланушыны жүктеп салу сәтті болды!",
  "Username": "Пайдаланушы аты",
  "Users": "Пайдаланушылар",
  "Users may need to be added to the destination board to maintain access to their assigned todos.": "Тағайындалған іс-әрекеттерге қатынас беру үшін межелі тақтаға пайдаланушыларға қосу керек болуы мүмкін.",
  "Users: {{num}}": "Пайдаланушылар саны: {{num}}",
  "Vertical": "Тігінен",
  "View": "Көрініс",
  "View and Accept ↗": "Көру және қабылдау ↗",
  "View Details": "Егжей-тегжейлі мәліметтерді көру",
  "View licences": "Лицензияларды көру",
  "View subscriptions": "Жазылымдарды көру",
  "View Subscriptions": "Жазылымдарды көру",
  "Want to know more?": "Қосымша білу керек пе?",
  "Warning: you are not authorised to add members in this board": "Ескерту: бұл тақтаға мүшелерді қосуға рұқсат жоқ",
  "We found one board linked your {{fromName}} user account. Once you unlink the account you may no longer have access to this board.": "{{fromName}} пайдаланушы тіркелгісіне байланыстырлғанын бір тақтаны таптық. Тіркелгінің байланысын ажыратсаңыз, осы тақталарға енді кіре алмайсыз.",
  "We found {{count}} boards linked to your {{fromName}} user account. Once you unlink the account you may no longer have access to these boards.": "{{count}} тақта {{fromName}} пайдаланушы тіркелгісіне байланыстырлғанын таптық. Тіркелгінің байланысын ажыратсаңыз, осы тақталарға енді кіре алмайсыз.",
  "We recommended you change the widget title from the actions menu above": "Жоғарыдағы тіркелгілер мәзірінен виджет атауын өзгертуды ұсынамыз.",
  "Wednesday": "Сәрсенбі",
  "Weekdays": "Жұмыс күндері",
  "Welcome": "Қош келдіңіз",
  "Welcome to Kudos Boards": "Kudos Boards қолданбасына қош келдіңіз",
  "When you unlock Kudos Boards Premium View, your current Activities will immediately be available in Board, Timeline and MindMap view.": "Kudos Boards премиум көрінісін құлыптан босатқан кезде Тақта, Уақыт шкаласы және Байланыстар диаграммасы көрінісінде ағымдағы тіркелгілер бірден қолжетімді болады.",
  "Widget Settings": "Виджет параметрлері",
  "yearly": "жылдық",
  "Yearly": "Жылдық",
  "Yes": "Иә",
  "Yes Please": "Иә, өтінемін",
  "You are in DELETE mode, select items to delete": "Сіз ЖОЮ режиміндесіз, жойылатын элементтерді таңдаңыз",
  "You are in restore mode, select items to restore": "Сіз қалпына келтіру режиміндесіз, қалпына келтіретін элементтерді таңдаңыз",
  "You are not a direct member of this board. Please consider leaving any Groups that may be members of this board.": "Сіз бұл тақтаның тікелей мүшесі емессіз. Осы тқатаның мүшелері болуы мүмкін топтардан шығыңыз.",
  "You are not allowed to leave this Board. Please consider archiving board.": "Сіз осы тақтадан шыға алмайсыз. Тақтаны мұрағаттаңыз.",
  "You are not authorised to access this resource": "Бұл ақпарат көзіне қатынасуға рұқсатыңыз жоқ",
  "You are not licensed to access this resource.": "Бұл ресурсқа қатынасуға лицезияңыз жоқ.",
  "You are the only owner of this board. Please consider adding other owners or archiving this board instead.": "Сіз тек осы тақтаның иесі болып табыласыз. Басқа иегерлерді қосыңыз немесе оның орнына осы тақтаны мұрағаттаңыз.",
  "You can enhance your workflow by unlocking Kudos Boards Premium Preview. In addition to your Activities view, you’ll also be able to work in the Boards, Timeline and Mind Map views!": "Kudos Boards премиум алдын ала көрінісін құлыптан босату арқылы жұмыс ағынын кеңейтуге болады. Әрекеттер көрінісіне қоса, Тақталар, Уақыт шкаласы және Байланыстар диаграммасы көріністерінде жұмыс істей аласыз!",
  "You have READ ONLY access to this Board": "Сіз бұл тақтаға ТЕК ОҚУ қатынасы бар",
  "You have {{remaining}} day(s) remaining in your premium preview.": "Премиум алдын ала көріністе {{remaining}} күніңіз қалды.",
  "Your account's email address and other admin emails for your org ({{emails}}) are already included": "Ұйымыңызға ({{emails}}) арналған тіркелгінің электрондық пошта мекенжайы мен басқа әкімшінің электрондық пошталары әлдеқашан қосылған",
  "Your api key for kudos boards is shown below": "Kudos Boards api кілті төменде көрсетілген",
  "Your changes have been saved": "Өзгертулеріңіз сақталды",
  "Your initial premium preview with {{orgName}} has expired. Click extend if you would like to continue access for an additional 30 days": "{{orgName}} бар бастапқы премиум алдын ала көрініс мерзімі бітті. Қатынасты қосымша 30 күнге жалғастыру керек болса, кеңейту түймесін басыңыз.",
  "Your premium preview expires today.": "Премиум алдын ала көрініс мерзімі бүгін бітеді.",
  "Your premium preview has expired, Let your administrator know you'd like to continue using Kudos Boards Premium view.": "Премиум алдын ала көрініс мерзімі бітті, әкімшіңізге Kudos Boards премиум көрінісін пайдалана бергіңіз келетінін хабарлаңыз.",
  "Your session with {{provider}} has expired. Redirecting...": "{{provider}} сеансының мерзімі бітті. Қайта бағытталуда...",
  "Your session with {{provider}} has expired. Some functionality (ie notifications, groups, files) will be restricted until you login again.": "{{provider}} сеансының мерзімі бітті. Қайта кіргеніңізше кейбір функционалдылық (мысалы, хабарландырулар, топтар, файлдар) шектеледі.",
  "{{count}} more card(s) this way": "Бұл жолы {{count}} қосымша карта",
  "{{num}} users": "{{num}} пайдаланушы",
  "{{quantity}} x subscriptions to '{{plan.name}}' ({{planPrice}} / {{plan.interval}})": "{{quantity}} x \"{{plan.name}}\" жазылымдары ({{planPrice}} / {{plan.interval}})",
  "{{remaining}} days of trial remaining": "Сынақтың {{remaining}} күні қалды",
  "{{remaining}} days remaining in your premium preview.": "Премиум алдын ала көріністе {{remaining}} күн қалды.",
  "{{userTrialCount}} user(s) have started a trial of Kudos Boards Premium": "{{userTrialCount}} пайдаланушы Kudos Boards Premium сынағын бастады"
}