{
  "": "",
  "'{{userName}}' will not be able to view the message because they cannot access this Board": "'{{userName}}'은(는) 이 보드에 액세스할 수 없으므로 메시지를 볼 수 없습니다",
  "(Copy Of) ": "(복사본) ",
  "A problem occurred when creating invite": "초대를 생성하는 중에 문제가 발생했습니다",
  "A problem occurred when deleting node": "노드를 삭제하는 중에 문제가 발생했습니다",
  "A problem occurred when getting a node": "노드를 가져오는 중에 문제가 발생했습니다",
  "A problem occurred when redeeming invite": "초대를 사용하는 중에 문제가 발생했습니다",
  "A problem occurred when removing invite": "초대를 제거하는 중에 문제가 발생했습니다",
  "A problem occurred when removing member": "회원을 제거하는 중에 문제가 발생했습니다",
  "A problem occurred when saving invite": "초대를 저장하는 중에 문제가 발생했습니다",
  "A problem occurred when saving member": "회원을 저장하는 중에 문제가 발생했습니다",
  "A problem occurred when saving node": "노드를 저장하는 중에 문제가 발생했습니다",
  "A problem occurred when updating invite": "초대를 업데이트하는 중에 문제가 발생했습니다",
  "A user with that email address already exists": "동일한 이메일 주소를 사용하는 사용자가 이미 있습니다",
  "A user with that email address already exists as a member of this board": "이 보드의 회원 중에 동일한 이메일 주소를 사용하는 사용자가 이미 있습니다",
  "Accessed in the Last Month": "지난 달에 액세스함",
  "Accessed since": "다음 이후에 액세스함",
  "Account Balance: {{credit}}": "계정 잔액: {{credit}}",
  "Account Unlinked": "계정 링크 해제됨",
  "Actions": "조치",
  "Active": "활성",
  "Active Boards": "활성 보드",
  "Active Workspace Meetings": "활성 작업공간 미팅",
  "Activity": "활동",
  "Activity data is loading...": "활동 데이터를 로드하는 중...",
  "Activity Migration": "활동 마이그레이션",
  "Activity Name": "활동 이름",
  "Add": "추가",
  "Add a Card": "카드 추가",
  "Add a Comment": "댓글 추가",
  "Add a Description": "설명 추가",
  "Add a List": "목록 추가",
  "Add a list": "목록 추가",
  "Add a Tag": "태그 추가",
  "Add an attachment or link": "첨부 파일 또는 링크 추가",
  "Add another": "기타 추가",
  "Add Attachment": "첨부 파일 추가",
  "Add Bookmark": "책갈피 추가",
  "Add Client": "클라이언트 추가",
  "Add Custom Field": "사용자 정의 필드 추가",
  "Add file": "파일 추가",
  "Add individuals or groups as members, or invite by email": "개인 또는 그룹을 회원으로 추가하거나 이메일로 초대",
  "Add Label": "레이블 추가",
  "Add label '{{filter}}'": "레이블 '{{filter}}' 추가",
  "Add Licence": "라이센스 추가",
  "Add Member": "회원 추가",
  "Add members": "회원 추가",
  "Add Organisation": "조직 추가",
  "Add people to your board or invite by email": "보드에 사용자를 추가하거나 이메일로 초대",
  "Add User": "사용자 추가",
  "Admin approval failed": "관리자 승인 실패",
  "Admin Users": "관리 사용자",
  "Administrator approval required.": "관리자 승인이 필요합니다.",
  "Administrators": "관리자",
  "Advanced": "고급",
  "Agenda": "아젠다",
  "All": "모두",
  "All Activities": "모든 활동",
  "All Boards": "모든 보드",
  "All cards are scheduled.": "모든 카드가 예약되었습니다.",
  "All Templates": "모든 템플리트",
  "Allow Invite by Email": "이메일로 초대 허용",
  "Already linked": "이미 링크됨",
  "Amount": "금액",
  "Amount Due": "지불해야 할 금액",
  "Amount Due Now: {{due}}": "현재 지불해야 할 금액: {{due}}",
  "Amount Paid": "지불한 금액",
  "An account of this type already linked": "이 유형의 계정이 이미 링크되어 있습니다",
  "An invitation for the specified email address already exists on this board": "지정된 이메일 주소에 대한 초대가 이미 이 보드에 있습니다",
  "and is already a member of this board": "이미 이 보드의 회원입니다",
  "Apply Template": "템플리트 적용",
  "Approve": "승인",
  "Approve Advanced Features": "고급 기능 승인",
  "Archive": "아카이브",
  "Archive Card": "카드 아카이브",
  "Archive Cards in List": "목록에 있는 카드 아카이브",
  "Archive List": "아카이브 목록",
  "Archived": "아카이브됨",
  "Archived Boards": "아카이브된 보드",
  "Archived Templates": "아카이브된 템플리트",
  "Are you sure you want to cancel this licence? This will take effect at the end of the current period.": "이 라이센스를 취소하시겠습니까? 취소의 효력은 현재 주기의 끝에 발생합니다.",
  "Are you sure you want to delete this licence? CAUTION: This will delete any associated credit card information": "이 라이센스를 삭제하시겠습니까? 주의: 연결된 신용 카드 정보가 모두 삭제됩니다",
  "Are you sure you want to reactivate this licence?": "이 라이센스를 다시 활성화하시겠습니까?",
  "Are you sure you want to unlink your {{provider}} account?": "{{provider}} 계정의 링크를 해제하시겠습니까?",
  "Are you sure you wish to leave '{{boardName}}'? This action cannot be undone by you.": "'{{boardName}}'을(를) 나가시겠습니까? 이 조치는 사용자가 직접 실행 취소할 수 없습니다.",
  "Are you sure?": "계속하시겠습니까?",
  "Are You Sure?": "계속하시겠습니까?",
  "Are you sure? This will reinstate the previous billing schedule": "계속하시겠습니까? 이전 청구 스케줄이 복원됩니다",
  "Are you sure? This will take effect at the end of the current billing cycle": "계속하시겠습니까? 이 조치의 효력은 현재 주기의 끝에 발생합니다",
  "Asia Pacific": "아시아 태평양",
  "Assign Users": "사용자 지정",
  "Assigned": "지정됨",
  "Assigned to": "지정 대상",
  "Assigned To Me": "나에게 지정된 작업 항목",
  "Assigned Users that will be added to the Destination Board": "대상 보드에 추가될 지정된 사용자",
  "Assignees": "지정인",
  "Assignments": "지정",
  "Attach": "첨부",
  "Attachments": "첨부 파일",
  "Auth0 url": "Auth0 URL",
  "Authentication Clients": "인증 클라이언트",
  "Author": "작성자",
  "author": "작성자",
  "awaiting acceptance": "수락 대기 중",
  "Back": "이전",
  "Back to Boards": "Boards로 돌아가기",
  "Back to Colour Selection": "색상 선택으로 돌아가기",
  "Bad Request": "잘못된 요청",
  "Best viewed in fullscreen": "전체 화면으로 보기 권장",
  "Billing Cycle": "청구 주기",
  "Billing period: {{interval}}": "청구 기간: {{interval}}",
  "Blank": "공란",
  "Board": "보드",
  "Board Archive": "보드 아카이브",
  "Board Labels": "보드 레이블",
  "Board Members": "보드 회원",
  "Board Name": "보드 이름",
  "Boards": "Boards",
  "Boards linked directly to this user": "이 사용자에게 직접 링크된 보드",
  "Boards linked through group membership": "그룹 멤버십을 통해 링크된 보드",
  "Boards premium preview": "Boards 프리미엄 미리보기",
  "Bookmarks": "책갈피",
  "Buy Licence": "라이센스 구입",
  "Buy Online": "온라인 구입",
  "by": "게시자",
  "Cancel": "취소",
  "Cancel Licence": "라이센스 취소",
  "Cancelled": "취소됨",
  "Cannot Leave Board": "보드를 나갈 수 없음",
  "Card Name": "카드 이름",
  "Card Number": "카드 번호",
  "Cards": "카드",
  "Central Europe": "중앙 유럽",
  "Choose a board": "보드 선택",
  "Choose a Template": "템플리트 선택",
  "Classic": "클래식",
  "Clear Search": "검색 지우기",
  "Clear Selected": "선택한 항목 지우기",
  "Clear Selected Filters": "선택한 필터 지우기",
  "Click for details": "세부사항을 보려면 클릭",
  "Click for more information about approving advanced features": "고급 기능 승인에 대한 자세한 정보를 보려면 클릭",
  "Click here": "여기를 클릭",
  "Click here for details": "세부사항을 보려면 여기를 클릭",
  "Click here for details.": "세부사항을 보려면 여기를 클릭하십시오.",
  "Click here to buy a licence online or get a quote": "온라인에서 라이센스를 구입하거나 견적을 받으려면 여기를 클릭하십시오",
  "Click here to start a 30 day free trial for your organisation. Contact support for trials with more users.": "조직을 위한 30일 무료 평가판을 시작하려면 여기를 클릭하십시오. 더 많은 사용자를 위한 평가판이 필요하면 지원 팀에 문의하십시오.",
  "Click to see more details": "세부사항을 보려면 클릭",
  "Client": "클라이언트",
  "Clients": "클라이언트",
  "Close": "닫기",
  "Close Activity After Import": "가져오기 후에 활동 닫기",
  "Close Board Menu": "보드 메뉴 닫기",
  "Close the activity after the import has completed successfully. You can still access it through 'Trash'": "가져오기가 성공적으로 완료되면 활동을 닫습니다. 닫은 활동에는 '휴지통'을 통해 액세스할 수 있습니다",
  "Closed": "닫힘",
  "Collaborate on projects involving different departments": "여러 부서가 관여된 프로젝트를 공동으로 작업",
  "Collapse": "접기",
  "Colour": "색상",
  "Colour Labels": "색상 레이블",
  "Colour-Tags": "색상 태그",
  "Colours": "색상",
  "Column View": "열 보기",
  "Comments": "댓글",
  "Community Activities": "커뮤니티 활동",
  "Community Templates": "커뮤니티 템플리트",
  "Complete Todos": "완료된 작업관리",
  "Completed": "완료됨",
  "Configuration": "구성",
  "Confirm": "확인",
  "Confirmation Required": "확인 필요",
  "Connections Cloud session expired. Click here to validate.": "Connections Cloud 세션이 만료되었습니다. 확인하려면 여기를 클릭하십시오.",
  "Connections On-Premise": "Connections On-Premise",
  "Connections URL": "Connections URL",
  "Contact Email": "담당자 이메일",
  "Contact Name": "담당자 이름",
  "Contact Support": "지원 팀에 문의",
  "Contact your System Administrator for more information or email us at": "자세히 알아보려면 시스템 관리자에게 문의하거나 다음 주소로 이메일을 보내십시오:",
  "Content": "컨텐츠",
  "Continue": "계속",
  "Continue Without Transferring": "이전 없이 계속",
  "Convert into Entry": "항목으로 변환",
  "Convert into Todo": "작업관리로 변환",
  "Copy embed code": "임베드 코드 복사",
  "Copy embed code to clipboard": "클립보드로 임베드 코드 복사",
  "Create": "작성",
  "Create a new board": "새 보드 만들기",
  "Create Board": "보드 만들기",
  "Create Board from Template": "템플리트에서 보드 만들기",
  "Create Boards for anything, manage your workflow, and streamline processes with template creation.": "템플릿 생성으로 원하는 용도의 보드를 만들고, 워크플로를 관리하고, 프로세스를 간소화하십시오.",
  "Create card": "카드 만들기",
  "Create Copy": "복사본 만들기",
  "Create Link to Board": "보드에 대한 링크 만들기",
  "Create Template": "템플리트 만들기",
  "Create Template from Board": "보드에서 템플리트 만들기",
  "Create your own structure for organising projects, workflows, ideas and more!": "프로젝트, 워크플로, 아이디어를 비롯한 각종 항목을 위한 사용자 자체 구조를 만드십시오!",
  "Create {{numCards}} cards?": "{{numCards}}개의 카드를 만드시겠습니까?",
  "Create {{numCards}} lists?": "{{numCards}}개의 목록을 만드시겠습니까?",
  "Created": "작성된 날짜",
  "Created By Me": "내가 만든 작업관리",
  "Created {{ date }}": "만든 날짜 {{ date }}",
  "Created: {{date}}": "만든 날짜: {{date}}",
  "Credit Card Ending in {{last4}}": "{{last4}}(으)로 끝나는 신용 카드",
  "Current Account:": "현재 금액:",
  "Currently the ability to search for groups in {{provider}} is not available until an administrator grants permissions for your organisation. ": "{{provider}}에서 그룹을 검색하는 기능은 관리자가 귀하의 조직에 권한을 부여하기 전까지 사용할 수 없습니다. ",
  "Curve": "곡선",
  "Custom Fields": "사용자 정의 필드",
  "Customer ID": "고객 ID",
  "CVC": "CVC",
  "Date": "날짜",
  "Decisions": "의사결정",
  "Default templates to exclude": "제외할 기본 템플리트",
  "Delete": "삭제",
  "Delete Board": "보드 삭제",
  "Delete Card": "카드 삭제",
  "Delete Comment": "댓글 삭제",
  "Delete File": "파일 삭제",
  "Delete items": "항목 삭제",
  "Delete Label": "레이블 삭제",
  "Delete Link": "링크 삭제",
  "Delete List": "목록 삭제",
  "Delete mode": "모드 삭제",
  "Delete Selected Items": "선택한 항목 삭제",
  "Deleted": "삭제됨",
  "Deleting": "삭제 중",
  "Departments": "부서",
  "Description": "설명",
  "Description (optional)": "설명(선택사항)",
  "Details": "세부사항",
  "Direct Order via ISW": "ISW를 통한 직접 주문",
  "Discount": "할인",
  "Discount Code (optional)": "할인 코드(선택사항)",
  "Discount: {{discount}}": "할인: {{discount}}",
  "Display an existing board": "기존 보드 표시",
  "Documentation": "문서",
  "Doing": "진행 중",
  "Done": "완료",
  "Done ({{num}})": "완료({{num}}개)",
  "Download": "다운로드",
  "Download file": "파일 다운로드",
  "Drop file here to save": "파일을 저장하려면 여기에 놓기",
  "Due": "기한",
  "Due Date": "만기 날짜",
  "Due date": "만기 날짜",
  "Earliest Licence Expired on": "가장 빨리 만료된 라이센스의 만기 날짜",
  "Earliest Upcoming Expiry": "향후 예정된 가장 이른 만기",
  "Edit": "편집",
  "Edit Board Colour Labels": "보드 색상 레이블 편집",
  "Edit Client": "클라이언트 편집",
  "Edit Client Licence": "클라이언트 라이센스 편집",
  "Edit Colour Labels": "색상 레이블 편집",
  "Edit Comment": "댓글 편집",
  "Edit Description": "설명 편집",
  "Edit Filename": "파일 이름 편집",
  "Edit Label": "레이블 편집",
  "Edit label": "레이블 편집",
  "Edit Licence": "라이센스 편집",
  "Edit Link": "링크 편집",
  "Edit name": "이름 편집",
  "Edit Tile Colour Labels": "타일 색상 레이블 편집",
  "Edit User Licence": "사용자 라이센스 편집",
  "Edited": "편집됨",
  "Editor": "편집자",
  "editor": "편집자",
  "Email": "이메일",
  "Email Address": "이메일 주소",
  "Email address is required": "이메일 주소가 필요합니다",
  "Email addresses to copy invoices to": "송장을 참조하여 첨부할 이메일 주소",
  "Email addresses to copy quote to": "견적을 참조하여 첨부할 이메일 주소",
  "Email Us": "이메일 보내기",
  "Embed code copied to clipboard": "클립보드에 임베드 코드가 복사되었습니다",
  "Empty Lists": "빈 목록",
  "empty name": "빈 이름",
  "Enable Boards File Uploads": "Boards 파일 업로드 사용",
  "Enabled": "사용",
  "End Date": "종료 날짜",
  "Ending Balance": "최종 잔액",
  "Enter a title for the link (Optional)": "링크 제목 입력(선택사항)",
  "Enter an email address": "이메일 주소 입력",
  "Enter Label": "레이블 입력",
  "Enter label name": "레이블 이름 입력",
  "Enter New Name": "새 이름 입력",
  "Enter Text": "텍스트 입력",
  "Entry": "항목",
  "Error": "오류",
  "Error creating board": "보드 생성 중 오류 발생",
  "Error processing quote request. Please email sales@kudosbadges.com": "견적 요청을 처리하는 중에 오류가 발생했습니다. sales@kudosbadges.com으로 문의하십시오",
  "Error processing your request": "요청 처리 중 오류 발생",
  "Error starting trial": "평가판 시작 중 오류 발생",
  "Error uploading file": "파일 업로드 중 오류 발생",
  "Error: an unknown error occurred - cannot move": "오류: 알 수 없는 오류 발생 - 이동할 수 없음",
  "Error: you are not authorised to add content to this board": "오류: 이 보드에 컨텐츠를 추가할 권한이 없음",
  "Existing Kudos Partner (optional)": "기존 Kudos 파트너(선택사항)",
  "Existing Login Detected": "기존 로그인 감지됨",
  "Existing Tab": "기존 탭",
  "Expand": "펼치기",
  "Expand/Collapse": "펼치기/접기",
  "Expand/Collapse All Lists": "모든 목록 펼치기/접기",
  "Expired": "만료됨",
  "Expires": "만기",
  "Expires: {{date}}": "만기: {{date}}",
  "Expires: {{{date}}}": "만기: {{{date}}}",
  "Expiry": "만기",
  "Expiry Date": "만기 날짜",
  "Explore the Template Library": "템플리트 라이브러리 살펴보기",
  "Extend": "연장",
  "ExternalId": "ExternalId",
  "Fields": "필드",
  "Filter Activities to migrate": "마이그레이션할 활동 필터링",
  "Finance": "재무",
  "Find a Group": "그룹 찾기",
  "Find a User": "사용자 찾기",
  "Finding your Connections Cloud Organisation...": "Connections Cloud 조직을 찾는 중...",
  "Free": "무료",
  "Free Trial": "무료 평가판",
  "Friday": "금요일",
  "From Provider": "공급업체에서",
  "Functionality is currently limited.": "현재 기능이 제한적입니다.",
  "Furthest Upcoming Expiry": "향후 예정된 가장 늦은 만기",
  "Future": "향후",
  "General": "일반",
  "Get a Licence Quote": "라이센스 견적 받기",
  "Get a Quote": "견적 받기",
  "Give users the ability to invite external users to a Board by email address": "사용자가 이메일 주소로 외부 사용자를 보드에 초대할 수 있는 권한 부여",
  "Global Access": "전역 액세스",
  "Global OAuth": "전역 OAuth",
  "Go to licence": "라이센스로 이동",
  "Go to Today": "오늘로 이동",
  "Goals": "목표",
  "Group": "그룹",
  "Group Boards": "그룹 보드",
  "Group By": "그룹 기준:",
  "Group Owners: Owners of this Board.</br>Group Members: Authors of this Board": "그룹 소유자: 이 보드의 소유자입니다.</br>그룹 회원: 이 보드의 작성자입니다",
  "Groups": "그룹",
  "Help": "도움말",
  "Hide": "숨기기",
  "Hide Completed Todos": "완료된 작업관리 숨기기",
  "Hide Dates": "날짜 숨기기",
  "Horizontal": "가로",
  "How would you like to proceed?": "어떻게 진행하시겠습니까?",
  "HR": "HR",
  "I accept the above Terms & Conditions": "위 이용 약관에 동의합니다",
  "I accept the terms of service": "서비스 약관에 동의합니다",
  "ID": "ID",
  "If this setting is switched off, cards are created as entries on enter press.": "이 설정을 끌 경우 Enter 키를 누르면 카드가 항목으로 생성됩니다.",
  "Ignore Completed": "미완료 항목 무시",
  "Ignore Deleted": "삭제된 항목 무시",
  "Ignore Templates": "템플리트 무시",
  "Import": "가져오기",
  "Import an Activity": "활동 가져오기",
  "Import an Activity Template": "활동 템플리트 가져오기",
  "Import from Activities": "활동에서 가져오기",
  "Import From Activities": "활동에서 가져오기",
  "In a Group": "그룹 내",
  "Include email body in description": "설명에 이메일 본문 포함",
  "Inherit": "상속",
  "Inherit from Group": "그룹에서 상속",
  "Inherited from Group": "그룹에서 상속됨",
  "Integration Env": "통합 환경",
  "Internal server error": "내부 서버 오류",
  "Invitation sent to": "초대 발송 대상:",
  "Invite": "초대",
  "Invite by Email": "이메일로 초대",
  "Invite sent on": "초대 발송 일시:",
  "Invoice": "송장",
  "Invoice Details": "송장 세부사항",
  "Invoices": "송장",
  "Invoices for": "송장 대상:",
  "Is Enabled": "사용 설정됨",
  "Is Trial": "평가판임",
  "IT": "IT",
  "It is valid until {{expiry}}.": "{{expiry}}까지 유효합니다.",
  "Items": "항목",
  "Join Workspace Meetings": "작업공간 미팅에 참여",
  "Kanban": "Kanban",
  "Kanban View": "Kanban 보기",
  "Kudos Boards": "Kudos Boards",
  "Kudos Boards - Terms & Conditions": "Kudos Boards - 이용 약관",
  "Kudos Boards API": "Kudos Boards API",
  "Kudos Boards cannot be added as a tab until an administrator approves required functionality": "Kudos Boards는 관리자가 필수 기능을 승인하기 전까지 탭으로 추가할 수 없습니다",
  "Kudos Boards has been updated in the background. Please reload the app!": "Kudos Boards가 백그라운드에서 업데이트되었습니다. 앱을 다시 로드하십시오!",
  "Kudos Partner Reference Code (optional)": "Kudos 파트너 참조 코드(선택사항)",
  "Kudos Team Name": "Kudos 팀 이름",
  "Label deleted": "레이블 삭제됨",
  "Labels": "레이블",
  "Last Accessed": "마지막 액세스",
  "Last Licence Expired on": "마지막 라이센스 만기 날짜",
  "Later This Month": "이번 달 후반",
  "Later This Week": "이번 주 후반",
  "Layout": "레이아웃",
  "Leave Board": "보드 나가기",
  "Licence Assigned": "라이센스 지정됨",
  "Licence Details": "라이센스 세부사항",
  "Licence expired": "라이센스 만료됨",
  "Licence Type": "라이센스 유형",
  "Licences": "라이센스",
  "Licenses": "라이센스",
  "Licensing": "라이센싱",
  "Limit": "제한",
  "Line": "선",
  "Line Items": "라인 항목",
  "Lines in file:": "파일의 라인:",
  "Link": "링크",
  "Link Accounts": "계정 링크",
  "Link another account": "다른 계정 링크",
  "Link another Kudos Boards account": "다른 Kudos Boards 계정 링크",
  "Link Exists": "링크가 존재함",
  "Link to Board": "보드에 링크",
  "Link to Card, List or Board": "카드, 목록 또는 보드에 링크",
  "Link to File": "파일에 링크",
  "Link to Folder": "폴더 링크",
  "Link {{provider}} with the current account": "{{provider}}을(를) 현재 계정에 링크",
  "Linked Accounts": "링크된 계정",
  "Linked Groups": "링크된 그룹",
  "Links": "링크",
  "Links & Attachments": "링크 및 첨부 파일",
  "List": "목록",
  "List all Boards": "모든 보드 표시",
  "List Name": "이름 표시",
  "List View": "목록 보기",
  "Lists": "목록",
  "Lite": "라이트",
  "Local": "로컬",
  "Logging in, please wait...": "로그인 중입니다. 잠시 기다리십시오...",
  "Login": "로그인",
  "Logout": "로그아웃",
  "Look in": "찾을 위치",
  "Make the most of your Kudos Boards Premium Preview": "Kudos Boards 프리미엄 미리보기를 십분 활용하십시오",
  "Manage Org": "조직 관리",
  "Manage Payments": "결제 관리",
  "Mark Board as Complete": "보드를 완료로 표시",
  "Mark Board as Incomplete": "보드를 미완료로 표시",
  "Mark Complete": "완료로 표시",
  "Mark Incomplete": "미완료로 표시",
  "Marketing": "마케팅",
  "Match All Filters": "모든 필터 매칭",
  "Meeting": "미팅",
  "Members": "회원",
  "Merge": "병합",
  "Microsoft Office365": "Microsoft Office365",
  "Migrate ALL ({{num}})": "모두 마이그레이션({{num}}개)",
  "Migrate Selected ({{num}})": "선택한 항목 마이그레이션({{num}}개)",
  "Mind Map": "마인드맵",
  "MindMap": "마인드맵",
  "Mindmap": "마인드맵",
  "Mindmap View": "마인드맵 보기",
  "Minimum number of users for the selected licence type is {{minimumSeats}}": "선택한 라이센스 유형의 최소 사용자 수는 {{minimumSeats}}명입니다",
  "Mirror": "미러",
  "Modified": "수정됨",
  "Modify": "수정",
  "Modify Licence": "라이센스 수정",
  "Monday": "월요일",
  "monthly": "매월",
  "Monthly": "매월",
  "More": "자세히",
  "Move": "이동",
  "Move and Open": "이동 및 열기",
  "Move Card": "카드 이동",
  "Move List": "목록 이동",
  "Move To Another Board": "다른 보드로 이동",
  "Move to another list or parent card": "다른 목록 또는 상위 카드로 이동",
  "My": "내",
  "My Account": "내 계정",
  "My Activities": "내 활동",
  "My Boards": "내 보드",
  "My Subscriptions": "내 구독",
  "My Templates": "내 템플리트",
  "My Todos": "내 작업관리",
  "Name": "이름",
  "Name on Card": "카드상의 이름",
  "Named Users": "이름이 지정된 사용자",
  "Named Users Licence": "이름이 지정된 사용자 라이센스",
  "Never": "없음",
  "New Board": "새 보드",
  "New card created, however the search filter currently applied is preventing it from being displayed": "새 카드가 생성되었으나 현재 적용된 검색 필터로 인해 표시되지 않고 있습니다",
  "New cards created as tasks on enter key press": "Enter 키를 누른 결과 새 카드가 태스크로 생성되었습니다",
  "New Client": "새 클라이언트",
  "New Client Licence": "새 클라이언트 라이센스",
  "New Credit Card": "새 신용 카드",
  "New Label": "새 레이블",
  "New Label Text": "새 레이블 텍스트",
  "New Licence": "새 라이센스",
  "New Since Last Week": "지난 주 이후 새로 만들어진 항목",
  "New Sub-Card": "새 하위 카드",
  "New Tab": "새 탭",
  "New Template": "새 템플리트",
  "New User Licence": "새 사용자 라이센스",
  "Next": "다음",
  "Next Invoice Amount: {{nextAmount}}": "다음 송장 금액: {{nextAmount}}",
  "Next Invoice Date: {{date}}": "다음 송장 날짜: {{date}}",
  "Next Payment": "다음 결제",
  "Next Payment Attempt": "다음 결제 시도",
  "Next Payment: {{{date}}}": "다음 결제: {{{date}}}",
  "Next Week": "다음 주",
  "No": "아니오",
  "No action available": "사용 가능한 조치 없음",
  "No Active Meetings found. Click below to go to a Workspace": "활성 미팅을 찾을 수 없습니다. 아래를 클릭하여 작업공간으로 이동하십시오",
  "No Activities found": "활동을 찾을 수 없음",
  "No Archived items to show": "표시할 아카이브된 항목 없음",
  "No Assignment": "지정 없음",
  "No boards found for this group": "이 그룹에 대해 찾은 보드 없음",
  "No Boards found.": "보드를 찾을 수 없습니다.",
  "No boards yet, please create one first": "아직 보드가 없습니다. 먼저 보드를 생성하십시오",
  "No clients found": "클라이언트를 찾을 수 없음",
  "No Colour": "색상 없음",
  "No Date": "날짜 없음",
  "No files found": "파일을 찾을 수 없음",
  "No folders found": "폴더를 찾을 수 없음",
  "No Group": "그룹 없음",
  "No invoices to display": "표시할 송장 없음",
  "No items were selected": "선택한 항목 없음",
  "No Label": "레이블 없음",
  "No label": "레이블 없음",
  "No labels defined": "정의된 레이블 없음",
  "No licences available. Functionality will be limited for new users.": "사용할 수 있는 라이센스가 없습니다. 새 사용자를 위한 기능이 제한됩니다.",
  "No licences found": "라이센스를 찾을 수 없음",
  "No licences to show": "표시할 라이센스 없음",
  "No organisations found": "조직을 찾을 수 없음",
  "No pinned boards": "고정된 보드 없음",
  "No Pinned Boards found.": "고정된 보드를 찾을 수 없습니다.",
  "No Recent Boards found.": "최근 보드를 찾을 수 없습니다.",
  "No user trials found": "사용자 평가판을 찾을 수 없음",
  "No users found": "사용자를 찾을 수 없음",
  "No users to show": "표시할 사용자 없음",
  "None": "없음",
  "North America": "북미",
  "Not Licensed": "라이센스가 적용되지 않음",
  "Not Supported": "지원되지 않음",
  "Note that file security is managed by {{provider}}, not by Kudos Boards": "파일 보안은 Kudos Boards가 아닌 {{provider}}이(가) 관리합니다",
  "Nothing to show": "표시할 항목 없음",
  "Number of Attempts": "시도 횟수",
  "Number of cards": "카드 개수",
  "Number of Expired Licences": "만료된 라이센스 개수",
  "Number of Users": "사용자 수",
  "Number of Valid Licences": "유효한 라이센스 개수",
  "oAuth Client ID": "oAuth 클라이언트 ID",
  "OAuth Client ID": "OAuth 클라이언트 ID",
  "OAuth Client Secret": "OAuth 클라이언트 비밀",
  "oAuth Client Secret": "oAuth 클라이언트 비밀",
  "ok": "확인",
  "OK": "확인",
  "Only Entries": "항목만",
  "Only the members of this board will be able to see and access this board.": "이 보드의 회원만 이 보드를 보고 액세스할 수 있습니다.",
  "Only Todos": "작업관리만",
  "Open": "열기",
  "Open Board Options": "보드 옵션 열기",
  "Open Boards in:": "다음에서 Boards 열기:",
  "Open in Boards": "Boards에서 열기",
  "Open Licence": "라이센스 열기",
  "Open this board": "이 보드 열기",
  "Opt in below to receive tips and tricks from the Kudos Boards team to make the most of your premium preview.": "Kudos Boards 팀으로부터 프리미엄 미리보기를 십분 활용하는 데 도움이 되는 팁과 요령을 받으려면 아래에서 옵트인하십시오.",
  "Order": "순서",
  "Order Summary": "주문 요약",
  "Order via ISW Partner": "ISW 파트너를 통해 주문",
  "Org Administration": "조직 관리",
  "Organisation": "조직",
  "Organisation Name": "조직 이름",
  "Organisations": "조직",
  "Organise any project productively using the classic Todo, Doing, Done methodology": "클래식 작업관리, 진행 중 및 완료 방식을 사용하여 프로젝트를 생산적으로 구성하십시오",
  "Our Terms & Conditions have changed": "이용 약관이 변경되었습니다",
  "Overdue": "만기일 경과",
  "owner": "소유자",
  "Owner": "소유자",
  "Owners": "소유자",
  "Page Not Found": "페이지를 찾을 수 없음",
  "Paid": "납부됨",
  "Paste link or drop file to upload": "링크를 붙여넣거나 파일을 놓아서 업로드",
  "Payment Method": "결제 방법",
  "Period": "마침표",
  "Person": "사용자",
  "Pin Board": "보드 고정",
  "Pinned": "고정됨",
  "Pinned Boards": "고정된 보드",
  "Pinned boards": "고정된 보드",
  "Plan and collaborate on tasks on a weekly basis": "주 단위로 태스크를 계획하고 공동 작업하십시오",
  "Please approve the Kudos Boards app to allow it to be added as a tab.": "Kudos Boards 앱이 탭으로 추가될 수 있도록 승인하십시오.",
  "Please approve the Kudos Boards app to use advanced features.": "Kudos Boards 앱에서 고급 기능을 사용할 수 있도록 승인하십시오.",
  "Please contact your Administrator": "관리자에게 문의하십시오.",
  "Please contact your IBM Connections Admin to purchase a licence.": "라이센스를 구입하려면 IBM Connections 관리자에게 문의하십시오.",
  "Please ensure you login with the same Office 365 user account as you are using in Microsoft Teams": "Microsoft Teams에서 사용하는 Office 365 사용자 계정으로 로그인하십시오",
  "Please enter a board name": "보드 이름을 입력하십시오",
  "Please enter a valid email address": "유효한 이메일 주소를 입력하십시오",
  "Please enter a valid URL": "유효한 URL 입력",
  "Please enter the number of users in your Connections Cloud Organisation": "Connections Cloud 조직의 사용자 수를 입력하십시오",
  "Please enter the number of users you wish to name under this licence": "이 라이센스에 지정할 사용자 수를 입력하십시오",
  "Please read our Terms & Conditions": "이용 약관을 읽으십시오",
  "Please reload the page and try again, if this issue persists please let us know": "페이지를 다시 로드하고 다시 시도하십시오. 문제가 지속되면 알려 주십시오",
  "Please review your licences here": "여기에서 라이센스를 검토하십시오",
  "Please see the <a href='{{url}}'>new board</a>": "<a href='{{url}}'>새 보드</a>를 확인하십시오",
  "Please sign in": "로그인하십시오",
  "Please start a trial to use Boards in your {{provider}} organisation": "{{provider}} 조직에서 Boards를 사용하려면 평가판을 시작하십시오",
  "Position": "위치",
  "Post": "게시",
  "Premium": "프리미엄",
  "Premium Preview Status": "프리미엄 미리보기 상태",
  "Preview": "미리보기",
  "Preview available": "미리보기 사용 가능",
  "Previous": "이전",
  "Pricing": "가격",
  "primary": "기본",
  "Primary": "기본",
  "Print": "인쇄",
  "Private (me only)": "개인용(나만)",
  "Product Information": "제품 정보",
  "Product Version": "제품 버전",
  "Provider": "제공업체",
  "Provider not supported": "제공업체가 지원되지 않음",
  "Public": "공용",
  "Public Access": "공용 액세스",
  "Public Activities": "공용 활동",
  "Public Boards": "공용 보드",
  "Public Templates": "공용 템플리트",
  "Quarterly": "3개월마다",
  "Questions": "질문",
  "Quick Edit": "빠른 편집",
  "Radial": "방사형",
  "RE-CENTER": "다시 중심에 위치",
  "Reactivate Licence": "라이센스 다시 활성화",
  "reader": "독자",
  "Reader": "독자",
  "Recent": "최근 태그",
  "Recent boards": "최근 보드",
  "Recent Boards": "최근 보드",
  "Recurring Amount Due: {{recurring}}": "매 주기별로 지불해야 할 금액: {{recurring}}",
  "Redeeming Invitation...": "초대 사용 중...",
  "Redirecting to Connections Cloud...": "Connections Cloud로 리디렉션하는 중...",
  "Redirecting to Watson Workspace...": "Watson Workspace로 리디렉션하는 중...",
  "Refresh": "새로 고침",
  "Region": "지역",
  "Reload": "다시 로드",
  "Remaining ({{num}})": "잔여({{num}}개)",
  "Remove Admin": "관리자 제거",
  "Remove Client": "클라이언트 제거",
  "Remove Invite": "초대 제거",
  "Remove Licence": "라이센스 제거",
  "Replace": "대체",
  "Resend Invite": "초대 재발송",
  "Reset": "재설정",
  "Restore": "복원",
  "Restore Card": "카드 복원",
  "Restore items": "항목 복원",
  "Restore List": "목록 복원",
  "Restore mode": "복원 모드",
  "Reverse": "되돌리기",
  "Revoke All": "모두 취소",
  "Revoke Licence": "라이센스 취소",
  "Role": "역할",
  "Roles": "역할",
  "Rows": "행",
  "Sales": "영업",
  "Save": "저장",
  "Save card for future purchases": "향후 구입을 위해 카드 저장",
  "Save Changes": "변경사항 저장",
  "Save link": "링크 저장",
  "Scroll To": "다음으로 스크롤",
  "Search": "검색",
  "Search All Templates": "모든 템플리트 검색",
  "Search this view": "이 보기 검색",
  "Search...": "검색...",
  "Select a Board": "보드 선택",
  "Select board": "보드 선택",
  "Select Board": "보드 선택",
  "Select Board Label": "보드 레이블 선택",
  "Select Card Colours": "카드 색상 선택",
  "Select Colour": "색상 선택",
  "Select Colours": "색상 선택",
  "Select Destination Board": "대상 보드 선택",
  "Select destination folder": "대상 폴더 선택",
  "Select File": "파일 선택",
  "Select Folder": "폴더 선택",
  "Select items for delete": "삭제할 항목 선택",
  "Select items for restore": "복원할 항목 선택",
  "Select List or Card": "목록 또는 카드 선택",
  "Select the boards below that you would like to transfer membership over to your primary ({{toName}}) account": "아래에서 기본({{toName}}) 계정으로 멤버십을 이전할 보드를 선택하십시오",
  "Selected Activity": "선택한 활동",
  "Send an email notifying each member that the Activity has been migrated to a Board.": "각 회원에게 활동이 보드로 마이그레이션되었음을 알리는 이메일을 보냅니다.",
  "Send Invitation": "초대장 발송",
  "Send Notification Email to Members": "회원에게 알림 이메일 보내기",
  "Sending invitations": "초대 발송 중",
  "Set as primary account": "기본 계정으로 설정",
  "Set Dates": "날짜 설정",
  "Set enter key press action to create a task when creating new cards in a list.": "목록에서 새 카드를 생성할 때 태스크를 만드는 Enter 키 누르기 조치를 설정합니다.",
  "Setup Subscription": "구독 설정",
  "Share with": "공유 대상",
  "Shared by me": "내가 공유한 파일",
  "Shared with me": "나와 공유된 파일",
  "Show": "표시",
  "Show all ancestors": "모든 상위 항목 표시",
  "Show all boards for this team": "이 팀의 모든 보드 표시",
  "Show Board Menu": "보드 메뉴 표시",
  "Show Filter Options": "필터 옵션 표시",
  "Show Less": "간단히 표시",
  "Show Licences for your organisation": "조직의 라이센스 표시",
  "Show More": "자세히 표시",
  "Show on Card": "카드에 표시",
  "Show previous comments": "이전 댓글 표시",
  "Show previous links & attachments": "이전 링크 및 첨부 파일 표시",
  "Show Sub-cards": "하위 카드 표시",
  "Sign In": "로그인",
  "Sign in with": "다음으로 로그인",
  "SIGN IN WITH:": "다음으로 로그인:",
  "Sign Out": "로그아웃",
  "Sign Out of Kudos Boards": "Kudos Boards에서 로그아웃",
  "Signing in...": "로그인하는 중...",
  "Signing out...": "로그아웃하는 중...",
  "Smartcloud": "Smartcloud",
  "Something went wrong.": "문제가 발생했습니다.",
  "Source Board/Template": "소스 보드/템플리트",
  "Source Template": "소스 템플리트",
  "Specific Board": "특정 보드",
  "Start a Trial": "평가판 시작",
  "Start a trial or purchase a subscription to start creating boards": "보드 만들기를 시작하려면 평가판을 시작하거나 구독을 구입하십시오",
  "Start Boards Premium Preview": "Boards 프리미엄 미리보기 시작",
  "Start Date": "시작 날짜",
  "Start Free Trial": "무료 평가판 시작",
  "Start my trial": "내 평가판 시작",
  "Start Now": "지금 시작",
  "Start page updated": "시작 페이지가 업데이트됨",
  "Start Page:": "시작 페이지:",
  "Starting Balance": "시작 잔액",
  "Starting View": "시작 보기",
  "Status": "상태",
  "Step": "단계",
  "Sub Cards": "하위 카드",
  "Sub Tasks": "하위 태스크",
  "Submit": "제출",
  "Subscription": "구독",
  "Subscription expired.": "구독이 만료되었습니다.",
  "Subtotal": "소계",
  "Summary": "요약",
  "Support for browsers is currently limited.  This browser is not yet supported. <br>Please use one of the following browsers:": "현재 브라우저에 대한 지원이 제한적입니다. 이 브라우저는 아직 지원되지 않습니다. <br>다음 브라우저 중 하나를 사용하십시오:",
  "Tab Content": "탭 컨텐츠",
  "Tab Name": "탭 이름",
  "Tags": "태그",
  "Tags (optional)": "태그(선택사항)",
  "Take away meaningful and collaborative notes from any meeting!": "모든 미팅에서 의미 있고 협업적인 메모를 작성하십시오!",
  "Task": "태스크",
  "Team Boards": "팀 보드",
  "Team Name": "팀 이름",
  "Team Name is used as a method to log in to certain authentication providers. e.g. Auth0": "팀 이름은 특정 인증 제공업체에 로그인하기 위한 방법으로 사용됩니다(예: Auth0)",
  "Template": "템플리트",
  "Templates": "템플리트",
  "Templates tagged with": "다음으로 태그된 템플리트",
  "Text": "텍스트",
  "Text Mode": "텍스트 모드",
  "That can't be pasted there.": "여기에 붙여넣을 수 없습니다.",
  "The board has been deleted": "보드가 삭제되었습니다",
  "The files below cannot be uploaded to Kudos Boards as they are larger than the limit of {{limit}}": "다음 파일은 제한인 {{limit}}보다 크므로 Kudos Boards에 업로드할 수 없습니다",
  "The following links have already been added to this card:": "이 카드에는 이미 다음 링크가 추가되어 있습니다:",
  "The invite was resent to": "초대 재발송 대상:",
  "The selected board(s) were successfully transferred": "선택한 보드가 성공적으로 이전되었습니다",
  "The selected items have been deleted": "선택한 항목이 삭제되었습니다",
  "The selected items have been restored": "선택한 항목이 복원되었습니다",
  "There was an error when uploading the file. Server response: ": "파일 업로드 중에 오류가 발생했습니다. 서버 응답: ",
  "This Activity has been migrated to Kudos Boards": "이 활동은 Kudos Boards에서 마이그레이션되었습니다",
  "This billing cycle affords a {{discount}}% discount": "이 청구 주기에서는 {{discount}}%의 할인이 제공됩니다",
  "This Board": "이 보드",
  "This Board is available with AUTHOR access to everyone across all organisations.": "이 보드는 조직의 모든 사용자에게 작성자 액세스 권한을 부여합니다.",
  "This Board is available with EDITOR access to everyone across all organisations.": "이 보드는 조직의 모든 사용자에게 편집자 권한을 부여합니다.",
  "This Board is in one or more Groups": "이 보드는 하나 이상의 그룹에 속해 있습니다",
  "This Board is read-only to everyone across all organisations.": "이 보드는 조직의 모든 사용자가 읽기 전용으로 볼 수 있습니다.",
  "This Board will be visible to everyone in your organisation. <br>Non-members can create new content and edit their own content.": "이 보드는 조직의 모든 사용자가 볼 수 있습니다. <br>회원이 아닌 사용자는 컨텐츠를 만들고 본인의 컨텐츠를 편집할 수 있습니다..",
  "This Board will be visible to everyone in your organisation. <br>Non-members can only view the board's contents.": "이 보드는 조직의 모든 사용자가 볼 수 있습니다. <br>회원이 아닌 사용자는 보드의 컨텐츠를 볼 수만 있습니다.",
  "This Board will be visible to everyone in your organisation. <br>Please note: This access level allows non-members to edit <b>all</b> board content.": "이 보드는 조직의 모든 사용자가 볼 수 있습니다. <br>참고: 이 액세스 수준에서는 회원이 아닌 사용자가 <b>모든</b> 보드 컨텐츠를 편집할 수 있습니다.",
  "This card will be restored with its parent": "이 카드는 상위 항목과 함께 복원됩니다",
  "This Community": "이 커뮤니티",
  "This feature is coming soon!": "이 기능은 곧 제공될 예정입니다!",
  "This feature is currently not supported by the IBM Connections Cloud API": "이 기능은 현재 IBM Connections Cloud API에서 지원하지 않습니다",
  "This field is required": "이 필드는 필수입니다",
  "This invoice has been closed. Payment will not be automatically attempted again. Contact support for more information": "이 송장은 종결되었습니다. 결제가 자동으로 다시 시도되지 않습니다. 자세한 내용은 지원 팀에 문의하십시오",
  "This is a Free trial of Kudos Boards and will expire in {{numDays}} day(s).": "이것은 Kudos Boards의 무료 평가판으로, {{numDays}}일 후에 만료됩니다.",
  "This is a read-only preview of this Activity. Import to Boards for full functionality": "이것은 이 활동의 읽기 전용 미리보기입니다. 모든 기능을 사용하려면 Boards로 가져오십시오",
  "This licence grants access to a set number of users as they use the app. You may view the user-licences already assigned.": "이 라이센스는 일정한 수의 사용자가 앱을 사용함에 따라 이들에게 액세스 권한을 부여합니다. 기존에 지정된 사용자 라이센스를 볼 수 있습니다.",
  "This licence has been cancelled.": "이 라이센스는 취소되었습니다.",
  "This licence only grants access to a selected group of named users. Access will not be granted to users not named by the Org Admins. You can view and edit the named users from the Admin settings.": "이 라이센스는 이름이 지정된 사용자로 구성된 선택된 그룹에만 액세스 권한을 부여합니다. 조직 관리자가 이름을 지정하지 않은 사용자에게는 액세스 권한이 부여되지 않습니다. 이름이 지정된 사용자는 관리 설정에서 보고 편집할 수 있습니다.",
  "This option is only available when paying by credit card": "이 옵션은 신용 카드로 결제하는 경우에만 이용 가능합니다",
  "This option is only editable if paying by credit card": "이 옵션은 신용 카드로 결제하는 경우에만 편집 가능합니다",
  "This team account is already linked": "이 팀 계정은 이미 링크되어 있습니다",
  "This will go to your provider for an administrator to approve access to Kudos Boards": "관리자가 Kudos Boards에 대한 액세스를 승인할 수 있도록 제공업체로 전송됩니다",
  "This will permanently delete the board and all its data, are you sure?": "보드와 모든 데이터가 영구 삭제됩니다. 계속하시겠습니까?",
  "This will remove this data permanently from the board, are you sure?": "보드에서 이 데이터가 영구 삭제됩니다. 계속하시겠습니까?",
  "Thursday": "목요일",
  "Tile Colours": "타일 색상",
  "Timeline": "타임라인",
  "Timeline View": "타임라인 보기",
  "Title": "제목",
  "to go to Connections Cloud, then access Kudos Boards via the link in the 'Apps' menu.": "Connections Cloud로 이동한 다음 '앱' 메뉴의 링크를 통해 Kudos Boards에 액세스하십시오.",
  "To interact with this card the parent will need to be restored": "이 카드를 사용하려면 상위 항목을 복원해야 합니다",
  "To unselect this card you will need to unselect its parent": "이 카드의 선택을 취소하려면 상위 항목의 선택을 취소해야 합니다",
  "to view this content": "이 컨텐츠를 보려면",
  "Today": "오늘",
  "Todo": "작업관리",
  "Todos": "작업관리",
  "Todos by Date": "날짜별 작업관리",
  "Todos by Due Date": "만기 날짜별 작업관리",
  "Toggle Completion": "완료 토글",
  "Toggle Editor": "편집기 토글",
  "Toggle Sidebar": "사이드바 토글",
  "Tomorrow": "내일",
  "Total": "총계",
  "Transfer Board Membership": "보드 멤버십 이전",
  "Transfer Membership": "멤버십 이전",
  "TRIAL": "평가판",
  "Trial": "평가판",
  "Trial End Date: {{trialEnd}}": "평가판 종료 날짜: {{trialEnd}}",
  "Trial expired": "평가판 만료됨",
  "Trial expired.": "평가판이 만료되었습니다.",
  "Trial extended {{extensions}} time(s)": "평가판 {{extensions}}회 연장됨",
  "Try again": "다시 시도",
  "Tuesday": "화요일",
  "Type": "유형",
  "Type to filter archive": "아카이브를 필터링하려면 입력",
  "Type to filter list": "목록을 필터링하려면 입력",
  "Type to filter members": "회원을 필터링하려면 입력",
  "Type to search": "검색할 유형",
  "Unassigned": "지정되지 않음",
  "Undo": "실행 취소",
  "UNDO": "실행 취소",
  "Unit price: {{unitPrice}} per user": "단가: 사용자당 {{unitPrice}}",
  "Unknown Connections Cloud organisation. Redirecting...": "알 수 없는 Connections Cloud 조직입니다. 리디렉션하는 중...",
  "Unknown Team": "알 수 없는 팀",
  "Unlimited": "무제한",
  "Unlink account": "계정 링크 취소",
  "Unlink Board": "보드 링크 취소",
  "Unlink {{fromName}} Account": "{{fromName}} 계정 링크 취소",
  "Unlock Kudos Boards Premium Preview": "Kudos Boards 프리미엄 미리보기 잠금 해제",
  "Unpaid": "미지불",
  "Unpin Board": "보드 고정 취소",
  "Unscheduled cards": "예약되지 않은 카드",
  "Update": "업데이트",
  "Updated": "업데이트한 사용자",
  "Updated Since Last Accessed": "마지막 액세스 이후 업데이트된 항목",
  "Updated {{ date }}": "{{ date }}에 업데이트됨",
  "Updating...": "업데이트 중...",
  "Upload": "업로드",
  "Upload file from computer": "컴퓨터에서 파일 업로드",
  "Upload to Kudos Boards": "Kudos Boards에 업로드",
  "Upload Users": "사용자 업로드",
  "Upload Users from CSV": "CSV에서 사용자 업로드",
  "uploaded successfully": "업로드 성공",
  "Uploading file:": "파일 업로드 중:",
  "URL": "URL",
  "URL of Connections header frame (optional)": "Connections 헤더 프레임의 URL(선택사항)",
  "Use another file service": "다른 파일 서비스 사용",
  "Use current account": "현재 계정 사용",
  "Use Email": "이메일 사용",
  "Use the Kudos Boards File Attachment Service for attaching files to cards": "카드에 파일을 추가를 위해 Kudos Boards 파일 첨부 서비스 사용",
  "Use {{provider}} instead": "대신 {{provider}} 사용",
  "Used": "사용됨",
  "User": "사용자",
  "User Emails": "사용자 이메일",
  "User ExternalID": "사용자 ExternalID",
  "User Licences": "사용자 라이센스",
  "User Options": "사용자 옵션",
  "User Trials": "사용자 평가판",
  "User upload success!": "사용자 업로드 성공!",
  "Username": "사용자 이름",
  "Users": "사용자",
  "Users may need to be added to the destination board to maintain access to their assigned todos.": "지정된 작업관리에 대한 액세스를 유지하려면 사용자를 대상 보드에 추가해야 할 수 있습니다.",
  "Users: {{num}}": "사용자: {{num}}명",
  "Vertical": "세로",
  "View": "보기",
  "View and Accept ↗": "보기 및 수락 ↗",
  "View Details": "세부사항 보기",
  "View licences": "라이센스 보기",
  "View subscriptions": "구독 보기",
  "View Subscriptions": "구독 보기",
  "Want to know more?": "자세히 알아보고 싶으십니까?",
  "Warning: you are not authorised to add members in this board": "경고: 이 보드에 회원을 추가할 권한이 없습니다",
  "We found one board linked your {{fromName}} user account. Once you unlink the account you may no longer have access to this board.": "{{fromName}} 사용자 계정에 링크된 보드를 1개 찾았습니다. 계정을 링크 취소하면 이 보드에 더 이상 액세스할 수 없습니다.",
  "We found {{count}} boards linked to your {{fromName}} user account. Once you unlink the account you may no longer have access to these boards.": "{{fromName}} 사용자 계정에 링크된 보드를 {{count}}개 찾았습니다. 계정을 링크 취소하면 이 보드에 더 이상 액세스할 수 없습니다.",
  "We recommended you change the widget title from the actions menu above": "위의 조치 메뉴에서 위젯 제목을 변경할 것을 권장합니다",
  "Wednesday": "수요일",
  "Weekdays": "평일",
  "Welcome": "시작",
  "Welcome to Kudos Boards": "Kudos Boards 시작",
  "When you unlock Kudos Boards Premium View, your current Activities will immediately be available in Board, Timeline and MindMap view.": "Kudos Boards 프리미엄 보기를 잠금 해제하면 보드, 타임라인 및 마인드맵 보기에서 기존 활동을 즉시 사용할 수 있습니다.",
  "Widget Settings": "위젯 설정",
  "yearly": "매년",
  "Yearly": "매년",
  "Yes": "예",
  "Yes Please": "예",
  "You are in DELETE mode, select items to delete": "삭제 모드입니다. 삭제할 항목을 선택하십시오",
  "You are in restore mode, select items to restore": "복원 모드입니다. 복원할 항목을 선택하십시오",
  "You are not a direct member of this board. Please consider leaving any Groups that may be members of this board.": "이 보드의 직접 회원이 아닙니다. 이 보드의 회원인 그룹을 나가십시오.",
  "You are not allowed to leave this Board. Please consider archiving board.": "이 보드를 나갈 수 없습니다. 보드를 아카이브하십시오.",
  "You are not authorised to access this resource": "이 자원에 액세스할 권한이 없습니다",
  "You are not licensed to access this resource.": "이 자원에 액세스할 권한이 없습니다.",
  "You are the only owner of this board. Please consider adding other owners or archiving this board instead.": "귀하는 이 보드의 유일한 소유자입니다. 다른 소유자를 추가하거나 대신 이 보드를 아카이브하십시오.",
  "You can enhance your workflow by unlocking Kudos Boards Premium Preview. In addition to your Activities view, you’ll also be able to work in the Boards, Timeline and Mind Map views!": "Kudos Boards 프리미엄 미리보기를 잠금 해제하여 워크플로를 개선할 수 있습니다. 이렇게 하면 활동 보기 외에도 보드, 타임라인 및 마인드맵 보기에서 작업할 수 있습니다!",
  "You have READ ONLY access to this Board": "이 보드에 대한 읽기 전용 액세스 권한이 있습니다",
  "You have {{remaining}} day(s) remaining in your premium preview.": "프리미엄 미리보기 기간이 {{remaining}}일 남았습니다.",
  "Your account's email address and other admin emails for your org ({{emails}}) are already included": "귀하의 계정 이메일 주소와 조직의 다른 관리자 이메일({{emails}})이 이미 포함되어 있습니다",
  "Your api key for kudos boards is shown below": "아래에 Kudos Boards의 API 키가 표시되어 있습니다",
  "Your changes have been saved": "변경사항이 저장되었습니다",
  "Your initial premium preview with {{orgName}} has expired. Click extend if you would like to continue access for an additional 30 days": "{{orgName}}을(를) 위한 첫 번째 프리미엄 미리보기가 만료되었습니다. 추가로 30일 동안 액세스를 이어가려면 '연장'을 클릭하십시오",
  "Your premium preview expires today.": "프리미엄 미리보기가 오늘 만료됩니다.",
  "Your premium preview has expired, Let your administrator know you'd like to continue using Kudos Boards Premium view.": "프리미엄 미리보기가 만료되었습니다. 관리자에게 Kudos Boards 프리미엄 보기를 계속해서 사용하고 싶다고 전하십시오.",
  "Your session with {{provider}} has expired. Redirecting...": "{{provider}}과(와)의 세션이 만료되었습니다. 리디렉션하는 중...",
  "Your session with {{provider}} has expired. Some functionality (ie notifications, groups, files) will be restricted until you login again.": "{{provider}}과(와)의 세션이 만료되었습니다. 다시 로그인하기 전까지 일부 기능(예: 알림, 그룹, 파일)이 제한됩니다.",
  "{{count}} more card(s) this way": "이 방법으로 {{count}}개의 카드 더 추가",
  "{{num}} users": "{{num}}명의 사용자",
  "{{quantity}} x subscriptions to '{{plan.name}}' ({{planPrice}} / {{plan.interval}})": "{{quantity}} x '{{plan.name}}' 구독({{planPrice}} / {{plan.interval}})",
  "{{remaining}} days of trial remaining": "평가판 {{remaining}}일 남음",
  "{{remaining}} days remaining in your premium preview.": "프리미엄 미리보기 기간이 {{remaining}}일 남았습니다.",
  "{{userTrialCount}} user(s) have started a trial of Kudos Boards Premium": "{{userTrialCount}}명의 사용자가 Kudos Boards 프리미엄 평가판을 시작했습니다"
}