{
  "": "",
  "'{{userName}}' will not be able to view the message because they cannot access this Board": "'{{userName}}' kan ikke se meldingen fordi vedkommende ikke har tilgang til denne tavlen",
  "(Copy Of) ": "(Kopi av) ",
  "A problem occurred when creating invite": "Det oppstod et problem under opprettelse av invitasjon",
  "A problem occurred when deleting node": "Det oppstod et problem under sletting av node",
  "A problem occurred when getting a node": "Det oppstod et problem under henting av node",
  "A problem occurred when redeeming invite": "Det oppstod et problem under innløsing av invitasjon",
  "A problem occurred when removing invite": "Det oppstod et problem under fjerning av invitasjon",
  "A problem occurred when removing member": "Det oppstod et problem under fjerning av medlem",
  "A problem occurred when saving invite": "Det oppstod et problem under lagring av invitasjon",
  "A problem occurred when saving member": "Det oppstod et problem under lagring av medlem",
  "A problem occurred when saving node": "Det oppstod et problem under lagring av node",
  "A problem occurred when updating invite": "Det oppstod et problem under oppdatering av invitasjon",
  "A user with that email address already exists": "En bruker med samme e-postadresse finnes allerede",
  "A user with that email address already exists as a member of this board": "En bruker med samme e-postadresse er allerede medlem av denne tavlen",
  "Accessed in the Last Month": "Åpnet den siste måneden",
  "Accessed since": "Åpnet siden",
  "Account Balance: {{credit}}": "Kontosaldo: {{credit}}",
  "Account Unlinked": "Konto koblet fra",
  "Actions": "Handlinger",
  "Active": "Aktiv",
  "Active Boards": "Aktive tavler",
  "Active Workspace Meetings": "Aktive Workspace-møter",
  "Activity": "Aktivitet",
  "Activity data is loading...": "Aktivitetsdata blir lastet inn...",
  "Activity Migration": "Aktivitetsmigrering",
  "Activity Name": "Aktivitetsnavn",
  "Add": "Legg til",
  "Add a Card": "Legg til et kort",
  "Add a Comment": "Legg til en kommentar",
  "Add a Description": "Legg til en beskrivelse",
  "Add a List": "Legg til en liste",
  "Add a list": "Legg til en liste",
  "Add a Tag": "Legg til en tagg",
  "Add an attachment or link": "Legg til et vedlegg eller en kobling",
  "Add another": "Legg til en til",
  "Add Attachment": "Legg til vedlegg",
  "Add Bookmark": "Legg til bokmerke",
  "Add Client": "Legg til klient",
  "Add Custom Field": "Legg til tilpasset felt",
  "Add file": "Legg til fil",
  "Add individuals or groups as members, or invite by email": "Legg til personer eller grupper som medlemmer, eller inviter på e-post",
  "Add Label": "Legg til etikett",
  "Add label '{{filter}}'": "Legg til etikett '{{filter}}'",
  "Add Licence": "Legg til lisens",
  "Add Member": "Legg til medlem",
  "Add members": "Legg til medlemmer",
  "Add Organisation": "Legg til organisasjon",
  "Add people to your board or invite by email": "Legg til personer i tavlen eller inviter dem på e-post",
  "Add User": "Legg til bruker",
  "Admin approval failed": "Administratorgodkjenning mislyktes",
  "Admin Users": "Administratorbrukere",
  "Administrator approval required.": "Administratorgodkjenning kreves.",
  "Administrators": "Administratorer",
  "Advanced": "Avansert",
  "Agenda": "Agenda",
  "All": "Alle",
  "All Activities": "Alle aktiviteter",
  "All Boards": "Alle tavler",
  "All cards are scheduled.": "Alle kort er planlagt.",
  "All Templates": "Alle maler",
  "Allow Invite by Email": "Tillat invitasjon på e-post",
  "Already linked": "Allerede koblet",
  "Amount": "Beløp",
  "Amount Due": "Forfalt beløp",
  "Amount Due Now: {{due}}": "Beløp som forfaller nå: {{due}}",
  "Amount Paid": "Betalt beløp",
  "An account of this type already linked": "En konto av denne typen er allerede koblet",
  "An invitation for the specified email address already exists on this board": "En invitasjon for den angitte e-postadressen finnes allerede på denne tavlen",
  "and is already a member of this board": "og er allerede et medlem av denne tavlen",
  "Apply Template": "Bruk mal",
  "Approve": "Godkjenn",
  "Approve Advanced Features": "Godkjenn avanserte funksjoner",
  "Archive": "Arkiv",
  "Archive Card": "Arkiver kort",
  "Archive Cards in List": "Arkiver kort i liste",
  "Archive List": "Arkiver liste",
  "Archived": "Arkivert",
  "Archived Boards": "Arkiverte tavler",
  "Archived Templates": "Arkiverte maler",
  "Are you sure you want to cancel this licence? This will take effect at the end of the current period.": "Er du sikker på at du vil avslutte denne lisensen? Dette vil tre i kraft ved slutten av den gjeldende perioden.",
  "Are you sure you want to delete this licence? CAUTION: This will delete any associated credit card information": "Er du sikker på at du vil slette denne lisensen? ADVARSEL: Dette vil slette alle tilknyttede kredittkortopplysninger",
  "Are you sure you want to reactivate this licence?": "Er du sikker på at du vil reaktivere denne lisensen?",
  "Are you sure you want to unlink your {{provider}} account?": "Er du sikker på at du vil koble fra {{provider}}-kontoen?",
  "Are you sure you wish to leave '{{boardName}}'? This action cannot be undone by you.": "Er du sikker på at du vil forlate '{{boardName}}'? Du kan ikke angre denne handlingen.",
  "Are you sure?": "Er du sikker?",
  "Are You Sure?": "Er du sikker?",
  "Are you sure? This will reinstate the previous billing schedule": "Er du sikker? Dette vil gjenoppta den forrige faktureringsplanen",
  "Are you sure? This will take effect at the end of the current billing cycle": "Er du sikker? Dette vil tre i kraft ved slutten av den gjeldende faktureringssyklusen",
  "Asia Pacific": "Asia-Stillehavsregionen",
  "Assign Users": "Tildel brukere",
  "Assigned": "Tildelt",
  "Assigned to": "Tildelt til",
  "Assigned To Me": "Tildelt til meg",
  "Assigned Users that will be added to the Destination Board": "Tildelte brukere som blir lagt til i måltavlen",
  "Assignees": "Tildelte personer",
  "Assignments": "Tildelinger",
  "Attach": "Legg ved",
  "Attachments": "Vedlegg",
  "Auth0 url": "Auth0-URL",
  "Authentication Clients": "Autentiseringsklienter",
  "Author": "Forfatter",
  "author": "forfatter",
  "awaiting acceptance": "venter på godkjenning",
  "Back": "Tilbake",
  "Back to Boards": "Tilbake til Tavler",
  "Back to Colour Selection": "Tilbake til Fargevalg",
  "Bad Request": "Ugyldig forespørsel",
  "Best viewed in fullscreen": "Vises best i fullskjermmodus",
  "Billing Cycle": "Faktureringssyklus",
  "Billing period: {{interval}}": "Faktureringsperiode: {{interval}}",
  "Blank": "Tom",
  "Board": "Tavle",
  "Board Archive": "Tavlearkiv",
  "Board Labels": "Tavleetiketter",
  "Board Members": "Tavlemedlemmer",
  "Board Name": "Tavlenavn",
  "Boards": "Tavler",
  "Boards linked directly to this user": "Tavler koblet direkte til denne brukeren",
  "Boards linked through group membership": "Tavler koblet via gruppemedlemskap",
  "Boards premium preview": "Premium-forhåndsvisning av tavler",
  "Bookmarks": "Bokmerker",
  "Buy Licence": "Kjøp lisens",
  "Buy Online": "Kjøp online",
  "by": "av",
  "Cancel": "Avbryt",
  "Cancel Licence": "Avslutt lisens",
  "Cancelled": "Annullert",
  "Cannot Leave Board": "Kan ikke forlate tavle",
  "Card Name": "Kortnavn",
  "Card Number": "Kortnummer",
  "Cards": "Kort",
  "Central Europe": "Sentral-Europa",
  "Choose a board": "Velg en tavle",
  "Choose a Template": "Velg en mal",
  "Classic": "Klassisk",
  "Clear Search": "Nullstill søk",
  "Clear Selected": "Fjern merking av valgte",
  "Clear Selected Filters": "Nullstill valgte filtre",
  "Click for details": "Klikk for detaljer",
  "Click for more information about approving advanced features": "Klikk for mer informasjon om å godkjenne avanserte funksjoner",
  "Click here": "Klikk her",
  "Click here for details": "Klikk her for detaljer",
  "Click here for details.": "Klikk her for detaljer.",
  "Click here to buy a licence online or get a quote": "Klikk her for å kjøpe en lisens online eller få et pristilbud",
  "Click here to start a 30 day free trial for your organisation. Contact support for trials with more users.": "Klikk her for å starte en gratis prøveperiode på 30 dager for organisasjonen din. Kontakt kundestøtte hvis du ønsker prøveperioder med flere brukere.",
  "Click to see more details": "Klikk for å få se flere detaljer",
  "Client": "Klient",
  "Clients": "Klienter",
  "Close": "Lukk",
  "Close Activity After Import": "Lukk aktivitet etter import",
  "Close Board Menu": "Lukk tavlemeny",
  "Close the activity after the import has completed successfully. You can still access it through 'Trash'": "Lukk aktiviteten etter at importen er fullført. Du har fortsatt tilgang til den via 'Papirkurv'",
  "Closed": "Lukket",
  "Collaborate on projects involving different departments": "Samarbeid på prosjekter som involverer flere avdelinger",
  "Collapse": "Komprimer",
  "Colour": "Farge",
  "Colour Labels": "Fargeetiketter",
  "Colour-Tags": "Fargetagger",
  "Colours": "Farger",
  "Column View": "Kolonnevisning",
  "Comments": "Kommentarer",
  "Community Activities": "Fellesskapsaktiviteter",
  "Community Templates": "Fellesskapsmaler",
  "Complete Todos": "Fullfør gjøremål",
  "Completed": "Fullført",
  "Configuration": "Konfigurasjon",
  "Confirm": "Bekreft",
  "Confirmation Required": "Bekreftelse kreves",
  "Connections Cloud session expired. Click here to validate.": "Connections Cloud-sesjonen har utløpt. Klikk her for å validere.",
  "Connections On-Premise": "Connections lokalt",
  "Connections URL": "Connections-URL",
  "Contact Email": "E-post for kontaktperson",
  "Contact Name": "Navn på kontaktperson",
  "Contact Support": "Kontakt brukerstøtte",
  "Contact your System Administrator for more information or email us at": "Kontakt systemadministratoren for å få mer informasjon, eller send oss en e-post på",
  "Content": "Innhold",
  "Continue": "Fortsett",
  "Continue Without Transferring": "Fortsett uten å overføre",
  "Convert into Entry": "Konverter til oppføring",
  "Convert into Todo": "Konverter til gjøremål",
  "Copy embed code": "Kopier innebyggingskode",
  "Copy embed code to clipboard": "Kopier innebyggingskode til utklippstavle",
  "Create": "Opprett",
  "Create a new board": "Opprett en ny tavle",
  "Create Board": "Opprett tavle",
  "Create Board from Template": "Opprett tavle fra mal",
  "Create Boards for anything, manage your workflow, and streamline processes with template creation.": "Opprett tavler for hva som helst, administrer arbeidsflyten, og effektiviser prosesser med malopprettelse.",
  "Create card": "Opprett kort",
  "Create Copy": "Opprett kopi",
  "Create Link to Board": "Opprett kobling til tavle",
  "Create Template": "Opprett mal",
  "Create Template from Board": "Opprett mal fra tavle",
  "Create your own structure for organising projects, workflows, ideas and more!": "Opprett din egen struktur for å organisere prosjekter, arbeidsflyter, ideer og mer!",
  "Create {{numCards}} cards?": "Opprette {{numCards}} kort?",
  "Create {{numCards}} lists?": "Opprette {{numCards}} lister?",
  "Created": "Opprettet",
  "Created By Me": "Opprettet av meg",
  "Created {{ date }}": "Opprettet {{ date }}",
  "Created: {{date}}": "Opprettet: {{date}}",
  "Credit Card Ending in {{last4}}": "Kredittkort som slutter på {{last4}}",
  "Current Account:": "Gjeldende konto:",
  "Currently the ability to search for groups in {{provider}} is not available until an administrator grants permissions for your organisation. ": "For øyeblikket er det ikke mulig å søke etter grupper i {{provider}} før en administrator har gitt tillatelser til organisasjonen din. ",
  "Curve": "Kurve",
  "Custom Fields": "Tilpassede felt",
  "Customer ID": "Kunde-ID",
  "CVC": "CVC",
  "Date": "Dato",
  "Decisions": "Beslutninger",
  "Default templates to exclude": "Standardmaler som skal ekskluderes",
  "Delete": "Slett",
  "Delete Board": "Slett tavle",
  "Delete Card": "Slett kort",
  "Delete Comment": "Slett kommentar",
  "Delete File": "Slett fil",
  "Delete items": "Slett elementer",
  "Delete Label": "Slett etikett",
  "Delete Link": "Slett kobling",
  "Delete List": "Slett liste",
  "Delete mode": "Slett modus",
  "Delete Selected Items": "Slett valgte elementer",
  "Deleted": "Slettet",
  "Deleting": "Sletter",
  "Departments": "Avdelinger",
  "Description": "Beskrivelse",
  "Description (optional)": "Beskrivelse (valgfritt)",
  "Details": "Detaljer",
  "Direct Order via ISW": "Direktebestilling via ISW",
  "Discount": "Rabatt",
  "Discount Code (optional)": "Rabattkode (valgfritt)",
  "Discount: {{discount}}": "Rabatt: {{discount}}",
  "Display an existing board": "Vis en eksisterende tavle",
  "Documentation": "Dokumentasjon",
  "Doing": "Utfører",
  "Done": "Ferdig",
  "Done ({{num}})": "Ferdig ({{num}})",
  "Download": "Last ned",
  "Download file": "Last ned fil",
  "Drop file here to save": "Slipp fil her for å lagre",
  "Due": "Frist",
  "Due Date": "Frist",
  "Due date": "Frist",
  "Earliest Licence Expired on": "Tidligste lisens utløp",
  "Earliest Upcoming Expiry": "Tidligste forestående utløp",
  "Edit": "Rediger",
  "Edit Board Colour Labels": "Rediger fargeetiketter for tavle",
  "Edit Client": "Rediger klient",
  "Edit Client Licence": "Rediger klientlisens",
  "Edit Colour Labels": "Rediger fargeetiketter",
  "Edit Comment": "Rediger kommentar",
  "Edit Description": "Rediger beskrivelse",
  "Edit Filename": "Rediger filnavn",
  "Edit Label": "Rediger etikett",
  "Edit label": "Rediger etikett",
  "Edit Licence": "Rediger lisens",
  "Edit Link": "Rediger kobling",
  "Edit name": "Rediger navn",
  "Edit Tile Colour Labels": "Rediger fargeetiketter for flis",
  "Edit User Licence": "Rediger brukerlisens",
  "Edited": "Redigert",
  "Editor": "Redigerer",
  "editor": "redigerer",
  "Email": "E-post",
  "Email Address": "E-postadresse",
  "Email address is required": "E-postadresse kreves",
  "Email addresses to copy invoices to": "E-postadresser å kopiere fakturaer til",
  "Email addresses to copy quote to": "E-postadresser å kopiere pristilbud til",
  "Email Us": "Send oss en e-post",
  "Embed code copied to clipboard": "Innebyggingskode kopiert til utklippstavle",
  "Empty Lists": "Tomme lister",
  "empty name": "tomt navn",
  "Enable Boards File Uploads": "Aktiver filopplastinger for tavler",
  "Enabled": "Aktivert",
  "End Date": "Sluttdato",
  "Ending Balance": "Sluttsaldo",
  "Enter a title for the link (Optional)": "Angi en tittel for koblingen (valgfritt)",
  "Enter an email address": "Angi en e-postadresse",
  "Enter Label": "Angi etikett",
  "Enter label name": "Angi etikettnavn",
  "Enter New Name": "Angi et nytt navn",
  "Enter Text": "Skriv inn tekst",
  "Entry": "Innlegg",
  "Error": "Feil",
  "Error creating board": "Feil ved opprettelse av tavle",
  "Error processing quote request. Please email sales@kudosbadges.com": "Feil ved behandling av forespørsel om pristilbud. Send en e-post til sales@kudosbadges.com",
  "Error processing your request": "Feil ved behandling av forespørselen din",
  "Error starting trial": "Feil ved start av prøveperiode",
  "Error uploading file": "Feil ved opplasting av fil",
  "Error: an unknown error occurred - cannot move": "Feil: Det oppstod en ukjent feil – kan ikke flytte",
  "Error: you are not authorised to add content to this board": "Feil: Du er ikke autorisert til å legge til innhold på denne tavlen",
  "Existing Kudos Partner (optional)": "Eksisterende Kudos-partner (valgfritt)",
  "Existing Login Detected": "Eksisterende pålogging oppdaget",
  "Existing Tab": "Eksisterende kategori",
  "Expand": "Utvid",
  "Expand/Collapse": "Utvid/komprimer",
  "Expand/Collapse All Lists": "Utvid/komprimer alle lister",
  "Expired": "Utløpt",
  "Expires": "Utløper",
  "Expires: {{date}}": "Utløper: {{date}}",
  "Expires: {{{date}}}": "Utløper: {{{date}}}",
  "Expiry": "Utløp",
  "Expiry Date": "Utløpsdato",
  "Explore the Template Library": "Utforsk malbiblioteket",
  "Extend": "Utvid",
  "ExternalId": "Ekstern ID",
  "Fields": "Felt",
  "Filter Activities to migrate": "Filtrer aktiviteter som skal migreres",
  "Finance": "Finans",
  "Find a Group": "Finn en gruppe",
  "Find a User": "Finn en bruker",
  "Finding your Connections Cloud Organisation...": "Finner din Connections Cloud-organisasjon...",
  "Free": "Gratis",
  "Free Trial": "Gratis prøveperiode",
  "Friday": "Fredag",
  "From Provider": "Fra leverandør",
  "Functionality is currently limited.": "Funksjonaliteten er for øyeblikket begrenset.",
  "Furthest Upcoming Expiry": "Seneste forestående utløp",
  "Future": "Fremtidig",
  "General": "Generelt",
  "Get a Licence Quote": "Få et pristilbud på lisens",
  "Get a Quote": "Få et pristilbud",
  "Give users the ability to invite external users to a Board by email address": "Gi brukere muligheten til å invitere eksterne brukere til en tavle ved hjelp av e-postadresse",
  "Global Access": "Global tilgang",
  "Global OAuth": "Global OAuth",
  "Go to licence": "Gå til lisens",
  "Go to Today": "Gå til i dag",
  "Goals": "Mål",
  "Group": "Gruppe",
  "Group Boards": "Gruppetavler",
  "Group By": "Grupper etter",
  "Group Owners: Owners of this Board.</br>Group Members: Authors of this Board": "Gruppeeiere: eiere av denne tavlen.</br>Gruppemedlemmer: forfattere av denne tavlen",
  "Groups": "Grupper",
  "Help": "Hjelp",
  "Hide": "Skjul",
  "Hide Completed Todos": "Skjul fullførte gjøremål",
  "Hide Dates": "Skjul datoer",
  "Horizontal": "Vannrett",
  "How would you like to proceed?": "Hvordan vil du fortsette?",
  "HR": "TIME",
  "I accept the above Terms & Conditions": "Jeg godtar betingelsene ovenfor",
  "I accept the terms of service": "Jeg godtar tjenestebetingelsene",
  "ID": "ID",
  "If this setting is switched off, cards are created as entries on enter press.": "Hvis denne innstillingen er slått av, blir kort opprettet som innlegg når du trykker på Enter.",
  "Ignore Completed": "Ignorer fullført",
  "Ignore Deleted": "Ignorer slettet",
  "Ignore Templates": "Ignorer maler",
  "Import": "Importer",
  "Import an Activity": "Importer en aktivitet",
  "Import an Activity Template": "Importer en aktivitetsmal",
  "Import from Activities": "Importer fra Aktiviteter",
  "Import From Activities": "Importer fra Aktiviteter",
  "In a Group": "I en gruppe",
  "Include email body in description": "Inkluder e-posttekst i beskrivelse",
  "Inherit": "Overta",
  "Inherit from Group": "Overta fra gruppe",
  "Inherited from Group": "Overtatt fra gruppe",
  "Integration Env": "Integreringsmiljø",
  "Internal server error": "Intern serverfeil",
  "Invitation sent to": "Invitasjon sendt til",
  "Invite": "Inviter",
  "Invite by Email": "Inviter på e-post",
  "Invite sent on": "Invitasjon sendt",
  "Invoice": "Faktura",
  "Invoice Details": "Fakturadetaljer",
  "Invoices": "Fakturaer",
  "Invoices for": "Fakturaer for",
  "Is Enabled": "Er aktivert",
  "Is Trial": "Er prøveperiode",
  "IT": "DET",
  "It is valid until {{expiry}}.": "Den er gyldig til {{expiry}}.",
  "Items": "Elementer",
  "Join Workspace Meetings": "Delta i Workspace-møter",
  "Kanban": "Kanban",
  "Kanban View": "Kanban-visning",
  "Kudos Boards": "Kudos Boards",
  "Kudos Boards - Terms & Conditions": "Kudos Boards – betingelser",
  "Kudos Boards API": "Kudos Boards API",
  "Kudos Boards cannot be added as a tab until an administrator approves required functionality": "Kudos Boards kan ikke legges til som en kategori før en administrator har godkjent påkrevd funksjonalitet",
  "Kudos Boards has been updated in the background. Please reload the app!": "Kudos Boards har blitt oppdatert i bakgrunnen. Last inn appen på nytt!",
  "Kudos Partner Reference Code (optional)": "Referansekode for Kudos-partner (valgfritt)",
  "Kudos Team Name": "Kudos-teamnavn",
  "Label deleted": "Etikett slettet",
  "Labels": "Etiketter",
  "Last Accessed": "Sist brukt",
  "Last Licence Expired on": "Forrige lisens utløp",
  "Later This Month": "Senere denne måneden",
  "Later This Week": "Senere denne uken",
  "Layout": "Layout",
  "Leave Board": "Forlat tavle",
  "Licence Assigned": "Lisens tildelt",
  "Licence Details": "Lisensdetaljer",
  "Licence expired": "Lisens utløpt",
  "Licence Type": "Lisenstype",
  "Licences": "Lisenser",
  "Licenses": "Lisenser",
  "Licensing": "Lisensiering",
  "Limit": "Grense",
  "Line": "Linje",
  "Line Items": "Linjeelementer",
  "Lines in file:": "Linjer i fil:",
  "Link": "Kobling",
  "Link Accounts": "Koble sammen kontoer",
  "Link another account": "Koble til en annen konto",
  "Link another Kudos Boards account": "Koble til en annen Kudos Boards-konto",
  "Link Exists": "Kobling eksisterer",
  "Link to Board": "Kobling til tavle",
  "Link to Card, List or Board": "Kobling til kort, liste eller tavle",
  "Link to File": "Kobling til fil",
  "Link to Folder": "Kobling til mappe",
  "Link {{provider}} with the current account": "Koble {{provider}} til den gjeldende kontoen",
  "Linked Accounts": "Koblede kontoer",
  "Linked Groups": "Koblede grupper",
  "Links": "Koblinger",
  "Links & Attachments": "Koblinger og vedlegg",
  "List": "Liste",
  "List all Boards": "Før opp alle tavler",
  "List Name": "Listenavn",
  "List View": "Listevisning",
  "Lists": "Lister",
  "Lite": "Lite",
  "Local": "Lokal",
  "Logging in, please wait...": "Logger på, vent litt...",
  "Login": "Pålogging",
  "Logout": "Avlogging",
  "Look in": "Søk i",
  "Make the most of your Kudos Boards Premium Preview": "Få mest mulig ut av Premium-forhåndsvisningen av Kudos Boards",
  "Manage Org": "Administrer organisasjon",
  "Manage Payments": "Administrer betalinger",
  "Mark Board as Complete": "Merk tavle som fullført",
  "Mark Board as Incomplete": "Merk tavle som ikke fullført",
  "Mark Complete": "Merk som fullført",
  "Mark Incomplete": "Merk som ikke fullført",
  "Marketing": "Markedsføring",
  "Match All Filters": "Samsvar alle filtre",
  "Meeting": "Møte",
  "Members": "Medlemmer",
  "Merge": "Slå sammen",
  "Microsoft Office365": "Microsoft Office365",
  "Migrate ALL ({{num}})": "Migrer ALLE ({{num}})",
  "Migrate Selected ({{num}})": "Migrer valgte ({{num}})",
  "Mind Map": "Tankekart",
  "MindMap": "Tankekart",
  "Mindmap": "Tankekart",
  "Mindmap View": "Tankekartvisning",
  "Minimum number of users for the selected licence type is {{minimumSeats}}": "Minste antall brukere for valgt lisenstype er {{minimumSeats}}",
  "Mirror": "Speil",
  "Modified": "Endret",
  "Modify": "Endre",
  "Modify Licence": "Endre lisens",
  "Monday": "Mandag",
  "monthly": "månedlig",
  "Monthly": "Månedlig",
  "More": "Mer",
  "Move": "Flytt",
  "Move and Open": "Flytt og åpne",
  "Move Card": "Flytt kort",
  "Move List": "Flytt liste",
  "Move To Another Board": "Flytt til en annen tavle",
  "Move to another list or parent card": "Flytt til en annen liste eller til overordnet kort",
  "My": "Min",
  "My Account": "Min konto",
  "My Activities": "Mine aktiviteter",
  "My Boards": "Mine tavler",
  "My Subscriptions": "Mine abonnementer",
  "My Templates": "Mine maler",
  "My Todos": "Mine gjøremål",
  "Name": "Navn",
  "Name on Card": "Navn på kort",
  "Named Users": "Navngitte brukere",
  "Named Users Licence": "Lisens for navngitt bruker",
  "Never": "Aldri",
  "New Board": "Ny tavle",
  "New card created, however the search filter currently applied is preventing it from being displayed": "Nytt kort opprettet, men søkefilteret som for øyeblikket blir brukt, hindrer det i å bli vist",
  "New cards created as tasks on enter key press": "Nye kort opprettet som oppgaver når du trykker på Enter-tasten",
  "New Client": "Ny klient",
  "New Client Licence": "Ny klientlisens",
  "New Credit Card": "Nytt kredittkort",
  "New Label": "Ny etikett",
  "New Label Text": "Ny etikettekst",
  "New Licence": "Ny lisens",
  "New Since Last Week": "Ny siden forrige uke",
  "New Sub-Card": "Nytt underkort",
  "New Tab": "Ny kategori",
  "New Template": "Ny mal",
  "New User Licence": "Ny brukerlisens",
  "Next": "Neste",
  "Next Invoice Amount: {{nextAmount}}": "Neste fakturabeløp: {{nextAmount}}",
  "Next Invoice Date: {{date}}": "Neste fakturadato: {{date}}",
  "Next Payment": "Neste betaling",
  "Next Payment Attempt": "Neste betalingsforsøk",
  "Next Payment: {{{date}}}": "Neste betaling: {{{date}}}",
  "Next Week": "Neste uke",
  "No": "Nei",
  "No action available": "Ingen handling tilgjengelig",
  "No Active Meetings found. Click below to go to a Workspace": "Ingen aktive møter ble funnet. Klikk nedenfor for å gå til et arbeidsområde",
  "No Activities found": "Fant ingen aktiviteter",
  "No Archived items to show": "Ingen arkiverte elementer å vise",
  "No Assignment": "Ingen tildeling",
  "No boards found for this group": "Fant ingen tavler for denne gruppen",
  "No Boards found.": "Fant ingen tavler.",
  "No boards yet, please create one first": "Ingen tavler ennå, opprett en først",
  "No clients found": "Fant ingen klienter",
  "No Colour": "Ingen farge",
  "No Date": "Ingen dato",
  "No files found": "Fant ingen filer",
  "No folders found": "Fant ingen mapper",
  "No Group": "Ingen gruppe",
  "No invoices to display": "Ingen fakturaer å vise",
  "No items were selected": "Ingen elementer ble valgt",
  "No Label": "Ingen etikett",
  "No label": "Ingen etikett",
  "No labels defined": "Ingen etiketter definert",
  "No licences available. Functionality will be limited for new users.": "Ingen lisenser tilgjengelig. Funksjonaliteten vil være begrenset for nye brukere.",
  "No licences found": "Fant ingen lisenser",
  "No licences to show": "Ingen lisenser å vise",
  "No organisations found": "Fant ingen organisasjoner",
  "No pinned boards": "Ingen festede tavler",
  "No Pinned Boards found.": "Fant ingen festede tavler.",
  "No Recent Boards found.": "Fant ingen nylige tavler.",
  "No user trials found": "Fant ingen prøveperioder for brukere",
  "No users found": "Fant ingen brukere",
  "No users to show": "Ingen brukere å vise",
  "None": "Ingen",
  "North America": "Nord-Amerika",
  "Not Licensed": "Ikke lisensiert",
  "Not Supported": "Ikke støttet",
  "Note that file security is managed by {{provider}}, not by Kudos Boards": "Vær oppmerksom på at filsikkerheten blir administrert av {{provider}}, ikke av Kudos Boards",
  "Nothing to show": "Ingenting å vise",
  "Number of Attempts": "Antall forsøk",
  "Number of cards": "Antall kort",
  "Number of Expired Licences": "Antall utløpte lisenser",
  "Number of Users": "Antall brukere",
  "Number of Valid Licences": "Antall gyldige lisenser",
  "oAuth Client ID": "oAuth-klient-ID",
  "OAuth Client ID": "OAuth-klient-ID",
  "OAuth Client Secret": "OAuth-klienthemmelighet",
  "oAuth Client Secret": "oAuth-klienthemmelighet",
  "ok": "OK",
  "OK": "OK",
  "Only Entries": "Bare oppføringer",
  "Only the members of this board will be able to see and access this board.": "Bare medlemmer av denne tavlen kan se og få tilgang til denne tavlen.",
  "Only Todos": "Bare gjøremål",
  "Open": "Åpne",
  "Open Board Options": "Alternativer for åpne tavler",
  "Open Boards in:": "Åpne tavler i:",
  "Open in Boards": "Åpne i Tavler",
  "Open Licence": "Åpen lisens",
  "Open this board": "Åpne denne tavlen",
  "Opt in below to receive tips and tricks from the Kudos Boards team to make the most of your premium preview.": "Gi ditt samtykke nedenfor for å motta tips og triks fra Kudos Boards-teamet slik at du får mest mulig ut av din premium-forhåndsvisning.",
  "Order": "Rekkefølge",
  "Order Summary": "Bestillingssammendrag",
  "Order via ISW Partner": "Bestill via ISW-partner",
  "Org Administration": "Organisasjonsadministrasjon",
  "Organisation": "Organisasjon",
  "Organisation Name": "Organisasjonsnavn",
  "Organisations": "Organisasjoner",
  "Organise any project productively using the classic Todo, Doing, Done methodology": "Organiser prosjekter på en produktiv måte ved hjelp av den klassiske metoden: gjøremål, utfører, ferdig",
  "Our Terms & Conditions have changed": "Betingelsene våre har blitt endret",
  "Overdue": "Forfalt",
  "owner": "eier",
  "Owner": "Eier",
  "Owners": "Eiere",
  "Page Not Found": "Side ikke funnet",
  "Paid": "Betalt",
  "Paste link or drop file to upload": "Lim inn kobling eller slipp filen som skal lastes opp",
  "Payment Method": "Betalingsmetode",
  "Period": "Punktum",
  "Person": "Person",
  "Pin Board": "Fest tavle",
  "Pinned": "Festet",
  "Pinned Boards": "Festede tavler",
  "Pinned boards": "Festede tavler",
  "Plan and collaborate on tasks on a weekly basis": "Planlegg og samarbeid på oppgaver på en ukentlig basis",
  "Please approve the Kudos Boards app to allow it to be added as a tab.": "Godkjenn Kudos Boards-appen slik at den kan legges til som en kategori.",
  "Please approve the Kudos Boards app to use advanced features.": "Godkjenn at Kudos Boards-appen kan bruke avanserte funksjoner.",
  "Please contact your Administrator": "Kontakt administratoren",
  "Please contact your IBM Connections Admin to purchase a licence.": "Kontakt IBM Connections-administratoren for å kjøpe en lisens.",
  "Please ensure you login with the same Office 365 user account as you are using in Microsoft Teams": "Sørg for at du logger på med samme Office 365-brukerkonto som du bruker i Microsoft Teams",
  "Please enter a board name": "Angi et tavlenavn",
  "Please enter a valid email address": "Angi en gyldig e-postadresse",
  "Please enter a valid URL": "Oppgi en gyldig URL",
  "Please enter the number of users in your Connections Cloud Organisation": "Angi antall brukere i Connections Cloud-organisasjonen din",
  "Please enter the number of users you wish to name under this licence": "Angi antall brukere som du ønsker å navngi under denne lisensen",
  "Please read our Terms & Conditions": "Les våre betingelser",
  "Please reload the page and try again, if this issue persists please let us know": "Last inn siden på nytt og prøv igjen. Gi oss beskjed hvis dette problemet vedvarer",
  "Please review your licences here": "Se gjennom lisensene dine her",
  "Please see the <a href='{{url}}'>new board</a>": "Se den <a href='{{url}}'>nye tavlen</a>",
  "Please sign in": "Logg deg på",
  "Please start a trial to use Boards in your {{provider}} organisation": "Start en prøveperiode for å bruke tavler {{provider}}-organisasjonen",
  "Position": "Posisjon",
  "Post": "Legg inn",
  "Premium": "Premium",
  "Premium Preview Status": "Status for Premium-forhåndvisning",
  "Preview": "Forhåndsvis",
  "Preview available": "Forhåndsvisning tilgjengelig",
  "Previous": "Forrige",
  "Pricing": "Prissetting",
  "primary": "primær",
  "Primary": "Primær",
  "Print": "Skriv ut",
  "Private (me only)": "Privat (bare meg)",
  "Product Information": "Produktinformasjon",
  "Product Version": "Produktversjon",
  "Provider": "Leverandør",
  "Provider not supported": "Leverandøren støttes ikke",
  "Public": "Felles",
  "Public Access": "Felles tilgang",
  "Public Activities": "Felles aktiviteter",
  "Public Boards": "Felles tavler",
  "Public Templates": "Felles maler",
  "Quarterly": "Kvartalsvis",
  "Questions": "Spørsmål",
  "Quick Edit": "Hurtigredigering",
  "Radial": "Radial",
  "RE-CENTER": "SENTRER PÅ NYTT",
  "Reactivate Licence": "Aktiver lisens på nytt",
  "reader": "leser",
  "Reader": "Leser",
  "Recent": "Nyere",
  "Recent boards": "Nyeste tavler",
  "Recent Boards": "Nyeste tavler",
  "Recurring Amount Due: {{recurring}}": "Regelmessig beløp å betale: {{recurring}}",
  "Redeeming Invitation...": "Løser inn invitasjon...",
  "Redirecting to Connections Cloud...": "Omdirigerer til Connections Cloud...",
  "Redirecting to Watson Workspace...": "Omdirigerer til Watson Workspace...",
  "Refresh": "Oppdater",
  "Region": "Region",
  "Reload": "Last inn på nytt",
  "Remaining ({{num}})": "Gjenstående ({{num}})",
  "Remove Admin": "Fjern admin",
  "Remove Client": "Fjern klient",
  "Remove Invite": "Fjern invitasjon",
  "Remove Licence": "Fjern lisens",
  "Replace": "Erstatt",
  "Resend Invite": "Send invitasjon på nytt",
  "Reset": "Tilbakestill",
  "Restore": "Gjenopprett",
  "Restore Card": "Gjenopprett kort",
  "Restore items": "Gjenopprett elementer",
  "Restore List": "Gjenopprett liste",
  "Restore mode": "Gjenopprett modus",
  "Reverse": "Tilbakefør",
  "Revoke All": "Tilbakekall alle",
  "Revoke Licence": "Tilbakekall lisens",
  "Role": "Rolle",
  "Roles": "Roller",
  "Rows": "Rader",
  "Sales": "Salg",
  "Save": "Lagre",
  "Save card for future purchases": "Lagre kort for fremtidige kjøp",
  "Save Changes": "Lagre endringer",
  "Save link": "Lagre kobling",
  "Scroll To": "Bla til",
  "Search": "Søk",
  "Search All Templates": "Søk i alle maler",
  "Search this view": "Søk i denne visningen",
  "Search...": "Søk...",
  "Select a Board": "Velg en tavle",
  "Select board": "Velg tavle",
  "Select Board": "Velg tavle",
  "Select Board Label": "Velg tavleetikett",
  "Select Card Colours": "Velg kortfarger",
  "Select Colour": "Velg farge",
  "Select Colours": "Velg farger",
  "Select Destination Board": "Velg en måltavle",
  "Select destination folder": "Velg en målmappe",
  "Select File": "Velg fil",
  "Select Folder": "Velg mappe",
  "Select items for delete": "Velg elementer som skal slettes",
  "Select items for restore": "Velg elementer som skal gjenopprettes",
  "Select List or Card": "Velg liste eller kort",
  "Select the boards below that you would like to transfer membership over to your primary ({{toName}}) account": "Velg tavlene nedenfor som du ønsker å overføre medlemskapet til primærkontoen ({{toName}}) for",
  "Selected Activity": "Valgt aktivitet",
  "Send an email notifying each member that the Activity has been migrated to a Board.": "Send en e-post for å varsle hvert medlem om at aktiviteten har blitt migrert til en tavle.",
  "Send Invitation": "Send invitasjon",
  "Send Notification Email to Members": "Send varslings-e-post til medlemmer",
  "Sending invitations": "Sender invitasjoner",
  "Set as primary account": "Angi som primærkonto",
  "Set Dates": "Angi datoer",
  "Set enter key press action to create a task when creating new cards in a list.": "Angi at å trykke på Enter-tasten skal opprette en oppgave når du oppretter nye kort i en liste.",
  "Setup Subscription": "Konfigurer abonnement",
  "Share with": "Del med",
  "Shared by me": "Delt av meg",
  "Shared with me": "Delt med meg",
  "Show": "Vis",
  "Show all ancestors": "Vis alle overordnede",
  "Show all boards for this team": "Vis alle tavler for dette teamet",
  "Show Board Menu": "Vis tavlemeny",
  "Show Filter Options": "Vis filteralternativer",
  "Show Less": "Vis mindre",
  "Show Licences for your organisation": "Vis lisenser for organisasjonen",
  "Show More": "Vis mer",
  "Show on Card": "Vis på kort",
  "Show previous comments": "Vis tidligere kommentarer",
  "Show previous links & attachments": "Vis forrige koblinger og vedlegg",
  "Show Sub-cards": "Vis underkort",
  "Sign In": "Logg på",
  "Sign in with": "Logg på med",
  "SIGN IN WITH:": "LOGG PÅ MED:",
  "Sign Out": "Logg av",
  "Sign Out of Kudos Boards": "Logg av Kudos Boards",
  "Signing in...": "Logger på...",
  "Signing out...": "Logger av...",
  "Smartcloud": "Smartcloud",
  "Something went wrong.": "Noe gikk galt.",
  "Source Board/Template": "Kiletavle/-mal",
  "Source Template": "Kildemal",
  "Specific Board": "Spesifikk tavle",
  "Start a Trial": "Start en prøveperiode",
  "Start a trial or purchase a subscription to start creating boards": "Start en prøveperiode eller kjøp et abonnement for å begynne å opprette tavler",
  "Start Boards Premium Preview": "Start Premium-forhåndsvisning av tavler",
  "Start Date": "Startdato",
  "Start Free Trial": "Start gratis prøveperiode",
  "Start my trial": "Start prøveperioden min",
  "Start Now": "Start nå",
  "Start page updated": "Startside oppdatert",
  "Start Page:": "Startside:",
  "Starting Balance": "Startsaldo",
  "Starting View": "Starter visning",
  "Status": "Status",
  "Step": "Trinn",
  "Sub Cards": "Underkort",
  "Sub Tasks": "Underoppgaver",
  "Submit": "Send",
  "Subscription": "Abonnement",
  "Subscription expired.": "Abonnement utløpt.",
  "Subtotal": "Delsum",
  "Summary": "Sammendrag",
  "Support for browsers is currently limited.  This browser is not yet supported. <br>Please use one of the following browsers:": "Støtte for nettlesere er for øyeblikket begrenset. Denne nettleseren støttes ikke ennå. <br>Bruk en av følgende nettlesere:",
  "Tab Content": "Kategoriinnhold",
  "Tab Name": "Kategorinavn",
  "Tags": "Tagger",
  "Tags (optional)": "Tagger (valgfritt)",
  "Take away meaningful and collaborative notes from any meeting!": "Ta med deg viktige notater og samarbeidsnotater fra ethvert møte!",
  "Task": "Oppgave",
  "Team Boards": "Teamtavler",
  "Team Name": "Teamnavn",
  "Team Name is used as a method to log in to certain authentication providers. e.g. Auth0": "Teamnavnet brukes som en måte å logge på visse autentiseringsleverandører på, f.eks. Auth0",
  "Template": "Mal",
  "Templates": "Maler",
  "Templates tagged with": "Maler tagget med",
  "Text": "Tekst",
  "Text Mode": "Testmodus",
  "That can't be pasted there.": "Det kan ikke limes inn der.",
  "The board has been deleted": "Tavlen har blitt slettet",
  "The files below cannot be uploaded to Kudos Boards as they are larger than the limit of {{limit}}": "Filene nedenfor kan ikke lastes opp til Kudos Boards fordi de er større enn grensen på {{limit}}",
  "The following links have already been added to this card:": "Følgende koblinger har allerede blitt lagt til dette kortet:",
  "The invite was resent to": "Invitasjonen ble sendt på nytt til",
  "The selected board(s) were successfully transferred": "De(n) valgte tavlen(e) ble overført",
  "The selected items have been deleted": "De valgte elementene har blitt slettet",
  "The selected items have been restored": "De valgte elementene har blitt gjenopprettet",
  "There was an error when uploading the file. Server response: ": "Det oppstod en feil under opplasting av filen. Serversvar: ",
  "This Activity has been migrated to Kudos Boards": "Denne aktiviteten har blitt migrert til Kudos Boards",
  "This billing cycle affords a {{discount}}% discount": "Denne faktureringssyklusen gir en rabatt på {{discount}} %",
  "This Board": "Denne tavlen",
  "This Board is available with AUTHOR access to everyone across all organisations.": "Denne tavlen er tilgjengelig med FORFATTER-tilgang for alle i alle organisasjoner.",
  "This Board is available with EDITOR access to everyone across all organisations.": "Denne tavlen er tilgjengelig med REDIGERER-tilgang for alle i alle organisasjoner.",
  "This Board is in one or more Groups": "Denne tavlen finnes i én eller flere grupper",
  "This Board is read-only to everyone across all organisations.": "Denne tavlen er skrivebeskyttet for alle i alle organisasjoner.",
  "This Board will be visible to everyone in your organisation. <br>Non-members can create new content and edit their own content.": "Denne tavlen vil være synlig for alle i organisasjonen din. <br>Personer som ikke er medlemmer, kan opprette nytt innhold og redigere sitt eget innhold.",
  "This Board will be visible to everyone in your organisation. <br>Non-members can only view the board's contents.": "Denne tavlen vil være synlig for alle i organisasjonen din. <br>Personer som ikke er medlemmer, kan bare vise tavleinnholdet.",
  "This Board will be visible to everyone in your organisation. <br>Please note: This access level allows non-members to edit <b>all</b> board content.": "Denne tavlen vil være synlig for alle i organisasjonen din. <br>Merk: Dette tilgangsnivået tillater at personer som ikke er medlemmer, kan redigere <b>alt</b> tavleinnhold.",
  "This card will be restored with its parent": "Dette kortet vil bli gjenopprettet sammen med overordnet",
  "This Community": "Dette fellesskapet",
  "This feature is coming soon!": "Denne funksjonen kommer snart!",
  "This feature is currently not supported by the IBM Connections Cloud API": "Denne funksjonen støttes for øyeblikket ikke av IBM Connections Cloud API",
  "This field is required": "Dette feltet er obligatorisk",
  "This invoice has been closed. Payment will not be automatically attempted again. Contact support for more information": "Denne fakturaen har blitt avsluttet. Betaling vil ikke bli automatisk forsøkt på nytt. Kontakt kundestøtte for mer informasjon",
  "This is a Free trial of Kudos Boards and will expire in {{numDays}} day(s).": "Dette er en gratis prøveperiode for Kudos Boards og den vil utløpe om {{numDays}} dag(er).",
  "This is a read-only preview of this Activity. Import to Boards for full functionality": "Dette er en skrivebeskyttet forhåndsvisning av denne aktiviteten. Importer den til tavler for full funksjonalitet",
  "This licence grants access to a set number of users as they use the app. You may view the user-licences already assigned.": "Denne lisensen gir deg tilgang til et bestemt antall brukere når de bruker appen. Du kan vise brukerlisensene som allerede er tildelt.",
  "This licence has been cancelled.": "Denne lisensen har blitt avsluttet.",
  "This licence only grants access to a selected group of named users. Access will not be granted to users not named by the Org Admins. You can view and edit the named users from the Admin settings.": "Denne lisensen gir bare tilgang til en utvalgt gruppe av navngitte brukere. Tilgang blir ikke gitt til brukere som ikke er navngitte av organisasjonens administratorer. Du kan vise og redigere de navngitte brukerne fra administratorinnstillingene.",
  "This option is only available when paying by credit card": "Dette alternativet er bare tilgjengelig når du betaler med kredittkort",
  "This option is only editable if paying by credit card": "Dette alternativet kan bare redigeres hvis du betaler med kredittkort",
  "This team account is already linked": "Denne teamkontoen er allerede koblet",
  "This will go to your provider for an administrator to approve access to Kudos Boards": "Dette blir sendt til leverandøren så en administrator kan godkjenne tilgang til Kudos Boards",
  "This will permanently delete the board and all its data, are you sure?": "Dette vil slette tavlen og alle tilhørende data for godt. Er du sikker?",
  "This will remove this data permanently from the board, are you sure?": "Dette vil fjerne disse dataene fra tavlen for godt. Er du sikker?",
  "Thursday": "Torsdag",
  "Tile Colours": "Filsfarger",
  "Timeline": "Tidslinje",
  "Timeline View": "Tidslinjevisning",
  "Title": "Tittel",
  "to go to Connections Cloud, then access Kudos Boards via the link in the 'Apps' menu.": "for å gå til Connections Cloud, og så få tilgang til Kudos Boards via koblingen i menyen 'Apper'.",
  "To interact with this card the parent will need to be restored": "For å kunne samhandle med dette kortet må den overordnede gjenopprettes",
  "To unselect this card you will need to unselect its parent": "For å oppheve valget av dette kortet må du oppheve valget av den overordnede",
  "to view this content": "for å vise dette innholdet",
  "Today": "I dag",
  "Todo": "Gjøremål",
  "Todos": "Gjøremål",
  "Todos by Date": "Gjøremål etter dato",
  "Todos by Due Date": "Gjøremål etter frist",
  "Toggle Completion": "Vis/skjul fullføring",
  "Toggle Editor": "Vis/skjul redigeringsprogram",
  "Toggle Sidebar": "Vis/skjul sidelinje",
  "Tomorrow": "I morgen",
  "Total": "Totalt",
  "Transfer Board Membership": "Overfør tavlemedlemskap",
  "Transfer Membership": "Overfør medlemskap",
  "TRIAL": "PRØVE",
  "Trial": "Prøvekonto",
  "Trial End Date: {{trialEnd}}": "Sluttdato for prøveperiode: {{trialEnd}}",
  "Trial expired": "Prøveperiode utløpt",
  "Trial expired.": "Prøveperiode utløpt.",
  "Trial extended {{extensions}} time(s)": "Prøveperiode forlenget {{extensions}} gang(er)",
  "Try again": "Prøv igjen",
  "Tuesday": "Tirsdag",
  "Type": "Type",
  "Type to filter archive": "Skriv for å filtrere arkiv",
  "Type to filter list": "Skriv for å filtrere liste",
  "Type to filter members": "Skriv for å filtrere medlemmer",
  "Type to search": "Skriv for å søke",
  "Unassigned": "Ikke tildelt",
  "Undo": "Angre",
  "UNDO": "ANGRE",
  "Unit price: {{unitPrice}} per user": "Enhetspris: {{unitPrice}} per bruker",
  "Unknown Connections Cloud organisation. Redirecting...": "Ukjent Connections Cloud-organisasjon. Omdirigerer...",
  "Unknown Team": "Ukjent team",
  "Unlimited": "Ubegrenset",
  "Unlink account": "Koble fra konto",
  "Unlink Board": "Koble fra tavle",
  "Unlink {{fromName}} Account": "Koble fra {{fromName}}-konto",
  "Unlock Kudos Boards Premium Preview": "Lås opp Premium-forhåndsvisning av Kudos Boards",
  "Unpaid": "Ikke betalt",
  "Unpin Board": "Løsne tavle",
  "Unscheduled cards": "Ikke planlagte kort",
  "Update": "Oppdater",
  "Updated": "Oppdatert",
  "Updated Since Last Accessed": "Oppdatert siden sist brukt",
  "Updated {{ date }}": "Oppdatert {{ date }}",
  "Updating...": "Oppdaterer...",
  "Upload": "Last opp",
  "Upload file from computer": "Last opp fil fra datamaskinen",
  "Upload to Kudos Boards": "Last opp til Kudos Boards",
  "Upload Users": "Last opp brukere",
  "Upload Users from CSV": "Last opp brukere fra CSV",
  "uploaded successfully": "er lastet opp",
  "Uploading file:": "Laster opp fil:",
  "URL": "URL",
  "URL of Connections header frame (optional)": "URL-adresse for Connections-topptekstramme (valgfritt)",
  "Use another file service": "Bruk en annen filtjeneste",
  "Use current account": "Bruk gjeldende konto",
  "Use Email": "Bruk e-post",
  "Use the Kudos Boards File Attachment Service for attaching files to cards": "Bruk filvedleggstjenesten til Kudos Boards for å legge ved filer i kort",
  "Use {{provider}} instead": "Bruk {{provider}} i stedet",
  "Used": "Brukt",
  "User": "Bruker",
  "User Emails": "Bruker-e-poster",
  "User ExternalID": "Ekstern ID for bruker",
  "User Licences": "Brukerlisenser",
  "User Options": "Brukeralternativer",
  "User Trials": "Prøveperioder for bruker",
  "User upload success!": "Brukeropplasting vellykket!",
  "Username": "Brukernavn",
  "Users": "Brukere",
  "Users may need to be added to the destination board to maintain access to their assigned todos.": "Brukere må kanskje legges til i måltavlen for å beholde tilgang til de tildelte gjøremålene.",
  "Users: {{num}}": "Brukere: {{num}}",
  "Vertical": "Loddrett",
  "View": "Vis",
  "View and Accept ↗": "Vis og godta ↗",
  "View Details": "Vis detaljer",
  "View licences": "Vis lisenser",
  "View subscriptions": "Vis abonnementer",
  "View Subscriptions": "Vis abonnementer",
  "Want to know more?": "Vil du vite mer?",
  "Warning: you are not authorised to add members in this board": "Advarsel: Du er ikke autorisert til å legge til medlemmer i denne tavlen",
  "We found one board linked your {{fromName}} user account. Once you unlink the account you may no longer have access to this board.": "Vi fant en tavle som er koblet til {{fromName}}-brukerkontoen din. Hvis du kobler fra kontoen, har du kanskje ikke lenger tilgang til denne tavlen.",
  "We found {{count}} boards linked to your {{fromName}} user account. Once you unlink the account you may no longer have access to these boards.": "Vi fant {{count}} tavler som er koblet til {{fromName}}-brukerkontoen din. Hvis du kobler fra kontoen, har du kanskje ikke lenger tilgang til disse tavlene.",
  "We recommended you change the widget title from the actions menu above": "Vi anbefaler at du endrer widgettittelen fra Handlinger-menyen ovenfor",
  "Wednesday": "Onsdag",
  "Weekdays": "Ukedager",
  "Welcome": "Velkommen",
  "Welcome to Kudos Boards": "Velkommen til Kudos Boards",
  "When you unlock Kudos Boards Premium View, your current Activities will immediately be available in Board, Timeline and MindMap view.": "Når du låser opp Premium-visningen av Kudos Boards, blir de gjeldene aktivitetene dine umiddelbart tilgjengelige i visningene Tavle, Tidslinje og Tankekart.",
  "Widget Settings": "Widgetinnstillinger",
  "yearly": "årlig",
  "Yearly": "Årlig",
  "Yes": "Ja",
  "Yes Please": "Ja, gjerne",
  "You are in DELETE mode, select items to delete": "Du er i SLETTE-modus, velg elementer som skal slettes",
  "You are in restore mode, select items to restore": "Du er i gjenopprettingsmodus, velg elementer som skal gjenopprettes",
  "You are not a direct member of this board. Please consider leaving any Groups that may be members of this board.": "Du er ikke et direktemedlem av denne tavlen. Vurder å forlate eventuelle grupper som kan være medlemmer av denne tavlen.",
  "You are not allowed to leave this Board. Please consider archiving board.": "Du har ikke tillatelse til å forlate denne tavlen. Vurder å arkivere tavlen.",
  "You are not authorised to access this resource": "Du har ikke autorisasjon til å bruke denne ressursen",
  "You are not licensed to access this resource.": "Du er ikke lisensiert til å bruke denne ressursen.",
  "You are the only owner of this board. Please consider adding other owners or archiving this board instead.": "Du er den eneste eieren av denne tavlen. Vurder i stedet å legge til andre eiere eller å arkivere denne tavlen.",
  "You can enhance your workflow by unlocking Kudos Boards Premium Preview. In addition to your Activities view, you’ll also be able to work in the Boards, Timeline and Mind Map views!": "Du kan forbedre arbeidsflyten ved å låse opp Premium-forhåndsvisningen av Kudos Boards. I tillegg til visningen Aktiviteter kan du også arbeide i visningene Tavler, Tidslinje og Tankekart.",
  "You have READ ONLY access to this Board": "Du har bare LESETILGANG til denne tavlen",
  "You have {{remaining}} day(s) remaining in your premium preview.": "Du har {{remaining}} dag(er) igjen i Premium-forhåndsvisningen.",
  "Your account's email address and other admin emails for your org ({{emails}}) are already included": "E-postadressen til kontoen din og andre administrator-e-poster for organisasjonen ({{emails}}) er allerede inkludert",
  "Your api key for kudos boards is shown below": "API-nøkkelen din for Kudos Boards vises nedenfor",
  "Your changes have been saved": "Endringene er lagret",
  "Your initial premium preview with {{orgName}} has expired. Click extend if you would like to continue access for an additional 30 days": "Den første Premium-forhåndsvisningen med {{orgName}} har utløpt. Klikk på Forleng hvis du vil fortsette å ha tilgang i 30 dager til",
  "Your premium preview expires today.": "Premium-forhåndsvisningen utløper i dag.",
  "Your premium preview has expired, Let your administrator know you'd like to continue using Kudos Boards Premium view.": "Premium-forhåndsvisningen har utløpt. Gi administratoren din beskjed om at du ønsker å fortsette å bruke Premium-visningen av Kudos Boards.",
  "Your session with {{provider}} has expired. Redirecting...": "Sesjonen med {{provider}} har utløpt. Omdirigerer...",
  "Your session with {{provider}} has expired. Some functionality (ie notifications, groups, files) will be restricted until you login again.": "Sesjonen med{{provider}} har utløpt. Enkelte funksjoner (f.eks. varsler, grupper, filer) vil være begrenset frem til du logger på igjen.",
  "{{count}} more card(s) this way": "{{count}} kort til denne veien",
  "{{num}} users": "{{num}} brukere",
  "{{quantity}} x subscriptions to '{{plan.name}}' ({{planPrice}} / {{plan.interval}})": "{{quantity}} x abonnementer på '{{plan.name}}' ({{planPrice}} / {{plan.interval}})",
  "{{remaining}} days of trial remaining": "{{remaining}} dager av prøveperioden gjenstår",
  "{{remaining}} days remaining in your premium preview.": "{{remaining}} dager gjenstår av Premium-forhåndsvisningen.",
  "{{userTrialCount}} user(s) have started a trial of Kudos Boards Premium": "{{userTrialCount}} bruker(e) har startet en prøveperiode på Kudos Boards Premium"
}