{
  "": "",
  "'{{userName}}' will not be able to view the message because they cannot access this Board": "'{{userName}}' kan het bericht niet bekijken omdat ze geen toegang hebben tot dit forum",
  "(Copy Of) ": "(kopie van)",
  "A problem occurred when creating invite": "Er is een probleem opgetreden bij het maken van de uitnodiging",
  "A problem occurred when deleting node": "Er is een probleem opgetreden bij het verwijderen van het knooppunt",
  "A problem occurred when getting a node": "Er is een probleem opgetreden bij het ophalen van een knooppunt",
  "A problem occurred when redeeming invite": "Er is een probleem opgetreden bij het verzilveren van de uitnodiging",
  "A problem occurred when removing invite": "Er is een probleem opgetreden bij het verwijderen van de uitnodiging",
  "A problem occurred when removing member": "Er is een probleem opgetreden bij het verwijderen van lid",
  "A problem occurred when saving invite": "Er is een probleem opgetreden bij het opslaan van de uitnodiging",
  "A problem occurred when saving member": "Er is een probleem opgetreden bij het opslaan van het lid",
  "A problem occurred when saving node": "Er is een probleem opgetreden bij het opslaan van het knooppunt",
  "A problem occurred when updating invite": "Er is een probleem opgetreden bij het bijwerken van de uitnodiging",
  "A user with that email address already exists": "Er bestaat al een gebruiker met dat e-mailadres",
  "A user with that email address already exists as a member of this board": "Een gebruiker met dat e-mailadres bestaat al als lid van dit forum",
  "Accessed in the Last Month": "Geopend in de afgelopen maand",
  "Accessed since": "Geopend sinds",
  "Account Balance: {{credit}}": "Accountsaldo: {{credit}}",
  "Account Unlinked": "Account Unlinked",
  "Actions": "Acties",
  "Active": "Actief",
  "Active Boards": "Gearchiveerde boards",
  "Active Workspace Meetings": "Active Workspace Meetings",
  "Activities": "Activities",
  "Activities Plus": "Activities Plus",
  "Activities/Boards": "Activities/Boards",
  "Activities/Boards Search Results": "Activities/Boards Zoekresultaten",
  "Activity": "Activiteit",
  "Activity Migration": "Activiteiten-migratie",
  "Activity Name": "Activiteit",
  "Activity data is loading...": "Activiteitgegevens worden geladen...",
  "Add": "Toevoegen",
  "Add Attachment": "Bijlage toevoegen",
  "Add Bookmark": "Bookmark toevoegen",
  "Add Client": "Klant toevoegen",
  "Add Custom Field": "Aangepast veld toevoegen",
  "Add Label": "Label toevoegen",
  "Add Licence": "Licentie toevoegen",
  "Add Link to Activity": "Link aan Activity toevoegen",
  "Add Member": "Lid toevoegen",
  "Add Organisation": "Organisatie toevoegen",
  "Add User": "Gebruiker toevoegen",
  "Add a Card": "Voeg een kaart toe",
  "Add a Comment": "Voeg een commentaar toe",
  "Add a Description": "Voeg een beschrijving toe",
  "Add a List": "Voeg een lijst toe",
  "Add a Tag": "Voeg een tag toe",
  "Add a list": "Voeg een lijst toe",
  "Add an attachment or link": "Voeg een bijlage of link toe",
  "Add another": "Nog een toevoegen",
  "Add file": "Bestand toevoegen",
  "Add individuals or groups as members, or invite by email": "Voeg personen of groepen toe als leden of per e-mail uitnodigen",
  "Add label '{{filter}}'": "Label toevoegen '{{filter}}'",
  "Add members": "Leden toevoegen",
  "Add people to your board or invite by email": "Mensen toevoegen aan uw forum of per e-mail uitnodigen",
  "Admin Users": "Admin-gebruikers",
  "Admin approval failed": "Beheerdersgoedkeuring mislukt",
  "Administrator approval is required to use advanced features.": "Er is goedkeuring van de beheerder vereist om geavanceerde functies te gebruiken.",
  "Administrator approval required.": "Goedkeuring door beheerder vereist.",
  "Administrators": "Beheerders",
  "Advanced": "Geavanceerd",
  "Agenda": "Agenda",
  "All": "Alle",
  "All Activities": "Alle activiteiten",
  "All Boards": "Alle boards",
  "All Templates": "Alle sjablonen",
  "All cards are scheduled.": "Alle kaarten zijn gepland.",
  "Allow Invite by Email": "Uitnodigen per e-mail toestaan",
  "Already linked": "Al gekoppeld",
  "Amount": "Bedrag",
  "Amount Due": "Due Due",
  "Amount Due Now: {{due}}": "Nu verschuldigd bedrag: {{due}}",
  "Amount Paid": "Bedrag betaald",
  "An account of this type already linked": "Een account van dit type is al gekoppeld",
  "An invitation for the specified email address already exists on this board": "Er bestaat al een uitnodiging voor het opgegeven e-mailadres op dit bord",
  "App for Internal Boards Deployment": "App voor het uitrollen van interne Boards",
  "App with Notifications": "App met notificaties",
  "Apply Template": "Apply Template",
  "Approve": "Goedkeuren",
  "Approve Advanced Features": "Geavanceerde functies goedkeuren",
  "Archive": "Archief",
  "Archive Card": "Archiefkaart",
  "Archive Cards in List": "Archiveer Cards in Lijst",
  "Archive List": "Archieflijst",
  "Archived": "Gearchiveerd",
  "Archived Boards": "Gearchiveerde kaarten",
  "Archived Templates": "Gearchiveerde sjablonen",
  "Are You Sure?": "Weet u het zeker?",
  "Are you sure you want to cancel this licence? This will take effect at the end of the current period.": "Weet u zeker dat u deze licentie wilt annuleren? Dit gaat in aan het einde van de huidige periode.",
  "Are you sure you want to delete this licence? CAUTION: This will delete any associated credit card information": "Weet u zeker dat u deze licentie wilt verwijderen? LET OP: hiermee verwijdert u alle bijbehorende creditcardinformatie",
  "Are you sure you want to reactivate this licence?": "Weet u zeker dat u deze licentie opnieuw wilt activeren?",
  "Are you sure you want to unlink your {{provider}} account?": "Weet u zeker dat u uw {{provider}} -account wilt ontkoppelen?",
  "Are you sure you wish to leave '{{boardName}}'? This action cannot be undone by you.": "Weet u zeker dat u '{{boardName}}' wilt verlaten? Deze actie kan niet ongedaan worden gemaakt door u.",
  "Are you sure?": "Weet u het zeker?",
  "Are you sure? This will reinstate the previous billing schedule": "Weet je het zeker? Dit zal het vorige factureringsschema herstellen",
  "Are you sure? This will take effect at the end of the current billing cycle": "Weet u het zeker? Dit gaat in aan het einde van de huidige factureringscyclus",
  "Asia Pacific": "Asia Pacific",
  "Assign Users": "Gebruikers toewijzen",
  "Assigned": "Toegewezen",
  "Assigned To Me": "Op mijn naam",
  "Assigned Users that will be added to the Destination Board": "Toegekende gebruikers die aan het bestemmingsbord zullen worden toegevoegd",
  "Assigned to": "Toegewezen aan",
  "Assignees": "Toegewezen aan",
  "Assignments": "Opdrachten",
  "Attach": "Bijvoegen",
  "Attachments": "Bijlagen",
  "Auth0 url": "Auth0 url",
  "Authentication Clients": "Authenticatie klanten",
  "Author": "Auteur",
  "Back": "Terug",
  "Back to Boards": "Terug naar Boards",
  "Back to Colour Selection": "Terug naar kleurselectie",
  "Bad Request": "Bad Request",
  "Best viewed in fullscreen": "Best bekeken op volledig scherm",
  "Billing Cycle": "Factureringscyclus",
  "Billing period: {{interval}}": "Factureringsperiode: {{interval}}",
  "Blank": "Blank",
  "Board": "Bord",
  "Board Archive": "Board Archief",
  "Board Labels": "Bordlabels",
  "Board Members": "Board Leden",
  "Board Name": "Board Name",
  "Boards": "Boards",
  "Boards User Data": "Gebruikersgegevens van Boards",
  "Boards linked directly to this user": "Boards die rechtstreeks aan deze gebruiker zijn gekoppeld",
  "Boards linked through group membership": "Boards gekoppeld via groepslidmaatschap",
  "Boards premium preview": "Boards premium preview",
  "Bookmarks": "Bladwijzers",
  "Buy Licence": "Koop licentie",
  "Buy Online": "Koop online",
  "CVC": "CVC",
  "Cancel": "Annuleren",
  "Cancel Licence": "Cancel Licence",
  "Cancelled": "Geannuleerd",
  "Cannot Leave Board": "Kan board niet verlaten",
  "Card Name": "Kaartnaam",
  "Card Number": "Card Number",
  "Cards": "Kaarten",
  "Central Europe": "Centraal-Europa",
  "Choose a Template": "Kies een sjabloon",
  "Choose a board": "Kies een board",
  "Classic": "Klassiek",
  "Clear Search": "Zoekopdracht wissen",
  "Clear Selected": "Wis geselecteerd",
  "Clear Selected Filters": "Wis geselecteerde filters",
  "Click for details": "Klik hier voor details",
  "Click for more information": "Klik voor meer informatie",
  "Click for more information about approving advanced features": "Klik voor meer informatie over het goedkeuren van geavanceerde functies",
  "Click here": "Klik hier",
  "Click here for details": "Klik hier voor details",
  "Click here for details.": "Klik hier voor details.",
  "Click here to buy a licence online or get a quote": "Klik hier om online een licentie te kopen of een prijsopgave te krijgen",
  "Click here to start a 30 day free trial for your organisation. Contact support for trials with more users.": "Klik hier om een ??gratis proefperiode van 30 dagen voor uw organisatie te starten Neem contact op met ondersteuning voor proeven met meer gebruikers.",
  "Click to see more details": "Klik hier om  meer details te bekijken",
  "Client": "Client",
  "Clients": "Klanten",
  "Close": "Sluiten",
  "Close Activity After Import": "Close Activity After Import",
  "Close Board Menu": "Menu sluiten bord",
  "Close the activity after the import has completed successfully. You can still access it through 'Trash'": "Sluit de activiteit nadat het importeren is voltooid. U hebt nog steeds toegang tot het item via 'Prullenbak'",
  "Closed": "Closed",
  "Collaborate on projects involving different departments": "Werk samen aan projecten met verschillende afdelingen",
  "Collapse": "Inklappen",
  "Colour": "Kleur",
  "Colour Labels": "Kleurlabels",
  "Colour-Tags": "Kleurlabels",
  "Colours": "Kleuren",
  "Column View": "Kolomweergave",
  "Comment": "Reageren",
  "Comment on": "Reageren op",
  "Comments": "Opmerkingen",
  "Community": "Gemeenschap",
  "Community Activities": "Community-activiteiten",
  "Community Templates": "Community-sjablonen",
  "Complete Todos": "Complete Todos",
  "Completed": "Voltooid",
  "Configuration": "Configuratie",
  "Confirm": "Bevestigen",
  "Confirmation Required": "Bevestiging vereist",
  "Connections Cloud session expired. Click here to validate.": "Connections Cloud-sessie verlopen. Klik hier om te valideren.",
  "Connections On-Premise": "Verbindingen op locatie",
  "Connections URL": "Verbindings-URL",
  "Contact Email": "Contact Email",
  "Contact Name": "Contactnaam",
  "Contact Support": "Contact opnemen met ondersteuning",
  "Contact your System Administrator for more information or email us at": "Neem contact op met uw systeembeheerder voor meer informatie of e-mail ons op",
  "Content": "Inhoud",
  "Continue": "Doorgaan",
  "Continue Without Transferring": "Doorgaan zonder over te brengen",
  "Convert into Entry": "Converteren naar invoer",
  "Convert into Todo": "Converteren naar Todo",
  "Copy embed code": "Kopieer insluitcode",
  "Copy embed code to clipboard": "Kopieer embed code naar klembord",
  "Create": "Maken",
  "Create Board": "Maak Board",
  "Create Board from Template": "Maak bord van sjabloon",
  "Create Boards for anything, manage your workflow, and streamline processes with template creation.": "Maak borden aan voor alles , beheer uw workflow en stroomlijn processen met sjablooncreatie.",
  "Create Copy": "Kopiëren maken",
  "Create Link to Board": "Maak een link naar bord",
  "Create Template": "Sjabloon maken",
  "Create Template from Board": "Sjabloon maken van bord",
  "Create a new board": "Maak een nieuw board",
  "Create card": "Maak kaart",
  "Create your own structure for organising projects, workflows, ideas and more!": "Creëer uw eigen structuur voor het organiseren van projecten, workflows, ideeën en meer!",
  "Create {{numCards}} cards?": "Maak {{numCards}} kaarten?",
  "Create {{numCards}} lists?": "Maak {{numCards}} lijsten?",
  "Created": "Gemaakt",
  "Created By Me": "Gemaakt door mij",
  "Created {{ date }}": "Gemaakt {{date}}",
  "Created: {{date}}": "Gemaakt {{date}}",
  "Credit Card Ending in {{last4}}": "Creditcard-beëindiging in {{last4}}",
  "Current Account:": "Huidig ??account:",
  "Currently the ability to search for groups in {{provider}} is not available until an administrator grants permissions for your organisation. ": "Momenteel is de mogelijkheid om te zoeken naar groepen in {{provider}} pas beschikbaar nadat een beheerder machtigingen heeft verleend voor uw organisatie. ",
  "Curve": "Curve",
  "Custom Fields": "Aangepaste velden",
  "Customer ID": "Klant-ID",
  "Date": "Datum",
  "Decisions": "Decisions",
  "Default templates to exclude": "Standaardsjablonen om uit te sluiten",
  "Delete": "Verwijderen",
  "Delete Board": "Verwijder Board",
  "Delete Card": "Verwijder kaart",
  "Delete Comment": "Commentaar verwijderen",
  "Delete File": "Bestand verwijderen",
  "Delete Label": "Label verwijderen",
  "Delete Link": "Link verwijderen",
  "Delete List": "Lijst verwijderen",
  "Delete Selected Items": "Geselecteerde items verwijderen",
  "Delete items": "Items verwijderen",
  "Delete mode": "Verwijdermodus",
  "Deleted": "Gewist",
  "Deleting": "Verwijderen",
  "Departments": "Departments",
  "Description": "Beschrijving",
  "Description (optional)": "Beschrijving (optioneel)",
  "Details": "Details",
  "Direct Order via ISW": "Directe bestelling via ISW",
  "Discount": "Korting",
  "Discount Code (optional)": "Kortingscode (optioneel)",
  "Discount: {{discount}}": "Korting: {{discount}}",
  "Display an existing board": "Een bestaand bord weergeven",
  "Documentation": "Documentation",
  "Doing": "Doing",
  "Don't worry you wont lose any data, all content created in Boards Premium views will still be accessible from the Activity View.": "Geen zorgen, u verliest geen gegevens, alle inhoud aangemaakt in Boards Premium overzichten zal nog steeds beschikbaar zijn in het Activity overzicht.",
  "Done": "Klaar",
  "Done ({{num}})": "Klaar ({{num}})",
  "Download": "Download",
  "Download Teams App": "Teams app downloaden",
  "Download file": "Download bestand",
  "Drop file here to save": "Drop-bestand hier om op te slaan",
  "Due": "Duur",
  "Due Date": "Einddatum",
  "Due date": "Einddatum",
  "Earliest Licence Expired on": "Vroegste licentie verlopen op",
  "Earliest Upcoming Expiry": "Earlycoming Expiry",
  "Edit": "Bewerken",
  "Edit Board Colour Labels": "Bewerk bordkleurlabels",
  "Edit Client": "Bewerk klant",
  "Edit Client Licence": "Wijzig clientlicentie",
  "Edit Colour Labels": "Kleurlabels bewerken",
  "Edit Comment": "Commentaar bewerken",
  "Edit Description": "Bewerk beschrijving",
  "Edit Filename": "Bestandsnaam bewerken",
  "Edit Label": "Label bewerken",
  "Edit Licence": "Licentie bewerken",
  "Edit Link": "Bewerk link",
  "Edit Tile Colour Labels": "Edit Tile Color Labels",
  "Edit Title": "Titel bewerken",
  "Edit User Licence": "Edit User License",
  "Edit label": "Bewerk label",
  "Edit name": "Bewerk naam",
  "Edited": "Bewerkt",
  "Editor": "Editor",
  "Email": "Email",
  "Email Address": "Email Adres",
  "Email Us": "Email Us",
  "Email address is required": "Emailadres is verplicht",
  "Email addresses to copy invoices to": "E-mailadressen om facturen naar te kopiëren",
  "Email addresses to copy quote to": "E-mailadressen om offerte te kopiëren naar",
  "Embed code copied to clipboard": "Embedcode gekopieerd naar klembord",
  "Empty Lists": "Lege lijsten",
  "Enable Boards File Uploads": "De uploads voor het bordbestand inschakelen",
  "Enabled": "Ingeschakeld",
  "End Date": "Einddatum",
  "Ending Balance": "Ending Balance",
  "Enter Label": "Voeg Label toe",
  "Enter New Name": "Voer nieuwe naam in",
  "Enter Text": "Tekst invoeren",
  "Enter a title for the link (Optional)": "Voer een titel voor de koppeling in (optioneel)",
  "Enter an email address": "Voer een e-mailadres in",
  "Enter label name": "Voer labelnaam in",
  "Entry": "Entry",
  "Error": "Fout",
  "Error creating board": "Fout bij het maken van een bord",
  "Error processing quote request. Please email sales@kudosbadges.com": "Fout bij het verwerken van een offerteaanvraag. Stuur een e-mail naar sales@kudosbadges.com",
  "Error processing your request": "Fout bij het verwerken van uw aanvraag",
  "Error starting trial": "Fout bij het starten van de proef",
  "Error uploading file": "Fout bij uploaden van bestand",
  "Error: an unknown error occurred - cannot move": "Fout: er is een onbekende fout opgetreden - kan niet verplaatsen",
  "Error: you are not authorised to add content to this board": "Fout: u bent niet gemachtigd om inhoud aan dit board toe te voegen",
  "Existing Kudos Partner (optional)": "Bestaande Kudos-partner (optioneel)",
  "Existing Login Detected": "Bestaande login gedetecteerd",
  "Existing Tab": "Bestaande Tab",
  "Expand": "Uitvouwen",
  "Expand/Collapse": "Expand / Collapse",
  "Expand/Collapse All Lists": "Alle lijsten uitvouwen / samenvouwen",
  "Expired": "Verlopen",
  "Expires": "Verloopt",
  "Expires: {{date}}": "Vervalt: {{date}}",
  "Expires: {{{date}}}": "Vervalt: {{{date}}}",
  "Expiry": "Vervalt",
  "Expiry Date": "Vervaldatum",
  "Explore the Template Library": "Verken de sjabloonbibliotheek",
  "Extend": "Uitbreiden",
  "ExternalId": "Extern-id",
  "Fields": "Velden",
  "Filter Activities to migrate": "Filter activiteiten om te migreren",
  "Filters": "Filters",
  "Finance": "Financiën",
  "Find a Group": "Vind een Groep",
  "Find a User": "Vind een gebruiker",
  "Finding your Connections Cloud Organisation...": "Uw Connections Cloud Organization zoeken ...",
  "Found {{count}} users with Boards user data.": "{{count}} gebruikers met Boards gebruikersgegevens gevonden.",
  "Free": "Gratis",
  "Free Trial": "Gratis proefversie",
  "Friday": "Vrijdag",
  "From Provider": "Van aanbieder",
  "Functionality is currently limited.": "De functionaliteit is momenteel beperkt.",
  "Furthest Upcoming Expiry": "Furthest Upcoming Expiry",
  "Future": "Toekomst",
  "General": "Algemeen",
  "Get a Licence Quote": "Verkrijg een licentieofferte",
  "Get a Quote": "Vraag een offerte aan",
  "Give users the ability to invite external users to a Board by email address": "Geef gebruikers de mogelijkheid om externe gebruikers per e-mailadres uit te nodigen voor een bord",
  "Global Access": "Globale Toegang",
  "Global OAuth": "Global OAuth",
  "Go to Today": "Ga naar Vandaag",
  "Go to licence": "Ga naar licentie",
  "Goals": "Doelen",
  "Group": "Groep",
  "Group Boards": "Group Boards",
  "Group By": "Group By",
  "Group Owners: Owners of this Board.</br>Group Members: Authors of this Board": "Groepseigenaren: eigenaren van deze board. </ br> Groepsleden: auteurs van deze board",
  "Groups": "Groepen",
  "HR": "HR",
  "Help": "Help",
  "Hide": "Verbergen",
  "Hide Completed Todos": "Hide Complited Todos",
  "Hide Dates": "Datums verbergen",
  "Horizontal": "Horizontaal",
  "How would you like to proceed?": "Hoe wilt u doorgaan?",
  "I accept the above Terms & Conditions": "Ik accepteer de bovenstaande Algemene voorwaarden",
  "I accept the terms of service": "Ik accepteer de servicevoorwaarden",
  "ID": "ID",
  "IT": "IT",
  "If this setting is switched off, cards are created as entries on enter press.": "Als deze instelling is uitgeschakeld, worden kaarten aangemaakt als invoer door op enter te drukken.",
  "Ignore Completed": "Voltooid negeren",
  "Ignore Deleted": "Gewist negeren",
  "Ignore Templates": "Sjablonen negeren",
  "Import": "Importeren",
  "Import From Activities": "Importeren van activiteiten",
  "Import an Activity": "Importeer een activiteit",
  "Import an Activity Template": "Importeer een activiteitensjabloon",
  "Import from Activities": "Importeren uit activiteiten",
  "In a Group": "In een groep",
  "Include email body in description": "Voeg email body toe aan beschrijving",
  "Inherit": "Erven",
  "Inherit from Group": "erf van groep",
  "Inherited from Group": "Geërfd van groep",
  "Integration Env": "Integration Env",
  "Internal server error": "Interne serverfout",
  "Invitation sent to": "Uitnodiging verzonden naar",
  "Invite": "Uitnodigen",
  "Invite by Email": "Uitnodigen per e-mail",
  "Invite sent on": "Uitnodiging verzonden",
  "Invoice": "Factuur",
  "Invoice Details": "Factuurdetails",
  "Invoices": "Facturen",
  "Invoices for": "Facturen voor",
  "Is Enabled": "Is Enabled",
  "Is Trial": "Is Trial",
  "It is valid until {{expiry}}.": "Het is geldig tot {{expiry}}.",
  "Items": "Items",
  "Join Workspace Meetings": "Join Workspace Meetings",
  "Kanban": "Kanban",
  "Kanban View": "Kanban-weergave",
  "Kudos Boards": "Kudos Boards",
  "Kudos Boards - Terms & Conditions": "Kudos Boards - Algemene voorwaarden",
  "Kudos Boards API": "Kudos-boards API",
  "Kudos Boards cannot be added as a tab until an administrator approves required functionality": "Kudos-boards kunnen pas als tabblad worden toegevoegd als een beheerder de vereiste functionaliteit goedkeurt",
  "Kudos Boards has been updated in the background. Please reload the app!": "Kudos-boards werden op de achtergrond bijgewerkt. Gelieve de app opnieuw te laden!",
  "Kudos Partner Reference Code (optional)": "Kudos Partner Reference Code (optioneel)",
  "Kudos Team Name": "Teamnaam",
  "Label deleted": "Label verwijderd",
  "Labels": "Labels",
  "Last Accessed": "Recentelijk bezocht",
  "Last Licence Expired on": "Last License Expired on",
  "Later This Month": "Later deze Maand",
  "Later This Week": "Later deze Week",
  "Layout": "Layout",
  "Leave Board": "Verlaat Board",
  "Licence Assigned": "License Assigned",
  "Licence Details": "Licentiedetails",
  "Licence Type": "Licentietype",
  "Licence expired": "Licentie verlopen",
  "Licence expired.": "Licentie vervallen.",
  "Licences": "Licenties",
  "Licenses": "Licenties",
  "Licensing": "Licenties",
  "Limit": "Limiet",
  "Line": "Lijn",
  "Line Items": "Regelitems",
  "Lines in file:": "Regels in bestand:",
  "Link": "Link",
  "Link Accounts": "Link Accounts",
  "Link Exists": "Link bestaat",
  "Link another Kudos Boards account": "Koppel een ander Kudos Boards-account",
  "Link another account": "Link een ander account",
  "Link to Board": "Link naar Board",
  "Link to Card, List or Board": "Link naar kaart, lijst of bord",
  "Link to File": "Link naar bestand",
  "Link to Folder": "Link naar map",
  "Link {{provider}} with the current account": "Link {{provider}} met het huidige account",
  "Linked Accounts": "Linked Accounts",
  "Linked Groups": "Linked Groups",
  "Links": "Links",
  "Links & Attachments": "Links & Bijlagen",
  "List": "Lijst",
  "List Name": "Lijstnaam",
  "List View": "Lijstweergave",
  "List all Boards": "Lijst alle Boards",
  "Lists": "Lijsten",
  "Lite": "Lite",
  "Local": "Lokaal",
  "Logging in, please wait...": "Inloggen, even geduld aub ...",
  "Login": "Inloggen",
  "Logout": "Uitloggen",
  "Look in": "Kijk in",
  "Make the most of your Kudos Boards Premium Preview": "Haal het meeste uit uw Kudos-boards Premium Preview",
  "Manage Org": "Org beheren",
  "Manage Payments": "Beheer betalingen",
  "Mark Activity Complete": "Activity als voltooid aanmerken",
  "Mark Board as Complete": "Mark Board as Complete",
  "Mark Board as Incomplete": "Mark Board as Incomplete",
  "Mark Complete": "Markeren voltooid",
  "Mark Incomplete": "Markeer Incompleet",
  "Marketing": "Marketing",
  "Match All Filters": "Match alle filters",
  "Meeting": "Meeting",
  "Members": "Leden",
  "Merge": "Samenvoegen",
  "Microsoft Office365": "Microsoft Office365",
  "Migrate ALL ({{num}})": "Migreer ALLES ({{num}})",
  "Migrate Selected ({{num}})": "Migreer geselecteerde ({{num}})",
  "Migrating data for {{count}} users...": "Data voor {{count}} gebruikers aan het migreren...",
  "Mind Map": "Mindmap",
  "MindMap": "Mindmap",
  "Mindmap": "Mindmap",
  "Mindmap View": "Mindmap-weergave",
  "Minimum number of users for the selected licence type is {{minimumSeats}}": "Het minimumaantal gebruikers voor het geselecteerde licentietype is {{minimumSeats}}",
  "Mirror": "Spiegel",
  "Modified": "Bijgewerkt",
  "Modify": "Modify",
  "Modify Licence": "Modify License",
  "Monday": "Maandag",
  "Monthly": "Maandelijks",
  "More": "Meer",
  "Move": "Verplaatsen",
  "Move Card": "Verplaats kaart",
  "Move List": "Verplaats lijst",
  "Move To Another Board": "Verplaats naar ander Board",
  "Move and Open": "Verplaatsen en Openen",
  "Move to another list or parent card": "Verplaatsen naar een andere lijst of bovenliggende kaart",
  "My": "Mijn",
  "My Account": "Mijn account",
  "My Activities": "Mijn activiteiten",
  "My Boards": "Mijn Boards",
  "My Subscriptions": "Mijn abonnementen",
  "My Templates": "Mijn sjablonen",
  "My Todos": "Mijn Todos",
  "Name": "Naam",
  "Name on Card": "Name on Card",
  "Named Users": "Named Users",
  "Named Users Licence": "Named Users License",
  "Never": "Nooit",
  "New Board": "Nieuw forum",
  "New Client": "Nieuwe klant",
  "New Client Licence": "Nieuwe clientlicentie",
  "New Credit Card": "Nieuwe creditcard",
  "New Label": "Nieuw label",
  "New Label Text": "Nieuwe labeltekst",
  "New Licence": "Nieuwe licentie",
  "New Since Last Week": "Nieuw sinds afgelopen week",
  "New Sub-Card": "Nieuwe subkaart",
  "New Tab": "Nieuw tabblad",
  "New Template": "Nieuwe sjabloon",
  "New User Licence": "Nieuwe gebruikerslicentie",
  "New card created, however the search filter currently applied is preventing it from being displayed": "Nieuwe kaart gemaakt, maar het momenteel toegepaste zoekfilter voorkomt dat het wordt weergegeven",
  "New cards created as tasks on enter key press": "Nieuwe kaarten gemaakt als taken door op de toets enter te drukken",
  "Next": "Volgende",
  "Next Invoice Amount: {{nextAmount}}": "Volgende factuurbedrag: {{nextAmount}}",
  "Next Invoice Date: {{date}}": "Volgende factuurdatum: {{date}}",
  "Next Payment": "Volgende betaling",
  "Next Payment Attempt": "Volgende betalingspoging",
  "Next Payment: {{{date}}}": "Volgende betaling: {{{date}}}",
  "Next Week": "Volgende week",
  "No": "Nee",
  "No Active Meetings found. Click below to go to a Workspace": "Geen actieve vergaderingen gevonden. Klik hieronder om naar een werkruimte te gaan",
  "No Activities found": "Geen activiteiten gevonden",
  "No Archived items to show": "Geen gearchiveerde items om weer te geven",
  "No Assignment": "Geen toewijzing",
  "No Boards found.": "Geen kaarten gevonden.",
  "No Colour": "Geen kleur",
  "No Date": "Geen datum",
  "No Group": "Geen groep",
  "No Label": "Geen label",
  "No Pinned Boards found.": "Geen gekoppelde platen gevonden.",
  "No Recent Boards found.": "Geen recente borden gevonden.",
  "No action available": "Geen actie beschikbaar",
  "No boards found for this group": "Geen borden gevonden voor deze groep",
  "No boards yet, please create one first": "Nog geen borden, maak er als eerste een aan",
  "No clients found": "Geen klanten gevonden",
  "No description or summary for this result": "Geen beschrijving of samenvatting voor dit resultaat beschikbaar",
  "No files found": "Geen bestanden gevonden",
  "No folders found": "Geen mappen gevonden",
  "No invoices to display": "Geen te tonen facturen",
  "No items were selected": "Geen items geselecteerd",
  "No label": "Geen label",
  "No labels defined": "Geen labels gedefinieerd",
  "No licences available. Functionality is currently limited": "Geen licenties beschikbaar. De functionaliteit is momenteel beperkt",
  "No licences available. Functionality is currently limited.": "Geen licenties beschikbaar De functionaliteit is momenteel beperkt.",
  "No licences available. Functionality will be limited for new users.": "Geen licenties beschikbaar, functionaliteit is beperkt voor nieuwe gebruikers.",
  "No licences found": "Geen licenties gevonden",
  "No licences to show": "Geen licenties om te tonen",
  "No organisations found": "Geen organisaties gevonden",
  "No pinned boards": "Geen vastgezette kaarten",
  "No results were found for that search": "Geen resultaten voor deze zoekopdracht gevonden",
  "No subscriptions available": "Geen abonnementen beschikbaar",
  "No user trials found": "Geen gebruiker trails gevonden.",
  "No users found": "Geen gebruikers gevonden",
  "No users to show": "Geen gebruikers om weer te geven",
  "None": "Geen",
  "North America": "Noord-Amerika",
  "Not Licensed": "Not Licensed",
  "Not Supported": "Not Supported",
  "Note that file security is managed by {{provider}}, not by Kudos Boards": "Merk op dat bestandsbeveiliging wordt beheerd door {{provider}}, niet door Kudos Boards",
  "Nothing to show": "Niets te tonen",
  "Number of Attempts": "Aantal pogingen",
  "Number of Expired Licences": "Aantal verlopen licenties",
  "Number of Users": "Aantal gebruikers",
  "Number of Valid Licences": "Aantal geldige licenties",
  "Number of cards": "Aantal kaarten",
  "OAuth Client ID": "OAuth Client ID",
  "OAuth Client Secret": "OAuth Client Secret",
  "OK": "OK",
  "Only Entries": "Alleen Entries",
  "Only Todos": "Alleen Todos",
  "Only the members of this board will be able to see and access this board.": "Alleen de leden van dit forum kunnen dit bord zien en gebruiken.",
  "Open": "Openen",
  "Open Board Options": "Open Board Opties",
  "Open Boards in:": "Open Boards in:",
  "Open Licence": "Open licentie",
  "Open in Boards": "Open in Boards",
  "Open this board": "Open dit Board",
  "Opt in below to receive tips and tricks from the Kudos Boards team to make the most of your premium preview.": "Meld u hieronder aan om tips en trucs te ontvangen van het Kudos-Boards-team om het meeste uit uw premium preview te halen.",
  "Options": "Opties",
  "Order": "Bestelling",
  "Order Summary": "Orderoverzicht",
  "Order via ISW Partner": "Bestelling via ISW-partner",
  "Org Administration": "Organisatiebeheer",
  "Organisation": "Organisatie",
  "Organisation Name": "Organisatienaam",
  "Organisations": "Organisaties",
  "Organise any project productively using the classic Todo, Doing, Done methodology": "Organiseer elk project productief met behulp van de klassieke Todo, Doing, Done-methode",
  "Our Terms & Conditions have changed": "Onze Algemene voorwaarden zijn gewijzigd",
  "Overdue": "Achterstallig",
  "Owner": "Eigenaar",
  "Owners": "Eigenaars",
  "Page Not Found": "Pagina niet gevonden",
  "Paid": "Betaald",
  "Paste link or drop file to upload": "Plak de link of zet het bestand neer om te uploaden",
  "Payment Method": "Betaalmethode",
  "Period": "Periode",
  "Person": "Persoon",
  "Pin Board": "Prikbord",
  "Pinned": "Pinned",
  "Pinned Boards": "Pinned Boards",
  "Pinned boards": "Vastgezette kaarten",
  "Plan and collaborate on tasks on a weekly basis": "Plan en werk wekelijks samen aan taken",
  "Please approve the Kudos Boards app to allow it to be added as a tab.": "Accepteer alstublieft de app Kudos Boards zodat deze kan worden toegevoegd als een tabblad.",
  "Please approve the Kudos Boards app to use advanced features.": "Accepteer alstublieft de app Kudos Boards om geavanceerde functies te gebruiken.",
  "Please contact your Administrator": "Neem contact op met uw beheerder",
  "Please contact your IBM Connections Admin to purchase a licence.": "Neem contact op met uw IBM Connections-beheerder voor het aanschaffen van een licentie.",
  "Please contact your administrator": "Neem contact op met uw beheerder",
  "Please ensure you login with the same Office 365 user account as you are using in Microsoft Teams": "Gelieve ervoor te zorgen dat u zich aanmeldt met hetzelfde Office 365-gebruikersaccount dat u in Microsoft Teams gebruikt",
  "Please enter a board name": "Voer een forumnaam in",
  "Please enter a valid URL": "Voer een geldige URL in",
  "Please enter a valid email address": "Voer een geldig e-mailadres in",
  "Please enter the number of users in your Connections Cloud Organisation": "Voer het aantal gebruikers in uw Connections Cloud Organization in",
  "Please enter the number of users you wish to name under this licence": "Voer het aantal gebruikers in dat u onder deze licentie een naam wilt geven",
  "Please read our Terms & Conditions": "Lees onze Algemene voorwaarden",
  "Please reload the page and try again, if this issue persists please let us know": "Laad de pagina opnieuw en probeer het opnieuw, laat het ons weten als dit probleem aanhoudt",
  "Please review your licences here": "Bekijk hier uw licenties",
  "Please see the <a href='{{url}}'>new board</a>": "Zie het <a href='{{url}}'> nieuwe forum </a>",
  "Please sign in": "Gelieve in te loggen",
  "Please start a trial to use Boards in your {{provider}} organisation": "Start een proef om Boards te gebruiken in uw {{provider}} organisatie",
  "Position": "Positie",
  "Post": "Bericht",
  "Premium": "Premium",
  "Premium Preview Status": "Status Premium voorbeeld",
  "Preview": "Voorbeeld",
  "Preview available": "Voorbeeld beschikbaar",
  "Previous": "Vorige",
  "Pricing": "Pricing",
  "Primary": "Primary",
  "Print": "Afdrukken",
  "Private (me only)": "Privé (alleen ik)",
  "Product Information": "Productinformatie",
  "Product Version": "Productversie",
  "Provider": "Provider",
  "Provider not supported": "Provider niet ondersteund",
  "Public": "Openbaar",
  "Public Access": "Publieke Toegang",
  "Public Activities": "Openbare activiteiten",
  "Public Boards": "Publieke Boards",
  "Public Templates": "Publieke Templates",
  "Quarterly": "Per Kwartaal",
  "Questions": "Vragen",
  "Quick Edit": "Quick Edit",
  "RE-CENTER": "RE-CENTER",
  "Radial": "Radiaal",
  "Reactivate Licence": "Reactive License",
  "Reader": "Lezer",
  "Recent": "Recent",
  "Recent Boards": "Recente borden",
  "Recent boards": "Recente borden",
  "Recurring Amount Due: {{recurring}}": "Terugkerend bedrag te wijten: {{recurring}}",
  "Redeeming Invitation...": "Uitnodiging verzilveren ...",
  "Redirecting to Connections Cloud...": "Omleiden naar Connections Cloud ...",
  "Redirecting to Watson Workspace...": "Doorsturen naar Watson Workspace ...",
  "Refresh": "Vernieuwen",
  "Region": "Regio",
  "Reload": "Opnieuw laden",
  "Remaining ({{num}})": "Resterend ({{num}})",
  "Remove Admin": "Beheerder verwijderen",
  "Remove Client": "Klant verwijderen",
  "Remove Invite": "Verwijder uitnodiging",
  "Remove Licence": "Remove License",
  "Replace": "Vervangen",
  "Resend Invite": "Opnieuw uitnodigen verzenden",
  "Reset": "Opnieuw instellen",
  "Restore": "Herstellen",
  "Restore Card": "Restore Card",
  "Restore List": "Restore List",
  "Restore items": "Items herstellen",
  "Restore mode": "Herstelmodus",
  "Reverse": "Ongedaan maken",
  "Revoke All": "Revoke All",
  "Revoke Licence": "Licentie intrekken",
  "Role": "Role",
  "Roles": "Rollen",
  "Rows": "Rijen",
  "SIGN IN WITH:": "AANMELDEN MET:",
  "Sales": "Verkoop",
  "Save": "Opslaan",
  "Save Changes": "Wijzigingen opslaan",
  "Save card for future purchases": "Bewaar kaart voor toekomstige aankopen",
  "Save link": "Koppeling opslaan",
  "Scroll To": "Scroll naar",
  "Search": "Zoeken",
  "Search All Templates": "Doorzoek alle Templates",
  "Search this view": "Zoeken in deze weergave",
  "Search...": "Zoeken ...",
  "Select Board": "Selecteer bord",
  "Select Board Label": "Selecteer bordlabel",
  "Select Card Colours": "Selecteer kaartkleuren",
  "Select Colour": "Selecteer kleur",
  "Select Colours": "Selecteer kleuren",
  "Select Destination Board": "Selecteer doelbord",
  "Select File": "Selecteer Bestand",
  "Select Folder": "Selecteer map",
  "Select List or Card": "Selecteer lijst of kaart",
  "Select a Board": "Selecteer een forum",
  "Select board": "Selecteer bord",
  "Select destination folder": "Selecteer doelmap",
  "Select items for delete": "Items selecteren om te verwijderen",
  "Select items for restore": "Selecteer items voor herstel",
  "Select the boards below that you would like to transfer membership over to your primary ({{toName}}) account": "Selecteer de Boards hieronder die u wilt overdragen naar uw primaire ({{toName}}) account",
  "Selected Activity": "Selected Activity",
  "Send Invitation": "Send Invitation",
  "Send Notification Email to Members": "Stuur kennisgevingsmail naar leden",
  "Send an email notifying each member that the Activity has been migrated to a Board.": "Stuur een e-mail met de melding dat de activiteit is gemigreerd naar een forum.",
  "Sending invitations": "Uitnodigingen verzenden",
  "Set Dates": "Datums instellen",
  "Set as primary account": "Instellen als primaire account",
  "Set enter key press action to create a task when creating new cards in a list.": "Stel door op de entertoets te drukken een actie in om een taak aan te maken bij het aanmaken van nieuwe kaarten in een lijst.",
  "Setup Subscription": "Abonnement instellen",
  "Share with": "Delen met",
  "Shared by me": "Door mij gedeeld",
  "Shared with me": "Gedeeld met mij",
  "Show": "Show",
  "Show Board Menu": "Laat Board Menu zien",
  "Show Filter Options": "Toon filteropties",
  "Show Less": "Laat minder zien",
  "Show Licences for your organisation": "Toon licenties voor uw organisatie",
  "Show More": "Laat meer zien",
  "Show Sub-cards": "Subkaarten tonen",
  "Show all ancestors": "Laat alle voorouders zien",
  "Show all boards for this team": "Toon alle boards voor dit team",
  "Show link on card": "Link op kaart tonen",
  "Show on Card": "Laat op kaart zien",
  "Show previous comments": "Toon eerdere reacties",
  "Show previous links & attachments": "Toon vorige links & bijlagen",
  "Sign In": "Aanmelden",
  "Sign Out": "Afmelden",
  "Sign Out of Kudos Boards": "Sign Out of Kudos Boards",
  "Sign in with": "Aanmelden met",
  "Signing in...": "Inloggen...",
  "Signing out...": "Afmelden ...",
  "Smartcloud": "Smartcloud",
  "Something went wrong.": "Er is iets fout gegaan.",
  "Source Board/Template": "Source Board / Template",
  "Source Template": "Bronsjabloon",
  "Specific Board": "Specific Board",
  "Start": "Starten",
  "Start Boards Premium Preview": "Boards Premium voorbeeld opstarten",
  "Start Date": "Startdatum",
  "Start Free Trial": "Start gratis proefversie",
  "Start Now": "Nu opstarten",
  "Start Page:": "Startpagina:",
  "Start a Trial": "Start een proefperiode",
  "Start a trial or purchase a subscription to start creating boards": "Start een probeerversie of koop een abonnement om borden aan te maken",
  "Start my trial": "Start mijn proefperiode",
  "Start page updated": "Startpagina bijgewerkt",
  "Starting Balance": "Beginsaldo",
  "Starting View": "Start Weergave",
  "Status": "Status",
  "Step": "Stap",
  "Sub Cards": "Subkaarten",
  "Sub Tasks": "Subtaken",
  "Submit": "Verzenden",
  "Subscription": "Abonnement",
  "Subscription expired.": "Abonnement verlopen.",
  "Subtotal": "Subtotaal",
  "Successfully migrated data for {{response}} users!": "Data voor {{response}} gebruikers succesvol gemigreerd!",
  "Summary": "Samenvatting",
  "Support for browsers is currently limited.  This browser is not yet supported. <br>Please use one of the following browsers:": "Ondersteuning voor browsers is momenteel beperkt. Deze browser wordt nog niet ondersteund. <br> Gebruik alstublieft een van de volgende browsers:",
  "TRIAL": "PROEF",
  "Tab Content": "Tabbladinhoud",
  "Tab Name": "Tabnaam",
  "Tags": "Tags",
  "Tags (optional)": "Tags (optioneel)",
  "Take away meaningful and collaborative notes from any meeting!": "Haal zinvolle en samenwerkende notities weg van elke vergadering!",
  "Task": "Taak",
  "Team Boards": "Team Boards",
  "Team Name": "Teamnaam",
  "Team Name is used as a method to log in to certain authentication providers. e.g. Auth0": "Teamnaam wordt gebruikt als een methode om in te loggen bij bepaalde authenticatieproviders. bijv. Auth0",
  "Template": "Sjabloon",
  "Templates": "Sjablonen",
  "Templates tagged with": "Sjablonen getagd met",
  "Text": "Tekst",
  "Text Mode": "Tekstmodus",
  "That can't be pasted there.": "Dat kan daar niet worden geplakt.",
  "The board has been deleted": "Het bord is verwijderd",
  "The files below cannot be uploaded to Kudos Boards as they are larger than the limit of {{limit}}": "De onderstaande bestanden kunnen niet worden geüpload naar Kudos-boards omdat ze groter zijn dan de limiet van {{limit}}",
  "The following links have already been added to this card:": "De volgende koppelingen zijn al aan deze kaart toegevoegd:",
  "The invite was resent to": "De uitnodiging is opnieuw verzonden naar",
  "The selected board(s) were successfully transferred": "De geselecteerde board(s) zijn succesvol overgezet",
  "The selected items have been deleted": "De geselecteerde items zijn verwijderd",
  "The selected items have been restored": "De geselecteerde items zijn hersteld",
  "There was an error when uploading the file. Server response: ": "Er is een fout opgetreden bij het uploaden van het bestand.",
  "This Activity has been migrated to Kudos Boards": "Deze activiteit is gemigreerd naar Kudos Boards",
  "This Board": "Dit bord",
  "This Board is available with AUTHOR access to everyone across all organisations.": "Deze board is beschikbaar met AUTHOR-toegang voor iedereen in alle organisaties.",
  "This Board is available with EDITOR access to everyone across all organisations.": "Dit forum is beschikbaar met EDITOR-toegang voor iedereen in alle organisaties.",
  "This Board is in one or more Groups": "Dit forum bevindt zich in een of meer groepen",
  "This Board is read-only to everyone across all organisations.": "Deze board is alleen-lezen voor iedereen in alle organisaties.",
  "This Board will be visible to everyone in your organisation. <br>Non-members can create new content and edit their own content.": "Dit forum is zichtbaar voor iedereen in uw organisatie. <br> Niet-leden kunnen nieuwe inhoud maken en hun eigen inhoud bewerken.",
  "This Board will be visible to everyone in your organisation. <br>Non-members can only view the board's contents.": "Dit bord is zichtbaar voor iedereen in uw organisatie. <br> Niet-leden kunnen de inhoud van het bord alleen bekijken.",
  "This Board will be visible to everyone in your organisation. <br>Please note: This access level allows non-members to edit <b>all</b> board content.": "Dit bord is zichtbaar voor iedereen in uw organisatie. <br> Let op: dit toegangsniveau staat niet-leden toe om het <b> alles </ b> bord te bewerken inhoud.",
  "This Community": "This Community",
  "This billing cycle affords a {{discount}}% discount": "Deze betalingscyclus biedt een korting van {{discount}}%",
  "This card will be restored with its parent": "Deze kaart wordt hersteld met de bovenliggende",
  "This feature is coming soon!": "Deze functie is binnenkort beschikbaar!",
  "This feature is currently not supported by the IBM Connections Cloud API": "Deze functie wordt momenteel niet ondersteund door de IBM Connections Cloud API",
  "This field is required": "Dit veld is verplicht",
  "This invoice has been closed. Payment will not be automatically attempted again. Contact support for more information": "Deze factuur is gesloten en de betaling wordt niet automatisch opnieuw geprobeerd. Neem contact op met de ondersteuning voor meer informatie",
  "This is a Free trial of Kudos Boards and will expire in {{numDays}} day(s).": "Dit is een gratis proefversie van Kudos Boards en verloopt op {{numDays}} dag (en).",
  "This is a one way process and updates will not be reflected in your old Activity.": "Dit is een eenrichtingsproces en updates zuilen niet worden weergegeven in uw oude Activity.",
  "This is a read-only preview of this Activity. Import to Boards for full functionality": "Dit is een alleen-lezen voorbeeld van deze activiteit. Importeer naar Boards voor volledige functionaliteit",
  "This licence grants access to a set number of users as they use the app. You may view the user-licences already assigned.": "Deze licentie verleent toegang tot een bepaald aantal gebruikers terwijl ze de app gebruiken. U kunt de reeds toegewezen gebruikerslicenties bekijken.",
  "This licence has been cancelled.": "Deze licentie is geannuleerd.",
  "This licence only grants access to a selected group of named users. Access will not be granted to users not named by the Org Admins. You can view and edit the named users from the Admin settings.": "Deze licentie verleent alleen toegang tot een geselecteerde groep benoemde gebruikers.De toegang zal niet worden verleend aan gebruikers die niet zijn benoemd door de Org Admins.U kunt de benoemde gebruikers bekijken en bewerken vanuit de Admin-instellingen.",
  "This option is only available when paying by credit card": "Deze optie is alleen beschikbaar bij betaling met een creditcard",
  "This option is only editable if paying by credit card": "Deze optie kan alleen worden bewerkt als wordt betaald met een creditcard",
  "This team account is already linked": "Dit teamaccount is al gekoppeld",
  "This will go to your provider for an administrator to approve access to Kudos Boards": "Dit gaat naar uw provider voor een beheerder om de toegang tot Kudos Boards goed te keuren",
  "This will permanently delete the board and all its data, are you sure?": "Hierdoor worden het bord en alle gegevens permanent verwijderd, weet je het zeker?",
  "This will remove this data permanently from the board, are you sure?": "Hierdoor worden deze gegevens permanent van het bord verwijderd, weet je het zeker?",
  "Thursday": "Donderdag",
  "Tile Colours": "Tegelkleuren",
  "Timeline": "Tijdlijn",
  "Timeline View": "Tijdlijnweergave",
  "Title": "Titel",
  "To interact with this card the parent will need to be restored": "Om interactie met deze kaart mogelijk te maken, moet de ouder worden hersteld",
  "To unselect this card you will need to unselect its parent": "Om de selectie van deze kaart ongedaan te maken, moet u de selectie van de ouder opheffen",
  "Today": "Vandaag",
  "Todo": "Todo",
  "Todos": "Todos",
  "Todos by Date": "Taken op vervaldag",
  "Todos by Due Date": "Todos op vervaldag",
  "Toggle Completion": "Wijziging omkeren",
  "Toggle Editor": "Toggle Editor",
  "Toggle Sidebar": "Toggle Sidebar",
  "Tomorrow": "Morgen",
  "Total": "Total",
  "Transfer Board Membership": "Draag Board-lidmaatschap over",
  "Transfer Membership": "Draag lidmaatschap over",
  "Trial": "Trial",
  "Trial End Date: {{trialEnd}}": "Einddatum proef: {{trialEnd}}",
  "Trial expired": "Proefperiode verlopen",
  "Trial expired.": "Proefperiode verlopen.",
  "Trial extended {{extensions}} time(s)": "proef verlengd {{extensions}} tijd(en)",
  "Try again": "Probeer opnieuw",
  "Tuesday": "Dinsdag",
  "Type": "Type",
  "Type to filter archive": "Typ om archief te filteren",
  "Type to filter list": "Typ naar filterlijst",
  "Type to filter members": "Typ om leden te filteren",
  "Type to search": "Type om te zoeken",
  "UNDO": "UNDO",
  "URL": "URL",
  "URL of Connections header frame (optional)": "URL van headerframe van verbindingen (optioneel)",
  "Unassigned": "Unassigned",
  "Undo": "Ongedaan maken",
  "Unit price: {{unitPrice}} per user": "Eenheidsprijs: {{unitPrice}} per gebruiker",
  "Unknown Connections Cloud organisation. Redirecting...": "Unknown Connections Cloud-organisatie. Doorsturen ...",
  "Unknown Team": "Onbekend team",
  "Unlimited": "Onbeperkt",
  "Unlink Board": "Unlink Board",
  "Unlink User Account": "Ontkoppel gebruikersaccount",
  "Unlink account": "Account ontkoppelen",
  "Unlink {{fromName}} Account": "Koppel {{fromName}} Account",
  "Unlock Kudos Boards Premium Preview": "Kudos Boards Premium Preview ontgrendelen",
  "Unpaid": "Unpaid",
  "Unpin Board": "Unpin Board",
  "Unscheduled cards": "Niet-geplande kaarten",
  "Update": "Update",
  "Updated": "Bijgewerkt",
  "Updated Since Last Accessed": "Bijgewerkt sinds laatst geopend",
  "Updated {{ date }}": "Bijgewerkte datum }}",
  "Updating...": "Updating ...",
  "Upload": "Uploaden",
  "Upload Users": "Upload gebruikers",
  "Upload Users from CSV": "Upload gebruikers van CSV",
  "Upload file from computer": "Bestand uploaden van de computer",
  "Upload to Kudos Boards": "Uploaden naar Kudos Boards",
  "Uploading file:": "Bestand uploaden:",
  "Use Email": "Gebruiker e-mail",
  "Use another file service": "Gebruik een andere bestandservice",
  "Use as card theme": "Als kaartthema gebruiken",
  "Use current account": "Gebruik betaalrekening",
  "Use the Kudos Boards File Attachment Service for attaching files to cards": "Gebruik de Kudos Boards bestanden toevoeg service om bestanden aan kaarten toe te voegen",
  "Use {{provider}} instead": "Gebruik in plaats hiervan {{provider}}",
  "Used": "Gebruikt",
  "User": "Gebruiker",
  "User Emails": "Gebruikers e-mails",
  "User ExternalID": "User ExternalID",
  "User Licences": "Gebruikerslicenties",
  "User Options": "Gebruikersopties",
  "User Trials": "Gebruikerproeven",
  "User upload success!": "Upload gebruikerssucces!",
  "Username": "Gebruikersnaam",
  "Users": "Gebruikers",
  "Users may need to be added to the destination board to maintain access to their assigned todos.": "Gebruikers moeten mogelijk worden toegevoegd aan het bestemmingsbord om toegang te behouden tot hun toegewezen taken.",
  "Users: {{num}}": "Gebruikers: {{num}}",
  "Vertical": "Verticaal",
  "View": "Weergave",
  "View Details": "Details bekijken",
  "View Subscriptions": "Bekijk abonnementen",
  "View and Accept ↗": "Bekijken en accepteren ?",
  "View licences": "Bekijk licenties",
  "View subscriptions": "Bekijk abonnementen",
  "Want to know more?": "Wilt u meer weten?",
  "Warning: you are not authorised to add members in this board": "Waarschuwing: u bent niet gemachtigd om leden toe te voegen aan dit forum",
  "We found one board linked your {{fromName}} user account. Once you unlink the account you may no longer have access to this board.": "We hebben vastgesteld dat er op een Board uw {{fromName}} gebruikersaccount is gekoppeld. Zodra u het account ontkoppelt, hebt u mogelijk geen toegang meer tot dit Board.",
  "We found {{count}} boards linked to your {{fromName}} user account. Once you unlink the account you may no longer have access to these boards.": "We hebben {{count}} boards gevonden die zijn gekoppeld aan uw {{fromName}} gebruikersaccount. Nadat u het account hebt ontkoppeld, hebt u mogelijk geen toegang meer tot deze boards.",
  "We recommended you change the widget title from the actions menu above": "We hebben u aangeraden de titel van de widget te wijzigen in het menu Acties hierboven",
  "Wednesday": "Woensdag",
  "Weekdays": "Weekdays",
  "Welcome": "Welkom",
  "Welcome to Kudos Boards": "Welkom bij Kudos Boards",
  "When you unlock Kudos Boards Premium View, your current Activities will immediately be available in Board, Timeline and MindMap view.": "Wanneer u Kudos Boards Premium View ontgrendelt, zullen uw huidige activiteiten onmiddellijk beschikbaar zijn in de weergave bord, tijdlijn en Mindmap.",
  "Widget Settings": "Widgetinstellingen",
  "Yearly": "Jaarlijks",
  "Yes": "Ja",
  "Yes Please": "Ja graag",
  "You are in DELETE mode, select items to delete": "U bevindt zich in de DELETE-modus, selecteert items om te verwijderen",
  "You are in restore mode, select items to restore": "U bevindt zich in de herstelmodus, selecteer items om te herstellen",
  "You are not a direct member of this board. Please consider leaving any Groups that may be members of this board.": "U bent geen rechtstreeks lid van dit forum. Overweeg alstublieft om groepen te verlaten die lid zijn van dit forum.",
  "You are not allowed to leave this Board. Please consider archiving board.": "Het is niet toegestaan ??om dit board te verlaten. Denk aan archivering.",
  "You are not authorised to access this resource": "U bent niet gemachtigd voor toegang tot deze bron",
  "You are not licensed to access this resource.": "U hebt geen licentie voor toegang tot deze bron.",
  "You are the only owner of this board. Please consider adding other owners or archiving this board instead.": "U bent de enige eigenaar van dit forum. Overweeg om andere eigenaren toe te voegen of dit board te archiveren.",
  "You can enhance your workflow by unlocking Kudos Boards Premium Preview. In addition to your Activities view, you’ll also be able to work in the Boards, Timeline and Mind Map views!": "U kunt uw workflow verbeteren door Kudos Boards Premium Preview te ontgrendelen. Naast je weergave activiteiten, kunt u ook werken in de weergaven borden, tijdlijn en Mindmap!",
  "You have READ ONLY access to this Board": "U hebt ALLEEN LEES als lezer toegang tot dit forum",
  "You have {{remaining}} day(s) remaining in your premium preview.": "U hebt nog {{remaining}} dag(en) in uw premium voorbeeld.",
  "Your account's email address and other admin emails for your org ({{emails}}) are already included": "Het e-mailadres van uw account en andere admin-e-mails voor uw organisatie ({{emails}}) zijn al opgenomen",
  "Your api key for kudos boards is shown below": "Uw API-sleutel voor Kudos-boards wordt hieronder weergegeven",
  "Your changes have been saved": "Uw wijzigingen zijn opgeslagen",
  "Your initial premium preview with {{orgName}} has expired. Click extend if you would like to continue access for an additional 30 days": "Uw eerste premium voorbeeld met {{orgName}} is vervallen. Klik op verlengen als u eene extra 30 dagen toegang wilt blijven houden",
  "Your premium preview expires today.": "Uw premium voorbeeldw vervalt vandaag.",
  "Your premium preview has expired, Let your administrator know you'd like to continue using Kudos Boards Premium view.": "Uw premium voorbeeld is vervallen. Laat uw beheerder weten dat u de weergave Kudos Boards Premium wilt blijven gebruiken.",
  "Your preview will last for 30 days and any data you create in these views will always be available in the Activities view.": "Uw preview duurt 30 dagen en alle data die u in deze overzichten aanmaakt zal altijd beschikbaar zijn in het Activities overzicht.",
  "Your session with {{provider}} has expired. Redirecting...": "Uw sessie met {{provider}} is vervallen. Omleiden...",
  "Your session with {{provider}} has expired. Some functionality (ie notifications, groups, files) will be restricted until you login again.": "Uw sessie met {{provider}} is verlopen. Sommige functies (zoals meldingen, groepen, bestanden) zullen worden beperkt totdat u zich opnieuw aanmeldt.",
  "and is already a member of this board": "en is al lid van dit forum",
  "author": "Auteur",
  "awaiting acceptance": "in afwachting van acceptatie",
  "by": "door",
  "editor": "editor",
  "empty name": "lege naam",
  "monthly": "maandelijks",
  "oAuth Client ID": "oAuth Client ID",
  "oAuth Client Secret": "oAuth Client Secret",
  "of": "van",
  "ok": "OK",
  "owner": "eigenaar",
  "primary": "primair",
  "reader": "lezer",
  "to go to Connections Cloud, then access Kudos Boards via the link in the 'Apps' menu.": "om naar Connections Cloud te gaan en vervolgens Kudos Boards te openen via de koppeling in het menu 'Apps'.",
  "to view this content": "om deze inhoud te bekijken",
  "uploaded successfully": "geüpload met succes",
  "yearly": "jaarlijks",
  "{{count}} more card(s) this way": "{{count}} meer kaart (en) op deze manier",
  "{{num}} users": "{{num}} gebruikers",
  "{{quantity}} x subscriptions to '{{plan.name}}' ({{planPrice}} / {{plan.interval}})": "{{quantity}} x abonnementen op '{{plan.name}}' ({{planPrice}} / {{plan.interval}})",
  "{{remaining}} days of trial remaining": "{{remaining}} resterende proefdagen",
  "{{remaining}} days remaining in your premium preview.": "{{remaining}} resterende dagen in uw premium voorbeeld.",
  "{{userTrialCount}} user(s) have started a trial of Kudos Boards Premium": "{{userTrialCount}} Gebruiker(s) heeft/hebben een voorbeeld of Kudos Boards Premium opgestart"
}