{
  "": "",
  "'{{userName}}' will not be able to view the message because they cannot access this Board": "Użytkownik {{userName}} nie będzie mógł wyświetlić wiadomości, ponieważ nie ma dostępu do tej tablicy",
  "(Copy Of) ": "(Kopia elementu) ",
  "A problem occurred when creating invite": "Wystąpił problem podczas tworzenia zaproszenia",
  "A problem occurred when deleting node": "Wystąpił problem podczas usuwania węzła",
  "A problem occurred when getting a node": "Wystąpił problem podczas pobierania węzła",
  "A problem occurred when redeeming invite": "Wystąpił problem podczas realizowania zaproszenia",
  "A problem occurred when removing invite": "Wystąpił problem podczas usuwania zaproszenia",
  "A problem occurred when removing member": "Wystąpił problem podczas usuwania członka",
  "A problem occurred when saving invite": "Wystąpił problem podczas zapisywania zaproszenia",
  "A problem occurred when saving member": "Wystąpił problem podczas zapisywania członka",
  "A problem occurred when saving node": "Wystąpił problem podczas zapisywania węzła",
  "A problem occurred when updating invite": "Wystąpił problem podczas aktualizowania zaproszenia",
  "A user with that email address already exists": "Istnieje już użytkownik o tym adresie e-mail",
  "A user with that email address already exists as a member of this board": "Użytkownik o tym adresie e-mail już istnieje jako członek tej tablicy",
  "Accessed in the Last Month": "Uzyskiwano dostęp w ostatnim miesiącu",
  "Accessed since": "Uzyskiwano dostęp od",
  "Account Balance: {{credit}}": "Saldo konta: {{credit}}",
  "Account Unlinked": "Konto niepołączone",
  "Actions": "Działania",
  "Active": "Aktywne",
  "Active Boards": "Aktywne tablice",
  "Active Workspace Meetings": "Aktywne spotkania w obszarze roboczym",
  "Activity": "Działanie",
  "Activity data is loading...": "Trwa ładowanie danych dotyczących działania...",
  "Activity Migration": "Migracja działania",
  "Activity Name": "Nazwa działania",
  "Add": "Dodaj",
  "Add a Card": "Dodaj kartę",
  "Add a Comment": "Dodaj komentarz",
  "Add a Description": "Dodaj opis",
  "Add a List": "Dodaj listę",
  "Add a list": "Dodaj listę",
  "Add a Tag": "Dodaj znacznik",
  "Add an attachment or link": "Dodaj załącznik lub odsyłacz",
  "Add another": "Dodaj inne",
  "Add Attachment": "Dodaj załącznik",
  "Add Bookmark": "Dodaj zakładkę",
  "Add Client": "Dodaj klienta",
  "Add Custom Field": "Dodaj pole niestandardowe",
  "Add file": "Dodaj plik",
  "Add individuals or groups as members, or invite by email": "Dodaj osoby lub grupy jako członków lub wyślij im zaproszenia pocztą e-mail",
  "Add Label": "Dodaj etykietę",
  "Add label '{{filter}}'": "Dodaj etykietę {{filter}}",
  "Add Licence": "Dodaj licencję",
  "Add Member": "Dodaj członka",
  "Add members": "Dodawanie członków działania",
  "Add Organisation": "Dodaj organizację",
  "Add people to your board or invite by email": "Dodaj osoby do swojej tablicy lub wyślij im zaproszenia pocztą e-mail",
  "Add User": "Dodaj użytkownika",
  "Admin approval failed": "Nie powiodło się zatwierdzenie przez administratora",
  "Admin Users": "Użytkownicy administracyjni",
  "Administrator approval required.": "Wymagane zatwierdzenie przez administratora.",
  "Administrators": "Administratorzy",
  "Advanced": "Zaawansowane",
  "Agenda": "Plan",
  "All": "Wszystko",
  "All Activities": "Wszystkie działania",
  "All Boards": "Wszystkie tablice",
  "All cards are scheduled.": "Wszystkie karty są zaplanowane.",
  "All Templates": "Wszystkie szablony",
  "Allow Invite by Email": "Zezwalaj na wysyłanie zaproszeń pocztą e-mail",
  "Already linked": "Już połączone",
  "Amount": "Kwota",
  "Amount Due": "Kwota należna",
  "Amount Due Now: {{due}}": "Kwota należna teraz: {{due}}",
  "Amount Paid": "Kwota zapłacona",
  "An account of this type already linked": "Konto tego typu jest już połączone",
  "An invitation for the specified email address already exists on this board": "Zaproszenie dla podanego adresu e-mail już istnieje na tej tablicy",
  "and is already a member of this board": "i jest już członkiem tej tablicy",
  "Apply Template": "Zastosuj szablon",
  "Approve": "Zatwierdź",
  "Approve Advanced Features": "Zatwierdź funkcje zaawansowane",
  "Archive": "Archiwizuj",
  "Archive Card": "Archiwizuj kartę",
  "Archive Cards in List": "Archiwizuj karty na liście",
  "Archive List": "Archiwizuj listę",
  "Archived": "Zarchiwizowane",
  "Archived Boards": "Zarchiwizowane tablice",
  "Archived Templates": "Zarchiwizowane szablony",
  "Are you sure you want to cancel this licence? This will take effect at the end of the current period.": "Czy na pewno chcesz anulować tę licencję? Zacznie to obowiązywać na końcu bieżącego okresu.",
  "Are you sure you want to delete this licence? CAUTION: This will delete any associated credit card information": "Czy na pewno chcesz usunąć tę licencję? UWAGA: Spowoduje to usunięcie wszystkich informacji o powiązanej karcie kredytowej",
  "Are you sure you want to reactivate this licence?": "Czy na pewno chcesz ponownie aktywować tę licencję?",
  "Are you sure you want to unlink your {{provider}} account?": "Czy na pewno chcesz odłączyć swoje konto {{provider}}?",
  "Are you sure you wish to leave '{{boardName}}'? This action cannot be undone by you.": "Czy na pewno chcesz opuścić tablicę {{boardName}}? Tego działania nie można cofnąć samodzielnie.",
  "Are you sure?": "Czy na pewno wykonać tę operację?",
  "Are You Sure?": "Czy na pewno?",
  "Are you sure? This will reinstate the previous billing schedule": "Czy na pewno wykonać tę operację? Spowoduje to przywrócenie poprzedniego harmonogramu rozliczeń",
  "Are you sure? This will take effect at the end of the current billing cycle": "Czy na pewno wykonać tę operację? Zacznie to obowiązywać na końcu bieżącego cyklu rozliczeniowego",
  "Asia Pacific": "Azja i Pacyfik",
  "Assign Users": "Przypisz użytkowników",
  "Assigned": "Przypisane",
  "Assigned to": "Przypisane do",
  "Assigned To Me": "Przypisane do mnie",
  "Assigned Users that will be added to the Destination Board": "Przypisani użytkownicy, którzy zostaną dodani do tablicy docelowej",
  "Assignees": "Przypisane osoby",
  "Assignments": "Przypisania",
  "Attach": "Załącz",
  "Attachments": "Załączniki",
  "Auth0 url": "Adres URL Auth0",
  "Authentication Clients": "Klienty uwierzytelniania",
  "Author": "Autor",
  "author": "autor",
  "awaiting acceptance": "oczekiwanie na akceptację",
  "Back": "Wstecz",
  "Back to Boards": "Powrót do aplikacji Boards",
  "Back to Colour Selection": "Powrót do wyboru kolorów",
  "Bad Request": "Błędne żądanie",
  "Best viewed in fullscreen": "Najlepiej wyświetlać w trybie pełnoekranowym",
  "Billing Cycle": "Cykl rozliczeniowy",
  "Billing period: {{interval}}": "Okres rozliczeniowy: {{interval}}",
  "Blank": "Puste",
  "Board": "Tablica",
  "Board Archive": "Archiwum tablicy",
  "Board Labels": "Etykiety tablicy",
  "Board Members": "Członkowie tablicy",
  "Board Name": "Nazwa tablicy",
  "Boards": "Tablice",
  "Boards linked directly to this user": "Tablice bezpośrednio połączone z tym użytkownikiem",
  "Boards linked through group membership": "Tablice połączone przez przypisanie do grupy",
  "Boards premium preview": "Podgląd aplikacji Boards Premium",
  "Bookmarks": "Zakładki",
  "Buy Licence": "Kup licencję",
  "Buy Online": "Kup w sieci",
  "by": "przez",
  "Cancel": "Anuluj",
  "Cancel Licence": "Anuluj licencję",
  "Cancelled": "Anulowano",
  "Cannot Leave Board": "Nie można opuścić tablicy",
  "Card Name": "Nazwa karty",
  "Card Number": "Numer karty",
  "Cards": "Karty",
  "Central Europe": "Europa Środkowa",
  "Choose a board": "Wybierz tablicę",
  "Choose a Template": "Wybierz szablon",
  "Classic": "Klasyczny",
  "Clear Search": "Wyczyść wyszukiwanie",
  "Clear Selected": "Wyczyść wybrane",
  "Clear Selected Filters": "Wyczyść wybrane filtry",
  "Click for details": "Kliknij, aby wyświetlić szczegóły",
  "Click for more information about approving advanced features": "Kliknij, aby uzyskać więcej informacji o zatwierdzaniu funkcji zaawansowanych",
  "Click here": "Kliknij tutaj",
  "Click here for details": "Kliknij tutaj, aby wyświetlić szczegóły",
  "Click here for details.": "Kliknij tutaj, aby wyświetlić szczegóły.",
  "Click here to buy a licence online or get a quote": "Kliknij tutaj, aby zakupić licencję w sieci lub uzyskać ofertę",
  "Click here to start a 30 day free trial for your organisation. Contact support for trials with more users.": "Kliknij tutaj, aby rozpocząć 30-dniowy bezpłatny okres próbny dla organizacji. Skontaktuj się z działem wsparcia w przypadku okresów próbnych dla większej liczby użytkowników.",
  "Click to see more details": "Kliknij, aby wyświetlić więcej szczegółów",
  "Client": "Klient",
  "Clients": "Klienci",
  "Close": "Zamknij",
  "Close Activity After Import": "Zamknij działanie po zaimportowaniu",
  "Close Board Menu": "Zamknij menu tablicy",
  "Close the activity after the import has completed successfully. You can still access it through 'Trash'": "Zamknij działanie po pomyślnym zakończeniu importu. Wciąż możesz uzyskać do niego dostęp za pośrednictwem kosza",
  "Closed": "Zamknięte",
  "Collaborate on projects involving different departments": "Współpraca przy projektach realizowanych przez różne działy",
  "Collapse": "Zwiń",
  "Colour": "Kolor",
  "Colour Labels": "Etykiety kolorów",
  "Colour-Tags": "Znaczniki kolorów",
  "Colours": "Kolory",
  "Column View": "Widok kolumnowy",
  "Comments": "Komentarze",
  "Community Activities": "Działania społeczności",
  "Community Templates": "Szablony społeczności",
  "Complete Todos": "Zakończone czynności do wykonania",
  "Completed": "Zakończone",
  "Configuration": "Konfiguracja",
  "Confirm": "Potwierdź",
  "Confirmation Required": "Wymagane potwierdzenie",
  "Connections Cloud session expired. Click here to validate.": "Sesja programu Connections Cloud wygasła. Kliknij tutaj, aby ją wznowić.",
  "Connections On-Premise": "Lokalny program Connections",
  "Connections URL": "Adres URL programu Connections",
  "Contact Email": "Adres e-mail kontaktu",
  "Contact Name": "Nazwa kontaktu",
  "Contact Support": "Kontakt z działem wsparcia",
  "Contact your System Administrator for more information or email us at": "Aby uzyskać więcej informacji, skontaktuj się z administratorem systemu lub wyślij wiadomość e-mail na adres",
  "Content": "Treść",
  "Continue": "Kontynuuj",
  "Continue Without Transferring": "Kontynuuj bez przekazywania",
  "Convert into Entry": "Przekształć we wpis",
  "Convert into Todo": "Przekształć w czynność do wykonania",
  "Copy embed code": "Kopiuj kod osadzony",
  "Copy embed code to clipboard": "Kopiuj kod osadzony do schowka",
  "Create": "Utwórz",
  "Create a new board": "Utwórz nową tablicę",
  "Create Board": "Utwórz tablicę",
  "Create Board from Template": "Utwórz tablicę na podstawie szablonu",
  "Create Boards for anything, manage your workflow, and streamline processes with template creation.": "Tworzenie tablic na dowolne potrzeby, zarządzanie przepływami pracy i upraszczanie procesów przez tworzenie szablonów.",
  "Create card": "Utwórz kartę",
  "Create Copy": "Utwórz kopię",
  "Create Link to Board": "Utwórz odsyłacz do tablicy",
  "Create Template": "Utwórz szablon",
  "Create Template from Board": "Utwórz szablon na podstawie tablicy",
  "Create your own structure for organising projects, workflows, ideas and more!": "Utwórz własną strukturę do organizowania projektów, przepływów pracy, pomysłów i nie tylko!",
  "Create {{numCards}} cards?": "Utworzyć następującą liczbę kart: {{numCards}}?",
  "Create {{numCards}} lists?": "Utworzyć następującą liczbę list: {{numCards}}?",
  "Created": "Utworzone",
  "Created By Me": "Utworzone przeze mnie",
  "Created {{ date }}": "Utworzone {{ date }}",
  "Created: {{date}}": "Utworzone: {{date}}",
  "Credit Card Ending in {{last4}}": "Karta kredytowa o numerze kończącym się na {{last4}}",
  "Current Account:": "Bieżące konto:",
  "Currently the ability to search for groups in {{provider}} is not available until an administrator grants permissions for your organisation. ": "Obecnie możliwość wyszukiwania grup w {{provider}} nie jest dostępna, dopóki administrator nie przyzna uprawnień Twojej organizacji. ",
  "Curve": "Krzywa",
  "Custom Fields": "Pola niestandardowe",
  "Customer ID": "Identyfikator klienta",
  "CVC": "CVC",
  "Date": "Data",
  "Decisions": "Decyzje",
  "Default templates to exclude": "Domyślne szablony do wykluczenia",
  "Delete": "Usuń",
  "Delete Board": "Usuń tablicę",
  "Delete Card": "Usuń kartę",
  "Delete Comment": "Usuń komentarz",
  "Delete File": "Usuń plik",
  "Delete items": "Usuń elementy",
  "Delete Label": "Usuń etykietę",
  "Delete Link": "Usuń odsyłacz",
  "Delete List": "Usuń listę",
  "Delete mode": "Usuń tryb",
  "Delete Selected Items": "Usuń wybrane elementy",
  "Deleted": "Usunięty",
  "Deleting": "Trwa usuwanie",
  "Departments": "Działy",
  "Description": "Opis",
  "Description (optional)": "Opis (opcjonalny)",
  "Details": "Szczegóły",
  "Direct Order via ISW": "Zamówienie bezpośrednie przez ISW",
  "Discount": "Upust",
  "Discount Code (optional)": "Kod upustu (opcjonalny)",
  "Discount: {{discount}}": "Upust: {{discount}}",
  "Display an existing board": "Wyświetl istniejącą tablicę",
  "Documentation": "Dokumentacja",
  "Doing": "Wykonywanie",
  "Done": "Gotowe",
  "Done ({{num}})": "Gotowe ({{num}})",
  "Download": "Pobierz",
  "Download file": "Pobierz plik",
  "Drop file here to save": "Upuść plik tutaj, aby go zapisać",
  "Due": "Termin",
  "Due Date": "Data zakończenia",
  "Due date": "Data zakończenia",
  "Earliest Licence Expired on": "Najwcześniejsza licencja utraciła ważność w dniu",
  "Earliest Upcoming Expiry": "Najwcześniejsza nadchodząca utrata ważności",
  "Edit": "Edytuj",
  "Edit Board Colour Labels": "Edytuj etykiety kolorów tablicy",
  "Edit Client": "Edytuj klienta",
  "Edit Client Licence": "Edytuj licencję klienta",
  "Edit Colour Labels": "Edytuj etykiety kolorów",
  "Edit Comment": "Edytuj komentarz",
  "Edit Description": "Edytuj opis",
  "Edit Filename": "Edytuj nazwę pliku",
  "Edit Label": "Edytuj etykietę",
  "Edit label": "Edytuj etykietę",
  "Edit Licence": "Edytuj licencję",
  "Edit Link": "Edytuj odsyłacz",
  "Edit name": "Edytuj nazwę",
  "Edit Tile Colour Labels": "Edytuj etykiety kolorów kafli",
  "Edit User Licence": "Edytuj licencję użytkownika",
  "Edited": "Edytowano",
  "Editor": "Edytor",
  "editor": "edytor",
  "Email": "E-mail",
  "Email Address": "Adres e-mail",
  "Email address is required": "Adres e-mail jest wymagany",
  "Email addresses to copy invoices to": "Adresy e-mail, na które mają trafiać kopie faktur",
  "Email addresses to copy quote to": "Adresy e-mail, na które ma trafiać kopia oferty",
  "Email Us": "Wyślij do nas wiadomość e-mail",
  "Embed code copied to clipboard": "Kod osadzony został skopiowany do schowka",
  "Empty Lists": "Puste listy",
  "empty name": "pusta nazwa",
  "Enable Boards File Uploads": "Włącz przesyłanie plików aplikacji Boards",
  "Enabled": "Włączone",
  "End Date": "Data końcowa",
  "Ending Balance": "Saldo końcowe",
  "Enter a title for the link (Optional)": "Wprowadź tytuł odsyłacza (opcjonalny)",
  "Enter an email address": "Wprowadź adres e-mail",
  "Enter Label": "Wprowadź etykietę",
  "Enter label name": "Wprowadź nazwę etykiety",
  "Enter New Name": "Wprowadź nową nazwę",
  "Enter Text": "Wprowadź tekst",
  "Entry": "Wpis",
  "Error": "Błąd",
  "Error creating board": "Błąd podczas tworzenia tablicy",
  "Error processing quote request. Please email sales@kudosbadges.com": "Błąd podczas przetwarzania zapytania ofertowego. Wyślij wiadomość e-mail na adres sales@kudosbadges.com",
  "Error processing your request": "Błąd podczas przetwarzania żądania",
  "Error starting trial": "Błąd podczas rozpoczynania okresu próbnego",
  "Error uploading file": "Błąd podczas przesyłania pliku",
  "Error: an unknown error occurred - cannot move": "Błąd: wystąpił nieznany błąd - nie można przenieść",
  "Error: you are not authorised to add content to this board": "Błąd: nie masz uprawnień do dodawania treści do tej tablicy",
  "Existing Kudos Partner (optional)": "Istniejący partner Kudos (opcjonalny)",
  "Existing Login Detected": "Wykryto istniejące logowanie",
  "Existing Tab": "Istniejąca karta",
  "Expand": "Rozwiń",
  "Expand/Collapse": "Rozwiń/zwiń",
  "Expand/Collapse All Lists": "Rozwiń/zwiń wszystkie listy",
  "Expired": "Wygasłe",
  "Expires": "Termin ważności",
  "Expires: {{date}}": "Traci ważność: {{date}}",
  "Expires: {{{date}}}": "Traci ważność: {{{date}}}",
  "Expiry": "Termin ważności",
  "Expiry Date": "Data utraty ważności",
  "Explore the Template Library": "Eksploruj bibliotekę szablonów",
  "Extend": "Rozszerz",
  "ExternalId": "Identyfikator zewnętrzny",
  "Fields": "Pola",
  "Filter Activities to migrate": "Filtruj działania do migracji",
  "Finance": "Finanse",
  "Find a Group": "Znajdź grupę",
  "Find a User": "Znajdź użytkownika",
  "Finding your Connections Cloud Organisation...": "Znajdowanie organizacji Connections Cloud...",
  "Free": "Bezpłatne",
  "Free Trial": "Bezpłatna wersja próbna",
  "Friday": "Piątek",
  "From Provider": "Od dostawcy",
  "Functionality is currently limited.": "Funkcje są obecnie ograniczone.",
  "Furthest Upcoming Expiry": "Najpóźniejsza nadchodząca utrata ważności",
  "Future": "Przyszłe",
  "General": "Ogólne",
  "Get a Licence Quote": "Uzyskaj ofertę licencji",
  "Get a Quote": "Uzyskaj ofertę",
  "Give users the ability to invite external users to a Board by email address": "Dają użytkownikom możliwość zapraszania użytkowników zewnętrznych do tablicy przy użyciu adresu e-mail",
  "Global Access": "Dostęp globalny",
  "Global OAuth": "Globalny protokół OAuth",
  "Go to licence": "Idź do licencji",
  "Go to Today": "Idź do bieżącej daty",
  "Goals": "Cele",
  "Group": "Grupa",
  "Group Boards": "Tablice grupy",
  "Group By": "Grupuj według",
  "Group Owners: Owners of this Board.</br>Group Members: Authors of this Board": "Właściciele grupy: właściciele tej tablicy</br>Członkowie grupy: autorzy tej tablicy",
  "Groups": "Grupy",
  "Help": "Pomoc",
  "Hide": "Ukryj",
  "Hide Completed Todos": "Ukryj zakończone czynności do wykonania",
  "Hide Dates": "Ukryj daty",
  "Horizontal": "Poziomy",
  "How would you like to proceed?": "Czy kontynuować?",
  "HR": "GODZ.",
  "I accept the above Terms & Conditions": "Akceptuję powyższe warunki i zasady",
  "I accept the terms of service": "Akceptuję warunki korzystania z usługi",
  "ID": "Identyfikator",
  "If this setting is switched off, cards are created as entries on enter press.": "Jeśli to ustawienie jest wyłączone, karty są tworzone jako wpisy po naciśnięciu klawisza Enter.",
  "Ignore Completed": "Ignoruj zakończone",
  "Ignore Deleted": "Ignoruj usunięte",
  "Ignore Templates": "Ignoruj szablony",
  "Import": "Importuj",
  "Import an Activity": "Importuj działanie",
  "Import an Activity Template": "Importuj szablon działania",
  "Import from Activities": "Importuj z komponentu Działania",
  "Import From Activities": "Importuj z komponentu Działania",
  "In a Group": "W grupie",
  "Include email body in description": "Dołącz treść wiadomości e-mail do opisu",
  "Inherit": "Dziedzicz",
  "Inherit from Group": "Dziedzicz z grupy",
  "Inherited from Group": "Odziedziczone z grupy",
  "Integration Env": "Środowisko integracji",
  "Internal server error": "Wewnętrzny błąd serwera",
  "Invitation sent to": "Zaproszenie zostało wysłane do",
  "Invite": "Zaproś",
  "Invite by Email": "Zaproś pocztą elektroniczną",
  "Invite sent on": "Zaproszenie wysłano",
  "Invoice": "Faktura",
  "Invoice Details": "Szczegóły faktury",
  "Invoices": "Faktury",
  "Invoices for": "Faktury za",
  "Is Enabled": "Jest włączone",
  "Is Trial": "Wersja próbna",
  "IT": "IT",
  "It is valid until {{expiry}}.": "Jest ważne do {{expiry}}.",
  "Items": "Elementy",
  "Join Workspace Meetings": "Dołącz do spotkania w obszarze roboczym",
  "Kanban": "Kanban",
  "Kanban View": "Widok Kanban",
  "Kudos Boards": "Kudos Boards",
  "Kudos Boards - Terms & Conditions": "Kudos Boards - Warunki i zasady",
  "Kudos Boards API": "Interfejs API aplikacji Kudos Boards",
  "Kudos Boards cannot be added as a tab until an administrator approves required functionality": "Nie można dodać aplikacji Kudos Boards jako karty, dopóki administrator nie zatwierdzi wymaganych funkcji",
  "Kudos Boards has been updated in the background. Please reload the app!": "Aplikacja Kudos Boards została zaktualizowana w tle. Przeładuj aplikację!",
  "Kudos Partner Reference Code (optional)": "Kod referencyjny partnera Kudos (opcjonalny)",
  "Kudos Team Name": "Nazwa zespołu Kudos",
  "Label deleted": "Usunięto etykietę",
  "Labels": "Etykiety",
  "Last Accessed": "Ostatni dostęp",
  "Last Licence Expired on": "Ostatnia licencja utraciła ważność w dniu",
  "Later This Month": "Później w tym miesiącu",
  "Later This Week": "Później w tym tygodniu",
  "Layout": "Układ",
  "Leave Board": "Opuść tablicę",
  "Licence Assigned": "Przypisano licencję",
  "Licence Details": "Szczegóły licencji",
  "Licence expired": "Licencja utraciła ważność",
  "Licence Type": "Typ licencji",
  "Licences": "Licencje",
  "Licenses": "Licencje",
  "Licensing": "Licencjonowanie",
  "Limit": "Limit",
  "Line": "Wiersz",
  "Line Items": "Pozycje wiersza",
  "Lines in file:": "Wiersze w pliku:",
  "Link": "Odsyłacz",
  "Link Accounts": "Połącz konta",
  "Link another account": "Połącz inne konto",
  "Link another Kudos Boards account": "Połącz inne konto aplikacji Kudos Boards",
  "Link Exists": "Odsyłacz istnieje",
  "Link to Board": "Połącz z tablicą",
  "Link to Card, List or Board": "Połącz z kartą, listą lub tablicą",
  "Link to File": "Odsyłacz do pliku",
  "Link to Folder": "Odsyłacz do folderu",
  "Link {{provider}} with the current account": "Połącz {{provider}} z bieżącym kontem",
  "Linked Accounts": "Połączone konta",
  "Linked Groups": "Połączone grupy",
  "Links": "Odsyłacze",
  "Links & Attachments": "Odsyłacze i załączniki",
  "List": "Lista",
  "List all Boards": "Wyświetl listę wszystkich tablic",
  "List Name": "Nazwa listy",
  "List View": "Widok listy",
  "Lists": "Listy",
  "Lite": "Lite",
  "Local": "Lokalne",
  "Logging in, please wait...": "Logowanie, proszę czekać...",
  "Login": "Zaloguj",
  "Logout": "Wyloguj",
  "Look in": "Szukaj w",
  "Make the most of your Kudos Boards Premium Preview": "Maksymalnie wykorzystaj możliwość podglądu aplikacji Kudos Boards Premium",
  "Manage Org": "Zarządzaj organizacją",
  "Manage Payments": "Zarządzaj płatnościami",
  "Mark Board as Complete": "Oznacz tablicę jako kompletną",
  "Mark Board as Incomplete": "Oznacz tablicę jako niekompletną",
  "Mark Complete": "Oznacz jako zakończone",
  "Mark Incomplete": "Oznacz jako niekompletne",
  "Marketing": "Marketing",
  "Match All Filters": "Dopasuj wszystkie filtry",
  "Meeting": "Spotkanie",
  "Members": "Członkowie",
  "Merge": "Scal",
  "Microsoft Office365": "Microsoft Office365",
  "Migrate ALL ({{num}})": "Migruj WSZYSTKIE ({{num}})",
  "Migrate Selected ({{num}})": "Migruj wybrane ({{num}})",
  "Mind Map": "Mapa myśli",
  "MindMap": "Mapa myśli",
  "Mindmap": "Mapa myśli",
  "Mindmap View": "Widok mapy myśli",
  "Minimum number of users for the selected licence type is {{minimumSeats}}": "Minimalna liczba użytkowników dla wybranego typu licencji: {{minimumSeats}}",
  "Mirror": "Odbicie lustrzane",
  "Modified": "Zmodyfikowano",
  "Modify": "Modyfikuj",
  "Modify Licence": "Modyfikuj licencję",
  "Monday": "Poniedziałek",
  "monthly": "co miesiąc",
  "Monthly": "Co miesiąc",
  "More": "Więcej",
  "Move": "Przenieś",
  "Move and Open": "Przenieś i otwórz",
  "Move Card": "Przenieś kartę",
  "Move List": "Przenieś listę",
  "Move To Another Board": "Przenieś do innej tablicy",
  "Move to another list or parent card": "Przenieś do innej listy lub karty nadrzędnej",
  "My": "Moje",
  "My Account": "Moje konto",
  "My Activities": "Moje działania",
  "My Boards": "Moje tablice",
  "My Subscriptions": "Moje subskrypcje",
  "My Templates": "Moje szablony",
  "My Todos": "Moje czynności do wykonania",
  "Name": "Nazwa",
  "Name on Card": "Nazwa na karcie",
  "Named Users": "Nazwani użytkownicy",
  "Named Users Licence": "Licencja nazwanych użytkowników",
  "Never": "Nigdy",
  "New Board": "Nowa tablica",
  "New card created, however the search filter currently applied is preventing it from being displayed": "Utworzono nową kartę, jednak obecnie zastosowany filtr wyszukiwania nie pozwala na jej wyświetlenie",
  "New cards created as tasks on enter key press": "Nowe karty tworzone jako zadania po naciśnięciu klawisza Enter",
  "New Client": "Nowy klient",
  "New Client Licence": "Nowa licencja klienta",
  "New Credit Card": "Nowa karta kredytowa",
  "New Label": "Nowa etykieta",
  "New Label Text": "Nowy tekst etykiety",
  "New Licence": "Nowa licencja",
  "New Since Last Week": "Nowe od ostatniego tygodnia",
  "New Sub-Card": "Nowa karta podrzędna",
  "New Tab": "Nowa karta",
  "New Template": "Nowy szablon",
  "New User Licence": "Nowa licencja użytkownika",
  "Next": "Dalej",
  "Next Invoice Amount: {{nextAmount}}": "Kwota następnej faktury: {{nextAmount}}",
  "Next Invoice Date: {{date}}": "Data następnej faktury: {{date}}",
  "Next Payment": "Następna płatność",
  "Next Payment Attempt": "Następna próba płatności",
  "Next Payment: {{{date}}}": "Następna płatność: {{{date}}}",
  "Next Week": "Następny tydzień",
  "No": "Nie",
  "No action available": "Brak dostępnych działań",
  "No Active Meetings found. Click below to go to a Workspace": "Nie znaleziono aktywnych spotkań. Kliknij poniżej, aby przejść do obszaru roboczego",
  "No Activities found": "Nie znaleziono żadnych działań",
  "No Archived items to show": "Brak zarchiwizowanych elementów do wyświetlenia",
  "No Assignment": "Bez przydziału",
  "No boards found for this group": "Nie znaleziono tablic dla tej grupy",
  "No Boards found.": "Nie znaleziono tablic.",
  "No boards yet, please create one first": "Nie ma jeszcze tablic; należy utworzyć pierwszą",
  "No clients found": "Nie znaleziono klientów",
  "No Colour": "Brak koloru",
  "No Date": "Brak daty",
  "No files found": "Nie znaleziono plików",
  "No folders found": "Nie znaleziono folderów",
  "No Group": "Brak grupy",
  "No invoices to display": "Brak faktur do wyświetlenia",
  "No items were selected": "Nie wybrano żadnej pozycji",
  "No Label": "Brak etykiety",
  "No label": "Brak etykiety",
  "No labels defined": "Nie zdefiniowano etykiet",
  "No licences available. Functionality will be limited for new users.": "Brak dostępnych licencji. Funkcjonalność będzie ograniczona dla nowych użytkowników.",
  "No licences found": "Nie znaleziono licencji",
  "No licences to show": "Brak licencji do wyświetlenia",
  "No organisations found": "Nie znaleziono organizacji",
  "No pinned boards": "Brak przypiętych tablic",
  "No Pinned Boards found.": "Nie znaleziono przypiętych tablic.",
  "No Recent Boards found.": "Nie znaleziono ostatnich tablic.",
  "No user trials found": "Nie znaleziono wersji próbnych użytkownika",
  "No users found": "Nie znaleziono użytkowników",
  "No users to show": "Brak użytkowników do wyświetlenia",
  "None": "Brak",
  "North America": "Ameryka Północna",
  "Not Licensed": "Bez licencji",
  "Not Supported": "Nieobsługiwane",
  "Note that file security is managed by {{provider}}, not by Kudos Boards": "Należy pamiętać, że bezpieczeństwem plików zarządza {{provider}}, a nie aplikacja Kudos Boards",
  "Nothing to show": "Brak elementów do wyświetlenia",
  "Number of Attempts": "Liczba prób",
  "Number of cards": "Liczba kart",
  "Number of Expired Licences": "Liczba licencji, które utraciły ważność",
  "Number of Users": "Liczba użytkowników",
  "Number of Valid Licences": "Liczba ważnych licencji",
  "oAuth Client ID": "Identyfikator klienta oAuth",
  "OAuth Client ID": "Identyfikator klienta OAuth",
  "OAuth Client Secret": "Klucz tajny klienta OAuth",
  "oAuth Client Secret": "Klucz tajny klienta oAuth",
  "ok": "OK",
  "OK": "OK",
  "Only Entries": "Tylko wpisy",
  "Only the members of this board will be able to see and access this board.": "Tylko członkowie tej tablicy będą mogli ją wyświetlać i uzyskiwać do niej dostęp.",
  "Only Todos": "Tylko czynności do wykonania",
  "Open": "Otwórz",
  "Open Board Options": "Otwórz opcje tablicy",
  "Open Boards in:": "Otwieraj tablice w:",
  "Open in Boards": "Otwórz w aplikacji Boards",
  "Open Licence": "Licencja otwarta",
  "Open this board": "Otwórz tę tablicę",
  "Opt in below to receive tips and tricks from the Kudos Boards team to make the most of your premium preview.": "Wyraź poniżej zgodę na otrzymywanie od zespołu Kudos Boards porad i wskazówek, które pozwolą Ci maksymalnie wykorzystać możliwość podglądu wersji Premium.",
  "Order": "Kolejność",
  "Order Summary": "Podsumowanie zamówienia",
  "Order via ISW Partner": "Zamów za pośrednictwem partnera ISW",
  "Org Administration": "Administrowanie organizacją",
  "Organisation": "Organizacja",
  "Organisation Name": "Nazwa organizacji",
  "Organisations": "Organizacje",
  "Organise any project productively using the classic Todo, Doing, Done methodology": "Zorganizuj wydajnie dowolny projekt, stosując klasyczną metodologię: Czynność do wykonania, Wykonywanie, Gotowe",
  "Our Terms & Conditions have changed": "Nasze warunki i zasady uległy zmianie",
  "Overdue": "Zaległe",
  "owner": "właściciel",
  "Owner": "Właściciel",
  "Owners": "Właściciele",
  "Page Not Found": "Nie znaleziono strony",
  "Paid": "Płatne",
  "Paste link or drop file to upload": "Wklej odsyłacz lub upuść plik, aby go przesłać",
  "Payment Method": "Forma płatności",
  "Period": "Kropka",
  "Person": "Osoba",
  "Pin Board": "Przypnij tablicę",
  "Pinned": "Przypięte",
  "Pinned Boards": "Przypięte tablice",
  "Pinned boards": "Przypięte tablice",
  "Plan and collaborate on tasks on a weekly basis": "Planuj zadania i współpracuj nad nimi zgodnie z harmonogramem tygodniowym",
  "Please approve the Kudos Boards app to allow it to be added as a tab.": "Zatwierdź aplikację Kudos Boards, aby umożliwić jej dodanie jako karty.",
  "Please approve the Kudos Boards app to use advanced features.": "Zatwierdź aplikację Kudos Boards, aby umożliwić użycie funkcji zaawansowanych.",
  "Please contact your Administrator": "Skontaktuj się z administratorem",
  "Please contact your IBM Connections Admin to purchase a licence.": "Skontaktuj się z administratorem programu HCL Connections w sprawie zakupu licencji.",
  "Please ensure you login with the same Office 365 user account as you are using in Microsoft Teams": "Upewnij się, że logujesz się z użyciem tego samego konta użytkownika pakietu Office 365, które jest używane w programie Microsoft Teams",
  "Please enter a board name": "Wprowadź nazwę tablicy",
  "Please enter a valid email address": "Wprowadź poprawny adres e-mail",
  "Please enter a valid URL": "Wprowadź poprawny adres URL",
  "Please enter the number of users in your Connections Cloud Organisation": "Wprowadź liczbę użytkowników w organizacji Connections Cloud",
  "Please enter the number of users you wish to name under this licence": "Wprowadź liczbę użytkowników, którzy mają zostać wymienieni z nazwiska w ramach tej licencji",
  "Please read our Terms & Conditions": "Przeczytaj nasze warunki i zasady",
  "Please reload the page and try again, if this issue persists please let us know": "Przeładuj stronę i spróbuj ponownie; jeśli problem nie ustąpi, skontaktuj się z nami",
  "Please review your licences here": "Przejrzyj tutaj swoje licencje",
  "Please see the <a href='{{url}}'>new board</a>": "Zapoznaj się z <a href='{{url}}'>nową tablicą</a>",
  "Please sign in": "Zaloguj się",
  "Please start a trial to use Boards in your {{provider}} organisation": "Rozpocznij korzystanie z wersji próbnej, aby używać aplikacji Boards w Twojej organizacji {{provider}}",
  "Position": "Stanowisko",
  "Post": "Publikuj",
  "Premium": "Premium",
  "Premium Preview Status": "Status podglądu wersji Premium",
  "Preview": "Podgląd",
  "Preview available": "Podgląd dostępny",
  "Previous": "Wstecz",
  "Pricing": "Ceny",
  "primary": "podstawowy",
  "Primary": "Podstawowy",
  "Print": "Drukuj",
  "Private (me only)": "Prywatny (tylko ja)",
  "Product Information": "Informacje o produkcie",
  "Product Version": "Wersja produktu",
  "Provider": "Dostawca",
  "Provider not supported": "Nieobsługiwany dostawca",
  "Public": "Publiczne",
  "Public Access": "Dostęp publiczny",
  "Public Activities": "Działania publiczne",
  "Public Boards": "Tablice publiczne",
  "Public Templates": "Szablony publiczne",
  "Quarterly": "Kwartalnie",
  "Questions": "Pytania",
  "Quick Edit": "Szybka edycja",
  "Radial": "Radialne",
  "RE-CENTER": "PONOWNIE WYŚRODKUJ",
  "Reactivate Licence": "Ponownie aktywuj licencję",
  "reader": "czytelnik",
  "Reader": "Czytelnik",
  "Recent": "Ostatnio używane",
  "Recent boards": "Ostatnie tablice",
  "Recent Boards": "Ostatnie tablice",
  "Recurring Amount Due: {{recurring}}": "Cykliczna kwota należna: {{recurring}}",
  "Redeeming Invitation...": "Realizowanie zaproszenia...",
  "Redirecting to Connections Cloud...": "Przekierowywanie do Connections Cloud...",
  "Redirecting to Watson Workspace...": "Przekierowywanie do Watson Workspace...",
  "Refresh": "Odśwież",
  "Region": "Region",
  "Reload": "Przeładuj",
  "Remaining ({{num}})": "Pozostałe ({{num}})",
  "Remove Admin": "Usuń administratora",
  "Remove Client": "Usuń klienta",
  "Remove Invite": "Usuń zaproszenie",
  "Remove Licence": "Usuń licencję",
  "Replace": "Zastąp",
  "Resend Invite": "Ponownie wyślij zaproszenie",
  "Reset": "Resetuj",
  "Restore": "Odtwórz",
  "Restore Card": "Odtwórz kartę",
  "Restore items": "Odtwórz pozycje",
  "Restore List": "Odtwórz listę",
  "Restore mode": "Odtwórz tryb",
  "Reverse": "Odwróć",
  "Revoke All": "Unieważnij wszystko",
  "Revoke Licence": "Unieważnij licencję",
  "Role": "Rola",
  "Roles": "Role",
  "Rows": "Wiersze",
  "Sales": "Sprzedaż",
  "Save": "Zapisz",
  "Save card for future purchases": "Zapisz kartę na potrzeby przyszłych zakupów",
  "Save Changes": "Zapisz zmiany",
  "Save link": "Zapisz odsyłacz",
  "Scroll To": "Przewiń do",
  "Search": "Szukaj",
  "Search All Templates": "Szukaj we wszystkich szablonach",
  "Search this view": "Szukaj w tym widoku",
  "Search...": "Szukaj...",
  "Select a Board": "Wybierz tablicę",
  "Select board": "Wybierz tablicę",
  "Select Board": "Wybierz tablicę",
  "Select Board Label": "Wybierz etykietę tablicy",
  "Select Card Colours": "Wybierz kolory karty",
  "Select Colour": "Wybierz kolor",
  "Select Colours": "Wybierz kolory",
  "Select Destination Board": "Wybierz tablicę docelową",
  "Select destination folder": "Wybierz folder docelowy",
  "Select File": "Wybierz plik",
  "Select Folder": "Wybierz folder",
  "Select items for delete": "Wybierz pozycje do usunięcia",
  "Select items for restore": "Wybierz pozycje do odtworzenia",
  "Select List or Card": "Wybierz listę lub kartę",
  "Select the boards below that you would like to transfer membership over to your primary ({{toName}}) account": "Wybierz poniżej tablice, do których przypisanie chcesz przenieść na swoje konto podstawowe ({{toName}})",
  "Selected Activity": "Wybrane działanie",
  "Send an email notifying each member that the Activity has been migrated to a Board.": "Wyślij wiadomość e-mail powiadamiającą każdego użytkownika, że działanie zostało przeniesione do tablicy.",
  "Send Invitation": "Wyślij zaproszenie",
  "Send Notification Email to Members": "Wyślij powiadomienie e-mail do członków",
  "Sending invitations": "Wysyłanie powiadomień",
  "Set as primary account": "Ustaw jako konto podstawowe",
  "Set Dates": "Ustaw daty",
  "Set enter key press action to create a task when creating new cards in a list.": "Ustaw działanie po naciśnięciu klawisza Enter na utworzenie zadania podczas tworzenia nowych kart na liście.",
  "Setup Subscription": "Skonfiguruj subskrypcję",
  "Share with": "Udostępnij do współużytkowania dla",
  "Shared by me": "Udostępnione przeze mnie",
  "Shared with me": "Udostępnione do współużytkowania dla mnie",
  "Show": "Pokaż",
  "Show all ancestors": "Pokaż wszystkie elementy nadrzędne",
  "Show all boards for this team": "Pokaż wszystkie tablice dla tego zespołu",
  "Show Board Menu": "Pokaż menu tablicy",
  "Show Filter Options": "Pokaż opcje filtrowania",
  "Show Less": "Pokaż mniej",
  "Show Licences for your organisation": "Pokaż licencje dla organizacji",
  "Show More": "Pokaż więcej",
  "Show on Card": "Pokaż na karcie",
  "Show previous comments": "Pokaż poprzednie komentarze",
  "Show previous links & attachments": "Pokaż poprzednie odsyłacze i załączniki",
  "Show Sub-cards": "Pokaż karty podrzędne",
  "Sign In": "Zaloguj",
  "Sign in with": "Zaloguj się za pomocą",
  "SIGN IN WITH:": "ZALOGUJ SIĘ ZA POMOCĄ:",
  "Sign Out": "Wyloguj",
  "Sign Out of Kudos Boards": "Wyloguj się z aplikacji Kudos Boards",
  "Signing in...": "Logowanie...",
  "Signing out...": "Wylogowywanie...",
  "Smartcloud": "SmartCloud",
  "Something went wrong.": "Wystąpił błąd.",
  "Source Board/Template": "Tablica źródłowa/szablon źródłowy",
  "Source Template": "Szablon źródła",
  "Specific Board": "Konkretna tablica",
  "Start a Trial": "Rozpocznij okres próbny",
  "Start a trial or purchase a subscription to start creating boards": "Rozpocznij okres próbny lub kup subskrypcję, aby móc tworzyć tablice",
  "Start Boards Premium Preview": "Rozpocznij podgląd Premium aplikacji Boards",
  "Start Date": "Data początkowa",
  "Start Free Trial": "Rozpocznij bezpłatny okres próbny",
  "Start my trial": "Rozpocznij mój okres próbny",
  "Start Now": "Rozpocznij teraz",
  "Start page updated": "Zaktualizowano stronę startową",
  "Start Page:": "Strona początkowa:",
  "Starting Balance": "Saldo początkowe",
  "Starting View": "Widok startowy",
  "Status": "Status",
  "Step": "Krok",
  "Sub Cards": "Karty podrzędne",
  "Sub Tasks": "Zadania podrzędne",
  "Submit": "Wyślij",
  "Subscription": "Subskrypcja",
  "Subscription expired.": "Subskrypcja utraciła ważność.",
  "Subtotal": "Suma częściowa",
  "Summary": "Podsumowanie",
  "Support for browsers is currently limited.  This browser is not yet supported. <br>Please use one of the following browsers:": "Obsługa przeglądarek jest obecnie ograniczona. Ta przeglądarka nie jest jeszcze obsługiwana. <br>Użyj jednej z następujących przeglądarek:",
  "Tab Content": "Treść karty",
  "Tab Name": "Nazwa karty",
  "Tags": "Znaczniki",
  "Tags (optional)": "Znaczniki (opcjonalne)",
  "Take away meaningful and collaborative notes from any meeting!": "Sporządzaj istotne z punktu widzenia pracy grupowej notatki z każdego spotkania!",
  "Task": "Zadanie",
  "Team Boards": "Tablice zespołu",
  "Team Name": "Nazwa zespołu",
  "Team Name is used as a method to log in to certain authentication providers. e.g. Auth0": "Nazwa zespołu jest używana jako metoda uwierzytelniania podczas logowania się do niektórych dostawców, np. Auth0",
  "Template": "Szablon",
  "Templates": "Szablony",
  "Templates tagged with": "Szablony oznaczone znacznikiem",
  "Text": "Tekst",
  "Text Mode": "Tryb tekstowy",
  "That can't be pasted there.": "Tego nie można tu wkleić.",
  "The board has been deleted": "Tablica została usunięta.",
  "The files below cannot be uploaded to Kudos Boards as they are larger than the limit of {{limit}}": "Poniższych plików nie można przesłać do aplikacji Kudos Boards, ponieważ ich rozmiar przekracza limit wynoszący {{limit}}",
  "The following links have already been added to this card:": "Do tej karty dodano już następujące odsyłacze:",
  "The invite was resent to": "Zaproszenie zostało ponownie wysłane do",
  "The selected board(s) were successfully transferred": "Wybrane tablice zostały pomyślnie przekazane",
  "The selected items have been deleted": "Wybrane elementy zostały usunięte",
  "The selected items have been restored": "Wybrane elementy zostały odtworzone",
  "There was an error when uploading the file. Server response: ": "Wystąpił błąd podczas przesyłania pliku. Odpowiedź serwera: ",
  "This Activity has been migrated to Kudos Boards": "To działanie zostało przeniesione do aplikacji Kudos Boards",
  "This billing cycle affords a {{discount}}% discount": "Ten cykl rozliczeniowy pozwala na upust {{discount}}%",
  "This Board": "Ta tablica",
  "This Board is available with AUTHOR access to everyone across all organisations.": "Ta tablica jest dostępna dla wszystkich osób z uprawnieniami AUTORA we wszystkich organizacjach.",
  "This Board is available with EDITOR access to everyone across all organisations.": "Ta tablica jest dostępna dla wszystkich osób z uprawnieniami EDYTORA we wszystkich organizacjach.",
  "This Board is in one or more Groups": "Ta tablica znajduje się w co najmniej jednej grupie",
  "This Board is read-only to everyone across all organisations.": "Ta tablica jest dostępna tylko do odczytu dla wszystkich osób we wszystkich organizacjach.",
  "This Board will be visible to everyone in your organisation. <br>Non-members can create new content and edit their own content.": "Ta tablica będzie widoczna dla wszystkich osób w Twojej organizacji. <br>Użytkownicy, którzy nie są członkami, mogą tworzyć nową treść i edytować własną.",
  "This Board will be visible to everyone in your organisation. <br>Non-members can only view the board's contents.": "Ta tablica będzie widoczna dla wszystkich osób w Twojej organizacji. <br>Użytkownicy, którzy nie są członkami, mogą wyłącznie wyświetlać treść tablicy.",
  "This Board will be visible to everyone in your organisation. <br>Please note: This access level allows non-members to edit <b>all</b> board content.": "Ta tablica będzie widoczna dla wszystkich osób w Twojej w organizacji. <br>Uwaga: Ten poziom dostępu pozwala użytkownikom, którzy nie są członkami, na edycję <b>całej</b> treści tablicy.",
  "This card will be restored with its parent": "Ta karta zostanie odtworzona wraz z jej elementem nadrzędnym",
  "This Community": "Ta społeczność",
  "This feature is coming soon!": "Ta funkcja będzie dostępna wkrótce!",
  "This feature is currently not supported by the IBM Connections Cloud API": "Ta funkcja nie jest obecnie obsługiwana przez interfejs API programu HCL Connections Cloud",
  "This field is required": "To pole jest wymagane",
  "This invoice has been closed. Payment will not be automatically attempted again. Contact support for more information": "Ta faktura została zamknięta. Próba płatności nie zostanie automatycznie ponowiona. Skontaktuj się z pomocą techniczną, aby uzyskać więcej informacji",
  "This is a Free trial of Kudos Boards and will expire in {{numDays}} day(s).": "To jest bezpłatna wersja próbna aplikacji Kudos Boards. Utraci ona ważność w ciągu następującej liczby dni: {{numDays}}.",
  "This is a read-only preview of this Activity. Import to Boards for full functionality": "To jest dostępny tylko do odczytu podgląd tego działania. Aby uzyskać pełną funkcjonalność, zaimportuj je do aplikacji Boards",
  "This licence grants access to a set number of users as they use the app. You may view the user-licences already assigned.": "Ta licencja umożliwia korzystanie z aplikacji ustalonej liczbie użytkowników. Możesz przejrzeć przypisane już licencje użytkowników.",
  "This licence has been cancelled.": "Ta licencja została anulowana.",
  "This licence only grants access to a selected group of named users. Access will not be granted to users not named by the Org Admins. You can view and edit the named users from the Admin settings.": "Ta licencja przyznaje dostęp tylko wybranej grupie wymienionych z nazwiska użytkowników. Dostęp nie zostanie przyznany użytkownikom niewymienionym z nazwiska przez administratorów organizacji. Nazwanych użytkowników można wyświetlać i edytować w ustawieniach administracyjnych.",
  "This option is only available when paying by credit card": "Ta opcja jest dostępna tylko w przypadku płatności kartą kredytową",
  "This option is only editable if paying by credit card": "Ta opcja jest edytowalna tylko w przypadku płatności kartą kredytową",
  "This team account is already linked": "To konto zespołu jest już połączone",
  "This will go to your provider for an administrator to approve access to Kudos Boards": "To trafi do dostawcy w celu zatwierdzenia dostępu do aplikacji Kudos Boards przez administratora",
  "This will permanently delete the board and all its data, are you sure?": "Spowoduje to trwałe usunięcie tablicy i wszystkich jej danych. Czy na pewno kontynuować?",
  "This will remove this data permanently from the board, are you sure?": "Spowoduje to trwałe usunięcie tych danych z tablicy. Czy na pewno kontynuować?",
  "Thursday": "Czwartek",
  "Tile Colours": "Kolory kafli",
  "Timeline": "Oś czasu",
  "Timeline View": "Widok osi czasu",
  "Title": "Tytuł",
  "to go to Connections Cloud, then access Kudos Boards via the link in the 'Apps' menu.": "aby przejść do programu Connections Cloud, a następnie uzyskać dostęp do aplikacji Kudos Boards za pomocą odsyłacza w menu Aplikacje.",
  "To interact with this card the parent will need to be restored": "Aby umożliwić korzystanie z tej karty, należy odtworzyć element nadrzędny",
  "To unselect this card you will need to unselect its parent": "Aby anulować wybór tej karty, należy anulować wybór jej elementu nadrzędnego",
  "to view this content": "aby wyświetlić tę treść",
  "Today": "Dzisiaj",
  "Todo": "Czynności do wykonania",
  "Todos": "Czynności do wykonania",
  "Todos by Date": "Czynności do wykonania według daty",
  "Todos by Due Date": "Czynności do wykonania według daty zakończenia",
  "Toggle Completion": "Przełącz zakończenie",
  "Toggle Editor": "Przełącz edytor",
  "Toggle Sidebar": "Przełącz pasek boczny",
  "Tomorrow": "Jutro",
  "Total": "Łącznie",
  "Transfer Board Membership": "Przenieś przypisanie do tablicy",
  "Transfer Membership": "Przenieś przypisanie",
  "TRIAL": "WERSJA PRÓBNA",
  "Trial": "Wersja próbna",
  "Trial End Date: {{trialEnd}}": "Data zakończenia okresu próbnego: {{trialEnd}}",
  "Trial expired": "Wersja próbna utraciła ważność",
  "Trial expired.": "Wersja próbna utraciła ważność.",
  "Trial extended {{extensions}} time(s)": "Okres próbny został przedłużony {{extensions}} raz(y)",
  "Try again": "Spróbuj ponownie",
  "Tuesday": "wtorek",
  "Type": "Typ",
  "Type to filter archive": "Wpisz tekst, aby filtrować archiwum",
  "Type to filter list": "Wpisz tekst, aby filtrować listę",
  "Type to filter members": "Wpisz tekst, aby filtrować członków",
  "Type to search": "Wpisz, aby wyszukać",
  "Unassigned": "Nieprzypisane",
  "Undo": "Cofnij",
  "UNDO": "COFNIJ",
  "Unit price: {{unitPrice}} per user": "Cena jednostkowa: {{unitPrice}} na użytkownika",
  "Unknown Connections Cloud organisation. Redirecting...": "Nieznana organizacja Connections Cloud. Przekierowywanie...",
  "Unknown Team": "Nieznany zespół",
  "Unlimited": "Brak ograniczenia",
  "Unlink account": "Odłącz konto",
  "Unlink Board": "Odłącz tablicę",
  "Unlink {{fromName}} Account": "Odłącz konto {{fromName}}",
  "Unlock Kudos Boards Premium Preview": "Odblokuj podgląd Premium aplikacji Kudos Boards",
  "Unpaid": "Nieopłacone",
  "Unpin Board": "Odepnij tablicę",
  "Unscheduled cards": "Niezaplanowane karty",
  "Update": "Aktualizuj",
  "Updated": "Zaktualizowane",
  "Updated Since Last Accessed": "Zaktualizowane od czasu ostatniego dostępu",
  "Updated {{ date }}": "Zaktualizowane: {{ date }}",
  "Updating...": "Aktualizowanie...",
  "Upload": "Prześlij",
  "Upload file from computer": "Prześlij plik z komputera",
  "Upload to Kudos Boards": "Prześlij do aplikacji Kudos Boards",
  "Upload Users": "Prześlij użytkowników",
  "Upload Users from CSV": "Prześlij użytkowników z pliku CSV",
  "uploaded successfully": "przesłano pomyślnie",
  "Uploading file:": "Przesyłanie pliku:",
  "URL": "Adres URL",
  "URL of Connections header frame (optional)": "Adres URL ramki nagłówka programu Connections (opcjonalny)",
  "Use another file service": "Użyj innej usługi plikowej",
  "Use current account": "Użyj bieżącego konta",
  "Use Email": "Użyj adresu e-mail",
  "Use the Kudos Boards File Attachment Service for attaching files to cards": "Załączaj pliki do kart, korzystając z usługi załączników plików aplikacji Kudos Boards",
  "Use {{provider}} instead": "Zamiast tego korzystaj z {{provider}}",
  "Used": "Używane",
  "User": "Użytkownik",
  "User Emails": "Adresy e-mail użytkownika",
  "User ExternalID": "Zewnętrzny identyfikator użytkownika",
  "User Licences": "Licencje użytkownika",
  "User Options": "Opcje użytkownika",
  "User Trials": "Wersje próbne użytkownika",
  "User upload success!": "Powodzenie przesyłania użytkownika!",
  "Username": "Nazwa użytkownika",
  "Users": "Użytkownicy",
  "Users may need to be added to the destination board to maintain access to their assigned todos.": "Być może trzeba dodać użytkowników do tablicy docelowej, aby zachować ich dostęp do przypisanych do nich czynności do wykonania.",
  "Users: {{num}}": "Użytkownicy: {{num}}",
  "Vertical": "Pionowo",
  "View": "Widok",
  "View and Accept ↗": "Wyświetl i zaakceptuj ↗",
  "View Details": "Wyświetl szczegóły",
  "View licences": "Wyświetl licencje",
  "View subscriptions": "Wyświetl subskrypcje",
  "View Subscriptions": "Wyświetl subskrypcje",
  "Want to know more?": "Chcesz dowiedzieć się więcej?",
  "Warning: you are not authorised to add members in this board": "Ostrzeżenie: nie masz uprawnień do dodawania członków tej tablicy",
  "We found one board linked your {{fromName}} user account. Once you unlink the account you may no longer have access to this board.": "Znaleźliśmy jedną tablicę połączoną z Twoim kontem użytkownika {{fromName}}. Po odłączeniu konta możesz utracić dostęp do tej tablicy.",
  "We found {{count}} boards linked to your {{fromName}} user account. Once you unlink the account you may no longer have access to these boards.": "Znaleźliśmy tablice ({{count}}) połączone z Twoim kontem użytkownika {{fromName}}. Po odłączeniu konta możesz utracić dostęp do tych tablic.",
  "We recommended you change the widget title from the actions menu above": "Zalecamy zmianę tytułu widgetu za pomocą powyższego menu działań",
  "Wednesday": "Środa",
  "Weekdays": "Dni powszednie",
  "Welcome": "Witamy",
  "Welcome to Kudos Boards": "Witamy w aplikacji Kudos Boards",
  "When you unlock Kudos Boards Premium View, your current Activities will immediately be available in Board, Timeline and MindMap view.": "Po odblokowaniu widoku Premium aplikacji Kudos Boards bieżące działania staną się natychmiast dostępne w widokach Tablica, Oś czasu i Mapa myśli.",
  "Widget Settings": "Ustawienia widgetu",
  "yearly": "co roku",
  "Yearly": "Co roku",
  "Yes": "Tak",
  "Yes Please": "Tak",
  "You are in DELETE mode, select items to delete": "Pracujesz w trybie USUWANIA; wybierz elementy do usunięcia",
  "You are in restore mode, select items to restore": "Pracujesz w trybie odtwarzania; wybierz elementy do odtworzenia",
  "You are not a direct member of this board. Please consider leaving any Groups that may be members of this board.": "Nie jesteś bezpośrednim członkiem tej tablicy. Rozważ opuszczenie wszystkich grup, które mogą być członkami tej tablicy.",
  "You are not allowed to leave this Board. Please consider archiving board.": "Nie wolno Ci opuścić tej tablicy. Rozważ jej archiwizację.",
  "You are not authorised to access this resource": "Nie masz uprawnień dostępu do tego zasobu",
  "You are not licensed to access this resource.": "Nie masz licencji umożliwiającej dostęp do tego zasobu.",
  "You are the only owner of this board. Please consider adding other owners or archiving this board instead.": "Jesteś jedynym właścicielem tej tablicy. Rozważ dodanie innych właścicieli lub zarchiwizuj tę tablicę.",
  "You can enhance your workflow by unlocking Kudos Boards Premium Preview. In addition to your Activities view, you’ll also be able to work in the Boards, Timeline and Mind Map views!": "Możesz usprawnić swój przepływ pracy, odblokowując podgląd Premium aplikacji Kudos Boards. Będziesz mieć możliwość pracy tylko w widoku Działania, ale również w widokach Tablice, Oś czasu i Mapa myśli!",
  "You have READ ONLY access to this Board": "Masz dostęp do tej tablicy w trybie TYLKO DO ODCZYTU",
  "You have {{remaining}} day(s) remaining in your premium preview.": "Liczba pozostałych dni podglądu wersji Premium: {{remaining}}.",
  "Your account's email address and other admin emails for your org ({{emails}}) are already included": "Adres e-mail Twojego konta i adresy e-mail innych administratorów Twojej organizacji ({{emails}}) zostały już uwzględnione",
  "Your api key for kudos boards is shown below": "Twój klucz API aplikacji Kudos Boards jest widoczny poniżej",
  "Your changes have been saved": "Zmiany zostały zapisane",
  "Your initial premium preview with {{orgName}} has expired. Click extend if you would like to continue access for an additional 30 days": "Zakończył się początkowy podgląd wersji Premium w organizacji {{orgName}}. Kliknij opcję przedłużenia, jeśli chcesz mieć do niej dostęp przez kolejne 30 dni.",
  "Your premium preview expires today.": "Podgląd wersji Premium kończy się dzisiaj.",
  "Your premium preview has expired, Let your administrator know you'd like to continue using Kudos Boards Premium view.": "Zakończył się podgląd wersji Premium. Poinformuj administratora, jeśli chcesz nadal używać widoku Premium aplikacji Kudos Boards.",
  "Your session with {{provider}} has expired. Redirecting...": "Sesja z {{provider}} wygasła. Przekierowywanie...",
  "Your session with {{provider}} has expired. Some functionality (ie notifications, groups, files) will be restricted until you login again.": "Sesja z {{provider}} wygasła. Niektóre funkcje (np. powiadomienia, grupy, pliki) będą ograniczone do czasu ponownego zalogowania się.",
  "{{count}} more card(s) this way": "jeszcze {{count}} kart(y) w ten sposób",
  "{{num}} users": "Użytkownicy: {{num}}",
  "{{quantity}} x subscriptions to '{{plan.name}}' ({{planPrice}} / {{plan.interval}})": "{{quantity}} x subskrypcje „{{plan.name}}” ({{planPrice}} / {{plan.interval}})",
  "{{remaining}} days of trial remaining": "Pozostałe dni okresu próbnego: {{remaining}}",
  "{{remaining}} days remaining in your premium preview.": "Pozostałe dni podglądu wersji Premium: {{remaining}}.",
  "{{userTrialCount}} user(s) have started a trial of Kudos Boards Premium": "Liczba użytkowników, którzy rozpoczęli okres próbny wersji Premium aplikacji Kudos Boards: {{userTrialCount}}"
}