{
  "": "",
  "'{{userName}}' will not be able to view the message because they cannot access this Board": "'{{userName}}' não poderão visualizar a mensagem porque não podem acessar este Quadro",
  "(Copy Of) ": "(Copia de) ",
  "A problem occurred when creating invite": "Ocorreu um problema ao criar convite",
  "A problem occurred when deleting node": "Ocorreu um problema ao excluir nó",
  "A problem occurred when getting a node": "Ocorreu um problema ao obter nó",
  "A problem occurred when redeeming invite": "Ocorreu um problema ao resgatar convite",
  "A problem occurred when removing invite": "Ocorreu um problema ao remover convite",
  "A problem occurred when removing member": "Ocorreu um problema ao remover membro",
  "A problem occurred when saving invite": "Ocorreu um problema ao salvar convite",
  "A problem occurred when saving member": "Ocorreu um problema a salvar membro",
  "A problem occurred when saving node": "Ocorreu um problema ao salvar nó",
  "A problem occurred when updating invite": "Ocorreu um problema ao atualizar convite",
  "A user with that email address already exists": "Já existe um usuário com o mesmo endereço de e-mail.",
  "A user with that email address already exists as a member of this board": "Já existe um usuário com esse endereço de e-mail como membro deste quadro",
  "Accessed in the Last Month": "Acessado no Último Mês",
  "Accessed since": "Acessado desde",
  "Account Balance: {{credit}}": "Saldo da Conta: {{credit}}",
  "Account Unlinked": "Conta Desvinculada",
  "Actions": "Ações",
  "Active": "Ativo",
  "Active Boards": "Quadros Ativos",
  "Active Workspace Meetings": "Reuniões do Espaço de Trabalho Ativo",
  "Activity": "Atividade",
  "Activity data is loading...": "Dados de atividade sendo carregados...",
  "Activity Migration": "Migração de Atividade",
  "Activity Name": "Nome da atividade",
  "Add": "Incluir",
  "Add a Card": "Incluir um Cartão",
  "Add a Comment": "Incluir um Comentário",
  "Add a Description": "Incluir uma Descrição",
  "Add a List": "Incluir uma Lista",
  "Add a list": "Incluir uma lista",
  "Add a Tag": "Incluir uma Tag",
  "Add an attachment or link": "Incluir um anexo ou link",
  "Add another": "Incluir outro",
  "Add Attachment": "Incluir Anexo",
  "Add Bookmark": "Incluir Favorito",
  "Add Client": "Incluir Cliente",
  "Add Custom Field": "Incluir Campo Personalizado",
  "Add file": "Incluir arquivo",
  "Add individuals or groups as members, or invite by email": "Incluir indivíduos ou grupos como membros ou convidar por e-mail",
  "Add Label": "Incluir Rótulo",
  "Add label '{{filter}}'": "Incluir rótulo '{{filter}}'",
  "Add Licence": "Incluir Licença",
  "Add Member": "Incluir Membro",
  "Add members": "Incluir membros",
  "Add Organisation": "Incluir Organização",
  "Add people to your board or invite by email": "Incluir pessoas ao seu quadro ou convidar por e-mail",
  "Add User": "Incluir Usuário",
  "Admin approval failed": "Falha na aprovação do administrador",
  "Admin Users": "Usuários Administradores",
  "Administrator approval required.": "Aprovação do administrador obrigatória.",
  "Administrators": "Administradores",
  "Advanced": "Avançada",
  "Agenda": "Agenda",
  "All": "Todos",
  "All Activities": "Todas as Atividades",
  "All Boards": "Todos os Quadros",
  "All cards are scheduled.": "Todos os cartões estão planejados.",
  "All Templates": "Todos os Modelos",
  "Allow Invite by Email": "Permitir Convite por E-mail",
  "Already linked": "Já vinculado",
  "Amount": "Total",
  "Amount Due": "Total Devido",
  "Amount Due Now: {{due}}": "Total Devido Agora: {{due}}",
  "Amount Paid": "Total Pago",
  "An account of this type already linked": "Uma conta desse tipo já está vinculada",
  "An invitation for the specified email address already exists on this board": "Já existe um convite para o endereço de e-mail especificado neste quadro",
  "and is already a member of this board": "e já é um membro deste quadro",
  "Apply Template": "Aplicar Modelo",
  "Approve": "Aprovar",
  "Approve Advanced Features": "Aprovar Recursos Avançados",
  "Archive": "Archive",
  "Archive Card": "Arquivar Cartão",
  "Archive Cards in List": "Arquivar Cartões na Lista",
  "Archive List": "Arquivar Lista",
  "Archived": "Arquivado",
  "Archived Boards": "Quadros Arquivados",
  "Archived Templates": "Modelos Arquivados",
  "Are you sure you want to cancel this licence? This will take effect at the end of the current period.": "Deseja realmente cancelar esta licença? Isso terá efeito no final do período atual.",
  "Are you sure you want to delete this licence? CAUTION: This will delete any associated credit card information": "Deseja realmente excluir esta licença? CUIDADO: esta ação excluirá qualquer informação associada de cartão de crédito",
  "Are you sure you want to reactivate this licence?": "Deseja realmente reativar esta licença?",
  "Are you sure you want to unlink your {{provider}} account?": "Deseja realmente desvincular sua conta do {{provider}}?",
  "Are you sure you wish to leave '{{boardName}}'? This action cannot be undone by you.": "Deseja realmente sair do '{{boardName}}'? Esta ação não poderá ser desfeita por você.",
  "Are you sure?": "Tem certeza?",
  "Are You Sure?": "Tem Certeza?",
  "Are you sure? This will reinstate the previous billing schedule": "Tem certeza? Isso fará com que a programação de cobrança anterior seja reestabelecida",
  "Are you sure? This will take effect at the end of the current billing cycle": "Tem certeza? Isso terá efeito no final do atual ciclo de faturamento",
  "Asia Pacific": "Ásia Pacífico",
  "Assign Users": "Designar Usuários",
  "Assigned": "Designado",
  "Assigned to": "Designado a",
  "Assigned To Me": "Designado a Mim",
  "Assigned Users that will be added to the Destination Board": "Usuários Designados que serão incluídos no Quadro de Destino",
  "Assignees": "Designadores",
  "Assignments": "Designações",
  "Attach": "Anexar",
  "Attachments": "Anexos",
  "Auth0 url": "Url de Auth0\n",
  "Authentication Clients": "Clientes de Autenticação",
  "Author": "Autor",
  "author": "autor",
  "awaiting acceptance": "aguardando aceitação",
  "Back": "Voltar",
  "Back to Boards": "Voltar aos Quadros",
  "Back to Colour Selection": "Voltar à Seleção de Cores",
  "Bad Request": "Solicitação Inválida",
  "Best viewed in fullscreen": "Melhor visualizado em tela cheia",
  "Billing Cycle": "Ciclo de Cobrança",
  "Billing period: {{interval}}": "Período de cobrança: {{interval}}",
  "Blank": "Vazio",
  "Board": "Quadro",
  "Board Archive": "Arquivo do Quadro",
  "Board Labels": "Rótulos do Quadro",
  "Board Members": "Membros do Quadro",
  "Board Name": "Nome do Quadro",
  "Boards": "Quadros",
  "Boards linked directly to this user": "Quadros vinculados diretamente a esse usuário",
  "Boards linked through group membership": "Quadros vinculados por associação ao grupo",
  "Boards premium preview": "Visualização premium dos quadros",
  "Bookmarks": "Favoritos",
  "Buy Licence": "Por Licença",
  "Buy Online": "Comprar On-line",
  "by": "por",
  "Cancel": "Cancelar",
  "Cancel Licence": "Cancelar Licença",
  "Cancelled": "Cancelada",
  "Cannot Leave Board": "Impossível Deixar o Quadro",
  "Card Name": "Nome do Cartão",
  "Card Number": "Número do Cartão",
  "Cards": "Cartões",
  "Central Europe": "Europa Central",
  "Choose a board": "Escolher um quadro",
  "Choose a Template": "Escolher um Modelo",
  "Classic": "Clássico",
  "Clear Search": "Limpar Procura",
  "Clear Selected": "Limpar Selecionados",
  "Clear Selected Filters": "Limpar Filtros Selecionados",
  "Click for details": "Clique para obter detalhes",
  "Click for more information about approving advanced features": "Clique para obter mais informações sobre a aprovação de recursos avançados",
  "Click here": "Clique aqui",
  "Click here for details": "Clique aqui para obter detalhes",
  "Click here for details.": "Clique aqui para obter detalhes.",
  "Click here to buy a licence online or get a quote": "Clique aqui para comprar uma licença on-line ou obter uma cotação",
  "Click here to start a 30 day free trial for your organisation. Contact support for trials with more users.": "Clique aqui para iniciar uma avaliação gratuita de 30 dias para sua organização. Entre em contato com o suporte para obter avaliações com mais usuários.",
  "Click to see more details": "Clique para exibir mais detalhes",
  "Client": "Cliente",
  "Clients": "Clientes",
  "Close": "Fechar",
  "Close Activity After Import": "Fechar Atividade Após Importação",
  "Close Board Menu": "Fechar Menu do Quadro",
  "Close the activity after the import has completed successfully. You can still access it through 'Trash'": "Fechar atividade depois que a importação tiver sido concluída com êxito. Ainda será possível acessá-la por meio da  \"Lixeira\"",
  "Closed": "Encerrado",
  "Collaborate on projects involving different departments": "Colaborar em projetos que envolvam departamentos diferentes",
  "Collapse": "Reduzir",
  "Colour": "Cor",
  "Colour Labels": "Rótulos de Cores",
  "Colour-Tags": "Tags de Cores",
  "Colours": "Cores",
  "Column View": "Visualização de Coluna",
  "Comments": "Comentários",
  "Community Activities": "Atividades da Comunidade",
  "Community Templates": "Modelos da Comunidade",
  "Complete Todos": "Pendências Concluídas",
  "Completed": "Concluída",
  "Configuration": "Configuração",
  "Confirm": "Confirmar",
  "Confirmation Required": "Confirmação Necessária",
  "Connections Cloud session expired. Click here to validate.": "A sessão da Connections Cloud expirou. Clique aqui para validar.",
  "Connections On-Premise": "Connections On-Premise",
  "Connections URL": "URL do Connections",
  "Contact Email": "E-mail do Contato",
  "Contact Name": "Nome do Contato",
  "Contact Support": "Entrar em Contato com o Suporte",
  "Contact your System Administrator for more information or email us at": "Entre em contato com seu Administrador de Sistema para obter mais informações ou envie um e-mail para",
  "Content": "Conteúdo",
  "Continue": "Continuar",
  "Continue Without Transferring": "Continua Sem Transferência",
  "Convert into Entry": "Converter em Entrada",
  "Convert into Todo": "Converter em Pendência",
  "Copy embed code": "Copiar código incorporado",
  "Copy embed code to clipboard": "Copiar código incorporado para a área de transferência",
  "Create": "Criar",
  "Create a new board": "Criar um novo quadro",
  "Create Board": "Criar Quadro",
  "Create Board from Template": "Criar Quadro a partir de Modelo",
  "Create Boards for anything, manage your workflow, and streamline processes with template creation.": "Crie Quadros para qualquer coisa, gerencie seu fluxo de trabalho e simplifique os processos com a criação de modelos.",
  "Create card": "Criar cartão",
  "Create Copy": "Criar Cópia",
  "Create Link to Board": "Criar Link para Quadro",
  "Create Template": "Criar Modelo",
  "Create Template from Board": "Criar Modelo a partir do Quadro",
  "Create your own structure for organising projects, workflows, ideas and more!": "Crie sua própria estrutura para organizar projetos, fluxos de trabalho, ideias e muito mais!",
  "Create {{numCards}} cards?": "Criar {{numCards}} cartões?",
  "Create {{numCards}} lists?": "Criar {{numCards}} listas?",
  "Created": "Criado",
  "Created By Me": "Criado Por Mim",
  "Created {{ date }}": "Criado em {{ date }}",
  "Created: {{date}}": "Criado em: {{date}}",
  "Credit Card Ending in {{last4}}": "Cartão de Crédito com Final {{last4}}",
  "Current Account:": "Conta Corrente:",
  "Currently the ability to search for groups in {{provider}} is not available until an administrator grants permissions for your organisation. ": "No momento, a habilidade de procurar grupos no {{provider}} não está disponível até que um administrador conceda permissões para a sua organização.",
  "Curve": "Curva",
  "Custom Fields": "Campos Customizados",
  "Customer ID": "ID do Cliente",
  "CVC": "CVC",
  "Date": "Data",
  "Decisions": "Decisões",
  "Default templates to exclude": "Modelos padrão a excluir",
  "Delete": "Excluir",
  "Delete Board": "Excluir Quadro",
  "Delete Card": "Excluir Cartão",
  "Delete Comment": "Excluir Comentário",
  "Delete File": "Excluir Arquivo",
  "Delete items": "Excluir Itens",
  "Delete Label": "Excluir Rótulo",
  "Delete Link": "Excluir link",
  "Delete List": "Excluir Lista",
  "Delete mode": "Excluir modo",
  "Delete Selected Items": "Excluir Itens Selecionados",
  "Deleted": "Excluído",
  "Deleting": "Excluindo",
  "Departments": "Departamentos",
  "Description": "Descrição",
  "Description (optional)": "Descrição (opcional)",
  "Details": "Detalhes",
  "Direct Order via ISW": "Pedido Direto via ISW",
  "Discount": "Desconto",
  "Discount Code (optional)": "Código de Desconto (opcional)",
  "Discount: {{discount}}": "Desconto: {{discount}}",
  "Display an existing board": "Exibir um quadro existente",
  "Documentation": "Documentação",
  "Doing": "Fazendo",
  "Done": "Concluído",
  "Done ({{num}})": "Feito ({{num}})",
  "Download": "Fazer download",
  "Download file": "Fazer o download do arquivo",
  "Drop file here to save": "Soltar arquivo aqui para salvar",
  "Due": "Prazo",
  "Due Date": "Prazo Final",
  "Due date": "Prazo final",
  "Earliest Licence Expired on": "Licença mais Antiga Vencida em",
  "Earliest Upcoming Expiry": "Vencimento Futuro mais Próximo",
  "Edit": "Editar",
  "Edit Board Colour Labels": "Editar Rótulos de Cores do Quadro",
  "Edit Client": "Editar Cliente",
  "Edit Client Licence": "Editar Licença do Cliente",
  "Edit Colour Labels": "Editar Rótulos de Cores",
  "Edit Comment": "Editar Comentário",
  "Edit Description": "Editar Descrição",
  "Edit Filename": "Editar Nome do Arquivo",
  "Edit Label": "Editar Rótulo",
  "Edit label": "Editar rótulo",
  "Edit Licence": "Editar Licença",
  "Edit Link": "Editar Link",
  "Edit name": "Editar nome",
  "Edit Tile Colour Labels": "Editar Rótulos de Cores de Bloco",
  "Edit User Licence": "Editar Licença do Usuário",
  "Edited": "Editado",
  "Editor": "Editor",
  "editor": "editor",
  "Email": "E-mail",
  "Email Address": "Endereço de E-mail",
  "Email address is required": "Um endereço de e-mail é necessário",
  "Email addresses to copy invoices to": "Endereços de e-mail para onde copiar faturas",
  "Email addresses to copy quote to": "Endereços de e-mail para onde copiar cotações",
  "Email Us": "Envie-nos um E-mail",
  "Embed code copied to clipboard": "Código incorporado copiado na área de transferência",
  "Empty Lists": "Listas Vazias",
  "empty name": "nome vazio",
  "Enable Boards File Uploads": "Ativar Uploads de Arquivo dos Quadros",
  "Enabled": "Ativada",
  "End Date": "Data de Encerramento",
  "Ending Balance": "Saldo Final",
  "Enter a title for the link (Optional)": "Insira um título para o link (Opcional)",
  "Enter an email address": "Inserir um endereço de e-mail",
  "Enter Label": "Inserir Rótulo",
  "Enter label name": "Inserir nome do rótulo",
  "Enter New Name": "Inserir Novo Nome",
  "Enter Text": "Inserir Texto",
  "Entry": "Entrada",
  "Error": "erro",
  "Error creating board": "Erro ao criar quadro",
  "Error processing quote request. Please email sales@kudosbadges.com": "Erro ao processar solicitação de cotação. Envie um e-mail para sales@kudosbadges.com",
  "Error processing your request": "Erro ao processar sua solicitação",
  "Error starting trial": "Erro ao iniciar avaliação",
  "Error uploading file": "Erro ao fazer upload do arquivo",
  "Error: an unknown error occurred - cannot move": "Erro: ocorreu um erro desconhecido - não é possível mover",
  "Error: you are not authorised to add content to this board": "Erro: você não tem autorização para incluir conteúdo a este quadro",
  "Existing Kudos Partner (optional)": "Parceiro Kudos Existente (opcional)",
  "Existing Login Detected": "Login Existente Detectado",
  "Existing Tab": "Guia Existente",
  "Expand": "Expandir",
  "Expand/Collapse": "Expandir/Recolher",
  "Expand/Collapse All Lists": "Expandir/Recolher Todas as Listas",
  "Expired": "Expirado",
  "Expires": "Expira",
  "Expires: {{date}}": "Expira em: {{date}}",
  "Expires: {{{date}}}": "Expira em: {{{date}}}",
  "Expiry": "Vencimento",
  "Expiry Date": "Data de Vencimento",
  "Explore the Template Library": "Explorar a Biblioteca de Modelos",
  "Extend": "Estender",
  "ExternalId": "ExternalId",
  "Fields": "Campos",
  "Filter Activities to migrate": "Filtrar Atividades para migrar",
  "Finance": "Financiar",
  "Find a Group": "Localizar um Grupo",
  "Find a User": "Localizar um Usuário",
  "Finding your Connections Cloud Organisation...": "Localizando sua Organização do Connections Cloud...\n",
  "Free": "Grátis",
  "Free Trial": "Avaliação Grátis ",
  "Friday": "Sexta-feira",
  "From Provider": "Do Provedor",
  "Functionality is currently limited.": "Funcionalidade atualmente limitada.",
  "Furthest Upcoming Expiry": "Vencimento Futuro mais Distante",
  "Future": "Futuro",
  "General": "Geral",
  "Get a Licence Quote": "Obter uma Cotação de Licença",
  "Get a Quote": "Obter uma Cotação",
  "Give users the ability to invite external users to a Board by email address": "Oferecer aos usuários a capacidade de convidar usuários externos para um Quadro por endereço de e-mail",
  "Global Access": "Acesso Global",
  "Global OAuth": "OAuth Global",
  "Go to licence": "Ir para licença",
  "Go to Today": "Ir para Hoje",
  "Goals": "Metas",
  "Group": "Grupo",
  "Group Boards": "Quadros de Grupo",
  "Group By": "Agrupar Por",
  "Group Owners: Owners of this Board.</br>Group Members: Authors of this Board": "Proprietários de Grupo: Proprietários deste Quadro.</br>Membros do Grupo: Autores deste Quadro",
  "Groups": "Grupos",
  "Help": "Ajuda",
  "Hide": "Ocultar",
  "Hide Completed Todos": "Ocultar Pendências Concluídas",
  "Hide Dates": "Ocultar Datas",
  "Horizontal": "Horizontal",
  "How would you like to proceed?": "Como você gostaria de continuar?",
  "HR": "RH",
  "I accept the above Terms & Conditions": "Eu aceito os Termos e Condições acima",
  "I accept the terms of service": "Eu aceito os termos de serviço",
  "ID": "ID",
  "If this setting is switched off, cards are created as entries on enter press.": "Se essa configuração estiver desativada, cartões serão criados como entradas ao pressionar Enter.",
  "Ignore Completed": "Ignorar Concluído",
  "Ignore Deleted": "Ignorar Excluídos",
  "Ignore Templates": "Ignorar Modelos",
  "Import": "Importar",
  "Import an Activity": "Importar uma Atividade",
  "Import an Activity Template": "Importar um Modelo de Atividade",
  "Import from Activities": "Importar de Atividades",
  "Import From Activities": "Importar De Atividades",
  "In a Group": "Em um Grupo",
  "Include email body in description": "Incluir corpo do e-mail na descrição",
  "Inherit": "Herdar",
  "Inherit from Group": "Herdar do Grupo",
  "Inherited from Group": "Herdado do Grupo",
  "Integration Env": "Amb Integração",
  "Internal server error": "Erro interno do servidor",
  "Invitation sent to": "Convite enviado para",
  "Invite": "Convidar",
  "Invite by Email": "Convidar por e-mail",
  "Invite sent on": "Convite enviado em",
  "Invoice": "Fatura",
  "Invoice Details": "Detalhes da Fatura",
  "Invoices": "Faturas",
  "Invoices for": "Faturas para",
  "Is Enabled": "Está Ativado",
  "Is Trial": "É Avaliação",
  "IT": "TI",
  "It is valid until {{expiry}}.": "É válido até {{expiry}}.",
  "Items": "Itens",
  "Join Workspace Meetings": "Juntar-se a Reuniões do Espaço de Trabalho",
  "Kanban": "Kanban",
  "Kanban View": "Visualização de Kanban",
  "Kudos Boards": "Quadros de Kudos",
  "Kudos Boards - Terms & Conditions": "Quadros de Kudos - Termos e Condições",
  "Kudos Boards API": "API de Quadros do Kudos",
  "Kudos Boards cannot be added as a tab until an administrator approves required functionality": "Os Quadros do Kudos não podem ser incluídos como uma guia até que um administrador aprove a funcionalidade necessária",
  "Kudos Boards has been updated in the background. Please reload the app!": "Os Quadros de Kudos foram atualizados em segundo plano. Recarregue o aplicativo!",
  "Kudos Partner Reference Code (optional)": "Código de Referência de Parceiro do Kudos (opcional)",
  "Kudos Team Name": "Nome da Equipe do Kudos",
  "Label deleted": "Rótulo excluído",
  "Labels": "Rótulos",
  "Last Accessed": "Último Acesso",
  "Last Licence Expired on": "Licença mais Recente Vencida em",
  "Later This Month": "Ainda Neste Mês",
  "Later This Week": "Ainda Nesta Semana",
  "Layout": "Esquema",
  "Leave Board": "Deixar o Quadro",
  "Licence Assigned": "Licença Designada",
  "Licence Details": "Detalhes da Licença ",
  "Licence expired": "Licença expirada",
  "Licence Type": "Tipo de Licença",
  "Licences": "Licenças",
  "Licenses": "Licenças",
  "Licensing": "Licenciamento",
  "Limit": "Limite",
  "Line": "Linha",
  "Line Items": "Itens de Linha",
  "Lines in file:": "Linhas em arquivo:",
  "Link": "Link",
  "Link Accounts": "Vincular Contas",
  "Link another account": "Vincular outra conta",
  "Link another Kudos Boards account": "Vincular outra conta de Quadros do Kudos",
  "Link Exists": "Vincular Existentes",
  "Link to Board": "Vincular ao Quadro",
  "Link to Card, List or Board": "Vincular a Cartão, Lista ou Quadro",
  "Link to File": "Link para Arquivo",
  "Link to Folder": "Link para Pasta",
  "Link {{provider}} with the current account": "Vincular {{provider}} com a conta corrente",
  "Linked Accounts": "Contas Vinculadas",
  "Linked Groups": "Grupos Vinculados",
  "Links": "Ligações",
  "Links & Attachments": "Links e Anexos",
  "List": "Lista",
  "List all Boards": "Listar todos os Quadros",
  "List Name": "Nome da Lista",
  "List View": "Visualização de Lista",
  "Lists": "Listas",
  "Lite": "Lite",
  "Local": "Local",
  "Logging in, please wait...": "Efetuando login, aguarde...",
  "Login": "Efetuar Login",
  "Logout": "Logout",
  "Look in": "Examinar",
  "Make the most of your Kudos Boards Premium Preview": "Aproveite ao máximo sua Visualização Premium de Quadros do Kudos",
  "Manage Org": "Gerenciar Org",
  "Manage Payments": "Gerenciar Pagamentos",
  "Mark Board as Complete": "Marcar Quadro como Completo",
  "Mark Board as Incomplete": "Marcar Quadro como Incompleto",
  "Mark Complete": "Marcar como Concluído",
  "Mark Incomplete": "Marcar como Não Concluído",
  "Marketing": "Marketing",
  "Match All Filters": "Corresponder Todos os Filtros",
  "Meeting": "Reunião",
  "Members": "Membros",
  "Merge": "Mesclar",
  "Microsoft Office365": "Microsoft Office365",
  "Migrate ALL ({{num}})": "Migrar TODOS ({{num}})",
  "Migrate Selected ({{num}})": "Migrar Selecionados ({{num}})",
  "Mind Map": "Mind Map",
  "MindMap": "MindMap",
  "Mindmap": "Mindmap",
  "Mindmap View": "Visualização de Mindmap",
  "Minimum number of users for the selected licence type is {{minimumSeats}}": "O número mínimo de usuários para o tipo de licença selecionado é {{minimumSeats}}",
  "Mirror": "Espelho",
  "Modified": "Modificado",
  "Modify": "Modificar",
  "Modify Licence": "Modificar Licença",
  "Monday": "Segunda-feira",
  "monthly": "mensal",
  "Monthly": "Mensalmente",
  "More": "Mais",
  "Move": "Mover",
  "Move and Open": "Mover e Abrir",
  "Move Card": "Mover Cartão",
  "Move List": "Mover Lista",
  "Move To Another Board": "Mover para Outro Quadro",
  "Move to another list or parent card": "Mover para outra lista ou outro cartão pai",
  "My": "Meu",
  "My Account": "Minha Conta",
  "My Activities": "Minhas Atividades",
  "My Boards": "Meus Quadros",
  "My Subscriptions": "Minhas Assinaturas",
  "My Templates": "Meus Modelos",
  "My Todos": "Minhas Pendências",
  "Name": "Nome",
  "Name on Card": "Nome no Cartão",
  "Named Users": "Usuários Nomeados",
  "Named Users Licence": "Licença de Usuários Denominados",
  "Never": "Nunca",
  "New Board": "Novo Quadro",
  "New card created, however the search filter currently applied is preventing it from being displayed": "Novo cartão criado; entretanto, o filtro de pesquisa aplicado atualmente está impedindo que ele seja exibido",
  "New cards created as tasks on enter key press": "Novos cartões criados como tarefas ao pressionar a tecla Enter",
  "New Client": "Novo Cliente",
  "New Client Licence": "Nova Licença de Cliente",
  "New Credit Card": "Novo Cartão de Crédito",
  "New Label": "Novo Rótulo",
  "New Label Text": "Novo Texto de Rótulo",
  "New Licence": "Nova Licença",
  "New Since Last Week": "Nova Desde a Semana Passada",
  "New Sub-Card": "Novo Sub-Cartão",
  "New Tab": "Nova Guia",
  "New Template": "Novo Modelo",
  "New User Licence": "Nova Licença de Usuário",
  "Next": "Avançar",
  "Next Invoice Amount: {{nextAmount}}": "Próximo Total da Fatura: {{nextAmount}}",
  "Next Invoice Date: {{date}}": "Próxima Data da Fatura: {{date}}",
  "Next Payment": "Próximo Pagamento",
  "Next Payment Attempt": "Próxima Tentativa de Pagamento",
  "Next Payment: {{{date}}}": "Próximo Pagamento: {{{date}}}",
  "Next Week": "Próxima Semana",
  "No": "Não",
  "No action available": "Nenhuma ação disponível",
  "No Active Meetings found. Click below to go to a Workspace": "Nenhuma Reunião ativa encontrada. Clique abaixo para ir para um Espaço de Trabalho",
  "No Activities found": "Nenhuma Atividade localizada",
  "No Archived items to show": "Nenhum item Arquivado para exibir",
  "No Assignment": "Nenhuma Designação",
  "No boards found for this group": "Nenhum quadro encontrado para este grupo",
  "No Boards found.": "Nenhum Quadro encontrado.",
  "No boards yet, please create one first": "Ainda não há quadros; crie um primeiro",
  "No clients found": "Nenhum cliente encontrado",
  "No Colour": "Sem Cores",
  "No Date": "Nenhuma Data",
  "No files found": "Nenhum arquivo encontrado",
  "No folders found": "Nenhuma pasta encontrada",
  "No Group": "Nenhum Grupo",
  "No invoices to display": "Nenhuma fatura para exibir",
  "No items were selected": "Nenhum item foi selecionado",
  "No Label": "Sem Rótulo",
  "No label": "Sem rótulo",
  "No labels defined": "Nenhum rótulo definido",
  "No licences available. Functionality will be limited for new users.": "Não há licenças disponíveis. A funcionalidade será limitada para novos usuários.",
  "No licences found": "Nenhuma licença encontrada",
  "No licences to show": "Nenhuma licença para exibir",
  "No organisations found": "Nenhuma organização encontrada",
  "No pinned boards": "Nenhum quadro fixado",
  "No Pinned Boards found.": "Nenhum Quadro Fixado encontrado.",
  "No Recent Boards found.": "Nenhum Quadro Recente encontrado.",
  "No user trials found": "Nenhuma avaliação de usuário encontrada",
  "No users found": "Nenhum usuário encontrado",
  "No users to show": "Nenhum usuário para exibir",
  "None": "Nenhum",
  "North America": "América do Norte",
  "Not Licensed": "Não Licenciado",
  "Not Supported": "Não Suportado",
  "Note that file security is managed by {{provider}}, not by Kudos Boards": "Observe que a segurança do arquivo é gerenciada por {{provider}}, não pelos Quadros do Kudos",
  "Nothing to show": "Nada a mostrar",
  "Number of Attempts": "Número de Tentativas",
  "Number of cards": "Número de cartões",
  "Number of Expired Licences": "Número de Licenças Expiradas",
  "Number of Users": "Número de Usuários",
  "Number of Valid Licences": "Número de Licenças Válidas",
  "oAuth Client ID": "ID do Cliente oAuth",
  "OAuth Client ID": "ID do Cliente OAuth",
  "OAuth Client Secret": "Segredo do Cliente OAuth",
  "oAuth Client Secret": "Segredo do Cliente oAuth",
  "ok": "ok",
  "OK": "OK",
  "Only Entries": "Apenas Entradas",
  "Only the members of this board will be able to see and access this board.": "Apenas os membros deste quadro poderão vê-lo e acessá-lo.",
  "Only Todos": "Apenas Pendências",
  "Open": "Abrir",
  "Open Board Options": "Abrir Opções do Quadro",
  "Open Boards in:": "Abrir Quadros em:",
  "Open in Boards": "Abrir nos Quadros",
  "Open Licence": "Abrir Licença",
  "Open this board": "Abrir este quadro",
  "Opt in below to receive tips and tricks from the Kudos Boards team to make the most of your premium preview.": "Registre-se abaixo para receber dicas e truques da equipe dos Quadros do Kudos para aproveitar ao máximo sua visualização premium.",
  "Order": "Ordem",
  "Order Summary": "Solicitar Resumo",
  "Order via ISW Partner": "Solicitar via Parceiro de ISW",
  "Org Administration": "Administração da Organização",
  "Organisation": "Organização",
  "Organisation Name": "Nome da Organização",
  "Organisations": "Organizações",
  "Organise any project productively using the classic Todo, Doing, Done methodology": "Organize qualquer projeto de maneira produtiva usando a metodologia clássica de Pendência, Fazendo, Feito",
  "Our Terms & Conditions have changed": "Nossos Termos e Condições mudaram",
  "Overdue": "Vencido",
  "owner": "proprietário",
  "Owner": "Proprietário",
  "Owners": "Proprietários",
  "Page Not Found": "Página Não Localizada",
  "Paid": "Pago",
  "Paste link or drop file to upload": "Cole o link ou solte o arquivo para carregar",
  "Payment Method": "Método de Pagamento",
  "Period": "Ponto Final",
  "Person": "Pessoa",
  "Pin Board": "Fixar Quadro",
  "Pinned": "Fixado",
  "Pinned Boards": "Quadros Fixados",
  "Pinned boards": "Quadros fixados",
  "Plan and collaborate on tasks on a weekly basis": "Planeje e colabore em tarefas semanalmente",
  "Please approve the Kudos Boards app to allow it to be added as a tab.": "Aprove o aplicativo de Quadros do Kudos para permitir que ele seja incluído como uma guia.",
  "Please approve the Kudos Boards app to use advanced features.": "Aprove o aplicativo de Quadros do Kudos para usar recursos avançados.",
  "Please contact your Administrator": "Entre em contato com o seu Administrador",
  "Please contact your IBM Connections Admin to purchase a licence.": "Entre em contato com seu administrador do IBM Connections para adquirir uma licença.",
  "Please ensure you login with the same Office 365 user account as you are using in Microsoft Teams": "Certifique-se de ter feito login com a mesma conta de usuário do Office 365 que você está usando no Microsoft Teams",
  "Please enter a board name": "Insira um nome de quadro",
  "Please enter a valid email address": "Insira um endereço de e-mail válido",
  "Please enter a valid URL": "Insira uma URL válida",
  "Please enter the number of users in your Connections Cloud Organisation": "Insira o número de usuários em sua Organização do Connections Cloud",
  "Please enter the number of users you wish to name under this licence": "Insira o número de usuários que você deseja nomear sob esta licença",
  "Please read our Terms & Conditions": "Leia nossos Termos e Condições",
  "Please reload the page and try again, if this issue persists please let us know": "Recarregue a página e tente novamente. Se esse problema persistir, avise-nos.",
  "Please review your licences here": "Revise suas licenças aqui",
  "Please see the <a href='{{url}}'>new board</a>": "Veja o <a href='{{url}}'>novo quadro</a>",
  "Please sign in": "Conecte-se",
  "Please start a trial to use Boards in your {{provider}} organisation": "Inicie a avaliação para usar os Quadros em sua organização do {{provider}}",
  "Position": "Posição",
  "Post": "Postar",
  "Premium": "Premium",
  "Premium Preview Status": "Status de Visualização Premium",
  "Preview": "Visualização",
  "Preview available": "Visualização disponível",
  "Previous": "Anterior",
  "Pricing": "Definição de preço",
  "primary": "principal",
  "Primary": "Principal",
  "Print": "Imprimir",
  "Private (me only)": "Privado (apenas eu)",
  "Product Information": "Informações do Produto",
  "Product Version": "Versão do Produto",
  "Provider": "Provedor",
  "Provider not supported": "Provedor não suportado",
  "Public": "Público",
  "Public Access": "Acesso Público",
  "Public Activities": "Atividades Públicas",
  "Public Boards": "Quadros Públicos",
  "Public Templates": "Modelos Públicos",
  "Quarterly": "Trimestralmente",
  "Questions": "Perguntas",
  "Quick Edit": "Edição Rápida",
  "Radial": "Radial",
  "RE-CENTER": "RE-CENTER",
  "Reactivate Licence": "Reativar Licença",
  "reader": "leitor",
  "Reader": "Leitor",
  "Recent": "Recente",
  "Recent boards": "Quadros recentes",
  "Recent Boards": "Quadros Recentes",
  "Recurring Amount Due: {{recurring}}": "Total Recorrente Devido: {{recurring}}",
  "Redeeming Invitation...": "Recuperando Convite...",
  "Redirecting to Connections Cloud...": "Redirecionando para o Connections Cloud...",
  "Redirecting to Watson Workspace...": "Redirecionando para o Watson Workspace...",
  "Refresh": "Atualizar",
  "Region": "Região",
  "Reload": "Recarregar",
  "Remaining ({{num}})": "Remanescente ({{num}})",
  "Remove Admin": "Remover Administrador",
  "Remove Client": "Remover Cliente",
  "Remove Invite": "Remover Convite",
  "Remove Licence": "Remover Licença",
  "Replace": "Substituir",
  "Resend Invite": "Reenviar Convite",
  "Reset": "Reconfigurar",
  "Restore": "Restaurar",
  "Restore Card": "Restaurar Cartão",
  "Restore items": "Restaurar itens",
  "Restore List": "Restaurar Lista",
  "Restore mode": "Restaurar modo",
  "Reverse": "Reverter",
  "Revoke All": "Revogar Tudo",
  "Revoke Licence": "Revogar Licença",
  "Role": "Atribuição",
  "Roles": "Atribuições",
  "Rows": "Linhas",
  "Sales": "Vendas",
  "Save": "Salvar",
  "Save card for future purchases": "Salvar cartão para futuras compras",
  "Save Changes": "Salvar Mudanças",
  "Save link": "Salvar link",
  "Scroll To": "Rolar Para",
  "Search": "Procurar",
  "Search All Templates": "Procurar Todos os Modelos",
  "Search this view": "Procurar esta visualização",
  "Search...": "Procurar...",
  "Select a Board": "Selecionar um Quadro",
  "Select board": "Selecionar quadro",
  "Select Board": "Selecionar Quadro",
  "Select Board Label": "Selecionar Rótulo de Quadro",
  "Select Card Colours": "Selecionar Cores de Cartão",
  "Select Colour": "Selecionar Cor",
  "Select Colours": "Selecionar Cores",
  "Select Destination Board": "Selecionar Quadro de Destino",
  "Select destination folder": "Selecionar pasta de destino",
  "Select File": "Seleccionar ficheiro",
  "Select Folder": "Seleccionar pasta",
  "Select items for delete": "Selecionar itens para exclusão",
  "Select items for restore": "Selecionar itens para restauração",
  "Select List or Card": "Selecionar Lista ou Cartão",
  "Select the boards below that you would like to transfer membership over to your primary ({{toName}}) account": "Selecione os quadros abaixo pelos quais você gostaria de transferir a associação para sua conta ({{toName}}) principal",
  "Selected Activity": "Atividade Selecionada",
  "Send an email notifying each member that the Activity has been migrated to a Board.": "Envie um e-mail notificando cada membro de que a Atividade foi migrada para um Quadro.",
  "Send Invitation": "Enviar Convite",
  "Send Notification Email to Members": "Enviar E-mail de Notificação aos Membros",
  "Sending invitations": "Enviando convites",
  "Set as primary account": "Definir como conta principal",
  "Set Dates": "Definir Datas",
  "Set enter key press action to create a task when creating new cards in a list.": "Configure a ação de pressionar a tecla Enter para criar uma tarefa quando estiver criando novos cartões em uma lista.",
  "Setup Subscription": "Configurar Assinatura",
  "Share with": "Compartilhar com",
  "Shared by me": "Compartilhados por mim",
  "Shared with me": "Compartilhado comigo",
  "Show": "Mostrar",
  "Show all ancestors": "Mostrar todos os ancestrais",
  "Show all boards for this team": "Mostrar todos os quadros desta equipe",
  "Show Board Menu": "Mostrar Menu de Quadro",
  "Show Filter Options": "Mostrar Opções de Filtro",
  "Show Less": "Mostrar Menos",
  "Show Licences for your organisation": "Mostrar Licenças de sua organização",
  "Show More": "Mostrar mais",
  "Show on Card": "Mostrar no Cartão",
  "Show previous comments": "Mostrar comentários anteriores",
  "Show previous links & attachments": "Mostrar links e anexos anteriores",
  "Show Sub-cards": "Mostrar Subcartões",
  "Sign In": "Efetuar Sign In",
  "Sign in with": "Conectar-se com",
  "SIGN IN WITH:": "CONECTAR-SE COM:",
  "Sign Out": "Sair",
  "Sign Out of Kudos Boards": "Sair dos Quadros do Kudos",
  "Signing in...": "Efetuando sign in...",
  "Signing out...": "Saindo...",
  "Smartcloud": "Smartcloud",
  "Something went wrong.": "Algo saiu errado.",
  "Source Board/Template": "Quadro/Modelo de Origem",
  "Source Template": "Modelos de Origem",
  "Specific Board": "Quadro Específico",
  "Start a Trial": "Iniciar uma Avaliação",
  "Start a trial or purchase a subscription to start creating boards": "Iniciar uma avaliação ou adquirir uma assinatura para começar a criar quadros",
  "Start Boards Premium Preview": "Iniciar Visualização Premium de Quadros",
  "Start Date": "Data Inicial",
  "Start Free Trial": "Iniciar Avaliação Grátis",
  "Start my trial": "Iniciar minha avaliação",
  "Start Now": "Iniciar Agora",
  "Start page updated": "Iniciar atualização de página",
  "Start Page:": "Página Inicial:",
  "Starting Balance": "Iniciando Saldo",
  "Starting View": "Iniciando Visualização",
  "Status": "Status",
  "Step": "Etapa",
  "Sub Cards": "Subcartões",
  "Sub Tasks": "Subtarefas",
  "Submit": "Enviar",
  "Subscription": "Assinatura",
  "Subscription expired.": "Assinatura expirada.",
  "Subtotal": "Subtotal",
  "Summary": "Resumo",
  "Support for browsers is currently limited.  This browser is not yet supported. <br>Please use one of the following browsers:": "O suporte para navegadores está limitado no momento. Este navegador ainda não é suportado. <br> Use um dos seguintes navegadores:",
  "Tab Content": "Conteúdo da Guia",
  "Tab Name": "Nome da Guia",
  "Tags": "Marcações",
  "Tags (optional)": "Tags (opcional)",
  "Take away meaningful and collaborative notes from any meeting!": "Leve observações significativas e colaborativas de qualquer reunião!",
  "Task": "Tarefa",
  "Team Boards": "Quadros de Equipe",
  "Team Name": "Nome da Equipe",
  "Team Name is used as a method to log in to certain authentication providers. e.g. Auth0": "O Nome de Equipe é usado como um método para efetuar login em determinados provedores de autenticação, por exemplo, Auth0",
  "Template": "Modelo",
  "Templates": "Modelos",
  "Templates tagged with": "Modelos marcados com",
  "Text": "Texto",
  "Text Mode": "Modo de Texto",
  "That can't be pasted there.": "Isso não pode ser colado lá.",
  "The board has been deleted": "O quadro foi excluído",
  "The files below cannot be uploaded to Kudos Boards as they are larger than the limit of {{limit}}": "Os arquivos abaixo não podem ser transferidos por upload para os Quadros do Kudos, pois eles são maiores que o limite de {{limit}}",
  "The following links have already been added to this card:": "Os seguintes links já foram incluídos neste cartão:",
  "The invite was resent to": "O convite foi reenviado para",
  "The selected board(s) were successfully transferred": "Os quadros selecionados foram transferidos com êxito",
  "The selected items have been deleted": "Os itens selecionados foram excluídos",
  "The selected items have been restored": "Os itens selecionados foram restaurados",
  "There was an error when uploading the file. Server response: ": "Ocorreu um erro ao transferir o arquivo por upload. Resposta do servidor:",
  "This Activity has been migrated to Kudos Boards": "Esta Atividade foi migrada para os Quadros do Kudos",
  "This billing cycle affords a {{discount}}% discount": "Este ciclo de cobrança proporciona um desconto de {{discount}}%",
  "This Board": "Este Quadro",
  "This Board is available with AUTHOR access to everyone across all organisations.": "Este Quadro está disponível com acesso de AUTOR a qualquer um em todas as organizações.",
  "This Board is available with EDITOR access to everyone across all organisations.": "Este Quadro está disponível com acesso de EDITOR a qualquer um em todas as organizações.",
  "This Board is in one or more Groups": "Este Quadro está em um ou mais Grupos",
  "This Board is read-only to everyone across all organisations.": "Este Quadro é de somente leitura a qualquer um em todas as organizações.",
  "This Board will be visible to everyone in your organisation. <br>Non-members can create new content and edit their own content.": "Este Quadro estará visível a qualquer um em sua organização. <br>Aqueles que não são membros podem criar novo conteúdo e editar seu próprio conteúdo.",
  "This Board will be visible to everyone in your organisation. <br>Non-members can only view the board's contents.": "Este Quadro estará visível a qualquer um em sua organização. <br>Aqueles que não são membros só podem visualizar o conteúdo do quadro.",
  "This Board will be visible to everyone in your organisation. <br>Please note: This access level allows non-members to edit <b>all</b> board content.": "Este Quadro estará visível a qualquer um em sua organização. <br>Observe: Este nível de acesso permite aos não membros editar <b>todo</b> o conteúdo do quadro.",
  "This card will be restored with its parent": "Este cartão será restaurado com seu cartão pai",
  "This Community": "Esta Comunidade",
  "This feature is coming soon!": "Este recurso estará disponível em breve!",
  "This feature is currently not supported by the IBM Connections Cloud API": "Este recurso não é suportado atualmente pela API do IBM Connections Cloud",
  "This field is required": "Este campo é necessário",
  "This invoice has been closed. Payment will not be automatically attempted again. Contact support for more information": "Esta fatura está fechada. Não haverá nova tentativa automática de pagamento. Entre em contato com o suporte para obter mais informações",
  "This is a Free trial of Kudos Boards and will expire in {{numDays}} day(s).": "Esta é uma Avaliação gratuita dos Quadros do Kudos e perderá a validade em {{numDays}} dia(s).",
  "This is a read-only preview of this Activity. Import to Boards for full functionality": "Esta é uma visualização de somente leitura desta Atividade. Importe para os Quadros para ter funcionalidade completa",
  "This licence grants access to a set number of users as they use the app. You may view the user-licences already assigned.": "Esta licença concede acesso a um número definido de usuários enquanto eles usam o aplicativo. É possível visualizar as licenças de usuário já designadas.",
  "This licence has been cancelled.": "Esta licença foi cancelada.",
  "This licence only grants access to a selected group of named users. Access will not be granted to users not named by the Org Admins. You can view and edit the named users from the Admin settings.": "Esta licença concede acesso apenas a um selecionado grupo de usuários nomeados. Não será garantido acesso aos usuários que não forem nomeados pelos Administradores da Organização. É possível visualizar e editar os usuários nomeados nas configurações de Administrador.",
  "This option is only available when paying by credit card": "Esta opção está disponível apenas para pagamento com cartão de crédito",
  "This option is only editable if paying by credit card": "Esta opção é editável apenas para pagamento com cartão de crédito",
  "This team account is already linked": "A conta desta equipe já está vinculada",
  "This will go to your provider for an administrator to approve access to Kudos Boards": "Isto será encaminhado ao seu provedor para que um administrador aprove o acesso aos Quadros do Kudos",
  "This will permanently delete the board and all its data, are you sure?": "Isso fará com que o quadro e todos os seus dados sejam excluídos permanentemente. Tem certeza?",
  "This will remove this data permanently from the board, are you sure?": "Isso fará com que esses dados sejam removidos permanentemente do quadro. Tem certeza?",
  "Thursday": "Quinta-feira",
  "Tile Colours": "Cores de Bloco",
  "Timeline": "Linha do Tempo",
  "Timeline View": "Visualização da Linha do Tempo",
  "Title": "Posição",
  "to go to Connections Cloud, then access Kudos Boards via the link in the 'Apps' menu.": "para ir ao Connections Cloud e, em seguida, acesse os Quadros do Kudos por meio do link no menu \"Aplicativos\".",
  "To interact with this card the parent will need to be restored": "Para interagir com este cartão, o cartão pai precisa ser restaurado",
  "To unselect this card you will need to unselect its parent": "Para desmarcar este cartão, será necessário desmarcar o cartão pai",
  "to view this content": "para visualizar este conteúdo",
  "Today": "Hoje",
  "Todo": "Pendência",
  "Todos": "Pendências",
  "Todos by Date": "Pendências por Data",
  "Todos by Due Date": "Pendências por Data de Vencimento",
  "Toggle Completion": "Alternar Conclusão",
  "Toggle Editor": "Alternar Editor",
  "Toggle Sidebar": "Alternar Barra Lateral",
  "Tomorrow": "Amanhã",
  "Total": "Total",
  "Transfer Board Membership": "Transferir Associação do Quadro",
  "Transfer Membership": "Transferir Associação",
  "TRIAL": "AVALIAÇÃO",
  "Trial": "Avaliação",
  "Trial End Date: {{trialEnd}}": "Data Final da Avaliação: {{trialEnd}}",
  "Trial expired": "Avaliação expirada",
  "Trial expired.": "A avaliação expirou.",
  "Trial extended {{extensions}} time(s)": "Avaliação estendida {{extensions}} vez(es)",
  "Try again": "Tente novamente",
  "Tuesday": "Terça-feira",
  "Type": "Tipo",
  "Type to filter archive": "Digite para filtrar arquivo",
  "Type to filter list": "Digitar para filtrar lista",
  "Type to filter members": "Digite para filtrar membros",
  "Type to search": "Escreva para procurar",
  "Unassigned": "Não designado",
  "Undo": "Desfazer",
  "UNDO": "DESFAZER",
  "Unit price: {{unitPrice}} per user": "Preço unitário: {{unitPrice}} por usuário",
  "Unknown Connections Cloud organisation. Redirecting...": "Organização do Connections Cloud desconhecida. Redirecionando...",
  "Unknown Team": "Equipe Desconhecida",
  "Unlimited": "Ilimitado",
  "Unlink account": "Desvincular conta",
  "Unlink Board": "Desvincular Quadro",
  "Unlink {{fromName}} Account": "Desvincular Conta do {{fromName}}",
  "Unlock Kudos Boards Premium Preview": "Desbloquear Visualização Premium dos Quadros do Kudos",
  "Unpaid": "À Pagar",
  "Unpin Board": "Desafixar Quadro",
  "Unscheduled cards": "Cartões desprogramados",
  "Update": "Atualizar",
  "Updated": "Atualizado",
  "Updated Since Last Accessed": "Atualizado Desde o Último Acesso",
  "Updated {{ date }}": "Atualizado em {{ date }}",
  "Updating...": "Atualizando...",
  "Upload": "Fazer Upload",
  "Upload file from computer": "Transferir arquivo do computador por upload",
  "Upload to Kudos Boards": "Transferir por upload para os Quadros do Kudos",
  "Upload Users": "Transferir Usuários por Upload",
  "Upload Users from CSV": "Transferir Usuários do CSV por Upload",
  "uploaded successfully": "transferido por upload com êxito",
  "Uploading file:": "Transferindo arquivo por upload:",
  "URL": "URL",
  "URL of Connections header frame (optional)": "URL de estrutura de cabeçalho do Connections (opcional)",
  "Use another file service": "Usar outro serviço de arquivo",
  "Use current account": "Usar conta corrente",
  "Use Email": "Usar E-mail",
  "Use the Kudos Boards File Attachment Service for attaching files to cards": "Use o Serviço de Anexo de Arquivo dos Quadros do Kudos para anexar arquivos aos cartões",
  "Use {{provider}} instead": "Usar {{provider}} no lugar",
  "Used": "Usado",
  "User": "Usuário",
  "User Emails": "E-mails do Usuário",
  "User ExternalID": "ExternalID de Usuário",
  "User Licences": "Licenças de Usuário",
  "User Options": "Opções do Usuário",
  "User Trials": "Avaliações de Usuário",
  "User upload success!": "Transferência de usuário por upload bem sucedida!",
  "Username": "Nome de usuário",
  "Users": "Usuários",
  "Users may need to be added to the destination board to maintain access to their assigned todos.": "Os usuários podem precisar ser incluídos no quadro de destino para manter o acesso às suas pendências designadas.",
  "Users: {{num}}": "Usuários: {{num}}",
  "Vertical": "Vertical",
  "View": "Visualização",
  "View and Accept ↗": "Visualizar e Aceitar ↗",
  "View Details": "Visualizar Detalhes",
  "View licences": "Visualizar licenças",
  "View subscriptions": "Visualizar assinaturas",
  "View Subscriptions": "Visualizar Assinaturas",
  "Want to know more?": "Deseja saber mais?",
  "Warning: you are not authorised to add members in this board": "Aviso: você não tem autorização para incluir membros neste quadro",
  "We found one board linked your {{fromName}} user account. Once you unlink the account you may no longer have access to this board.": "Encontramos um quadro vinculado à sua conta de usuário da {{fromName}}. Após desvincular a conta, você poderá não mais ter acesso a esse quadro.",
  "We found {{count}} boards linked to your {{fromName}} user account. Once you unlink the account you may no longer have access to these boards.": "Encontramos quadros da {{count}} vinculados à sua conta de usuário da {{fromName}}. Após desvincular a conta, você poderá não mais ter acesso a esses quadros.",
  "We recommended you change the widget title from the actions menu above": "Recomendamos que você altere o título do widget usando o menu de ações acima",
  "Wednesday": "Quarta-feira",
  "Weekdays": "Dias úteis",
  "Welcome": "Bem-vindo",
  "Welcome to Kudos Boards": "Bem-vindo aos Quadros do Kudos",
  "When you unlock Kudos Boards Premium View, your current Activities will immediately be available in Board, Timeline and MindMap view.": "Quando você desbloqueia a Visualização Premium dos Quadros do Kudos, suas Atividades atuais ficam imediatamente disponíveis na visualização de Quadro, Linha do Tempo e MindMap.",
  "Widget Settings": "Configurações de Widget",
  "yearly": "anualmente",
  "Yearly": "Anualmente",
  "Yes": "Sim",
  "Yes Please": "Sim, por favor",
  "You are in DELETE mode, select items to delete": "Você está no modo de EXCLUSÃO, selecione itens para excluir",
  "You are in restore mode, select items to restore": "Você está no modo de restauração, selecione itens para restaurar",
  "You are not a direct member of this board. Please consider leaving any Groups that may be members of this board.": "Você não é um membro direto deste quadro. Considere sair de qualquer Grupo que possa ser membro deste quadro.",
  "You are not allowed to leave this Board. Please consider archiving board.": "Você não tem permissão para sair deste quadro. Considere arquivar o quadro.",
  "You are not authorised to access this resource": "Você não está autorizado a acessar esse recurso",
  "You are not licensed to access this resource.": "Você não está licenciado para acessar esse recurso.",
  "You are the only owner of this board. Please consider adding other owners or archiving this board instead.": "Você é o único proprietário deste quadro. Considere incluir outros proprietários ou, em vez disso, arquivar este quadro.",
  "You can enhance your workflow by unlocking Kudos Boards Premium Preview. In addition to your Activities view, you’ll also be able to work in the Boards, Timeline and Mind Map views!": "Você pode melhorar seu fluxo de trabalho desbloqueando a Visualização Premium dos Quadros do Kudos. Além da visualização de suas Atividades, você também poderá trabalhar nas visualizações de Quadro, Linha do Tempo e Mind Map!",
  "You have READ ONLY access to this Board": "Você tem acesso de SOMENTE LEITURA a este Quadro",
  "You have {{remaining}} day(s) remaining in your premium preview.": "Você tem {{remaining}} dia(s) restante(s) em sua visualização premium.",
  "Your account's email address and other admin emails for your org ({{emails}}) are already included": "O endereço de e-mail da sua conta e outros e-mails de administrador dos ({{emails}}) da sua organização já estão incluídos",
  "Your api key for kudos boards is shown below": "Sua chave de api para os quadros do kudos é mostrada abaixo",
  "Your changes have been saved": "Suas alterações foram salvas",
  "Your initial premium preview with {{orgName}} has expired. Click extend if you would like to continue access for an additional 30 days": "Sua visualização premium inicial com {{orgName}} expirou. Clique em Estender se você quiser continuar com o acesso por mais 30 dias",
  "Your premium preview expires today.": "Sua visualização premium expira hoje.",
  "Your premium preview has expired, Let your administrator know you'd like to continue using Kudos Boards Premium view.": "Sua visualização premium expirou. Informe seu administrador de que você quer continuar usando a visualização Premium dos Quadros do Kudos.",
  "Your session with {{provider}} has expired. Redirecting...": "Sua sessão com o {{provider}} expirou. Redirecionando...",
  "Your session with {{provider}} has expired. Some functionality (ie notifications, groups, files) will be restricted until you login again.": "Sua sessão com o {{provider}} expirou. Algumas funcionalidades (p.ex., notificações, grupos, arquivos) ficarão restritas até você efetuar login novamente.",
  "{{count}} more card(s) this way": "Mais {{count}} cartão(ões) dessa forma",
  "{{num}} users": "{{num}} usuários",
  "{{quantity}} x subscriptions to '{{plan.name}}' ({{planPrice}} / {{plan.interval}})": "{{quantity}} x assinaturas para '{{plan.name}}' ({{planPrice}} / {{plan.interval}})",
  "{{remaining}} days of trial remaining": "{{remaining}} dias restantes de avaliação",
  "{{remaining}} days remaining in your premium preview.": "{{remaining}} dias restantes de avaliação de sua visualização premium.",
  "{{userTrialCount}} user(s) have started a trial of Kudos Boards Premium": "{{userTrialCount}} usuário(s) iniciou (iniciaram) uma avaliação Premium dos Quadros do Kudos"
}