{
  "": "",
  "'{{userName}}' will not be able to view the message because they cannot access this Board": "'{{userName}}' nu va putea vedea mesajele deoarece nu poate accesa acest Panou",
  "(Copy Of) ": "(Copie la) ",
  "A problem occurred when creating invite": "A apărut o problemă la crearea invitației",
  "A problem occurred when deleting node": "A apărut o problemă la ștergerea nodului",
  "A problem occurred when getting a node": "A apărut o problemă la obținerea nodului",
  "A problem occurred when redeeming invite": "A apărut o problemă la recuperarea invitației",
  "A problem occurred when removing invite": "A apărut o problemă la înlăturarea invitației",
  "A problem occurred when removing member": "A apărut o problemă la înlăturarea membrului",
  "A problem occurred when saving invite": "A apărut o problemă la salvarea invitației",
  "A problem occurred when saving member": "A apărut o problemă la salvarea membrului",
  "A problem occurred when saving node": "A apărut o problemă la salvarea nodului",
  "A problem occurred when updating invite": "A apărut o problemă la actualizarea invitației",
  "A user with that email address already exists": "Un utilizator cu respectiva adresă de e-mail există deja ",
  "A user with that email address already exists as a member of this board": "Un utilizator cu respectiva adresă de e-mail există deja ca membru al acestui panou",
  "Accessed in the Last Month": "Accesat în ultima lună",
  "Accessed since": "Accesat de la",
  "Account Balance: {{credit}}": "Soldul contului: {{credit}}",
  "Account Unlinked": "Asociere anulată pentru cont",
  "Actions": "Acţiuni",
  "Active": "Activă",
  "Active Boards": "Panouri active",
  "Active Workspace Meetings": "Întâlniri active în spațiul de lucru",
  "Activity": "Activitate",
  "Activity data is loading...": "Datele de activitate se încarcă...",
  "Activity Migration": "Migrare activitate",
  "Activity Name": "Nume activitate",
  "Add": "Adăugare",
  "Add a Card": "Adăugare un card",
  "Add a Comment": "Adăugare comentariu",
  "Add a Description": "Adăugaţi o descriere",
  "Add a List": "Adăugare la o listă",
  "Add a list": "Adăugați o listă",
  "Add a Tag": "Adăugarea unui tag",
  "Add an attachment or link": "Adăugare un atașament sau link",
  "Add another": "Adăugaţi un alt",
  "Add Attachment": "Adăugare ataşament",
  "Add Bookmark": "Adăugare semn de carte",
  "Add Client": "Adăugare client",
  "Add Custom Field": "Adăugare câmp personalizat",
  "Add file": "Adăugare fişier",
  "Add individuals or groups as members, or invite by email": "Adăugare persoane sau grupuri ca membrii sau invitare prin e-mail",
  "Add Label": "Adăugare etichetă",
  "Add label '{{filter}}'": "Adăugare etichetă '{{filter}}'",
  "Add Licence": "Adăugare licență",
  "Add Member": "Adăugare membru",
  "Add members": "Adăugare membri",
  "Add Organisation": "Adăugare organizaţie",
  "Add people to your board or invite by email": "Adăugare persoane la panoul dvs.i sau invitare prin e-mail",
  "Add User": "Adăugare utilizator",
  "Admin approval failed": "Aprobarea administratorului a eșuat",
  "Admin Users": "Utilizatori administrator",
  "Administrator approval required.": "Este necesară aprobarea administratorului.",
  "Administrators": "Administratori",
  "Advanced": "Avansată",
  "Agenda": "Agendă",
  "All": "Toate",
  "All Activities": "Toate activităţile",
  "All Boards": "Toate panourile",
  "All cards are scheduled.": "Toate cardurile sunt programate.",
  "All Templates": "Toate şabloanele",
  "Allow Invite by Email": "Permite invitare prin e-mail",
  "Already linked": "Deja asociat",
  "Amount": "Sumă",
  "Amount Due": "Suma scadentă",
  "Amount Due Now: {{due}}": "Suma scadentă acum: {{due}}",
  "Amount Paid": "Suma achitată",
  "An account of this type already linked": "Este deja asociat un cont de acest tip",
  "An invitation for the specified email address already exists on this board": "În acest panou există deja o invitație pentru adresa de e-mail specificată",
  "and is already a member of this board": "este deja un membru al acestui panou",
  "Apply Template": "Aplicare șablon",
  "Approve": "Aprobare",
  "Approve Advanced Features": "Aprobați Caracteristici avansate",
  "Archive": "Arhivă",
  "Archive Card": "Card arhivat",
  "Archive Cards in List": "Arhivare carduri din listă",
  "Archive List": "Arhivare listă",
  "Archived": "Arhivată",
  "Archived Boards": "Panouri arhivate",
  "Archived Templates": "Șabloane arhivate",
  "Are you sure you want to cancel this licence? This will take effect at the end of the current period.": "Sigur doriți să anulați această licență? Acest lucru va intra în vigoare la finalul perioadei curente.",
  "Are you sure you want to delete this licence? CAUTION: This will delete any associated credit card information": "Sigur doriți să ștergeți această licență? ATENȚIE: Se vor șterge toate informațiile asociate cu cardul de credit",
  "Are you sure you want to reactivate this licence?": "Sunteţi sigur că doriţi să reactivați această licență?",
  "Are you sure you want to unlink your {{provider}} account?": "Sigur doriți să anulați asocierea cu contul {{provider}}?",
  "Are you sure you wish to leave '{{boardName}}'? This action cannot be undone by you.": "Sigur doriți să părăsiți '{{boardName}}'? Această acțiune nu poate fi anulată de dvs.",
  "Are you sure?": "Sunteţi sigur?",
  "Are You Sure?": "Sunteţi sigur?",
  "Are you sure? This will reinstate the previous billing schedule": "Sunteți sigur? Se va restabili programul anterior de facturare",
  "Are you sure? This will take effect at the end of the current billing cycle": "Sunteți sigur? Acest lucru va intra în vigoare la finalul ciclului curent de facturare",
  "Asia Pacific": "Asia Pacific",
  "Assign Users": "Atribuire utilizatorilor",
  "Assigned": "Atribuită",
  "Assigned to": "Atribuit lui",
  "Assigned To Me": "Atribuit mie",
  "Assigned Users that will be added to the Destination Board": "Utilizatorii atribuiți care vor fi adăugați pe Panoul destinație",
  "Assignees": "Atribuiți",
  "Assignments": "Alocări",
  "Attach": "Ataşare",
  "Attachments": "Ataşamente",
  "Auth0 url": "Auth0 url",
  "Authentication Clients": "Clienți de autentificare",
  "Author": "Autor",
  "author": "autor",
  "awaiting acceptance": "așteaptă acceptarea",
  "Back": "Înapoi",
  "Back to Boards": "Înapoi la panouri",
  "Back to Colour Selection": "Înapoi la selectarea culorii",
  "Bad Request": "Cerere greşită",
  "Best viewed in fullscreen": "Se vede cel mai bine în ecran complet",
  "Billing Cycle": "Ciclu de facturare",
  "Billing period: {{interval}}": "Perioada de facturare: {{interval}}",
  "Blank": "Gol",
  "Board": "Panou",
  "Board Archive": "Arhiva panoului",
  "Board Labels": "Etichetele panoului",
  "Board Members": "Membri panou",
  "Board Name": "Numele panoului",
  "Boards": "Panouri",
  "Boards linked directly to this user": "Panouri asociate direct cu acest utilizator",
  "Boards linked through group membership": "Panouri asociate prin apartenența la grup",
  "Boards premium preview": "Previzualizare premium panouri",
  "Bookmarks": "Semne de carte",
  "Buy Licence": "Cumpărare licență",
  "Buy Online": "Cumpărare online",
  "by": "după",
  "Cancel": "Anulare",
  "Cancel Licence": "Anulare licență",
  "Cancelled": "Anulat",
  "Cannot Leave Board": "Nu se poate părăsi panoul",
  "Card Name": "Numele cardului",
  "Card Number": "Numărul de card",
  "Cards": "Carduri",
  "Central Europe": "Europa Centrală",
  "Choose a board": "Alegeți un panou",
  "Choose a Template": "Alegeți un şablon",
  "Classic": "Clasic",
  "Clear Search": "Curăţare avansată",
  "Clear Selected": "Curăţare selectată",
  "Clear Selected Filters": "Curăţare filtre selectate",
  "Click for details": "Faceţi clic pentru detalii",
  "Click for more information about approving advanced features": "Faceți clic pentru informații suplimentare despre aprobarea funcțiilor avansate",
  "Click here": "Faceţi clic aici",
  "Click here for details": "Faceţi clic aici pentru detalii",
  "Click here for details.": "Faceţi clic aici pentru detalii.",
  "Click here to buy a licence online or get a quote": "Faceți clic aici pentru a cumpăra online o licență sau pentru a obține o cotație",
  "Click here to start a 30 day free trial for your organisation. Contact support for trials with more users.": "Faceți clic aici pentru a începe o perioadă de încercare de 30 de zile pentru organizația dvs. Contactați suportul pentru încercări cu mai mulți utilizatori.",
  "Click to see more details": "Faceţi clic pentru a vedea mai multe detalii",
  "Client": "Client",
  "Clients": "Clienți",
  "Close": "Închidere",
  "Close Activity After Import": "Închideți activitatea după importare",
  "Close Board Menu": "Închideți meniul panoului",
  "Close the activity after the import has completed successfully. You can still access it through 'Trash'": "Închideți activitatea după ce importarea s-a făcut cu succes. Puteți să o accesați în continuare din 'Coșul de gunoi'",
  "Closed": "Închise",
  "Collaborate on projects involving different departments": "Colaborați la proiecte care implică departamente diferite",
  "Collapse": "Restrângere",
  "Colour": "Culoare",
  "Colour Labels": "Etichete de culoare",
  "Colour-Tags": "Tag-uri de culoare",
  "Colours": "Culori",
  "Column View": "Vizualizare coloană",
  "Comments": "Comentarii",
  "Community Activities": "Activităţi de comunitate",
  "Community Templates": "Șabloane de comunitate",
  "Complete Todos": "De făcut finalizate",
  "Completed": "Finalizate",
  "Configuration": "Configurare",
  "Confirm": "Confirmare",
  "Confirmation Required": "Confirmare necesară",
  "Connections Cloud session expired. Click here to validate.": "Sesiunea Connections Cloud a expirat. Faceți clic aici pentru validare.",
  "Connections On-Premise": "Connections On-Premise",
  "Connections URL": "URL Connections",
  "Contact Email": "E-mail contact",
  "Contact Name": "Nume contact",
  "Contact Support": "Suport contact",
  "Contact your System Administrator for more information or email us at": "Contactaţi-vă administratorul de sistem pentru informaţii suplimentare sau trimiteți-ne un e-mail la",
  "Content": "Conţinut",
  "Continue": "Continuare",
  "Continue Without Transferring": "Continuare fără transferare",
  "Convert into Entry": "Convertire în înregistrare",
  "Convert into Todo": "Convertire în De făcut",
  "Copy embed code": "Copiere cod inclus",
  "Copy embed code to clipboard": "Copiere cod inclus în clipboard",
  "Create": "Creare",
  "Create a new board": "Creați un panou nou",
  "Create Board": "Creare panou",
  "Create Board from Template": "Creați panou din șablon",
  "Create Boards for anything, manage your workflow, and streamline processes with template creation.": "Creați panouri pentru orice, gestionați-vă fluxul de lucru și optimizați procesele prin crearea de șabloane.",
  "Create card": "Creare card",
  "Create Copy": "Creare copie",
  "Create Link to Board": "Creare link la panou",
  "Create Template": "Creare şablon",
  "Create Template from Board": "Creare șablon din panou",
  "Create your own structure for organising projects, workflows, ideas and more!": "Creați propria dvs. structură pentru organizarea proiectelor, fluxurilor de lucru, ideilor și multe altele!",
  "Create {{numCards}} cards?": "Creați {{numCards}} carduri?",
  "Create {{numCards}} lists?": "Creați {{numCards}} liste?",
  "Created": "Creat(ă)",
  "Created By Me": "Creat de mine",
  "Created {{ date }}": "Creat(ă) {{ date }}",
  "Created: {{date}}": "Creat(ă): {{date}}",
  "Credit Card Ending in {{last4}}": "Card de credit care se termină în {{last4}}",
  "Current Account:": "Cont curent:",
  "Currently the ability to search for groups in {{provider}} is not available until an administrator grants permissions for your organisation. ": "Posibilitatea curentă de a căută grupuri în {{provider}} nu este disponibilă până când un administrator acordă permisiunile pentru organizația dvs.",
  "Curve": "Curbă",
  "Custom Fields": "Câmpuri personalizate",
  "Customer ID": "ID client",
  "CVC": "CVC",
  "Date": "Data",
  "Decisions": "Decizii",
  "Default templates to exclude": "Șabloane implicite de exclus",
  "Delete": "Ştergere",
  "Delete Board": "Ştergere panou",
  "Delete Card": "Ştergere card",
  "Delete Comment": "Ştergere comentariu",
  "Delete File": "Ştergere fişiere",
  "Delete items": "Ştergere articole",
  "Delete Label": "Ştergere etichetă",
  "Delete Link": "Ştergere legătură",
  "Delete List": "Ştergere listă",
  "Delete mode": "Ştergere mod",
  "Delete Selected Items": "Şterge articolele selectate",
  "Deleted": "Ştearsă",
  "Deleting": "Ştergere",
  "Departments": "Departamente",
  "Description": "Descriere",
  "Description (optional)": "Descriere (opțional)",
  "Details": "Detalii",
  "Direct Order via ISW": "Comandă directă prin ISW",
  "Discount": "Reducere",
  "Discount Code (optional)": "Cod de reducere (opțional)",
  "Discount: {{discount}}": "Reducere: {{discount}}",
  "Display an existing board": "Afișează un panou existent",
  "Documentation": "Documentaţie",
  "Doing": "Se face",
  "Done": "Gata",
  "Done ({{num}})": "Realizat ({{num}})",
  "Download": "descărcare",
  "Download file": "Descărcare fişier",
  "Drop file here to save": "Eliberați fișierul aici pentru salvare",
  "Due": "Scadent",
  "Due Date": "Dată scadenţă",
  "Due date": "Dată scadenţă",
  "Earliest Licence Expired on": "Cea mai recentă licență a expirat pe",
  "Earliest Upcoming Expiry": "Cea mai recentă expirare care se apropie",
  "Edit": "Editare",
  "Edit Board Colour Labels": "Editare etichete de culoare pentru panou",
  "Edit Client": "Editare client",
  "Edit Client Licence": "Editare licență client",
  "Edit Colour Labels": "Editare etichete de culoare",
  "Edit Comment": "Editare comentariu",
  "Edit Description": "Editare descriere",
  "Edit Filename": "Editare nume de fişier",
  "Edit Label": "Editare etichetă",
  "Edit label": "Editare etichetă",
  "Edit Licence": "Editare licență",
  "Edit Link": "Editare legătură",
  "Edit name": "Editare nume",
  "Edit Tile Colour Labels": "Editare etichete de culoare pentru dală",
  "Edit User Licence": "Editare licență utilizator",
  "Edited": "Editat",
  "Editor": "Editor",
  "editor": "editor",
  "Email": "E-mail",
  "Email Address": "Adresă e-mail",
  "Email address is required": "Adresa de e-mail este necesară",
  "Email addresses to copy invoices to": "Adresele de e-mail unde se vor copia facturile",
  "Email addresses to copy quote to": "Adresele de e-mail unde se vor copia cotațiile",
  "Email Us": "Trimiteţi-ne un e-mail",
  "Embed code copied to clipboard": "Codul inclus copiat în clipboard",
  "Empty Lists": "Liste goale",
  "empty name": "nume gol",
  "Enable Boards File Uploads": "Activează încărcări de fișiere în panouri",
  "Enabled": "Activată",
  "End Date": "Dată de sfârşit",
  "Ending Balance": "Soldul la final",
  "Enter a title for the link (Optional)": "Introduceți un nume pentru link (Opțional)",
  "Enter an email address": "Introduceţi o adresă de e-mail",
  "Enter Label": "Introduceți eticheta",
  "Enter label name": "Introduceţi numele etichetei",
  "Enter New Name": "Introduceţi un nume nou",
  "Enter Text": "Introducere text",
  "Entry": "Intrare",
  "Error": "Eroare",
  "Error creating board": "Eroare de creare panou",
  "Error processing quote request. Please email sales@kudosbadges.com": "Eroare la procesarea solicitării de cotație. Trimiteți un e-mail la sales@kudosbadges.com",
  "Error processing your request": "Eroare la procesarea cererii dvs.",
  "Error starting trial": "Eroare la începerea perioadei de încercare",
  "Error uploading file": "Eroare la încărcarea fişierului",
  "Error: an unknown error occurred - cannot move": "Eroare: a apărut o eroare necunoscută - nu se poate muta",
  "Error: you are not authorised to add content to this board": "Eroare: nu sunteți autorizați să adăugați conținut la acest panou",
  "Existing Kudos Partner (optional)": "Partener Kudos existent (opțional)",
  "Existing Login Detected": "Conectare existentă detectată",
  "Existing Tab": "Secțiune existentă",
  "Expand": "Expandare",
  "Expand/Collapse": "Extindere/Restrângere",
  "Expand/Collapse All Lists": "Extindere/restrângere pentru toate listele",
  "Expired": "Expirat",
  "Expires": "Expiră",
  "Expires: {{date}}": "Expiră: {{date}}",
  "Expires: {{{date}}}": "Expireă: {{{date}}}",
  "Expiry": "Expirare",
  "Expiry Date": "Data expirării",
  "Explore the Template Library": "Explorați biblioteca de șabloane",
  "Extend": "Extins",
  "ExternalId": "IdExtern",
  "Fields": "Câmpuri",
  "Filter Activities to migrate": "Filtrați activitățile pentru migrare",
  "Finance": "Financiar",
  "Find a Group": "Găsiți un grup",
  "Find a User": "Găsiți un utilizator",
  "Finding your Connections Cloud Organisation...": "Găsiți-vă organizația Connections Cloud...",
  "Free": "Gratis",
  "Free Trial": "Versiune de încercare gratuită",
  "Friday": "Vineri",
  "From Provider": "Din furnizor",
  "Functionality is currently limited.": "Funcționalitatea este momentan limitată.",
  "Furthest Upcoming Expiry": "Cea mai îndepărtată expirare care se apropie",
  "Future": "Viitor",
  "General": "General",
  "Get a Licence Quote": "Obțineți o cotație de licență",
  "Get a Quote": "Obțineți o cotație",
  "Give users the ability to invite external users to a Board by email address": "Oferă utilizatorilor abilitatea de a invita utilizatorii extern la un Panou în funcție de adresa de e-mail",
  "Global Access": "Acces global",
  "Global OAuth": "OAuth Globală",
  "Go to licence": "Accesare licență",
  "Go to Today": "Deplasare la Azi",
  "Goals": "Obiective",
  "Group": "Grup",
  "Group Boards": "Panouri de grup",
  "Group By": "Grupare după",
  "Group Owners: Owners of this Board.</br>Group Members: Authors of this Board": "Proprietari de grup: Proprietarii acestui panou.</br>Membrii grupului: Autorii acestui panou",
  "Groups": "Grupuri",
  "Help": "Ajutor",
  "Hide": "Ascundere",
  "Hide Completed Todos": "Ascunde De făcut care s-au terminat",
  "Hide Dates": "Ascunde datele",
  "Horizontal": "Orizontală",
  "How would you like to proceed?": "Cum doriţi să continuaţi?",
  "HR": "ORĂ",
  "I accept the above Terms & Conditions": "Accept Termenii și condițiile de mai sus",
  "I accept the terms of service": "Accept termenii serviciului",
  "ID": "ID",
  "If this setting is switched off, cards are created as entries on enter press.": "Dacă această setare este oprită, cardurile sunt create ca înregistrări când se apasă enter.",
  "Ignore Completed": "Ignorare finalizată",
  "Ignore Deleted": "Ignoră ce s-a șters",
  "Ignore Templates": "Ignorare șabloane",
  "Import": "Import",
  "Import an Activity": "Importați o activitate",
  "Import an Activity Template": "Importați un Şablon de activitate",
  "Import from Activities": "Importare din Activităţi",
  "Import From Activities": "Importare din Activităţi",
  "In a Group": "Într-un grup",
  "Include email body in description": "Include corpul e-mailului în descriere",
  "Inherit": "Moștenire",
  "Inherit from Group": "Moștenire din grup",
  "Inherited from Group": "Moștenit din grup",
  "Integration Env": "Med de intregrare",
  "Internal server error": "Eroare de server internă",
  "Invitation sent to": "Invitaţie trimisă la",
  "Invite": "Invitaţie",
  "Invite by Email": "Invitare după e-mail",
  "Invite sent on": "Invitaţie trimisă la",
  "Invoice": "Factură",
  "Invoice Details": "Detalii factură",
  "Invoices": "Facturi",
  "Invoices for": "Facturi pentru",
  "Is Enabled": "Este activat",
  "Is Trial": "Este versiune de încercare",
  "IT": "IT",
  "It is valid until {{expiry}}.": "Este valabilă până la {{expiry}}.",
  "Items": "Articole",
  "Join Workspace Meetings": "Înscrieți-vă la întâlnirile din spațiul de lucru",
  "Kanban": "Kanban",
  "Kanban View": "Vizualizare Kanban",
  "Kudos Boards": "Kudos Boards",
  "Kudos Boards - Terms & Conditions": "Kudos Boards - Termeni și condiții",
  "Kudos Boards API": "Kudos Boards API",
  "Kudos Boards cannot be added as a tab until an administrator approves required functionality": "Kudos Boards nu pot fi adăugate ca o secțiune înainte ca un administrator să aprobe funcționalitatea necesară",
  "Kudos Boards has been updated in the background. Please reload the app!": "Kudos Boards au fost actualizate în fundal. Vă rugăm să reîncărcați aplicația!",
  "Kudos Partner Reference Code (optional)": "Cod de referință partener Kudos (opțional)",
  "Kudos Team Name": "Numele echipei Kudos",
  "Label deleted": "Etichetă ştearsă",
  "Labels": "Etichete",
  "Last Accessed": "Ultima accesare",
  "Last Licence Expired on": "Ultima licență a expirat pe",
  "Later This Month": "Mai târziu, luna aceasta",
  "Later This Week": "Mai târziu, săptămâna aceasta",
  "Layout": "Dispunere",
  "Leave Board": "Părăsire panou",
  "Licence Assigned": "Licență atribuită",
  "Licence Details": "Detalii licență",
  "Licence expired": "Licență expirată",
  "Licence Type": "Tipul de licență",
  "Licences": "Licenţe",
  "Licenses": "Licenţe",
  "Licensing": "Se licențiază",
  "Limit": "Limită",
  "Line": "Linie",
  "Line Items": "Articole de linie",
  "Lines in file:": "Linii în fișier:",
  "Link": "Legătură",
  "Link Accounts": "Asociere conturi",
  "Link another account": "Asociați un alt cont",
  "Link another Kudos Boards account": "Asociați un alt cont Kudos Boards",
  "Link Exists": "Asocierea există",
  "Link to Board": "Legătură la Panou",
  "Link to Card, List or Board": "Asociere card, listă sau panou",
  "Link to File": "Legătură la fişier",
  "Link to Folder": "Legătură la folder",
  "Link {{provider}} with the current account": "Asociere {{provider}} cu contul curent",
  "Linked Accounts": "Conturi asociate",
  "Linked Groups": "Grupuri asociate",
  "Links": "Legături",
  "Links & Attachments": "Asocieri și atașamente",
  "List": "Listă",
  "List all Boards": "Listează toate panourile",
  "List Name": "Nume listă",
  "List View": "Vizualizare listă",
  "Lists": "Liste",
  "Lite": "Lite",
  "Local": "Local",
  "Logging in, please wait...": "Se conectează, vă rugăm aşteptaţi...",
  "Login": "Logare",
  "Logout": "Deconectare",
  "Look in": "Căutare în",
  "Make the most of your Kudos Boards Premium Preview": "Profitați la maxim de Previzualizarea premium Kudos Boards",
  "Manage Org": "Gestionare org",
  "Manage Payments": "Gestionare plăți",
  "Mark Board as Complete": "Marcare panou ca finalizat",
  "Mark Board as Incomplete": "Marcare panou ca nefinalizat",
  "Mark Complete": "Marcare finalizată",
  "Mark Incomplete": "Marcare nefinalizată",
  "Marketing": "Marketing",
  "Match All Filters": "Potrivește toate filtrele",
  "Meeting": "Întrunire",
  "Members": "Membri",
  "Merge": "Combinare",
  "Microsoft Office365": "Microsoft Office 365",
  "Migrate ALL ({{num}})": "Migrează TOT ({{num}})",
  "Migrate Selected ({{num}})": "Migrează selecția ({{num}})",
  "Mind Map": "Hartă mentală",
  "MindMap": "HartăMentală",
  "Mindmap": "Martămentală",
  "Mindmap View": "Vizualizare Hartămentală",
  "Minimum number of users for the selected licence type is {{minimumSeats}}": "Numărul minim de utilizatori pentru tipul de licență ales este {{minimumSeats}}",
  "Mirror": "Oglindă",
  "Modified": "Modificare",
  "Modify": "Modificare",
  "Modify Licence": "Modificare licență",
  "Monday": "Luni",
  "monthly": "lunar",
  "Monthly": "Lunar",
  "More": "Mai multe",
  "Move": "Mutare",
  "Move and Open": "Mutare și deschidere",
  "Move Card": "Mutare card",
  "Move List": "Mutare listă",
  "Move To Another Board": "Mutare la un alt panou",
  "Move to another list or parent card": "Mutare la o altă listă sau card părinte",
  "My": "Semnele mele",
  "My Account": "Contul meu",
  "My Activities": "Activităţile mele",
  "My Boards": "Panourile mele",
  "My Subscriptions": "Abonamentele mele",
  "My Templates": "Şabloanele mele",
  "My Todos": "Articolele mele De făcut",
  "Name": "Nume",
  "Name on Card": "Numele pe card",
  "Named Users": "Utilizatori specificați",
  "Named Users Licence": "Licența cu utilizatorii specificați",
  "Never": "Niciodată",
  "New Board": "Panou nou",
  "New card created, however the search filter currently applied is preventing it from being displayed": "S-a creat un card nou, însă filtrul de căutare aplicat în acest moment împiedică afișarea acestuia",
  "New cards created as tasks on enter key press": "S-au creat carduri noi ca activități la apăsarea tastei enter",
  "New Client": "Client nou",
  "New Client Licence": "Licență client nou",
  "New Credit Card": "Card de credit nou",
  "New Label": "Etichetă nouă",
  "New Label Text": "Text etichetă nouă",
  "New Licence": "Licență nouă",
  "New Since Last Week": "Nou de la ultima săptămână",
  "New Sub-Card": "Sub-card nou",
  "New Tab": "Secțiune nouă",
  "New Template": "Șablon nou",
  "New User Licence": "Licență cu utilizatorul nouă",
  "Next": "Următor",
  "Next Invoice Amount: {{nextAmount}}": "Următoarea sumă facturată: {{nextAmount}}",
  "Next Invoice Date: {{date}}": "Următoarea dată de facturare: {{date}}",
  "Next Payment": "Următoarea plată",
  "Next Payment Attempt": "Următoarea încercare de plată",
  "Next Payment: {{{date}}}": "Următoarea plată: {{{date}}}",
  "Next Week": "Săptămâna următoare",
  "No": "Nu",
  "No action available": "Nicio acţiune disponibilă",
  "No Active Meetings found. Click below to go to a Workspace": "Nu s-a găsit nicio întâlnire activă. Faceți clic mai jos pentru a accesa un Spațiu de lucru",
  "No Activities found": "Nicio activitate găsită",
  "No Archived items to show": "Niciun articol arhivat de afișat",
  "No Assignment": "Nicio atribuire",
  "No boards found for this group": "Nu s-a găsit niciun panou pentru acest grup",
  "No Boards found.": "Niciun panou găsit.",
  "No boards yet, please create one first": "Niciun panou până acum, vă rugăm să creați unul mai întâi",
  "No clients found": "Nu s-au găsit clienți",
  "No Colour": "Nicio culoare",
  "No Date": "Nicio dată",
  "No files found": "Nu au fost găsite fişiere",
  "No folders found": "Nu a fost găsit niciun folder",
  "No Group": "Niciun grup",
  "No invoices to display": "Nicio factură de afișat",
  "No items were selected": "Nu a fost selectat niciun articol",
  "No Label": "Nicio etichetă",
  "No label": "Nicio etichetă",
  "No labels defined": "Nicio etichetă definită",
  "No licences available. Functionality will be limited for new users.": "Nicio licență disponibilă. Funcționalitatea va fi limitată pentru utilizatorii noi.",
  "No licences found": "Nu s-a găsit nicio licență",
  "No licences to show": "Nicio licență de afișat",
  "No organisations found": "Nu s-a găsit nicio organizație",
  "No pinned boards": "Niciun panou țintuit",
  "No Pinned Boards found.": "Nu s-a găsit niciun panou țintuit",
  "No Recent Boards found.": "Nu s-a găsit niciun panou recent.",
  "No user trials found": "Nu s-au găsit încercări pentru utilizatori",
  "No users found": "N s-au găsit utilizatori",
  "No users to show": "Niciun utilizator de afișat",
  "None": "Fără",
  "North America": "America de Nord",
  "Not Licensed": "Nu este licențiat",
  "Not Supported": "Nu este suportat",
  "Note that file security is managed by {{provider}}, not by Kudos Boards": "Rețineți că securitatea fișierului este gestionată de {{provider}}, nu de Kudos Boards",
  "Nothing to show": "Nimic de afișat",
  "Number of Attempts": "Număr de încercări",
  "Number of cards": "Număr de carduri",
  "Number of Expired Licences": "Numărul de licențe expirate",
  "Number of Users": "Număr utilizatori",
  "Number of Valid Licences": "Numărul de licențe valide",
  "oAuth Client ID": "Client ID oAuth",
  "OAuth Client ID": "Client ID OAuth",
  "OAuth Client Secret": "Secret client OAuth",
  "oAuth Client Secret": "Secret client oAuth",
  "ok": "ok",
  "OK": "OK",
  "Only Entries": "Doar intrări",
  "Only the members of this board will be able to see and access this board.": "Doar membrii acestui panou vor putea vedea și accesa acest panou.",
  "Only Todos": "Doar De făcut",
  "Open": "Deschidere",
  "Open Board Options": "Opțiuni panou deschis",
  "Open Boards in:": "Panouri deschise în:",
  "Open in Boards": "Deschis în panouri",
  "Open Licence": "Licență deschisă",
  "Open this board": "Deschideți acest panou",
  "Opt in below to receive tips and tricks from the Kudos Boards team to make the most of your premium preview.": "Optați mai jos să primiți informații și sfaturi de la echipa Kudos Boards pentru a profita la maxim de previzualizarea premium.",
  "Order": "Ordine",
  "Order Summary": "Sumar comandă",
  "Order via ISW Partner": "Comandă prin partener ISW",
  "Org Administration": "Administrare Org",
  "Organisation": "Organizaţie",
  "Organisation Name": "Nume organizaţie",
  "Organisations": "Organizaţii",
  "Organise any project productively using the classic Todo, Doing, Done methodology": "Organizați productiv orice proiect folosind metodologia clasică De făcut, Se face, Realizat",
  "Our Terms & Conditions have changed": "Termenii și condițiile noastre s-au modificat",
  "Overdue": "Depăşit",
  "owner": "proprietar",
  "Owner": "Proprietar",
  "Owners": "Posesori",
  "Page Not Found": "Pagina nu a fost găsită",
  "Paid": "Achitat",
  "Paste link or drop file to upload": "Lipiți linkul sau eliberați fișierul pentru încărcare",
  "Payment Method": "Metodă de plată",
  "Period": "Punct",
  "Person": "Persoană",
  "Pin Board": "Țintuire panou",
  "Pinned": "Ţintuite",
  "Pinned Boards": "Panouri țintuite",
  "Pinned boards": "Panouri țintuite",
  "Plan and collaborate on tasks on a weekly basis": "Planificați și colaborați la activități în fiecare săptămână",
  "Please approve the Kudos Boards app to allow it to be added as a tab.": "Vă rugăm să aprobați aplicația Kudos Boards pentru a-i permite să fie adăugată ca o secțiune.",
  "Please approve the Kudos Boards app to use advanced features.": "Vă rugăm să aprobați Kudos Boards să folosească funcțiile avansate.",
  "Please contact your Administrator": "Vă rugăm să contactaţi administratorul",
  "Please contact your IBM Connections Admin to purchase a licence.": "Contactați IBM Connections Admin pentru a cumpăra o licență.",
  "Please ensure you login with the same Office 365 user account as you are using in Microsoft Teams": "Vă rugăm să vă asigurați că vă conectați cu același cont de utilizator Office 365 ca cel pe care îl folosiți la Microsoft Teams",
  "Please enter a board name": "Vă rugăm introduceţi un nume de panou",
  "Please enter a valid email address": "Vă rugăm să introduceţi o adresă de e-mail validă",
  "Please enter a valid URL": "Vă rugăm să introduceţi un URL valid",
  "Please enter the number of users in your Connections Cloud Organisation": "Introduceți numărul de utilizatori din Organizația Connections Cloud",
  "Please enter the number of users you wish to name under this licence": "Vă rugăm să introduceți numărul de utilizatori pe care doriți să-i aveți sub această licență",
  "Please read our Terms & Conditions": "Vă rugăm să citiți Termenii și Condițiile",
  "Please reload the page and try again, if this issue persists please let us know": "Vă rugăm să reîncărcați pagina și să încercați din nou. Dacă problema persistă, vă rugăm să ne spuneți",
  "Please review your licences here": "Vă rugăm să analizați licențele aici",
  "Please see the <a href='{{url}}'>new board</a>": "Vă rugăm să consultați <a href='{{url}}'>panoul nou</a>",
  "Please sign in": "Vă rugăm să vă autentificați",
  "Please start a trial to use Boards in your {{provider}} organisation": "Vă rugăm să începeți versiunea de încercare pentru a folosi Panourile în organizația {{provider}}",
  "Position": "Poziţie",
  "Post": "Postare",
  "Premium": "Premium",
  "Premium Preview Status": "Stare previzualizare premium",
  "Preview": "Previzualizare",
  "Preview available": "Previzualizare disponibilă",
  "Previous": "Anterior",
  "Pricing": "Prețuri",
  "primary": "primar",
  "Primary": "Primar",
  "Print": "Tipărire",
  "Private (me only)": "Privat (doar eu)",
  "Product Information": "Informaţii produs",
  "Product Version": "Versiune produs",
  "Provider": "Furnizor",
  "Provider not supported": "Furnizorul nu este acceptat",
  "Public": "Public",
  "Public Access": "Acces public",
  "Public Activities": "Activităţi publice",
  "Public Boards": "Panouri publice",
  "Public Templates": "Șabloane publice",
  "Quarterly": "Trimestrial",
  "Questions": "Întrebări",
  "Quick Edit": "Editare rapidă",
  "Radial": "Radial",
  "RE-CENTER": "RE-CENTRARE",
  "Reactivate Licence": "Reactivare licență",
  "reader": "cititor",
  "Reader": "Cititor",
  "Recent": "Recent",
  "Recent boards": "Panouri recente",
  "Recent Boards": "Panouri recente",
  "Recurring Amount Due: {{recurring}}": "Sumă scadentă recurentă: {{recurring}}",
  "Redeeming Invitation...": "Revendicare invitație...",
  "Redirecting to Connections Cloud...": "Redirecționare către Connections Cloud...",
  "Redirecting to Watson Workspace...": "Redirecționare către Watson Workspace...",
  "Refresh": "Reîmprospătare",
  "Region": "Regiune",
  "Reload": "Reîncărcare",
  "Remaining ({{num}})": "Rămas ({{num}})",
  "Remove Admin": "Înlăturare Admin",
  "Remove Client": "Înlăturare client",
  "Remove Invite": "Înlăturare invitație",
  "Remove Licence": "Înlăturare licență",
  "Replace": "Înlocuire",
  "Resend Invite": "Retrimitere invitaţie",
  "Reset": "Resetare",
  "Restore": "Restaurare",
  "Restore Card": "Restaurare card",
  "Restore items": "Restabilire articole",
  "Restore List": "Restabilire listă",
  "Restore mode": "Mod restaurare",
  "Reverse": "Inversare",
  "Revoke All": "Revocare globală",
  "Revoke Licence": "Revocare licență",
  "Role": "Rol",
  "Roles": "Roluri",
  "Rows": "Rânduri",
  "Sales": "Vânzări",
  "Save": "Salvare",
  "Save card for future purchases": "Salvare card pentru achiziții viitoare",
  "Save Changes": "Salvare modificări",
  "Save link": "Salvare link",
  "Scroll To": "Defilare la",
  "Search": "Căutare",
  "Search All Templates": "Căutare în toate șabloanele",
  "Search this view": "Căutaţi această vizualizare",
  "Search...": "Căutare...",
  "Select a Board": "Selectați un Panou",
  "Select board": "Selectare panou",
  "Select Board": "Selectare panou",
  "Select Board Label": "Selectați eticheta panoului",
  "Select Card Colours": "Selectați culorile cardului",
  "Select Colour": "Selectare culoare",
  "Select Colours": "Selectare culori",
  "Select Destination Board": "Selectaţi un panou destinaţie",
  "Select destination folder": "Selectaţi un panou destinaţie",
  "Select File": "Selectare fişier",
  "Select Folder": "Selectare folder",
  "Select items for delete": "Selectați articole pentru ștergere",
  "Select items for restore": "Selectați articole pentru restabilire",
  "Select List or Card": "Selectați lista sau cardul",
  "Select the boards below that you would like to transfer membership over to your primary ({{toName}}) account": "Selectați panourile de mai jos pentru care doriți să transferați apartenența către contul ({{toName}}) principal",
  "Selected Activity": "Selectare activitate",
  "Send an email notifying each member that the Activity has been migrated to a Board.": "Trimite un e-mail care anunță fiecare membru că Activitatea a fost migrată către un Panou.",
  "Send Invitation": "Trimiteţi invitaţia",
  "Send Notification Email to Members": "Trimite e-mail de notificare către membri ",
  "Sending invitations": "Trimitere invitaţii",
  "Set as primary account": "Setare ca cont principal",
  "Set Dates": "Setare date",
  "Set enter key press action to create a task when creating new cards in a list.": "Setați acțiunea de apăsare a tastei enter pentru crearea unei activități când se creează carduri noi într-o listă.",
  "Setup Subscription": "Configurare abonament",
  "Share with": "Partajare cu",
  "Shared by me": "Partajate de mine",
  "Shared with me": "Partajate cu mine",
  "Show": "Afişare",
  "Show all ancestors": "Afișează toți strămoșii",
  "Show all boards for this team": "Afișează toate panourile pentru această echipă",
  "Show Board Menu": "Afișează meniul panoului",
  "Show Filter Options": "Afișează opțiunile de filtrare",
  "Show Less": "Afişare mai puţin",
  "Show Licences for your organisation": "Afișează licențele pentru organizația dvs.",
  "Show More": "Afişare mai mult",
  "Show on Card": "Afişare pe Card",
  "Show previous comments": "Afişare comentarii anterioare",
  "Show previous links & attachments": "Afișează asocierile și atașamentele anterioare",
  "Show Sub-cards": "Afișează sub-cardurile",
  "Sign In": "Conectare",
  "Sign in with": "Autentificare cu",
  "SIGN IN WITH:": "AUTENTIFICARE CU:",
  "Sign Out": "Deconectare",
  "Sign Out of Kudos Boards": "Deconectare de la Kudos Boards",
  "Signing in...": "Autentificare...",
  "Signing out...": "Deconectare...",
  "Smartcloud": "Smartcloud",
  "Something went wrong.": "Ceva nu a mers bine.",
  "Source Board/Template": "Panoul sursă/Șablonul",
  "Source Template": "Şabloane sursă",
  "Specific Board": "Panoul specific",
  "Start a Trial": "Porniți o versiune de încercare",
  "Start a trial or purchase a subscription to start creating boards": "Porniți o versiune de încercare sau cumpărați un abonament pentru a începe să creați panouri",
  "Start Boards Premium Preview": "Porniți Previzualizare premium panouri",
  "Start Date": "Dată de început",
  "Start Free Trial": "Porniți Versiunea de încercare gratuită",
  "Start my trial": "Pornește versiunea mea de încercare",
  "Start Now": "Porniţi acum",
  "Start page updated": "Pagina de start a fost actualizată",
  "Start Page:": "Pagină pornire:",
  "Starting Balance": "Soldul la început",
  "Starting View": "Vizualizare la început",
  "Status": "Status",
  "Step": "Pas",
  "Sub Cards": "Sub cartonașe",
  "Sub Tasks": "Sub activități",
  "Submit": "Trimitere",
  "Subscription": "Abonament",
  "Subscription expired.": "Abonament expirat.",
  "Subtotal": "Subtotal",
  "Summary": "Sumar",
  "Support for browsers is currently limited.  This browser is not yet supported. <br>Please use one of the following browsers:": "Suportul pentru browsere este momentan limitat. Acest browser nu este încă acceptat. <br>Vă rugăm să folosiți unul din următoarele browsere:",
  "Tab Content": "Conținut secțiune",
  "Tab Name": "Nume secțiune",
  "Tags": "Taguri",
  "Tags (optional)": "Taguri (opțional)",
  "Take away meaningful and collaborative notes from any meeting!": "Luați note utile și în colaborare de la orice întâlnire!",
  "Task": "Task",
  "Team Boards": "Panouri de echipă",
  "Team Name": "Nume echipă",
  "Team Name is used as a method to log in to certain authentication providers. e.g. Auth0": "Numele echipei este folosit ca o metodă de conectare la anumiți furnizori de autentificare, de ex. Auth0",
  "Template": "Şablon",
  "Templates": "Şabloane",
  "Templates tagged with": "Șabloane care au taggul",
  "Text": "Text",
  "Text Mode": "Mod text",
  "That can't be pasted there.": "Nu se poate lipi aici așa ceva.",
  "The board has been deleted": "Acest panou a fost șters",
  "The files below cannot be uploaded to Kudos Boards as they are larger than the limit of {{limit}}": "Fișierele de mai jos nu pot fi încărcate în Kudos Boards deoarece sunt mai mari decât limita de {{limit}}",
  "The following links have already been added to this card:": "Următoarele linkuri au fost deja adăugate la acest card:",
  "The invite was resent to": "Invitația a fost retrimisă către",
  "The selected board(s) were successfully transferred": "Panoul selectat (Panourile selectate) a fost transferat cu succes",
  "The selected items have been deleted": "Articolele selectate au fost șterse",
  "The selected items have been restored": "Articolele selectate au fost restabilite",
  "There was an error when uploading the file. Server response: ": "A apărut o eroare la încărcarea fișierului. Răspunsul serverului:",
  "This Activity has been migrated to Kudos Boards": "Această activitate a fost migrată în Kudos Boards",
  "This billing cycle affords a {{discount}}% discount": "Ciclul de facturare permite o reducere de {{discount}}%",
  "This Board": "Acest panou",
  "This Board is available with AUTHOR access to everyone across all organisations.": "Acest Panou este disponibil cu acces de AUTOR pentru toate persoanele din toate organizațiile.",
  "This Board is available with EDITOR access to everyone across all organisations.": "Acest Panou este disponibil cu acces de EDITOR pentru toate persoanele din toate organizațiile.",
  "This Board is in one or more Groups": "Acest Panou se află într-unul sau mai multe Grupuri",
  "This Board is read-only to everyone across all organisations.": "Acest Panou este doar în citire pentru toate persoanele din toate organizațiile.",
  "This Board will be visible to everyone in your organisation. <br>Non-members can create new content and edit their own content.": "Acest Panou va fi vizibil tuturor din organizația dvs. <br>Cei care nu sunt membrii pot crea conținut nou și pot să-și editeze propriul conținut.",
  "This Board will be visible to everyone in your organisation. <br>Non-members can only view the board's contents.": "Acest Panou va fi vizibil tuturor din organizația dvs. <br>Cei care nu sunt membrii pot doar să vadă conținutul panoului.",
  "This Board will be visible to everyone in your organisation. <br>Please note: This access level allows non-members to edit <b>all</b> board content.": "Acest Panou va fi vizibil tuturor din organizația dvs. <br>Rețineți: Acest nivel de acces permite ca cei care nu sunt membri să editeze <b>tot</b> conținutul panoului.",
  "This card will be restored with its parent": "Acest card va fi restabilit împreună cu părintele său",
  "This Community": "Această comunitate",
  "This feature is coming soon!": "Această funcție va fi lansată în curând!",
  "This feature is currently not supported by the IBM Connections Cloud API": "Această funcție nu este momentan acceptată de IBM Connections Cloud API",
  "This field is required": "Acest câmp este necesar",
  "This invoice has been closed. Payment will not be automatically attempted again. Contact support for more information": "Această factura a fost închisă. Plata nu va mai fi încercată din nou în mod automat. Contactați suportul pentru mai multe informații",
  "This is a Free trial of Kudos Boards and will expire in {{numDays}} day(s).": "Aceasta este o versiune de încercare gratuită a Kudos Boards și va expira în {{numDays}} zi(le).",
  "This is a read-only preview of this Activity. Import to Boards for full functionality": "Aceasta este o previzualizare în citire a acestei Activități. Importați în Panouri pentru funcționalitate deplină",
  "This licence grants access to a set number of users as they use the app. You may view the user-licences already assigned.": "Această licență acordă acces pentru un anumit număr de utilizatori care folosesc aplicația. Puteți vedea licențele de utilizare deja atribuite.",
  "This licence has been cancelled.": "Această licență a fost anulată.",
  "This licence only grants access to a selected group of named users. Access will not be granted to users not named by the Org Admins. You can view and edit the named users from the Admin settings.": "Această licență acordă acces doar pentru un anumit grup de utilizatori specificați. Accesul nu va fi acordat pentru utilizatorii nespecificați de Administratorii organizației. Puteți vizualiza și edita utilizatorii specificați din setările Administratorului.",
  "This option is only available when paying by credit card": "Această opțiune este disponibilă doar când achitați cu card de credit",
  "This option is only editable if paying by credit card": "Această opțiune este doar editabilă dacă plătiți cu card de credit",
  "This team account is already linked": "Acest cont de echipă este deja asociat",
  "This will go to your provider for an administrator to approve access to Kudos Boards": "Aceasta va merge la furnizorul dvs. pentru ca un administrator să aprobe accesul la Kudos Boards",
  "This will permanently delete the board and all its data, are you sure?": "Se va șterge permanent panoul și toate datele sale, sunteți sigur?",
  "This will remove this data permanently from the board, are you sure?": "Se vor șterge permanent datele din panou, sunteți sigur?",
  "Thursday": "Joi",
  "Tile Colours": "Culori dală",
  "Timeline": "Linie temporală",
  "Timeline View": "Vizualizare linie temporală",
  "Title": "Titlu",
  "to go to Connections Cloud, then access Kudos Boards via the link in the 'Apps' menu.": "pentru a accesa Connections Cloud, apoi accesați Kudos Boards din linkul din meniul 'Aplicații'.",
  "To interact with this card the parent will need to be restored": "Pentru a interacționa cu acest card, părintele va trebui restaurat",
  "To unselect this card you will need to unselect its parent": "Pentru a deselecta acest card va trebui să deselectați părintele său",
  "to view this content": "pentru a vizualiza acest conținut",
  "Today": "Astăzi",
  "Todo": "De făcut",
  "Todos": "De făcut",
  "Todos by Date": "De făcut în funcție de dată",
  "Todos by Due Date": "De făcut în funcție de Data scadentă",
  "Toggle Completion": "Finalizare comutare",
  "Toggle Editor": "Comutare editor",
  "Toggle Sidebar": "Comutare bară laterală",
  "Tomorrow": "Mâine",
  "Total": "Total",
  "Transfer Board Membership": "Transferare abonament la panou",
  "Transfer Membership": "Transferare abonament",
  "TRIAL": "VARIANTĂ DE ÎNCERCARE",
  "Trial": "Versiune de încercare",
  "Trial End Date: {{trialEnd}}": "Date de terminare a versiunii de încercare: {{trialEnd}}",
  "Trial expired": "Versiunea de încercare a expirat",
  "Trial expired.": "Versiunea de încercare a expirat.",
  "Trial extended {{extensions}} time(s)": "Versiunea de încercare a fost extinsă de {{extensions}} ori (dată)",
  "Try again": "Încercaţi din nou",
  "Tuesday": "Marţi",
  "Type": "Tip",
  "Type to filter archive": "Tastați pentru a filtra arhiva",
  "Type to filter list": "Tastaţi pentru a filtra lista",
  "Type to filter members": "Tastaţi pentru a filtra membrii",
  "Type to search": "Tastaţi pentru căutare",
  "Unassigned": "Nealocat",
  "Undo": "Anulare acţiune",
  "UNDO": "ANULARE ACŢIUNE",
  "Unit price: {{unitPrice}} per user": "Preț unitar: {{unitPrice}} per utilizator",
  "Unknown Connections Cloud organisation. Redirecting...": "Organizație Connections Cloud necunoscută. Se redirecționează...",
  "Unknown Team": "Echipă necunoscută",
  "Unlimited": "Nelimitat",
  "Unlink account": "Anulare asociere cont",
  "Unlink Board": "Anulare asociere panou",
  "Unlink {{fromName}} Account": "Anulare asociere cont {{fromName}}",
  "Unlock Kudos Boards Premium Preview": "Deblocare Previuzalizare premium Kudos Boards",
  "Unpaid": "Neplătit",
  "Unpin Board": "Anulare țintire panou",
  "Unscheduled cards": "Carduri neprogramate",
  "Update": "Actualizare",
  "Updated": "Actualizate",
  "Updated Since Last Accessed": "Actualizat de la ultima accesare",
  "Updated {{ date }}": "Actualizat {{ date }}",
  "Updating...": "Actualizare...",
  "Upload": "Încărcare",
  "Upload file from computer": "Încărcaţi fişiere din computer",
  "Upload to Kudos Boards": "Încărcare în Kudos Boards",
  "Upload Users": "Încărcare utilizatori",
  "Upload Users from CSV": "Încărcare utilizatori din CSV",
  "uploaded successfully": "încărcat cu succes",
  "Uploading file:": "Încărcare fişier:",
  "URL": "URL",
  "URL of Connections header frame (optional)": "URL pentru cadrul antet Connections (opțional)",
  "Use another file service": "Folosiți un alt serviciu de fișiere",
  "Use current account": "Folosiți contul curent",
  "Use Email": "Utilizare e-mail",
  "Use the Kudos Boards File Attachment Service for attaching files to cards": "Folosiți serviciul de atașare fișiere Kudos Boards pentru atașarea fișierelor la carduri",
  "Use {{provider}} instead": "Folosiți în schimb {{provider}}",
  "Used": "Folosit",
  "User": "Utilizator",
  "User Emails": "E-mailuri utilizator",
  "User ExternalID": "IDextern utilizator",
  "User Licences": "Licențe utilizator",
  "User Options": "Opţiuni utilizator",
  "User Trials": "Versiuni de încercare utilizator",
  "User upload success!": "A reușit încărcarea utilizatorului!",
  "Username": "Nume utilizator",
  "Users": "Utilizatori",
  "Users may need to be added to the destination board to maintain access to their assigned todos.": "Utilizatorii trebuie adăugați la panoul destinație pentru a păstra accesul la listele de făcut atribuite.",
  "Users: {{num}}": "Utilizatori: {{num}}",
  "Vertical": "Vertical",
  "View": "Vizualizare",
  "View and Accept ↗": "Vizualizare și acceptare ↗",
  "View Details": "Vizualizare detalii",
  "View licences": "Vizualizare licențe",
  "View subscriptions": "Vizualizare abonamente",
  "View Subscriptions": "Vizualizare abonamente",
  "Want to know more?": "Doriți să aflați mai multe?",
  "Warning: you are not authorised to add members in this board": "Avertisment: nu sunteți autorizat să adăugați membri la acest panou",
  "We found one board linked your {{fromName}} user account. Once you unlink the account you may no longer have access to this board.": "Am găsit un panou asociat cu contul dvs. de utilizator {{fromName}}. După ce anulați asocierea, contul nu mai poate avea acces la acest panou.",
  "We found {{count}} boards linked to your {{fromName}} user account. Once you unlink the account you may no longer have access to these boards.": "Am găsit {{count}} panouri asociate cu contul dvs. de utilizator {{fromName}}. După ce anulați asocierea, contul nu mai poate avea acces la aceste panouri.",
  "We recommended you change the widget title from the actions menu above": "Vă recomandăm să schimbați titlul widget-ului din meniul acțiuni de mai sus",
  "Wednesday": "Miercuri",
  "Weekdays": "Zilele săptămânii",
  "Welcome": "Bine aţi venit",
  "Welcome to Kudos Boards": "Bun venit la Kudos Boards",
  "When you unlock Kudos Boards Premium View, your current Activities will immediately be available in Board, Timeline and MindMap view.": "Atunci când deblocați Vizualizare premium Kudos Boards, activitățile curente vor fi disponibile imediat în vizualizările Panou, Linie temporală și HartăMentală.",
  "Widget Settings": "Setări widget",
  "yearly": "anual",
  "Yearly": "Anual",
  "Yes": "Da",
  "Yes Please": "Da, vă rog",
  "You are in DELETE mode, select items to delete": "Sunteți în modul ȘTERGERE, selectați articolele de șters",
  "You are in restore mode, select items to restore": "Sunteți în modul restabilire, selectați articolele de restabilit",
  "You are not a direct member of this board. Please consider leaving any Groups that may be members of this board.": "NU mai sunteți un membru direct al acestui panou. Să aveți în vedere să părăsiți toate Grupurile care pot fi membri ai acestui panou.",
  "You are not allowed to leave this Board. Please consider archiving board.": "Nu puteți părăsi acest Panou. Să aveți în vedere arhivarea panoului.",
  "You are not authorised to access this resource": "Nu sunteţi autorizat să accesaţi această resursă",
  "You are not licensed to access this resource.": "Nu sunteţi licențiat să accesaţi această resursă.",
  "You are the only owner of this board. Please consider adding other owners or archiving this board instead.": "Sunteți singurul proprietar al acestui panou. Să aveți în vedere adăugarea de alți proprietari sau arhivarea acestui panou.",
  "You can enhance your workflow by unlocking Kudos Boards Premium Preview. In addition to your Activities view, you’ll also be able to work in the Boards, Timeline and Mind Map views!": "Puteți să vă îmbunătățiți fluxul de lucru prin deblocarea Previzualizare premium Kudos Boards. În plus la activitățile curente, veți putea lucra și în vizualizările Panou, Linie temporală și Hartă Mentală!",
  "You have READ ONLY access to this Board": "Aveți acces DOAR CITIRE la acest Panou",
  "You have {{remaining}} day(s) remaining in your premium preview.": "Aveți {{remaining}} zi(le) rămase la previzualizarea premium.",
  "Your account's email address and other admin emails for your org ({{emails}}) are already included": "Adresa de e-mail a contului dvs. și alte e-mailuri admin pentru orgranizația dvs. ({{emails}}) sunt deja incluse",
  "Your api key for kudos boards is shown below": "Cheia api penru Kudos Boards este afișată mai jos",
  "Your changes have been saved": "Modificările dumneavoastră au fost salvate",
  "Your initial premium preview with {{orgName}} has expired. Click extend if you would like to continue access for an additional 30 days": "Previzualizarea premium inițială cu {{orgName}} a expirat. Faceți clic pentru extindere dacă doriți să continuați să accesați pentru încă 30 de zile",
  "Your premium preview expires today.": "Previzualizarea premium expiră azi.",
  "Your premium preview has expired, Let your administrator know you'd like to continue using Kudos Boards Premium view.": "Previzualizarea premium a expirat. Anunțați administratorul dacă doriți să continuați să folosiți vizualizarea premium Kudos Boards.",
  "Your session with {{provider}} has expired. Redirecting...": "Sesiunea cu {{provider}} a expirat. Se redirecționează...",
  "Your session with {{provider}} has expired. Some functionality (ie notifications, groups, files) will be restricted until you login again.": "Sesiunea dvs. cu {{provider}} a expirat. Unele funcții (de ex. notificări, grupuri, fișiere) vor fi restricționate până când vă conectați din nou.",
  "{{count}} more card(s) this way": "încă {{count}} card(uri) în acest mod",
  "{{num}} users": "{{num}} utilizatori",
  "{{quantity}} x subscriptions to '{{plan.name}}' ({{planPrice}} / {{plan.interval}})": "{{quantity}} x abonamente la '{{plan.name}}' ({{planPrice}} / {{plan.interval}})",
  "{{remaining}} days of trial remaining": "{{remaining}} zile de încercare rămase",
  "{{remaining}} days remaining in your premium preview.": "{{remaining}} zile rămase din previzualizarea premium.",
  "{{userTrialCount}} user(s) have started a trial of Kudos Boards Premium": "{{userTrialCount}} utilizator(i) au început versiunea de încercare a Kudos Boards Premium"
}