{
  "": "",
  "'{{userName}}' will not be able to view the message because they cannot access this Board": "'{{userName}}' не смогут просмотреть сообщение, не имея доступа к этой доске",
  "(Copy Of) ": "(Копия) ",
  "A problem occurred when creating invite": "Произошла ошибка при создании приглашения",
  "A problem occurred when deleting node": "Произошла ошибка при удалении узла",
  "A problem occurred when getting a node": "Произошла ошибка при получении узла",
  "A problem occurred when redeeming invite": "Произошла ошибка при активации приглашения",
  "A problem occurred when removing invite": "Произошла ошибка при удалении приглашения",
  "A problem occurred when removing member": "Произошла ошибка при удалении участника",
  "A problem occurred when saving invite": "Произошла ошибка при сохранении приглашения",
  "A problem occurred when saving member": "Произошла ошибка при сохранении участника",
  "A problem occurred when saving node": "Произошла ошибка при сохранении узла",
  "A problem occurred when updating invite": "Произошла ошибка при обновлении приглашения",
  "A user with that email address already exists": "Пользователь с таким электронным адресом уже существует",
  "A user with that email address already exists as a member of this board": "Пользователь с таким электронным адресом уже существует как участник этой доски",
  "Accessed in the Last Month": "Доступ за последний месяц",
  "Accessed since": "Доступ с",
  "Account Balance: {{credit}}": "Сальдо учетной записи: {{credit}}",
  "Account Unlinked": "Несвязанная учетная запись",
  "Actions": "Действия",
  "Active": "Активные",
  "Active Boards": "Активные доски",
  "Active Workspace Meetings": "Активные собрания в рабочей области",
  "Activities": "Activities",
  "Activities Plus": "Activities Плюс",
  "Activities/Boards": "Activities/Boards",
  "Activities/Boards Search Results": "Activities/BoardsРезультаты поиска",
  "Activity": "Операция",
  "Activity Migration": "Навигация по операциям",
  "Activity Name": "Имя операции",
  "Activity data is loading...": "Загружаются данные операции...",
  "Add": "Добавить",
  "Add Attachment": "Добавить вложение",
  "Add Bookmark": "Добавить закладку",
  "Add Client": "Добавить клиента",
  "Add Custom Field": "Добавить пользовательское поле",
  "Add Label": "Добавить метку",
  "Add Licence": "Добавить лицензию",
  "Add Link to Activity": "Добавить ссылку на Activity",
  "Add Member": "Добавить участника",
  "Add Organisation": "Добавить организацию",
  "Add User": "Добавить пользователя",
  "Add a Card": "Добавить карту",
  "Add a Comment": "Добавить комментарий",
  "Add a Description": "Добавить описание",
  "Add a List": "Добавить список",
  "Add a Tag": "Добавить тег",
  "Add a list": "Добавить список",
  "Add an attachment or link": "Добавить вложение или ссылку",
  "Add another": "Добавить другое",
  "Add file": "Добавить файл",
  "Add individuals or groups as members, or invite by email": "Добавить участников (отдельных людей или группы) или пригласить по электронной почте",
  "Add label '{{filter}}'": "Добавить метку '{{filter}}'",
  "Add members": "Добавить участников",
  "Add people to your board or invite by email": "Добавить людей на свою доску или пригласить по электронной почте",
  "Admin Users": "Пользователи с правами администратора",
  "Admin approval failed": "Утверждение администратора не выполнено",
  "Administrator approval required.": "Требуется утверждение администратора.",
  "Administrators": "Администраторы",
  "Advanced": "Дополнительно",
  "Agenda": "Расписание",
  "All": "Все",
  "All Activities": "Все операции",
  "All Boards": "Все доски",
  "All Templates": "Все шаблоны",
  "All cards are scheduled.": "Все карты запланированы.",
  "Allow Invite by Email": "Разрешить приглашение по электронной почте",
  "Already linked": "Уже связан",
  "Amount": "Сумма",
  "Amount Due": "Сумма к оплате",
  "Amount Due Now: {{due}}": "Сумма к оплате на данный момент: {{due}}",
  "Amount Paid": "Оплаченная сумма",
  "An account of this type already linked": "Учетная запись этого типа уже связана",
  "An invitation for the specified email address already exists on this board": "Приглашение для указанного электронного адреса уже существует на этой доске",
  "App for Internal Boards Deployment": "Приложение для внутреннего Boards использования",
  "App with Notifications": "Приложение с уведомлениями",
  "Apply Template": "Применить шаблон",
  "Approve": "Утвердить",
  "Approve Advanced Features": "Утвердить дополнительные функции",
  "Archive": "Архивировать",
  "Archive Card": "Архивировать карту",
  "Archive Cards in List": "Архивировать карты в списке",
  "Archive List": "Архивировать список",
  "Archived": "Заархивированы",
  "Archived Boards": "Заархивированные доски",
  "Archived Templates": "Заархивированные шаблоны",
  "Are You Sure?": "Вы уверены?",
  "Are you sure you want to cancel this licence? This will take effect at the end of the current period.": "Вы действительно хотите отменить эту лицензию? Отмена вступит в силу по окончании текущего периода.",
  "Are you sure you want to delete this licence? CAUTION: This will delete any associated credit card information": "Вы действительно хотите отменить эту лицензию? ВНИМАНИЕ! При этом будут удалены все связанные данные кредитной карты",
  "Are you sure you want to reactivate this licence?": "Вы действительно хотите возобновить эту лицензию?",
  "Are you sure you want to unlink your {{provider}} account?": "Вы действительно хотите удалить связь с учетной записью {{provider}}?",
  "Are you sure you wish to leave '{{boardName}}'? This action cannot be undone by you.": "Вы действительно хотите покинуть '{{boardName}}'? Вы не сможете отменить это действие.",
  "Are you sure?": "Вы уверены?",
  "Are you sure? This will reinstate the previous billing schedule": "Вы уверены? Будет восстановлен предыдущий график выставления счетов",
  "Are you sure? This will take effect at the end of the current billing cycle": "Вы уверены? Действие вступит в силу по окончании текущего цикла выставления счетов",
  "Asia Pacific": "Азиатско-Тихоокеанский регион",
  "Assign Users": "Назначить пользователей",
  "Assigned": "Назначены",
  "Assigned To Me": "Назначены мне",
  "Assigned Users that will be added to the Destination Board": "Назначенные пользователи, которые будут добавлены на целевую доску",
  "Assigned to": "Назначены для",
  "Assignees": "Исполнители",
  "Assignments": "Назначения",
  "Attach": "Прикрепить",
  "Attachments": "Вложения",
  "Auth0 url": "URL Auth0",
  "Authentication Clients": "Клиенты аутентификации",
  "Author": "Автор",
  "Back": "Назад",
  "Back to Boards": "Вернуться к доскам",
  "Back to Colour Selection": "Вернуться к выбору цвета",
  "Bad Request": "Неверный запрос",
  "Best viewed in fullscreen": "Лучше смотреть в полноэкранном режиме",
  "Billing Cycle": "Цикл выставления счетов",
  "Billing period: {{interval}}": "Период выставления счетов: {{interval}}",
  "Blank": "Пустая",
  "Board": "Доска",
  "Board Archive": "Архив доски",
  "Board Labels": "Метки доски",
  "Board Members": "Участники доски",
  "Board Name": "Имя доски",
  "Boards": "Доски",
  "Boards User Data": "Boards Данные пользователя",
  "Boards linked directly to this user": "Доски, непосредственно связанные с этим пользователем",
  "Boards linked through group membership": "Доски, связанные посредством участия в группах",
  "Boards premium preview": "Расширенный предварительный просмотр в Boards",
  "Bookmarks": "Закладки",
  "Buy Licence": "Купить лицензию",
  "Buy Online": "Купить в сети",
  "CVC": "CVC",
  "Cancel": "Отмена",
  "Cancel Licence": "Отменить лицензию",
  "Cancelled": "Отменено",
  "Cannot Leave Board": "Не удается покинуть доску",
  "Card Name": "Имя карты",
  "Card Number": "Номер карты",
  "Cards": "Карты",
  "Central Europe": "Центральная Европа",
  "Choose a Template": "Выбрать шаблон",
  "Choose a board": "Выбрать доску",
  "Classic": "Классический",
  "Clear Search": "Очистить поиск",
  "Clear Selected": "Очистить выбранные",
  "Clear Selected Filters": "Очистить выбранные фильтры",
  "Click for details": "Щелкните для просмотра сведений",
  "Click for more information": "Нажмите для получения дополнительной информации",
  "Click for more information about approving advanced features": "Щелкните для получения дополнительных сведений об утверждении дополнительных функций",
  "Click here": "Щелкните здесь",
  "Click here for details": "Щелкните здесь для просмотра сведений",
  "Click here for details.": "Щелкните здесь для просмотра сведений.",
  "Click here to buy a licence online or get a quote": "Щелкните здесь, чтобы купить лицензию в сети или получить ценовое предложение",
  "Click here to start a 30 day free trial for your organisation. Contact support for trials with more users.": "Щелкните здесь, чтобы запустить 30-дневную бесплатную пробную версию для своей организации. Обратитесь в службу поддержки, чтобы получить пробные версии с большим числом пользователей.",
  "Click to see more details": "Щелкните для просмотра дополнительных сведений",
  "Client": "Клиент",
  "Clients": "Клиенты",
  "Close": "Закрыть",
  "Close Activity After Import": "Закрыть операцию после импорта",
  "Close Board Menu": "Закрыть меню доски",
  "Close the activity after the import has completed successfully. You can still access it through 'Trash'": "Операции успешно закрыта после импорта. Она все еще доступна в корзине",
  "Closed": "Закрыто",
  "Collaborate on projects involving different departments": "Совместная работа над проектами с участием различных подразделений",
  "Collapse": "Свернуть",
  "Colour": "Цвет",
  "Colour Labels": "Метки цветов",
  "Colour-Tags": "Теги цветов",
  "Colours": "Цвета",
  "Column View": "Представление столбца",
  "Comment": "Комментарий",
  "Comment on": "Комментировать",
  "Comments": "Комментарии",
  "Community": "Сообщество",
  "Community Activities": "Операции сообщества",
  "Community Templates": "Шаблоны сообщества",
  "Complete Todos": "Завершить задачи",
  "Completed": "Выполненные",
  "Configuration": "Конфигурация",
  "Confirm": "Подтвердить",
  "Confirmation Required": "Требуется подтверждение",
  "Connections Cloud session expired. Click here to validate.": "Истекло время сеанса Connections Cloud. Щелкните здесь, чтобы проверить.",
  "Connections On-Premise": "Локальное приложение Connections",
  "Connections URL": "URL-адрес Connections",
  "Contact Email": "Электронный адрес контакта",
  "Contact Name": "Имя контакта",
  "Contact Support": "Обратитесь в службу поддержки",
  "Contact your System Administrator for more information or email us at": "Обратитесь к системному администратору за дополнительными сведениями или отправьте нам электронное письмо по адресу",
  "Content": "Содержимое",
  "Continue": "Продолжить",
  "Continue Without Transferring": "Продолжить без переноса",
  "Convert into Entry": "Преобразовать в запись",
  "Convert into Todo": "Преобразовать в задачу",
  "Copy embed code": "Копировать встроенный код",
  "Copy embed code to clipboard": "Копировать встроенный код в буфер обмена",
  "Create": "Создать",
  "Create Board": "Создать доску",
  "Create Board from Template": "Создать доску из шаблона",
  "Create Boards for anything, manage your workflow, and streamline processes with template creation.": "Создавайте доски для чего угодно, управляйте рабочим процессом и оптимизируйте процессы, создавая шаблоны.",
  "Create Copy": "Создать копию",
  "Create Link to Board": "Создать ссылку на доску",
  "Create Template": "Создать шаблон",
  "Create Template from Board": "Создать шаблон из доски",
  "Create a new board": "Создать новую доску",
  "Create card": "Создать карту",
  "Create your own structure for organising projects, workflows, ideas and more!": "Создайте собственную структуру для организации проектов, рабочих процессов, идей и многого другого!",
  "Create {{numCards}} cards?": "Создать карты ({{numCards}})?",
  "Create {{numCards}} lists?": "Создать списки ({{numCards}})?",
  "Created": "Создано",
  "Created By Me": "Создано мной",
  "Created {{ date }}": "Создано {{ date }}",
  "Created: {{date}}": "Создано: {{date}}",
  "Credit Card Ending in {{last4}}": "Номер кредитной карты заканчивается на {{last4}}",
  "Current Account:": "Текущая учетная запись:",
  "Currently the ability to search for groups in {{provider}} is not available until an administrator grants permissions for your organisation. ": "В настоящее время поиск групп в {{provider}} недоступен, пока администратор не предоставит разрешения для организации. ",
  "Curve": "Кривая",
  "Custom Fields": "Пользовательские поля",
  "Customer ID": "ИД заказчика",
  "Date": "Дата",
  "Decisions": "Решения",
  "Default templates to exclude": "Шаблоны по умолчанию для исключения",
  "Delete": "Удалить",
  "Delete Board": "Удалить доску",
  "Delete Card": "Удалить карту",
  "Delete Comment": "Удалить комментарий",
  "Delete File": "Удалить файл",
  "Delete Label": "Удалить метку",
  "Delete Link": "Удалить ссылку",
  "Delete List": "Удалить список",
  "Delete Selected Items": "Удалить выбранные элементы",
  "Delete items": "Удалить элементы",
  "Delete mode": "Удалить режим",
  "Deleted": "Удалено",
  "Deleting": "Удаление",
  "Departments": "Подразделения",
  "Description": "Описание",
  "Description (optional)": "Описание (необязательно)",
  "Details": "Сведения",
  "Direct Order via ISW": "Прямой заказ через ISW",
  "Discount": "Скидка",
  "Discount Code (optional)": "Код скидки (необязательно)",
  "Discount: {{discount}}": "Скидка: {{discount}}",
  "Display an existing board": "Показать существующую доску",
  "Documentation": "Документация",
  "Doing": "Выполнение",
  "Don't worry you wont lose any data, all content created in Boards Premium views will still be accessible from the Activity View.": "Не волнуйтесь, вы не потеряете никаких данных, все содержимое, созданное в Boards Premium всё равно будет доступно в Activity] Просмотр.",
  "Done": "Готово",
  "Done ({{num}})": "Готово ({{num}})",
  "Download": "Загрузить",
  "Download Teams App": "Скачать приложение Teams",
  "Download file": "Загрузить файл",
  "Drop file here to save": "Перетащите файл сюда, чтобы сохранить",
  "Due": "Выполнить до",
  "Due Date": "Дата выполнения",
  "Due date": "Дата выполнения",
  "Earliest Licence Expired on": "Срок действия самой ранней лицензии истек",
  "Earliest Upcoming Expiry": "Самое раннее истечение срока действия",
  "Edit": "Изменить",
  "Edit Board Colour Labels": "Изменить метки цветов досок",
  "Edit Client": "Изменить клиента",
  "Edit Client Licence": "Изменить лицензию клиента",
  "Edit Colour Labels": "Изменить метки цветов",
  "Edit Comment": "Изменить комментарий",
  "Edit Description": "Изменить описание",
  "Edit Filename": "Изменить имя файла",
  "Edit Label": "Изменить метку",
  "Edit Licence": "Изменить лицензию",
  "Edit Link": "Изменить ссылку",
  "Edit Tile Colour Labels": "Изменить метки цветов плиток",
  "Edit Title": "Редактировать название",
  "Edit User Licence": "Изменить лицензию пользователя",
  "Edit label": "Изменить метку",
  "Edit name": "Изменить имя",
  "Edited": "Изменено",
  "Editor": "Редактор",
  "Email": "Электронная почта",
  "Email Address": "Электронный адрес",
  "Email Us": "Напишите нам",
  "Email address is required": "Требуется электронный адрес",
  "Email addresses to copy invoices to": "Электронные адреса для отправки копий счетов",
  "Email addresses to copy quote to": "Электронные адреса для отправки копии ценового предложения",
  "Embed code copied to clipboard": "Встроить код из буфера обмена",
  "Empty Lists": "Очистить списки",
  "Enable Boards File Uploads": "Включить передачи файлов досок",
  "Enabled": "Включено",
  "End Date": "Конечная дата",
  "Ending Balance": "Конечное сальдо",
  "Enter Label": "Укажите метку",
  "Enter New Name": "Укажите новое имя",
  "Enter Text": "Укажите текст",
  "Enter a title for the link (Optional)": "Укажите название для ссылки (необязательно)",
  "Enter an email address": "Укажите электронный адрес",
  "Enter label name": "Укажите имя метки",
  "Entry": "Запись",
  "Error": "Ошибка",
  "Error creating board": "Ошибка при создании доски",
  "Error processing quote request. Please email sales@kudosbadges.com": "Ошибка при обработке запроса ценового предложения. Отправьте сообщение по адресу sales@kudosbadges.com",
  "Error processing your request": "Ошибка при обработке запроса",
  "Error starting trial": "Ошибка при запуске пробной версии",
  "Error uploading file": "Ошибка при передаче файла",
  "Error: an unknown error occurred - cannot move": "Ошибка: возникла неизвестная ошибка — не удается переместить",
  "Error: you are not authorised to add content to this board": "Ошибка: вы не авторизованы для добавления содержимого на эту доску",
  "Existing Kudos Partner (optional)": "Существующий партнер Kudos (необязательно)",
  "Existing Login Detected": "Обнаружен существующий вход в систему",
  "Existing Tab": "Существующая вкладка",
  "Expand": "Развернуть",
  "Expand/Collapse": "Развернуть/свернуть",
  "Expand/Collapse All Lists": "Развернуть/свернуть все списки",
  "Expired": "Истек",
  "Expires": "Истекает",
  "Expires: {{date}}": "Истекает: {{date}}",
  "Expires: {{{date}}}": "Истекает: {{{date}}}",
  "Expiry": "Истечение",
  "Expiry Date": "Дата истечения",
  "Explore the Template Library": "Обзор библиотеки шаблонов",
  "Extend": "Продолжить",
  "ExternalId": "Внешний ИД",
  "Fields": "Поля",
  "Filter Activities to migrate": "Фильтровать операции для переноса",
  "Filters": "Фильтры",
  "Finance": "Финансы",
  "Find a Group": "Найти группу",
  "Find a User": "Найти пользователя",
  "Finding your Connections Cloud Organisation...": "Поиск организации в Connections Cloud...",
  "Found {{count}} users with Boards user data.": "Найдено {{count}} пользователей с Boards пользовательскими данными.",
  "Free": "Бесплатная",
  "Free Trial": "Бесплатная пробная версия",
  "Friday": "Пятница",
  "From Provider": "От провайдера",
  "Functionality is currently limited.": "В настоящее время функциональные возможности ограничены.",
  "Furthest Upcoming Expiry": "Самое позднее истечение срока действия",
  "Future": "Будущее",
  "General": "Общие",
  "Get a Licence Quote": "Получить ценовое предложение для лицензии",
  "Get a Quote": "Получить ценовое предложение",
  "Give users the ability to invite external users to a Board by email address": "Разрешить пользователям приглашать внешних пользователей на доску по электронной почте",
  "Global Access": "Глобальный доступ",
  "Global OAuth": "Глобальный OAuth",
  "Go to Today": "Перейти к \"Сегодня\"",
  "Go to licence": "Перейти к лицензии",
  "Goals": "Цели",
  "Group": "Группировать",
  "Group Boards": "Группировать доски",
  "Group By": "Группировать по",
  "Group Owners: Owners of this Board.</br>Group Members: Authors of this Board": "Группировать владельцев: владельцы этой доски.</br>Группировать участников: авторы этой доски",
  "Groups": "Группы",
  "HR": "Управление персоналом",
  "Help": "Справка",
  "Hide": "Скрыть",
  "Hide Completed Todos": "Скрыть завершенные задачи",
  "Hide Dates": "Скрыть даты",
  "Horizontal": "Горизонтальный",
  "How would you like to proceed?": "Как бы вы хотели продолжить?",
  "I accept the above Terms & Conditions": "Я принимаю указанные выше положения и условия",
  "I accept the terms of service": "Я принимаю условия предоставления услуг",
  "ID": "ИД",
  "IT": "ИТ",
  "If this setting is switched off, cards are created as entries on enter press.": "Если этот параметр отключен, карты создаются в виде записей при нажатии клавиши Enter.",
  "Ignore Completed": "Игнорировать завершенные",
  "Ignore Deleted": "Игнорировать удаленные",
  "Ignore Templates": "Игнорировать шаблоны",
  "Import": "Импортировать",
  "Import From Activities": "Импортировать из операций",
  "Import an Activity": "Импортировать операцию",
  "Import an Activity Template": "Импортировать шаблон операции",
  "Import from Activities": "Импортировать из операций",
  "In a Group": "В группу",
  "Include email body in description": "Включить текст электронного письмо в описание",
  "Inherit": "Наследовать",
  "Inherit from Group": "Наследовать от группы",
  "Inherited from Group": "Унаследованы от группы",
  "Integration Env": "Среда интеграции",
  "Internal server error": "Внутренняя ошибка сервера",
  "Invitation sent to": "Приглашение отправлено",
  "Invite": "Пригласить",
  "Invite by Email": "Пригласить по электронной почте",
  "Invite sent on": "Приглашение отправлено на",
  "Invoice": "Счет",
  "Invoice Details": "Сведения о счете",
  "Invoices": "Счета",
  "Invoices for": "Счета для",
  "Is Enabled": "Включено",
  "Is Trial": "Пробная версия",
  "It is valid until {{expiry}}.": "Действует до {{expiry}}.",
  "Items": "Элементы",
  "Join Workspace Meetings": "Присоединиться к собраниям в рабочей области",
  "Kanban": "Канбан",
  "Kanban View": "Представление канбан",
  "Kudos Boards": "Kudos Boards",
  "Kudos Boards - Terms & Conditions": "Kudos Boards — положения и условия",
  "Kudos Boards API": "API Kudos Boards",
  "Kudos Boards cannot be added as a tab until an administrator approves required functionality": "Kudos Boards нельзя добавить как вкладку, пока администратор не утвердит необходимые функциональные возможности",
  "Kudos Boards has been updated in the background. Please reload the app!": "Приложение Kudos Boards обновлено в фоновом режиме. Перезапустите приложение!",
  "Kudos Partner Reference Code (optional)": "Код партнера Kudos (необязательно)",
  "Kudos Team Name": "Имя коллектива Kudos",
  "Label deleted": "Метка удалена",
  "Labels": "Метки",
  "Last Accessed": "Использовался",
  "Last Licence Expired on": "Срок действия последней лицензии истек",
  "Later This Month": "В конце этого месяца",
  "Later This Week": "В конце этой недели",
  "Layout": "Компоновка",
  "Leave Board": "Покинуть доску",
  "Licence Assigned": "Назначенная лицензия",
  "Licence Details": "Сведения о лицензии",
  "Licence Type": "Тип лицензии",
  "Licence expired": "Срок действия лицензии истек",
  "Licences": "Лицензии",
  "Licenses": "Лицензии",
  "Licensing": "Лицензирование",
  "Limit": "Предел",
  "Line": "Строка",
  "Line Items": "Элементы строки",
  "Lines in file:": "Строк в файле:",
  "Link": "Связать",
  "Link Accounts": "Связать учетные записи",
  "Link Exists": "Связать существующие",
  "Link another Kudos Boards account": "Связать другую учетную запись Kudos Boards",
  "Link another account": "Связать другую учетную запись",
  "Link to Board": "Связать с доской",
  "Link to Card, List or Board": "Связать с картой, списком или доской",
  "Link to File": "Связать с файлом",
  "Link to Folder": "Связать с папкой",
  "Link {{provider}} with the current account": "Связать {{provider}} с текущей учетной записью",
  "Linked Accounts": "Связанные учетные записи",
  "Linked Groups": "Связанные группы",
  "Links": "Ссылки",
  "Links & Attachments": "Ссылки и вложения",
  "List": "Список",
  "List Name": "Имя списка",
  "List View": "Представление списка",
  "List all Boards": "Список всех досок",
  "Lists": "Списки",
  "Lite": "Облегченный",
  "Local": "Локальный",
  "Logging in, please wait...": "Выполняется вход в систему, подождите...",
  "Login": "Вход",
  "Logout": "Выход",
  "Look in": "Искать в",
  "Make the most of your Kudos Boards Premium Preview": "Воспользуйтесь преимуществами расширенного предварительного просмотра в Kudos Boards",
  "Manage Org": "Управляйте организациями",
  "Manage Payments": "Управляйте платежами",
  "Mark Activity Complete": "Марк Activity завершена",
  "Mark Board as Complete": "Пометить доску как завершенную",
  "Mark Board as Incomplete": "Пометить доску как незавершенную",
  "Mark Complete": "Пометить как завершенную",
  "Mark Incomplete": "Пометить как незавершенную",
  "Marketing": "Маркетинг",
  "Match All Filters": "Соответствие всем фильтрам",
  "Meeting": "Собрание",
  "Members": "Участники",
  "Merge": "Объединить",
  "Microsoft Office365": "Microsoft Office365",
  "Migrate ALL ({{num}})": "Перенести ВСЕ: ({{num}})",
  "Migrate Selected ({{num}})": "Перенести выбранные: ({{num}})",
  "Migrating data for {{count}} users...": "Перенос данных для {{count}} пользователей...",
  "Mind Map": "Интеллект-карта",
  "MindMap": "Интеллект-карта",
  "Mindmap": "Интеллект-карта",
  "Mindmap View": "Представление \"Интеллект-карта\"",
  "Minimum number of users for the selected licence type is {{minimumSeats}}": "Минимальное число пользователей для выбранного типа лицензии: {{minimumSeats}}",
  "Mirror": "Зеркало",
  "Modified": "Изменено",
  "Modify": "Изменить",
  "Modify Licence": "Изменить лицензию",
  "Monday": "Понедельник",
  "Monthly": "Ежемесячно",
  "More": "Дополнительно",
  "Move": "Переместить",
  "Move Card": "Переместить карту",
  "Move List": "Переместить список",
  "Move To Another Board": "Переместить на другую доску",
  "Move and Open": "Переместить и открыть",
  "Move to another list or parent card": "Переместить в другой список или родительскую карту",
  "My": "Мои",
  "My Account": "Моя учетная запись",
  "My Activities": "Мои операции",
  "My Boards": "Мои доски",
  "My Subscriptions": "Мои подписки",
  "My Templates": "Мои шаблоны",
  "My Todos": "Мои задачи",
  "Name": "Имя",
  "Name on Card": "Имя на карте",
  "Named Users": "Названные пользователи",
  "Named Users Licence": "Лицензия для названных пользователей",
  "Never": "Никогда",
  "New Board": "Создать доску",
  "New Client": "Создать клиента",
  "New Client Licence": "Создать лицензию клиента",
  "New Credit Card": "Создать кредитную карту",
  "New Label": "Создать метку",
  "New Label Text": "Создать текст метки",
  "New Licence": "Создать лицензию",
  "New Since Last Week": "Создать с прошлой недели",
  "New Sub-Card": "Создать дочернюю карту",
  "New Tab": "Создать вкладку",
  "New Template": "Создать шаблон",
  "New User Licence": "Создать лицензию пользователя",
  "New card created, however the search filter currently applied is preventing it from being displayed": "Новая карта создана, однако применяемый в данный момент фильтр поиска не позволяет ее отобразить",
  "New cards created as tasks on enter key press": "Новые карты, созданные как задачи при нажатии клавиши Enter",
  "Next": "Следующий",
  "Next Invoice Amount: {{nextAmount}}": "Следующая сумма счета: {{nextAmount}}",
  "Next Invoice Date: {{date}}": "Следующая дата счета: {{date}}",
  "Next Payment": "Следующий платеж",
  "Next Payment Attempt": "Следующая попытка платежа",
  "Next Payment: {{{date}}}": "Следующий платеж: {{{date}}}",
  "Next Week": "Следующая неделя",
  "No": "Нет",
  "No Active Meetings found. Click below to go to a Workspace": "Активные собрания не найдены. Щелкните ниже, чтобы перейти в рабочую область",
  "No Activities found": "Операции не найдены",
  "No Archived items to show": "Нет архивированных элементов для отображения",
  "No Assignment": "Нет назначения",
  "No Boards found.": "Доски не найдены.",
  "No Colour": "Нет цвета",
  "No Date": "Нет даты",
  "No Group": "Нет группы",
  "No Label": "Нет метки",
  "No Pinned Boards found.": "Прикрепленные доски не найдены.",
  "No Recent Boards found.": "Последние доски не найдены.",
  "No action available": "Нет доступных действий",
  "No boards found for this group": "Доски для этой группы не найдены",
  "No boards yet, please create one first": "Досок еще нет, сначала создайте одну доску",
  "No clients found": "Клиенты не найдены",
  "No description or summary for this result": "Никаких описаний или сведений",
  "No files found": "Файлы не найдены",
  "No folders found": "Папки не найдены",
  "No invoices to display": "Нет счетов для просмотра",
  "No items were selected": "Элементы не выбраны.",
  "No label": "Нет метки",
  "No labels defined": "Этикетки не определены",
  "No licences available. Functionality is currently limited": "Нет доступных лицензий. В настоящее время функциональность ограничена",
  "No licences available. Functionality will be limited for new users.": "Нет доступных лицензий. Функциональные возможности будут ограничены для новых пользователей.",
  "No licences found": "Лицензии не найдены",
  "No licences to show": "Нет лицензий для отображения",
  "No organisations found": "Организации не найдены",
  "No pinned boards": "Нет прикрепленных досок",
  "No results were found for that search": "Нет результатов поиска",
  "No user trials found": "Пробные версии пользователей не найдены",
  "No users found": "Пользователи не найдены",
  "No users to show": "Нет пользователей для отображения",
  "None": "Нет",
  "North America": "Северная Америка",
  "Not Licensed": "Не лицензируется",
  "Not Supported": "Не поддерживается",
  "Note that file security is managed by {{provider}}, not by Kudos Boards": "Обратите внимание, что защиту файлов обеспечивает {{provider}}, а не Kudos Boards",
  "Nothing to show": "Нечего показывать",
  "Number of Attempts": "Число попыток",
  "Number of Expired Licences": "Число лицензий с истекшим сроком действия",
  "Number of Users": "Число пользователей",
  "Number of Valid Licences": "Число действительных лицензий",
  "Number of cards": "Число карт",
  "OAuth Client ID": "ИД клиента OAuth",
  "OAuth Client Secret": "Секрет клиента OAuth",
  "OK": "OK",
  "Only Entries": "Только записи",
  "Only Todos": "Только задачи",
  "Only the members of this board will be able to see and access this board.": "Только участники этой доски смогут просматривать ее и иметь к ней доступ.",
  "Open": "Открыть",
  "Open Board Options": "Открыть опции доски",
  "Open Boards in:": "Открыть Boards в:",
  "Open Licence": "Открыть лицензию",
  "Open in Boards": "Открыть в Boards",
  "Open this board": "Открыть эту доску",
  "Opt in below to receive tips and tricks from the Kudos Boards team to make the most of your premium preview.": "Подтвердите ниже согласие получать советы и рекомендации от команды Kudos Boards для максимальной отдачи от расширенного предварительного просмотра.",
  "Options": "Параметры",
  "Order": "Заказ",
  "Order Summary": "Сводная информация по заказу",
  "Order via ISW Partner": "Заказ через партнера ISW",
  "Org Administration": "Администрирование организации",
  "Organisation": "Организация",
  "Organisation Name": "Имя организации",
  "Organisations": "Организации",
  "Organise any project productively using the classic Todo, Doing, Done methodology": "Эффективно организуйте любой проект, используя классическую методологию Todo, Doing, Done (задача, выполнение, готово)",
  "Our Terms & Conditions have changed": "Положения и условия изменились",
  "Overdue": "Просрочено",
  "Owner": "Владелец",
  "Owners": "Владельцы",
  "Page Not Found": "Страница не найдена",
  "Paid": "Оплачено",
  "Paste link or drop file to upload": "Вставьте ссылку или перетащите файл для отправки",
  "Payment Method": "Способ платежа",
  "Period": "Период",
  "Person": "Пользователь",
  "Pin Board": "Прикрепить доску",
  "Pinned": "Прикреплено",
  "Pinned Boards": "Прикрепленные доски",
  "Pinned boards": "Прикрепленные доски",
  "Plan and collaborate on tasks on a weekly basis": "Планирование и совместная работа над задачами на еженедельной основе",
  "Please approve the Kudos Boards app to allow it to be added as a tab.": "Подтвердите добавление приложения Kudos Boards в виде вкладки.",
  "Please approve the Kudos Boards app to use advanced features.": "Подтвердите использование дополнительных функций приложения Kudos Boards.",
  "Please contact your Administrator": "Обратитесь к администратору",
  "Please contact your IBM Connections Admin to purchase a licence.": "Для приобретения лицензии обратитесь к администратору IBM Connections.",
  "Please ensure you login with the same Office 365 user account as you are using in Microsoft Teams": "Убедитесь, что вход выполнен с той же учетной записью пользователя Office 365, что и в Microsoft Teams",
  "Please enter a board name": "Укажите имя доски",
  "Please enter a valid URL": "Укажите допустимый URL",
  "Please enter a valid email address": "Укажите допустимый электронной адрес",
  "Please enter the number of users in your Connections Cloud Organisation": "Укажите число пользователей в организации для Connections Cloud",
  "Please enter the number of users you wish to name under this licence": "Введите число пользователей этой лицензии",
  "Please read our Terms & Conditions": "Прочтите положения и условия",
  "Please reload the page and try again, if this issue persists please let us know": "Перезагрузите страницу и повторите попытку; сообщите нам, если проблема повторится",
  "Please review your licences here": "Просмотрите лицензии здесь",
  "Please see the <a href='{{url}}'>new board</a>": "Просмотрите <a href='{{url}}'>новую доску</a>",
  "Please sign in": "Войдите в систему",
  "Please start a trial to use Boards in your {{provider}} organisation": "Запустите пробную версию, чтобы использовать доски в своей организации {{provider}}",
  "Position": "Позиция",
  "Post": "Опубликовать",
  "Premium": "Расширенный",
  "Premium Preview Status": "Состояние расширенного предварительного просмотра",
  "Preview": "Предварительный просмотр",
  "Preview available": "Предварительный просмотр доступен",
  "Previous": "Назад",
  "Pricing": "Цены",
  "Primary": "Основной",
  "Print": "Печать",
  "Private (me only)": "Закрытый (только для меня)",
  "Product Information": "Сведения о продукте",
  "Product Version": "Версия продукта",
  "Provider": "Провайдер",
  "Provider not supported": "Провайдер не поддерживается",
  "Public": "Общедоступный",
  "Public Access": "Открытый доступ",
  "Public Activities": "Общедоступные операции",
  "Public Boards": "Общедоступные доски",
  "Public Templates": "Общедоступные шаблоны",
  "Quarterly": "Ежеквартально",
  "Questions": "Вопросы",
  "Quick Edit": "Быстрое редактирование",
  "RE-CENTER": "ЦЕНТРИРОВАТЬ СНОВА",
  "Radial": "Радиальный",
  "Reactivate Licence": "Возобновить лицензию",
  "Reader": "Читатель",
  "Recent": "Последние",
  "Recent Boards": "Последние доски",
  "Recent boards": "Последние доски",
  "Recurring Amount Due: {{recurring}}": "Повторяющаяся сумма к оплате: {{recurring}}",
  "Redeeming Invitation...": "Ожидающее приглашение...",
  "Redirecting to Connections Cloud...": "Перенаправление в Connections Cloud...",
  "Redirecting to Watson Workspace...": "Перенаправление в рабочую область Watson...",
  "Refresh": "Обновить",
  "Region": "Регион",
  "Reload": "Перезагрузить",
  "Remaining ({{num}})": "Осталось ({{num}})",
  "Remove Admin": "Удалить администратора",
  "Remove Client": "Удалить клиента",
  "Remove Invite": "Удалить приглашение",
  "Remove Licence": "Удалить лицензию",
  "Replace": "Заменить",
  "Resend Invite": "Повторить приглашение",
  "Reset": "Сбросить",
  "Restore": "Восстановить",
  "Restore Card": "Восстановить карту",
  "Restore List": "Восстановить список",
  "Restore items": "Восстановить элементы",
  "Restore mode": "Восстановить режим",
  "Reverse": "Отменить",
  "Revoke All": "Аннулировать все",
  "Revoke Licence": "Аннулировать лицензию",
  "Role": "Роль",
  "Roles": "Роли",
  "Rows": "Строки",
  "SIGN IN WITH:": "ВХОД С ПОМОЩЬЮ:",
  "Sales": "Продажи",
  "Save": "Сохранить",
  "Save Changes": "Сохранить изменения",
  "Save card for future purchases": "Сохранить карту для будущих покупок",
  "Save link": "Сохранить ссылку",
  "Scroll To": "Прокрутить до",
  "Search": "Поиск",
  "Search All Templates": "Поиск во всех шаблонах",
  "Search this view": "Поиск в этом представлении",
  "Search...": "Поиск...",
  "Select Board": "Выбрать доску",
  "Select Board Label": "Выбрать метку доски",
  "Select Card Colours": "Выбрать цвета карт",
  "Select Colour": "Выбрать цвет",
  "Select Colours": "Выбрать цвета",
  "Select Destination Board": "Выбрать целевую доску",
  "Select File": "Выбрать файл",
  "Select Folder": "Выбрать папку",
  "Select List or Card": "Выбрать список или карту",
  "Select a Board": "Выбрать доску",
  "Select board": "Выбрать доску",
  "Select destination folder": "Выбрать целевую папку",
  "Select items for delete": "Выбрать элементы для удаления",
  "Select items for restore": "Выбрать элементы для восстановления",
  "Select the boards below that you would like to transfer membership over to your primary ({{toName}}) account": "Выберите доски ниже, участие в которых хотите перенести в основную учетную запись ({{toName}})",
  "Selected Activity": "Выбранные операции",
  "Send Invitation": "Отправить приглашение",
  "Send Notification Email to Members": "Отправить участникам электронное письмо с уведомлением",
  "Send an email notifying each member that the Activity has been migrated to a Board.": "Отправьте каждому участнику электронное письмо с уведомлением о переносе операции на доску.",
  "Sending invitations": "Отправка приглашений",
  "Set Dates": "Задать даты",
  "Set as primary account": "Задать как основную учетную запись",
  "Set enter key press action to create a task when creating new cards in a list.": "Задайте действие нажатия клавиши Enter для создания задачи при создании новых карт в списке.",
  "Setup Subscription": "Настройка подписки",
  "Share with": "Совместный доступ",
  "Shared by me": "Совместно используемые с другими",
  "Shared with me": "Совместно используемые со мной",
  "Show": "Показать",
  "Show Board Menu": "Показать меню доски",
  "Show Filter Options": "Показать параметры фильтра",
  "Show Less": "Показать меньше",
  "Show Licences for your organisation": "Показать лицензии для организации",
  "Show More": "Показать больше",
  "Show Sub-cards": "Показать все дочерние карты",
  "Show all ancestors": "Показать все родительские карты",
  "Show all boards for this team": "Показать все доски для этого коллектива",
  "Show link on card": "Показать ссылку на карту",
  "Show on Card": "Показать карту",
  "Show previous comments": "Показать предыдущие комментарии",
  "Show previous links & attachments": "Показать предыдущие ссылки и вложения",
  "Sign In": "Вход",
  "Sign Out": "Выход",
  "Sign Out of Kudos Boards": "Выйти из Kudos Boards",
  "Sign in with": "Вход с помощью",
  "Signing in...": "Выполняется вход в систему...",
  "Signing out...": "Выполняется выход из системы...",
  "Smartcloud": "SmartCloud",
  "Something went wrong.": "Возникла неполадка.",
  "Source Board/Template": "Исходная доска/шаблон",
  "Source Template": "Исходный шаблон",
  "Specific Board": "Указанная доска",
  "Start": "Старт",
  "Start Boards Premium Preview": "Запустить расширенный предварительный просмотр в Boards",
  "Start Date": "Начальная дата",
  "Start Free Trial": "Запустить бесплатную пробную версию",
  "Start Now": "Запустить сейчас",
  "Start Page:": "Начальная страница:",
  "Start a Trial": "Запустить пробную версию",
  "Start a trial or purchase a subscription to start creating boards": "Запустите пробную версию или приобретите подписку, чтобы начать создание досок",
  "Start my trial": "Запустить мою пробную версию",
  "Start page updated": "Начальная страница обновлена",
  "Starting Balance": "Начальное сальдо",
  "Starting View": "Начальное представление",
  "Status": "Состояние",
  "Step": "Шаг",
  "Sub Cards": "Дочерние карты",
  "Sub Tasks": "Дочерние задачи",
  "Submit": "Передать на выполнение",
  "Subscription": "Подписка",
  "Subscription expired.": "Срок подписки истек.",
  "Subtotal": "Промежуточный итог",
  "Successfully migrated data for {{response}} users!": "Успешно перенесены данные для {{response}} пользователей!",
  "Summary": "Сводка",
  "Support for browsers is currently limited.  This browser is not yet supported. <br>Please use one of the following browsers:": "В настоящее время поддержка браузеров ограничена. Этот браузер еще не поддерживается. <br>Используйте следующие браузеры:",
  "TRIAL": "ПРОБНАЯ ВЕРСИЯ",
  "Tab Content": "Содержимое вкладки",
  "Tab Name": "Имя вкладки",
  "Tags": "Теги",
  "Tags (optional)": "Теги (необязательно)",
  "Take away meaningful and collaborative notes from any meeting!": "Извлекайте содержательные и совместные записи из любого собрания!",
  "Task": "Задача",
  "Team Boards": "Доски коллектива",
  "Team Name": "Имя коллектива",
  "Team Name is used as a method to log in to certain authentication providers. e.g. Auth0": "Имя коллектива используется в качестве метода входа в систему для определенных поставщиков аутентификации, например Auth0",
  "Template": "Шаблон",
  "Templates": "Шаблоны",
  "Templates tagged with": "Шаблоны с тегами",
  "Text": "Текст",
  "Text Mode": "Текстовый режим",
  "That can't be pasted there.": "Нельзя вставить здесь.",
  "The board has been deleted": "Доска удалена",
  "The files below cannot be uploaded to Kudos Boards as they are larger than the limit of {{limit}}": "Не удается отправить в Kudos Boards указанные ниже файлы, так как их размер превышает предел: {{limit}}",
  "The following links have already been added to this card:": "Следующие ссылки уже добавлены для этой карты:",
  "The invite was resent to": "Приглашение повторно отправлено для",
  "The selected board(s) were successfully transferred": "Выбранные доски успешно перенесены",
  "The selected items have been deleted": "Выбранные элементы удалены",
  "The selected items have been restored": "Выбранные элементы восстановлены",
  "There was an error when uploading the file. Server response: ": "Произошла ошибка при отправке файла. Ответ сервера: ",
  "This Activity has been migrated to Kudos Boards": "Операция перенесена в Kudos Boards",
  "This Board": "Эта доска",
  "This Board is available with AUTHOR access to everyone across all organisations.": "Эта доска предоставляет АВТОРУ доступ к каждому сотруднику во всех организациях.",
  "This Board is available with EDITOR access to everyone across all organisations.": "Эта доска предоставляет РЕДАКТОРУ доступ к каждому сотруднику во всех организациях.",
  "This Board is in one or more Groups": "Эта доска принадлежит одной или нескольким группам",
  "This Board is read-only to everyone across all organisations.": "Эта доска доступна только для чтения каждому сотруднику во всех организациях.",
  "This Board will be visible to everyone in your organisation. <br>Non-members can create new content and edit their own content.": "Эту доску будут видеть все сотрудники организации. <br>Те, кто не являются участниками, могут создавать новое содержимое и изменять созданное ими содержимое.",
  "This Board will be visible to everyone in your organisation. <br>Non-members can only view the board's contents.": "Эту доску будут видеть все сотрудники вашей организации. <br>Те, кто не являются участниками, могут только просматривать содержимое доски.",
  "This Board will be visible to everyone in your organisation. <br>Please note: This access level allows non-members to edit <b>all</b> board content.": "Эту доску будут видеть все сотрудники организации. <br>Обратите внимание: этот уровень доступа позволяет тем, кто не являются участниками, изменять <b>все</b содержимое доски.",
  "This Community": "Это сообщество",
  "This billing cycle affords a {{discount}}% discount": "В этом цикле выставления счетов предоставляется скидка {{discount}}%",
  "This card will be restored with its parent": "Эта карта будет восстановлена вместе с родительской",
  "This feature is coming soon!": "Эта функция скоро появится!",
  "This feature is currently not supported by the IBM Connections Cloud API": "В настоящее время эта функция не поддерживается API IBM Connections Cloud",
  "This field is required": "Это обязательное поле",
  "This invoice has been closed. Payment will not be automatically attempted again. Contact support for more information": "Этот счет закрыт. Повторная попытка платежа не будет выполняться. Для получения дополнительных сведений обратитесь в службу поддержки",
  "This is a Free trial of Kudos Boards and will expire in {{numDays}} day(s).": "Это бесплатная пробная версия Kudos Boards, срок действия которой истекает через {{numDays}} дн.",
  "This is a one way process and updates will not be reflected in your old Activity.": "Это односторонний процесс, и обновления не будут отражены в вашей старой Activity версии.",
  "This is a read-only preview of this Activity. Import to Boards for full functionality": "Это предварительный просмотр операции только для чтения. Импортируйте в Boards, чтобы использовать все функциональные возможности",
  "This licence grants access to a set number of users as they use the app. You may view the user-licences already assigned.": "Эта лицензия предоставляет доступ для заданного числа пользователей приложения. Вы можете просмотреть уже назначенные лицензии пользователей.",
  "This licence has been cancelled.": "Эта лицензия отменена.",
  "This licence only grants access to a selected group of named users. Access will not be granted to users not named by the Org Admins. You can view and edit the named users from the Admin settings.": "Эта лицензия предоставляет доступ только для выбранной группы названных пользователей. Доступ не предоставляется пользователям, не названным администраторами организации. Названных пользователей можно просматривать и изменять в настройках администратора.",
  "This option is only available when paying by credit card": "Эта опция доступна только при оплате кредитной картой",
  "This option is only editable if paying by credit card": "Эту опцию можно изменить только при оплате кредитной картой",
  "This team account is already linked": "Эта учетная запись коллектива уже связана",
  "This will go to your provider for an administrator to approve access to Kudos Boards": "Администратор должен будет получить разрешение провайдера на доступ к Kudos Boards",
  "This will permanently delete the board and all its data, are you sure?": "Доска и все ее данные будут безвозвратно удалены. Вы уверены?",
  "This will remove this data permanently from the board, are you sure?": "Все данные будут безвозвратно удалены с доски. Вы уверены?",
  "Thursday": "Четверг",
  "Tile Colours": "Цвета плиток",
  "Timeline": "Временная диаграмма",
  "Timeline View": "Представление \"Временная диаграмма\"",
  "Title": "Заголовок",
  "To interact with this card the parent will need to be restored": "Для работы с этой картой необходимо восстановить родительскую",
  "To unselect this card you will need to unselect its parent": "Чтобы отменить выбор этой карты, необходимо отменить выбор родительской",
  "Today": "Сегодня",
  "Todo": "Задача",
  "Todos": "Задачи",
  "Todos by Date": "Задачи по дате",
  "Todos by Due Date": "Задачи по дате выполнения",
  "Toggle Completion": "Переключить заполнение",
  "Toggle Editor": "Переключить редактор",
  "Toggle Sidebar": "Переключить боковую панель",
  "Tomorrow": "Завтра",
  "Total": "Всего",
  "Transfer Board Membership": "Перенести участие в доске",
  "Transfer Membership": "Перенести участие",
  "Trial": "Пробная версия",
  "Trial End Date: {{trialEnd}}": "Дата истечения срока действия пробной версии: {{trialEnd}}",
  "Trial expired": "Срок действия пробной версии истек",
  "Trial expired.": "Срок действия пробной версии истек.",
  "Trial extended {{extensions}} time(s)": "Время продления пробной версии: {{extensions}} с",
  "Try again": "Повторите попытку",
  "Tuesday": "Вторник",
  "Type": "Тип",
  "Type to filter archive": "Введите для фильтрации архива",
  "Type to filter list": "Введите для фильтрации списка",
  "Type to filter members": "Введите для фильтрации участников",
  "Type to search": "Введите для поиска",
  "UNDO": "ОТМЕНИТЬ",
  "URL": "URL",
  "URL of Connections header frame (optional)": "URL фрейма заголовка Connections (необязательно)",
  "Unassigned": "Неназначенный",
  "Undo": "Отменить",
  "Unit price: {{unitPrice}} per user": "Цена за единицу: {{unitPrice}} для каждого пользователя",
  "Unknown Connections Cloud organisation. Redirecting...": "Неизвестная организация Connections Cloud. Перенаправление...",
  "Unknown Team": "Неизвестный коллектив",
  "Unlimited": "Без ограничения",
  "Unlink Board": "Удалить связь доски",
  "Unlink account": "Удалить связь учетной записи",
  "Unlink {{fromName}} Account": "Удалить связь учетной записи {{fromName}}",
  "Unlock Kudos Boards Premium Preview": "Разблокировать расширенный предварительный просмотр в Kudos Boards",
  "Unpaid": "Неоплаченный",
  "Unpin Board": "Открепить доску",
  "Unscheduled cards": "Незапланированные карты",
  "Update": "Обновить",
  "Updated": "Обновлено",
  "Updated Since Last Accessed": "Обновлено с момента последнего использования",
  "Updated {{ date }}": "Обновлено {{ date }}",
  "Updating...": "Обновление...",
  "Upload": "Передать",
  "Upload Users": "Передать пользователей",
  "Upload Users from CSV": "Передать пользователей из файла CSV",
  "Upload file from computer": "Передать файлы с компьютера",
  "Upload to Kudos Boards": "Передать в Kudos Boards",
  "Uploading file:": "Передача файла:",
  "Use Email": "Использовать электронную почту",
  "Use another file service": "Использовать другую файловую службу",
  "Use as card theme": "Использовать в качестве карточной темы",
  "Use current account": "Использовать текущую учетную запись",
  "Use the Kudos Boards File Attachment Service for attaching files to cards": "Использовать службу вложения файлов Kudos Boards для прикрепления файлов к картам",
  "Use {{provider}} instead": "Использовать вместо этого {{provider}}",
  "Used": "Используется",
  "User": "Пользователь",
  "User Emails": "Электронные адреса пользователя",
  "User ExternalID": "Внешний ИД пользователя",
  "User Licences": "Лицензии пользователя",
  "User Options": "Опции пользователя",
  "User Trials": "Пробные версии пользователя",
  "User upload success!": "Пользователь успешно передан!",
  "Username": "Имя пользователя",
  "Users": "Пользователи",
  "Users may need to be added to the destination board to maintain access to their assigned todos.": "Возможно, потребуется добавить пользователей на целевую доску для обеспечения доступа к назначенным им задачам.",
  "Users: {{num}}": "Пользователи: {{num}}",
  "Vertical": "Вертикальный",
  "View": "Показать",
  "View Details": "Показать сведения",
  "View Subscriptions": "Показать подписки",
  "View and Accept ↗": "Просмотреть и принять ↗",
  "View licences": "Показать лицензии",
  "View subscriptions": "Показать подписки",
  "Want to know more?": "Хотите узнать больше?",
  "Warning: you are not authorised to add members in this board": "Предупреждение: вы не авторизованы для добавления участников на эту доску",
  "We found one board linked your {{fromName}} user account. Once you unlink the account you may no longer have access to this board.": "Обнаружена доска, связанная с вашей учетной записью {{fromName}}. После удаления связи с учетной записью вы можете потерять доступ к этой доске.",
  "We found {{count}} boards linked to your {{fromName}} user account. Once you unlink the account you may no longer have access to these boards.": "Обнаружены доски ({{count}}), связанные с вашей учетной записью {{fromName}}. После удаления связи с учетной записью вы можете потерять доступ к этим доскам.",
  "We recommended you change the widget title from the actions menu above": "Рекомендуется изменить заголовок виджета в меню действий выше",
  "Wednesday": "Среда",
  "Weekdays": "Рабочие дни",
  "Welcome": "Начало работы",
  "Welcome to Kudos Boards": "Приветствуем в Kudos Boards!",
  "When you unlock Kudos Boards Premium View, your current Activities will immediately be available in Board, Timeline and MindMap view.": "Когда вы разблокируете расширенный просмотр в Kudos Board, ваши текущие операции немедленно будут доступны в представлениях \"Доски\", \"Временная диаграмма\" и \"Интеллект-карта\".",
  "Widget Settings": "Настройки виджета",
  "Yearly": "Ежегодно",
  "Yes": "Да",
  "Yes Please": "Да",
  "You are in DELETE mode, select items to delete": "Вы находитесь в режиме УДАЛЕНИЯ, выберите элементы для удаления",
  "You are in restore mode, select items to restore": "Вы находитесь в режиме восстановления, выберите элементы для восстановления",
  "You are not a direct member of this board. Please consider leaving any Groups that may be members of this board.": "Вы не являетесь непосредственным участником этой доски. Рекомендуется покинуть группы, являющиеся участниками этой доски.",
  "You are not allowed to leave this Board. Please consider archiving board.": "Вам запрещено покидать эту доску. Попробуйте заархивировать доску.",
  "You are not authorised to access this resource": "Вы не авторизованы для доступа к этому ресурсу.",
  "You are not licensed to access this resource.": "У вас нет лицензии для доступа к этому ресурсу.",
  "You are the only owner of this board. Please consider adding other owners or archiving this board instead.": "Вы единственный владелец этой доски. Попробуйте добавить других владельцев или заархивировать эту доску.",
  "You can enhance your workflow by unlocking Kudos Boards Premium Preview. In addition to your Activities view, you’ll also be able to work in the Boards, Timeline and Mind Map views!": "Вы можете усовершенствовать рабочий процесс, разблокировав расширенный предварительный просмотр в Kudos Board. Помимо представления \"Операции\" вы сможете работать в представлениях \"Доски\", \"Временная диаграмма\" и \"Интеллект-карта\".",
  "You have READ ONLY access to this Board": "К этой доске у вас есть доступ ТОЛЬКО ДЛЯ ЧТЕНИЯ",
  "You have {{remaining}} day(s) remaining in your premium preview.": "Оставшееся время использования расширенного предварительного просмотра: {{remaining}} дн.",
  "Your account's email address and other admin emails for your org ({{emails}}) are already included": "Электронный адрес вашей учетной записи и электронные адреса администратора для вашей организации ({{emails}}) уже включены",
  "Your api key for kudos boards is shown below": "Ниже показан ваш ключ API для Kudos Boards",
  "Your changes have been saved": "Изменения сохранены",
  "Your initial premium preview with {{orgName}} has expired. Click extend if you would like to continue access for an additional 30 days": "Срок использования расширенного предварительного просмотра для {{orgName}} истек. Нажмите \"Продолжить\", чтобы продлить доступ еще на 30 дней",
  "Your premium preview expires today.": "Срок использования расширенного предварительного просмотра истекает сегодня.",
  "Your premium preview has expired, Let your administrator know you'd like to continue using Kudos Boards Premium view.": "Срок использования расширенного предварительного просмотра в Kudos Board истек. Сообщите администратору, если хотите продолжить использование.",
  "Your preview will last for 30 days and any data you create in these views will always be available in the Activities view.": "Ознакомительная версия будет доступна в течении 30 дней, и любые данные, созданные вами, всегда будут доступны на вкладке Activities.",
  "Your session with {{provider}} has expired. Redirecting...": "Время сеанса с {{provider}} истекло. Перенаправление...",
  "Your session with {{provider}} has expired. Some functionality (ie notifications, groups, files) will be restricted until you login again.": "Время сеанса с {{provider}} истекло. Некоторые функциональные возможности (например, уведомления, группы, файлы) будут ограничены до повторного входа в систему.",
  "and is already a member of this board": "и уже является участником этой доски",
  "author": "автор",
  "awaiting acceptance": "ожидание принятия",
  "by": "по",
  "editor": "редактором",
  "empty name": "пустое имя",
  "monthly": "ежемесячно",
  "oAuth Client ID": "ИД клиента OAuth",
  "oAuth Client Secret": "секрет клиента OAuth",
  "of": "от",
  "ok": "ок",
  "owner": "владелец",
  "primary": "основной",
  "reader": "читатель",
  "to go to Connections Cloud, then access Kudos Boards via the link in the 'Apps' menu.": "чтобы перейти в Connections Cloud, а затем запустите Kudos Boards, нажав ссылку в меню 'Приложения'.",
  "to view this content": "для просмотра этого содержимого",
  "uploaded successfully": "успешно передан",
  "yearly": "ежегодно",
  "{{count}} more card(s) this way": "Другие карты: {{count}}",
  "{{num}} users": "Пользователи: {{num}}",
  "{{quantity}} x subscriptions to '{{plan.name}}' ({{planPrice}} / {{plan.interval}})": "{{quantity}} x подписки на '{{plan.name}}' ({{planPrice}} / {{plan.interval}})",
  "{{remaining}} days of trial remaining": "Оставшееся время использования пробной версии: {{remaining}} дн.",
  "{{remaining}} days remaining in your premium preview.": "Оставшееся время использования расширенного предварительного просмотра: {{remaining}} дн.",
  "{{userTrialCount}} user(s) have started a trial of Kudos Boards Premium": "Пользователи, использующие пробную версию Kudos Boards Premium: {{userTrialCount}}"
}