{
  "": "",
  "'{{userName}}' will not be able to view the message because they cannot access this Board": "Používateľ {{userName}} túto správu neuvidí, pretože nemá prístup na túto nástenku.",
  "(Copy Of) ": "(Kópia) ",
  "A problem occurred when creating invite": "Pri vytváraní pozvánky sa vyskytol problém.",
  "A problem occurred when deleting node": "Pri vymazaní uzla sa vyskytol problém.",
  "A problem occurred when getting a node": "Pri získavaní uzla sa vyskytol problém.",
  "A problem occurred when redeeming invite": "Pri uplatňovaní pozvánky sa vyskytol problém.",
  "A problem occurred when removing invite": "Pri odstraňovaní pozvánky sa vyskytol problém.",
  "A problem occurred when removing member": "Pri odstraňovaní člena sa vyskytol problém.",
  "A problem occurred when saving invite": "Pri ukladaní pozvánky sa vyskytol problém.",
  "A problem occurred when saving member": "Pri ukladaní člena sa vyskytol problém.",
  "A problem occurred when saving node": "Pri ukladaní uzla sa vyskytol problém.",
  "A problem occurred when updating invite": "Pri aktualizácii pozvánky sa vyskytol problém.",
  "A user with that email address already exists": "Používateľ s rovnakou e-mailovou adresou už existuje.",
  "A user with that email address already exists as a member of this board": "Používateľ s touto e-mailovou adresu už existuje a je členom tejto nástenky.",
  "Accessed in the Last Month": "S prístupom v poslednom mesiaci",
  "Accessed since": "S prístupom od",
  "Account Balance: {{credit}}": "Zostatok na konte: {{credit}}",
  "Account Unlinked": "Prepojenie konta zrušené",
  "Actions": "Akcie",
  "Active": "Aktívne",
  "Active Boards": "Aktívne nástenky",
  "Active Workspace Meetings": "Aktívne schôdze Workspace",
  "Activity": "Aktivita",
  "Activity data is loading...": "Načítavajú sa údaje aktivity...",
  "Activity Migration": "Migrácia aktivity",
  "Activity Name": "Názov aktivity",
  "Add": "Pridať",
  "Add a Card": "Pridať kartu",
  "Add a Comment": "Pridať komentár",
  "Add a Description": "Pridať opis",
  "Add a List": "Pridať zoznam",
  "Add a list": "Pridať zoznam",
  "Add a Tag": "Pridať značku",
  "Add an attachment or link": "Pridať prílohu alebo odkaz",
  "Add another": "Pridať ďalší",
  "Add Attachment": "Pridať prílohu",
  "Add Bookmark": "Pridať záložku",
  "Add Client": "Pridať klienta",
  "Add Custom Field": "Pridať vlastné pole",
  "Add file": "Pridať súbor",
  "Add individuals or groups as members, or invite by email": "Pridať jednotlivcov alebo skupiny ako členov alebo ich pozvať e-mailom",
  "Add Label": "Pridať označenie",
  "Add label '{{filter}}'": "Pridať označenie „{{filter}}“",
  "Add Licence": "Pridať licenciu",
  "Add Member": "Pridať člena",
  "Add members": "Pridať členov",
  "Add Organisation": "Pridať organizáciu",
  "Add people to your board or invite by email": "Pridať ľudí na vašu nástenku alebo pozvať e-mailom",
  "Add User": "Pridať používateľa",
  "Admin approval failed": "Schválenie administrátorom zlyhalo",
  "Admin Users": "Administrátori",
  "Administrator approval required.": "Požaduje sa súhlas administrátora.",
  "Administrators": "Administrátori",
  "Advanced": "Rozšírené",
  "Agenda": "Agenda",
  "All": "Všetky",
  "All Activities": "Všetky aktivity",
  "All Boards": "Všetky nástenky",
  "All cards are scheduled.": "Všetky karty sú naplánované.",
  "All Templates": "Všetky šablóny",
  "Allow Invite by Email": "Povoliť pozvanie e-mailom",
  "Already linked": "Už prepojené",
  "Amount": "Suma",
  "Amount Due": "Splatná suma",
  "Amount Due Now: {{due}}": "Suma splatná teraz: {{due}}",
  "Amount Paid": "Zaplatená suma",
  "An account of this type already linked": "Konto tohto typu je už prepojené.",
  "An invitation for the specified email address already exists on this board": "Pozvánka pre zadanú e-mailovú adresu už na tejto nástenke existuje.",
  "and is already a member of this board": "a je už členom tejto nástenky",
  "Apply Template": "Použiť šablónu",
  "Approve": "Schváliť",
  "Approve Advanced Features": "Schváliť rozšírené funkcie",
  "Archive": "Archív",
  "Archive Card": "Archivačná karta",
  "Archive Cards in List": "Archivačné karty v zozname",
  "Archive List": "Archivačný zoznam",
  "Archived": "Archivované",
  "Archived Boards": "Archivované nástenky",
  "Archived Templates": "Archivované šablóny",
  "Are you sure you want to cancel this licence? This will take effect at the end of the current period.": "Naozaj chcete zrušiť túto licenciu? Táto akcia sa prejaví po skončení aktuálneho obdobia.",
  "Are you sure you want to delete this licence? CAUTION: This will delete any associated credit card information": "Naozaj chcete vymazať túto licenciu? POZOR: Táto akcia odstráni prípadné pridružené informácie o kreditnej karte.",
  "Are you sure you want to reactivate this licence?": "Naozaj chcete opätovne aktivovať túto licenciu?",
  "Are you sure you want to unlink your {{provider}} account?": "Naozaj chcete zrušiť prepojenie vášho konta {{provider}}?",
  "Are you sure you wish to leave '{{boardName}}'? This action cannot be undone by you.": "Naozaj chcete odísť z nástenky {{boardName}}? Táto akcia sa nedá vrátiť.",
  "Are you sure?": "Ste si istý?",
  "Are You Sure?": "Ste si istý?",
  "Are you sure? This will reinstate the previous billing schedule": "Naozaj chcete pokračovať? Táto akcia obnoví predchádzajúci harmonogram fakturácie.",
  "Are you sure? This will take effect at the end of the current billing cycle": "Naozaj chcete pokračovať? Táto akcia sa prejaví na konci aktuálneho cyklu fakturácie.",
  "Asia Pacific": "Ázia a Tichomorie",
  "Assign Users": "Priradiť používateľov",
  "Assigned": "Priradené",
  "Assigned to": "Priradené k",
  "Assigned To Me": "Priradené mne",
  "Assigned Users that will be added to the Destination Board": "Priradení používatelia, ktorí budú pridaní na cieľovú nástenku",
  "Assignees": "Priradení používatelia",
  "Assignments": "Priradenia",
  "Attach": "Pripojiť",
  "Attachments": "Prílohy",
  "Auth0 url": "Adresa URL Auth0",
  "Authentication Clients": "Overovací klienti",
  "Author": "Autor",
  "author": "autor",
  "awaiting acceptance": "očakáva prijatie",
  "Back": "Späť",
  "Back to Boards": "Späť na nástenky",
  "Back to Colour Selection": "Späť na výber farby",
  "Bad Request": "Nesprávna požiadavka",
  "Best viewed in fullscreen": "Optimálne zobrazenie na celej obrazovke",
  "Billing Cycle": "Fakturačný cyklus",
  "Billing period: {{interval}}": "Fakturačné obdobie: {{interval}}",
  "Blank": "Prázdne",
  "Board": "Panel",
  "Board Archive": "Archív nástenky",
  "Board Labels": "Označenia nástenky",
  "Board Members": "Členovia nástenky",
  "Board Name": "Názov nástenky",
  "Boards": "Nástenky",
  "Boards linked directly to this user": "Nástenky prepojené priamo s týmto používateľom",
  "Boards linked through group membership": "Nástenky prepojené prostredníctvom skupinového členstva",
  "Boards premium preview": "Prémiový náhľad násteniek",
  "Bookmarks": "Záložky",
  "Buy Licence": "Kúpiť licenciu",
  "Buy Online": "Kúpiť online",
  "by": "od",
  "Cancel": "Zrušiť",
  "Cancel Licence": "Zrušiť licenciu",
  "Cancelled": "Zrušené",
  "Cannot Leave Board": "Nástenka sa nedá opustiť",
  "Card Name": "Názov karty",
  "Card Number": "Číslo karty",
  "Cards": "Karty",
  "Central Europe": "Stredná Európa",
  "Choose a board": "Zvoľte nástenku",
  "Choose a Template": "Zvoľte šablónu",
  "Classic": "Klasické",
  "Clear Search": "Vyčistiť hľadanie",
  "Clear Selected": "Vymazať vybraté",
  "Clear Selected Filters": "Vymazať vybraté filtre",
  "Click for details": "Kliknutím zobrazíte podrobnosti",
  "Click for more information about approving advanced features": "Kliknutím zobrazíte viac informácií o schvaľovaní rozšírených funkcií.",
  "Click here": "Kliknite tu",
  "Click here for details": "Kliknutím tu zobrazíte podrobnosti",
  "Click here for details.": "Kliknutím tu zobrazíte podrobnosti",
  "Click here to buy a licence online or get a quote": "Kliknite tu, ak si chcete kúpiť licenciu on-line alebo získať cenovú ponuku.",
  "Click here to start a 30 day free trial for your organisation. Contact support for trials with more users.": "Kliknite tu, ak chcete začať 30-denné bezplatné skúšobné obdobie pre vašu organizáciu. Ak chcete skúšobné verzie s viacerými používateľmi, kontaktujte podporu.",
  "Click to see more details": "Kliknutím zobrazíte podrobnosti",
  "Client": "Klient",
  "Clients": "Klienti",
  "Close": "Zatvoriť",
  "Close Activity After Import": "Po importu zavrieť aktivitu",
  "Close Board Menu": "Zavrieť ponuku nástenky",
  "Close the activity after the import has completed successfully. You can still access it through 'Trash'": "Zatvorí aktivitu po úspešnom dokončení importu. Aktivita bude naďalej prístupná v koši",
  "Closed": "Zatvorené",
  "Collaborate on projects involving different departments": "Spolupracujte na projektoch s rôznymi oddeleniami",
  "Collapse": "Zvinúť",
  "Colour": "Farba",
  "Colour Labels": "Farebné označenia",
  "Colour-Tags": "Farebné značky",
  "Colours": "Farby",
  "Column View": "Zobrazenie stĺpca",
  "Comments": "Komentáre",
  "Community Activities": "Aktivity komunity",
  "Community Templates": "Šablóny komunity",
  "Complete Todos": "Dokončené položky zoznamu úloh",
  "Completed": "Dokončené",
  "Configuration": "Konfigurácia",
  "Confirm": "Potvrdiť",
  "Confirmation Required": "Vyžaduje sa potvrdenie",
  "Connections Cloud session expired. Click here to validate.": "Platnosť relácie Connections Cloud vypršala. Kliknutím tu vykonáte overenie.",
  "Connections On-Premise": "Lokálna inštalácia Connections",
  "Connections URL": "Adresa URL služby Connections",
  "Contact Email": "Kontaktný e-mail",
  "Contact Name": "Meno kontaktu",
  "Contact Support": "Kontaktovať podporu",
  "Contact your System Administrator for more information or email us at": "Ak potrebujete viac informácií, kontaktujte administrátora systému alebo nám pošlite e-mail na adresu",
  "Content": "Obsah",
  "Continue": "Pokračovať",
  "Continue Without Transferring": "Pokračovať bez prenosu",
  "Convert into Entry": "Konvertovať na záznam",
  "Convert into Todo": "Konvertovať na úlohu",
  "Copy embed code": "Kopírovať vložený kód",
  "Copy embed code to clipboard": "Kopírovať vložený kód do schránky",
  "Create": "Vytvoriť",
  "Create a new board": "Vytvoriť novú nástenku",
  "Create Board": "Vytvoriť nástenku",
  "Create Board from Template": "Vytvoriť nástenku zo šablóny",
  "Create Boards for anything, manage your workflow, and streamline processes with template creation.": "Vytvorte si nástenku na čokoľvek, spravujte pracovné postupy a zjednodušte procesy pomocou tvorby šablón.",
  "Create card": "Vytvoriť kartu",
  "Create Copy": "Vytvoriť kópiu",
  "Create Link to Board": "Vytvoriť odkaz na nástenku",
  "Create Template": "Vytvoriť šablónu",
  "Create Template from Board": "Vytvoriť šablónu z nástenky",
  "Create your own structure for organising projects, workflows, ideas and more!": "Vytvorte si vlastnú štruktúru na organizáciu projektov, pracovných postupov, nápadov a mnohého ďalšieho!",
  "Create {{numCards}} cards?": "Chcete vytvoriť karty (počet: {{numCards}})?",
  "Create {{numCards}} lists?": "Chcete vytvoriť zoznamy (počet: {{numCards}})?",
  "Created": "Vytvorené",
  "Created By Me": "Vytvorené mnou",
  "Created {{ date }}": "Vytvorené {{ date }}",
  "Created: {{date}}": "Vytvorené: {{date}}",
  "Credit Card Ending in {{last4}}": "Kreditná karta končiaca na {{last4}}",
  "Current Account:": "Aktuálne konto:",
  "Currently the ability to search for groups in {{provider}} is not available until an administrator grants permissions for your organisation. ": "Aktuálna schopnosť vyhľadávať skupiny v spoločnosti {{provider}} nebude k dispozícii, dokiaľ administrátor neudelí vašej organizácii príslušné povolenia. ",
  "Curve": "Krivka",
  "Custom Fields": "Vlastné polia",
  "Customer ID": "ID zákazníka",
  "CVC": "CVC",
  "Date": "Dátum",
  "Decisions": "Rozhodnutia",
  "Default templates to exclude": "Predvolené šablóny na vylúčenie",
  "Delete": "Vymazať",
  "Delete Board": "Vymazať nástenku",
  "Delete Card": "Vymazať kartu",
  "Delete Comment": "Vymazať komentár",
  "Delete File": "Vymazať súbor",
  "Delete items": "Vymazať položky",
  "Delete Label": "Vymazať označenie",
  "Delete Link": "Vymazať odkaz",
  "Delete List": "Vymazať zoznam",
  "Delete mode": "Vymazať režim",
  "Delete Selected Items": "Vymazať vybraté položky",
  "Deleted": "Vymazané",
  "Deleting": "Vymazáva sa",
  "Departments": "Oddelenia",
  "Description": "Opis",
  "Description (optional)": "Opis (voliteľné)",
  "Details": "Podrobnosti",
  "Direct Order via ISW": "Priama objednávka prostredníctvom ISW",
  "Discount": "Zľava",
  "Discount Code (optional)": "Kód zľavy (voliteľný)",
  "Discount: {{discount}}": "Zľava: {{discount}}",
  "Display an existing board": "Zobraziť existujúcu nástenku",
  "Documentation": "Dokumentácia",
  "Doing": "Robí sa",
  "Done": "Hotovo",
  "Done ({{num}})": "Hotovo ({{num}})",
  "Download": "Prevziať",
  "Download file": "Prevziať súbor",
  "Drop file here to save": "Sem presuňte súbory na uloženie",
  "Due": "Termín",
  "Due Date": "Termín",
  "Due date": "Termín",
  "Earliest Licence Expired on": "Platnosť najskoršej licencie vypršala dňa",
  "Earliest Upcoming Expiry": "Najbližšie nadchádzajúce vypršanie platnosti",
  "Edit": "Upraviť",
  "Edit Board Colour Labels": "Upraviť farebné označenia nástenky",
  "Edit Client": "Upraviť klienta",
  "Edit Client Licence": "Upraviť licenciu klienta",
  "Edit Colour Labels": "Upraviť farebné označenia",
  "Edit Comment": "Upraviť komentár",
  "Edit Description": "Upraviť opis",
  "Edit Filename": "Upraviť názov súboru",
  "Edit Label": "Upraviť označenie",
  "Edit label": "Upraviť označenie",
  "Edit Licence": "Upraviť licenciu",
  "Edit Link": "Upraviť odkaz",
  "Edit name": "Upraviť názov",
  "Edit Tile Colour Labels": "Upraviť farebné označenia dlaždíc",
  "Edit User Licence": "Upraviť používateľskú licenciu",
  "Edited": "Upravené",
  "Editor": "Editor",
  "editor": "editor",
  "Email": "E-mailová adresa",
  "Email Address": "E-mailová adresa",
  "Email address is required": "Vyžaduje sa e-mailová adresa.",
  "Email addresses to copy invoices to": "E-mailové adresy, na ktoré sa budú kopírovať faktúry",
  "Email addresses to copy quote to": "E-mailové adresy, na ktoré sa bude kopírovať cenová ponuka",
  "Email Us": "Pošlite nám e-mail",
  "Embed code copied to clipboard": "Vložený kód skopírovaný v schránke",
  "Empty Lists": "Prázdne zoznamy",
  "empty name": "prázdny názov",
  "Enable Boards File Uploads": "Povoliť nahrávanie súborov nástenky",
  "Enabled": "Povolené",
  "End Date": "Koncový dátum",
  "Ending Balance": "Záverečný zostatok",
  "Enter a title for the link (Optional)": "Zadajte názov odkazu (voliteľné)",
  "Enter an email address": "Zadajte e-mailovú adresu",
  "Enter Label": "Zadajte označenie",
  "Enter label name": "Zadajte názov označenia",
  "Enter New Name": "Zadajte nový názov",
  "Enter Text": "Zadajte text",
  "Entry": "Položka",
  "Error": "Chyba",
  "Error creating board": "Chyba pri vytváraní nástenky",
  "Error processing quote request. Please email sales@kudosbadges.com": "Pri spracovaní žiadosti o cenovú ponuku sa vyskytla chyba. Pošlite e-mail na adresu sales@kudosbadges.com.",
  "Error processing your request": "Pri spracovaní žiadosti sa vyskytla chyba.",
  "Error starting trial": "Chyba pri spúšťaní skúšobnej verzie",
  "Error uploading file": "Chyba pri nahrávaní súboru",
  "Error: an unknown error occurred - cannot move": "Chyba: Vyskytla sa neznáma chyba – nedá sa presúvať.",
  "Error: you are not authorised to add content to this board": "Chyba: Nemáte oprávnenie pridať obsah na túto nástenku.",
  "Existing Kudos Partner (optional)": "Existujúci partner Kudos (voliteľné)",
  "Existing Login Detected": "Bolo zistené existujúce prihlásenie",
  "Existing Tab": "Existujúca karta",
  "Expand": "Rozvinúť",
  "Expand/Collapse": "Rozvinúť/zvinúť",
  "Expand/Collapse All Lists": "Rozvinúť/zvinúť všetky zoznamy",
  "Expired": "Skončená platnosť",
  "Expires": "Platnosť do",
  "Expires: {{date}}": "Platnosť do: {{date}}",
  "Expires: {{{date}}}": "Platnosť do: {{{date}}}",
  "Expiry": "Platnosť",
  "Expiry Date": "Dátum konca platnosti",
  "Explore the Template Library": "Preskúmať knižnicu šablón",
  "Extend": "Predĺžiť",
  "ExternalId": "ID externého používateľa",
  "Fields": "Polia",
  "Filter Activities to migrate": "Filtrovať aktivity na migráciu",
  "Finance": "Financie",
  "Find a Group": "Hľadať skupinu",
  "Find a User": "Hľadať používateľa",
  "Finding your Connections Cloud Organisation...": "Hľadá sa vaša organizácia v službe Connections Cloud...",
  "Free": "Bezplatné",
  "Free Trial": "Bezplatná skúšobná verzia",
  "Friday": "Piatok",
  "From Provider": "Od poskytovateľa",
  "Functionality is currently limited.": "Funkčnosť je aktuálne obmedzená.",
  "Furthest Upcoming Expiry": "Najneskoršie nadchádzajúce vypršanie platnosti",
  "Future": "Budúcnosť",
  "General": "Všeobecné",
  "Get a Licence Quote": "Získať cenovú ponuku na licenciu",
  "Get a Quote": "Získať cenovú ponuku",
  "Give users the ability to invite external users to a Board by email address": "Poskytuje používateľom možnosť pozývať externých používateľov na nástenku pomocou e-mailovej adresy",
  "Global Access": "Globálny prístup",
  "Global OAuth": "Globálne overenie OAuth",
  "Go to licence": "Prejsť na licenciu",
  "Go to Today": "Prejsť na dnešok",
  "Goals": "Ciele",
  "Group": "Skupina",
  "Group Boards": "Skupinové nástenky",
  "Group By": "Zoskupiť podľa",
  "Group Owners: Owners of this Board.</br>Group Members: Authors of this Board": "Vlastníci skupiny: Vlastníci tejto nástenky.</br>Členovia skupiny: Autori tejto skupiny.",
  "Groups": "Skupiny",
  "Help": "Pomoc",
  "Hide": "Skryť",
  "Hide Completed Todos": "Skryť dokončené úlohy",
  "Hide Dates": "Skryť dátumy",
  "Horizontal": "Horizontálne",
  "How would you like to proceed?": "Ako chcete pokračovať?",
  "HR": "HOD",
  "I accept the above Terms & Conditions": "Súhlasím s horeuvedenými podmienkami",
  "I accept the terms of service": "Súhlasím s podmienkami používania",
  "ID": "ID",
  "If this setting is switched off, cards are created as entries on enter press.": "Ak je toto nastavenie vypnuté, budú sa karty vytvárať ako záznamy po stlačení klávesu Enter.",
  "Ignore Completed": "Ignorovať nedokončené",
  "Ignore Deleted": "Ignorovať odstránené",
  "Ignore Templates": "Ignorovať šablóny",
  "Import": "Importovať",
  "Import an Activity": "Importovať aktivitu",
  "Import an Activity Template": "Importovať šablónu aktivity",
  "Import from Activities": "Importovať z aplikácie Aktivity",
  "Import From Activities": "Importovať z aplikácie Aktivity",
  "In a Group": "V skupine",
  "Include email body in description": "Zahrnúť do opisu telo e-mailu",
  "Inherit": "Zdediť",
  "Inherit from Group": "Zdediť zo skupiny",
  "Inherited from Group": "Zdedené zo skupiny",
  "Integration Env": "Prostredie integrácie",
  "Internal server error": "Nastala interná chyba servera",
  "Invitation sent to": "Pozvánka odoslaná na",
  "Invite": "Pozvať",
  "Invite by Email": "Pozvať e-mailom",
  "Invite sent on": "Pozvanie sa odoslalo",
  "Invoice": "Faktúra",
  "Invoice Details": "Podrobnosti o faktúre",
  "Invoices": "Faktúry",
  "Invoices for": "Faktúry pre",
  "Is Enabled": "Je povolené",
  "Is Trial": "Je skúšobná verzia",
  "IT": "IT",
  "It is valid until {{expiry}}.": "Platí do {{expiry}}.",
  "Items": "Položky",
  "Join Workspace Meetings": "Pripojiť sa do schôdzí Workspace",
  "Kanban": "Kanban",
  "Kanban View": "Zobrazenie Kanban",
  "Kudos Boards": "Kudos Boards",
  "Kudos Boards - Terms & Conditions": "Kudos Boards – zmluvné podmienky",
  "Kudos Boards API": "Rozhranie API Kudos Boards",
  "Kudos Boards cannot be added as a tab until an administrator approves required functionality": "Aplikácia Kudos Boards sa nedá pridať ako karta, dokiaľ administrátor nepovolí požadovanú funkciu.",
  "Kudos Boards has been updated in the background. Please reload the app!": "Aplikácia Kudos Boards bola aktualizovaná na pozadí. Spustite aplikáciu znova.",
  "Kudos Partner Reference Code (optional)": "Referenčný kód partnera Kudos (voliteľné)",
  "Kudos Team Name": "Názov tímu Kudos",
  "Label deleted": "Označenie bolo odstránené",
  "Labels": "Označenia",
  "Last Accessed": "Posledný prístup",
  "Last Licence Expired on": "Platnosť poslednej licencie vypršala dňa",
  "Later This Month": "Neskôr tento mesiac",
  "Later This Week": "Neskôr tento týždeň",
  "Layout": "Rozloženie",
  "Leave Board": "Odísť z nástenky",
  "Licence Assigned": "Licencia bola priradená",
  "Licence Details": "Podrobnosti o licencii",
  "Licence expired": "Platnosť licencie vypršala",
  "Licence Type": "Typ licencie",
  "Licences": "Licencie",
  "Licenses": "Licencie",
  "Licensing": "Licencovanie",
  "Limit": "Limit",
  "Line": "Čiara",
  "Line Items": "Riadkové položky",
  "Lines in file:": "Počet riadkov v súbore:",
  "Link": "Odkaz",
  "Link Accounts": "Prepojiť kontá",
  "Link another account": "Prepojiť iné konto",
  "Link another Kudos Boards account": "Prepojiť iné konto Kudos Boards",
  "Link Exists": "Odkaz existuje",
  "Link to Board": "Odkaz na nástenku",
  "Link to Card, List or Board": "Odkaz na kartu, zoznam alebo nástenku",
  "Link to File": "Odkaz na súbor",
  "Link to Folder": "Odkaz na zložku",
  "Link {{provider}} with the current account": "Prepojiť poskytovateľa {{provider}} s aktuálnym kontom",
  "Linked Accounts": "Prepojené kontá",
  "Linked Groups": "Prepojené skupiny",
  "Links": "Odkazy",
  "Links & Attachments": "Odkazy a prílohy",
  "List": "Zoznam",
  "List all Boards": "Zobraziť výpis všetkých násteniek",
  "List Name": "Názov zoznamu",
  "List View": "Zoznamové zobrazenie",
  "Lists": "Zoznamy",
  "Lite": "Lite",
  "Local": "Lokálne",
  "Logging in, please wait...": "Prihlasuje sa. Počkajte, prosím...",
  "Login": "Prihlásenie",
  "Logout": "Odhlásenie",
  "Look in": "Kde hľadať:",
  "Make the most of your Kudos Boards Premium Preview": "Využite naplno prémiový náhľad Kudos Boards!",
  "Manage Org": "Spravovať organizáciu",
  "Manage Payments": "Spravovať platby",
  "Mark Board as Complete": "Označiť nástenku ako dokončenú",
  "Mark Board as Incomplete": "Označiť nástenku ako nedokončenú",
  "Mark Complete": "Označiť ako dokončené",
  "Mark Incomplete": "Označiť ako nedokončené",
  "Marketing": "Marketing",
  "Match All Filters": "Zhoda so všetkými filtrami",
  "Meeting": "Schôdza",
  "Members": "Členovia",
  "Merge": "Zlúčiť",
  "Microsoft Office365": "Microsoft Office365",
  "Migrate ALL ({{num}})": "Migrovať všetko ({{num}})",
  "Migrate Selected ({{num}})": "Migrovať vybraté ({{num}})",
  "Mind Map": "Myšlienková mapa",
  "MindMap": "Myšlienková mapa",
  "Mindmap": "Myšlienková mapa",
  "Mindmap View": "Zobrazenie myšlienkovej mapy",
  "Minimum number of users for the selected licence type is {{minimumSeats}}": "Minimálny počet používateľov pre vybratý typ licencie je {{minimumSeats}}.",
  "Mirror": "Zrkadlo",
  "Modified": "Upravené",
  "Modify": "Upraviť",
  "Modify Licence": "Zmeniť licenciu",
  "Monday": "Pondelok",
  "monthly": "mesačne",
  "Monthly": "Mesačne",
  "More": "Viac",
  "Move": "Presunúť",
  "Move and Open": "Presunúť a otvoriť",
  "Move Card": "Presunúť kartu",
  "Move List": "Presunúť zoznam",
  "Move To Another Board": "Presunúť na inú nástenku",
  "Move to another list or parent card": "Presunúť do iného zoznamu alebo nadradenej karty",
  "My": "Moje",
  "My Account": "Moje konto",
  "My Activities": "Moje aktivity",
  "My Boards": "Moje nástenky",
  "My Subscriptions": "Moje odbery",
  "My Templates": "Moje šablóny",
  "My Todos": "Moje položky zoznamu úloh",
  "Name": "Názov",
  "Name on Card": "Meno na karte",
  "Named Users": "Pomenovaní používatelia",
  "Named Users Licence": "Licencia pomenovaných používateľov",
  "Never": "Nikdy",
  "New Board": "Nová nástenka",
  "New card created, however the search filter currently applied is preventing it from being displayed": "Bola vytvorená nová karta, ale aktuálne použitý filter vyhľadávania bráni ich zobrazeniu.",
  "New cards created as tasks on enter key press": "Nové karty sa vytvárajú ako úlohy po stlačení klávesu Enter",
  "New Client": "Nový klient",
  "New Client Licence": "Nová klientska licencia",
  "New Credit Card": "Nová kreditná karta",
  "New Label": "Nové označenie",
  "New Label Text": "Nový text označenia",
  "New Licence": "Nová licencia",
  "New Since Last Week": "Nové od posledného týždňa",
  "New Sub-Card": "Nová podradená karta",
  "New Tab": "Nová karta",
  "New Template": "Nová šablóna",
  "New User Licence": "Nová používateľská licencia",
  "Next": "Ďalej",
  "Next Invoice Amount: {{nextAmount}}": "Suma ďalšej faktúry: {{nextAmount}}",
  "Next Invoice Date: {{date}}": "Dátum ďalšej faktúry: {{date}}",
  "Next Payment": "Ďalšia platba",
  "Next Payment Attempt": "Pokus o ďalšiu platbu",
  "Next Payment: {{{date}}}": "Ďalšia platba: {{{date}}}",
  "Next Week": "Ďalší týždeň",
  "No": "Nie",
  "No action available": "Nie sú k dispozícii žiadne akcie",
  "No Active Meetings found. Click below to go to a Workspace": "Nenašli sa žiadne aktívne schôdze. Kliknutím nižšie prejdete do okna Workspace.",
  "No Activities found": "Nenašli sa žiadne aktivity",
  "No Archived items to show": "Žiadne archivované položky na zobrazenie",
  "No Assignment": "Žiadne priradenie",
  "No boards found for this group": "Pre túto skupinu sa nenašli žiadne nástenky",
  "No Boards found.": "Nenašli sa žiadne nástenky.",
  "No boards yet, please create one first": "Zatiaľ nie sú žiadne nástenky, najprv nejakú vytvorte",
  "No clients found": "Nenašli sa žiadni klienti",
  "No Colour": "Bez farby",
  "No Date": "Žiadny dátum",
  "No files found": "Nenašli sa žiadne súbory",
  "No folders found": "Nenašli sa žiadne zložky",
  "No Group": "Žiadna skupina",
  "No invoices to display": "Žiadne faktúry na zobrazenie",
  "No items were selected": "Nie sú vybraté žiadne položky",
  "No Label": "Žiadne označenie",
  "No label": "Žiadne označenie",
  "No labels defined": "Nie sú definované žiadne označenia",
  "No licences available. Functionality will be limited for new users.": "K dispozícii nie sú žiadne licencie. Funkčnosť pre nových používateľov bude obmedzená.",
  "No licences found": "Nenašli sa žiadne licencie",
  "No licences to show": "Žiadne licencie na zobrazenie",
  "No organisations found": "Nenašli sa žiadne organizácie",
  "No pinned boards": "Žiadne pripnuté nástenky",
  "No Pinned Boards found.": "Nenašli sa žiadne pripnuté nástenky.",
  "No Recent Boards found.": "Nenašli sa žiadne posledné nástenky.",
  "No user trials found": "Nenašli sa žiadne skúšobné verzie používateľa",
  "No users found": "Nenašli sa žiadni používatelia",
  "No users to show": "Nie sú k dispozícii žiadni používatelia na zobrazenie",
  "None": "Žiadne",
  "North America": "Severná Amerika",
  "Not Licensed": "Nelicencované",
  "Not Supported": "Nepodporované",
  "Note that file security is managed by {{provider}}, not by Kudos Boards": "Upozorňujeme, že zabezpečenie súborov spravuje {{provider}}, nie Kudos Boards.",
  "Nothing to show": "Nič na zobrazenie",
  "Number of Attempts": "Počet pokusov",
  "Number of cards": "Počet kariet",
  "Number of Expired Licences": "Počet licencií s vypršanou platnosťou",
  "Number of Users": "Počet používateľov",
  "Number of Valid Licences": "Počet platných licencií",
  "oAuth Client ID": "Identifikácia klienta OAuth",
  "OAuth Client ID": "Identifikácia klienta OAuth",
  "OAuth Client Secret": "Heslo klienta OAuth",
  "oAuth Client Secret": "Heslo klienta OAuth",
  "ok": "ok",
  "OK": "OK",
  "Only Entries": "Iba položky",
  "Only the members of this board will be able to see and access this board.": "Túto nástenku uvidia iba členovia tejto nástenky a iba oni k nej budú mať prístup.",
  "Only Todos": "Iba položky zoznamu úloh",
  "Open": "Otvoriť",
  "Open Board Options": "Možnosti otvorenej nástenky",
  "Open Boards in:": "Otvorené nástenky v:",
  "Open in Boards": "Otvoriť v nástenkách",
  "Open Licence": "Otvoriť licenciu",
  "Open this board": "Otvoriť túto nástenku",
  "Opt in below to receive tips and tricks from the Kudos Boards team to make the most of your premium preview.": "Nižšie zvoľte možnosť dostávať tipy a rady od tému Kudos Boards, ktoré vám pomôžu naplno využiť prémiový náhľad.",
  "Order": "Poradie",
  "Order Summary": "Súhrn objednávky",
  "Order via ISW Partner": "Objednať prostredníctvom partnera ISW",
  "Org Administration": "Administrácia organizácie",
  "Organisation": "Organizácia",
  "Organisation Name": "Názov organizácie",
  "Organisations": "Organizácie",
  "Organise any project productively using the classic Todo, Doing, Done methodology": "Usporiadajte svoj projekt produktívne pomocou klasického postupu: Úloha, Robí sa a Hotovo.",
  "Our Terms & Conditions have changed": "Naše zmluvné podmienky sa zmenili",
  "Overdue": "Po termíne",
  "owner": "vlastník",
  "Owner": "Vlastník",
  "Owners": "Vlastníci",
  "Page Not Found": "Nenašla sa stránka",
  "Paid": "Zaplatené",
  "Paste link or drop file to upload": "Nahrávať môžete prilepením odkazu alebo presunutím súboru",
  "Payment Method": "Spôsob platby",
  "Period": "Bodka",
  "Person": "Osoba",
  "Pin Board": "Pripnúť nástenku",
  "Pinned": "Pripnuté",
  "Pinned Boards": "Pripnuté nástenky",
  "Pinned boards": "Pripnuté nástenky",
  "Plan and collaborate on tasks on a weekly basis": "Plánovať úlohy a spolupracovať na nich každý týždeň",
  "Please approve the Kudos Boards app to allow it to be added as a tab.": "Ak chcete povoliť pridanie aplikácie Kudos Boards v podobe karty, schváľte ju.",
  "Please approve the Kudos Boards app to use advanced features.": "Ak chcete používať rozšírené funkcie, schváľte aplikáciu Kudos Boards.",
  "Please contact your Administrator": "Kontaktujte administrátora.",
  "Please contact your IBM Connections Admin to purchase a licence.": "Ak chcete kúpiť licenciu, kontaktujte administrátora služby IBM Connections.",
  "Please ensure you login with the same Office 365 user account as you are using in Microsoft Teams": "Prihlasujte sa pomocou rovnakého používateľského konta Office 365, aké používate v službe Microsoft Teams.",
  "Please enter a board name": "Zadajte názov nástenky",
  "Please enter a valid email address": "Zadajte platnú e-mailovú adresu",
  "Please enter a valid URL": "Zadajte platnú adresu URL",
  "Please enter the number of users in your Connections Cloud Organisation": "Zadajte počet používateľov v organizácii Connections Cloud.",
  "Please enter the number of users you wish to name under this licence": "Zadajte počet používateľov, ktorých chcete v rámci tejto licencie pomenovať.",
  "Please read our Terms & Conditions": "Prečítajte si naše zmluvné podmienky",
  "Please reload the page and try again, if this issue persists please let us know": "Obnovte stránku a skúste to znova. Ak problém pretrváva, informujte nás.",
  "Please review your licences here": "Tu skontrolujte svoje licencie",
  "Please see the <a href='{{url}}'>new board</a>": "Pozrite si <a href='{{url}}'>novú nástenku</a>",
  "Please sign in": "Prihláste sa.",
  "Please start a trial to use Boards in your {{provider}} organisation": "Začnite skúšobné obdobie používania aplikácie Boards vo vašej organizácii {{provider}}",
  "Position": "Pozícia",
  "Post": "Zverejniť",
  "Premium": "Prémiové",
  "Premium Preview Status": "Stav prémiového náhľadu",
  "Preview": "Náhľad",
  "Preview available": "K dispozícii je náhľad",
  "Previous": "Naspäť",
  "Pricing": "Cenník",
  "primary": "hlavné",
  "Primary": "Primárny",
  "Print": "Tlačiť",
  "Private (me only)": "Súkromné (iba ja)",
  "Product Information": "Informácie o produkte",
  "Product Version": "Verzia produktu",
  "Provider": "Poskytovateľ",
  "Provider not supported": "Prehliadač nie je podporovaný",
  "Public": "Verejné",
  "Public Access": "Verejný prístup",
  "Public Activities": "Verejné aktivity",
  "Public Boards": "Verejné nástenky",
  "Public Templates": "Verejné šablóny",
  "Quarterly": "Štvrťročne",
  "Questions": "Otázky",
  "Quick Edit": "Rýchle úpravy",
  "Radial": "Radiálne",
  "RE-CENTER": "VYCENTROVAŤ",
  "Reactivate Licence": "Opätovne aktivovať licenciu",
  "reader": "čitateľ",
  "Reader": "Čitateľ",
  "Recent": "Posledný",
  "Recent boards": "Posledné nástenky",
  "Recent Boards": "Posledné nástenky",
  "Recurring Amount Due: {{recurring}}": "Opakovane splatná suma: {{recurring}}",
  "Redeeming Invitation...": "Uplatňuje sa pozvánka...",
  "Redirecting to Connections Cloud...": "Prebieha presmerovanie na Connections Cloud...",
  "Redirecting to Watson Workspace...": "Prebieha presmerovanie na Watson Workspace...",
  "Refresh": "Obnoviť",
  "Region": "Oblasť",
  "Reload": "Opakovane načítať",
  "Remaining ({{num}})": "Ostáva ({{num}})",
  "Remove Admin": "Vymazať administrátora",
  "Remove Client": "Vymazať klienta",
  "Remove Invite": "Vymazať pozvánku",
  "Remove Licence": "Vymazať licenciu",
  "Replace": "Nahradiť",
  "Resend Invite": "Znova odoslať pozvánku",
  "Reset": "Obnoviť",
  "Restore": "Obnoviť",
  "Restore Card": "Obnoviť kartu",
  "Restore items": "Obnoviť položky",
  "Restore List": "Obnoviť zoznam",
  "Restore mode": "Obnoviť režim",
  "Reverse": "Vrátiť späť",
  "Revoke All": "Odvolať všetko",
  "Revoke Licence": "Odvolať licenciu",
  "Role": "Rola",
  "Roles": "Roly",
  "Rows": "Riadky",
  "Sales": "Predaj",
  "Save": "Uložiť",
  "Save card for future purchases": "Uložiť kartu na budúce nákupy",
  "Save Changes": "Uložiť zmeny",
  "Save link": "Uložiť odkaz",
  "Scroll To": "Prejsť na",
  "Search": "Hľadať",
  "Search All Templates": "Prehľadať všetky šablóny",
  "Search this view": "Prehľadať toto zobrazenie",
  "Search...": "Hľadať...",
  "Select a Board": "Vyberte nástenku",
  "Select board": "Vybrať nástenku",
  "Select Board": "Vybrať nástenku",
  "Select Board Label": "Vybrať označenie nástenky",
  "Select Card Colours": "Vybrať farby karty",
  "Select Colour": "Vybrať farbu",
  "Select Colours": "Vybrať farby",
  "Select Destination Board": "Vybrať cieľovú nástenku",
  "Select destination folder": "Vyberte cieľovú zložku",
  "Select File": "Vybrať súbor",
  "Select Folder": "Vybrať zložku",
  "Select items for delete": "Vyberte položky na odstránenie",
  "Select items for restore": "Vyberte položky na obnovenie",
  "Select List or Card": "Vybrať zoznam alebo kartu",
  "Select the boards below that you would like to transfer membership over to your primary ({{toName}}) account": "Nižšie vyberte nástenky, pri ktorých chcete preniesť členstvo do svojho hlavného konta ({{toName}}).",
  "Selected Activity": "Vybratá aktivita",
  "Send an email notifying each member that the Activity has been migrated to a Board.": "Odošle e-mail oznamujúci všetkým členom, že aktivita bola migrovaná na nástenku.",
  "Send Invitation": "Poslať pozvanie",
  "Send Notification Email to Members": "Odoslať e-mail s oznámením členom",
  "Sending invitations": "Odosielajú sa pozvania",
  "Set as primary account": "Nastaviť ako hlavné konto",
  "Set Dates": "Nastaviť dátumy",
  "Set enter key press action to create a task when creating new cards in a list.": "Ak chcete pri vytváraní nových kariet v zozname vytvoriť úlohu, nastavte akciu stlačenia klávesu Enter.",
  "Setup Subscription": "Odber nastavenia",
  "Share with": "Zdieľať s",
  "Shared by me": "Zdieľané mnou",
  "Shared with me": "Zdieľané so mnou",
  "Show": "Zobraziť",
  "Show all ancestors": "Zobraziť všetkých predkov",
  "Show all boards for this team": "Zobraziť všetky nástenky pre tento tím",
  "Show Board Menu": "Zobraziť ponuku nástenky",
  "Show Filter Options": "Zobraziť možnosti filtra",
  "Show Less": "Zobraziť menej",
  "Show Licences for your organisation": "Zobraziť licencie pre vašu organizáciu",
  "Show More": "Zobraziť viac",
  "Show on Card": "Zobraziť na karte",
  "Show previous comments": "Zobraziť staršie komentáre",
  "Show previous links & attachments": "Zobraziť predchádzajúce odkazy a prílohy",
  "Show Sub-cards": "Zobraziť podradené karty",
  "Sign In": "Prihlásiť",
  "Sign in with": "Prihlásiť ako",
  "SIGN IN WITH:": "PRIHLÁSIŤ AKO:",
  "Sign Out": "Odhlásiť",
  "Sign Out of Kudos Boards": "Odhlásiť sa zo služby Kudos Boards",
  "Signing in...": "Prihlasuje sa...",
  "Signing out...": "Odhlasuje sa...",
  "Smartcloud": "Smartcloud",
  "Something went wrong.": "Niečo sa pokazilo.",
  "Source Board/Template": "Zdrojová nástenka/šablóna",
  "Source Template": "Zdrojová šablóna",
  "Specific Board": "Konkrétna nástenka",
  "Start a Trial": "Začať skúšobné obdobie",
  "Start a trial or purchase a subscription to start creating boards": "Ak chcete začať vytvárať nástenky, začnite skúšobné obdobie alebo si zakúpte odber.",
  "Start Boards Premium Preview": "Spustiť prémiový náhľad násteniek",
  "Start Date": "Začiatočný dátum",
  "Start Free Trial": "Spustiť bezplatnú skúšobnú verziu",
  "Start my trial": "Začať moje skúšobné obdobie",
  "Start Now": "Začať teraz",
  "Start page updated": "Počiatočná stránka bola aktualizovaná",
  "Start Page:": "Začiatočná stránka:",
  "Starting Balance": "Počiatočný zostatok",
  "Starting View": "Počiatočné zobrazenie",
  "Status": "Stav",
  "Step": "Krok",
  "Sub Cards": "Podradené karty",
  "Sub Tasks": "Podúlohy",
  "Submit": "Odoslať",
  "Subscription": "Odber",
  "Subscription expired.": "Platnosť odberu vypršala.",
  "Subtotal": "Podsúčet",
  "Summary": "Súhrn",
  "Support for browsers is currently limited.  This browser is not yet supported. <br>Please use one of the following browsers:": "Podpora prehliadačov je aktuálne obmedzená. Tento prehliadač zatiaľ nie je podporovaný. <br>Použite jeden z nasledujúcich prehliadačov:",
  "Tab Content": "Obsah karty",
  "Tab Name": "Názov karty",
  "Tags": "Značky",
  "Tags (optional)": "Značky (voliteľné)",
  "Take away meaningful and collaborative notes from any meeting!": "Odneste si zo schôdze zmysluplné poznámky, ktoré budú užitočné pre vašu ďalšiu spoluprácu!",
  "Task": "Úloha",
  "Team Boards": "Tímové nástenky",
  "Team Name": "Názov tímu",
  "Team Name is used as a method to log in to certain authentication providers. e.g. Auth0": "Názov tímu slúži na prihlásenie k niektorým poskytovateľom overenia, napríklad Auth0.",
  "Template": "Šablóna",
  "Templates": "Šablóny",
  "Templates tagged with": "Šablóny so značkou",
  "Text": "Text",
  "Text Mode": "Textový režim",
  "That can't be pasted there.": "Toto tu nie je možné prilepiť.",
  "The board has been deleted": "Nástenka bola odstránená.",
  "The files below cannot be uploaded to Kudos Boards as they are larger than the limit of {{limit}}": "Nasledujúce súbory sa nedajú nahrať do služby Kudos Boards, pretože prekračujú limit {{limit}}.",
  "The following links have already been added to this card:": "Na túto kartu už boli úspešne pridané nasledujúce odkazy:",
  "The invite was resent to": "Pozvánka bola opätovne odoslaná na",
  "The selected board(s) were successfully transferred": "Vybraté nástenky boli úspešne prenesené.",
  "The selected items have been deleted": "Vybraté položky boli odstránené.",
  "The selected items have been restored": "Vybraté položky boli obnovené.",
  "There was an error when uploading the file. Server response: ": "Pri nahrávaní tohto súboru sa vyskytol problém. Odpoveď servera: ",
  "This Activity has been migrated to Kudos Boards": "Táto aktivita bola migrovaná do služby Kudos Boards.",
  "This billing cycle affords a {{discount}}% discount": "Tento fakturačný cyklus dovoľuje zľavu {{discount}} %",
  "This Board": "Táto nástenka",
  "This Board is available with AUTHOR access to everyone across all organisations.": "Táto nástenka je dostupná s prístupovými právami AUTORA všetkým používateľom vo všetkých organizáciách.",
  "This Board is available with EDITOR access to everyone across all organisations.": "Táto nástenka je dostupná s prístupovými právami EDITORA všetkým používateľom vo všetkých organizáciách.",
  "This Board is in one or more Groups": "Táto nástenka je v jednej alebo viacerých skupinách.",
  "This Board is read-only to everyone across all organisations.": "Táto nástenka je určená iba na čítanie všetkým používateľom vo všetkých organizáciách.",
  "This Board will be visible to everyone in your organisation. <br>Non-members can create new content and edit their own content.": "Túto nástenku uvidia všetci používatelia vo vašej organizácii. <br>Používatelia, ktorí nie sú členmi, môžu vytvoriť nový obsah a upraviť svoj vlastný obsah.",
  "This Board will be visible to everyone in your organisation. <br>Non-members can only view the board's contents.": "Túto nástenku uvidia všetci používatelia vo vašej organizácii. <br>Používatelia, ktorí nie sú členmi, môžu obsah nástenky iba zobraziť.",
  "This Board will be visible to everyone in your organisation. <br>Please note: This access level allows non-members to edit <b>all</b> board content.": "Túto nástenku uvidia všetci používatelia vo vašej organizácii. <br>Poznámka: Táto úroveň prístupu umožňuje používateľom, ktorí nie sú členmi, upravovať <b>všetok</b> obsah nástenky.",
  "This card will be restored with its parent": "Táto karta bude obnovená so svojou nadradenou položkou.",
  "This Community": "Táto komunita",
  "This feature is coming soon!": "Táto funkcia bude čoskoro k dispozícii.",
  "This feature is currently not supported by the IBM Connections Cloud API": "Táto funkcia nie je aktuálne podporovaná rozhraním API služby IBM Connections Cloud.",
  "This field is required": "Toto pole je povinné.",
  "This invoice has been closed. Payment will not be automatically attempted again. Contact support for more information": "Táto faktúra bola uzavretá. Nový pokus o platbu už neprebehne automaticky. Ďalšie informácie získate od technickej podpory.",
  "This is a Free trial of Kudos Boards and will expire in {{numDays}} day(s).": "Toto je bezplatná verzia aplikácie Kudos Boards. Počet dní do vypršania jej platnosti: {{numDays}}.",
  "This is a read-only preview of this Activity. Import to Boards for full functionality": "Toto je náhľad tejto aktivity iba na čítanie. Ak chcete mať k dispozícii všetky funkcie, importujte aktivitu do aplikácie Boards.",
  "This licence grants access to a set number of users as they use the app. You may view the user-licences already assigned.": "Táto licencia udeľuje prístup stanovenému počtu používateľov, ktorí používajú aplikáciu. Už priradené používateľské licencie je možné zobraziť.",
  "This licence has been cancelled.": "Táto licencia bola zrušená.",
  "This licence only grants access to a selected group of named users. Access will not be granted to users not named by the Org Admins. You can view and edit the named users from the Admin settings.": "Táto licencia udeľuje prístup iba vybratej skupine pomenovaných používateľov. Používatelia, ktorí neboli pomenovaní administrátormi organizácie, nebudú mať udelený prístup. Zoznam pomenovaných používateľov je možné zobraziť a upraviť v nastavení administrátora.",
  "This option is only available when paying by credit card": "Táto možnosť je k dispozícii iba pri platbe kreditnou kartou.",
  "This option is only editable if paying by credit card": "Túto možnosť je možné upraviť iba pri platbe kreditnou kartou.",
  "This team account is already linked": "Toto tímové konto je už prepojené.",
  "This will go to your provider for an administrator to approve access to Kudos Boards": "Táto žiadosť bude predaná vášmu poskytovateľovi, aby mohol administrátor schváliť prístup do aplikácie Kudos Boards.",
  "This will permanently delete the board and all its data, are you sure?": "Táto akcia trvale odstráni nástenku a všetky jej údaje. Naozaj chcete pokračovať?",
  "This will remove this data permanently from the board, are you sure?": "Táto akcia trvale odstráni tieto údaje z nástenky. Naozaj chcete pokračovať?",
  "Thursday": "Štvrtok",
  "Tile Colours": "Farby dlaždíc",
  "Timeline": "Časový plán",
  "Timeline View": "Zobrazenie časového plánu",
  "Title": "Nadpis",
  "to go to Connections Cloud, then access Kudos Boards via the link in the 'Apps' menu.": "Prejdite na Connections Cloud a potom spustite aplikáciu Kudos Boards pomocou odkazu v ponuke Aplikácie.",
  "To interact with this card the parent will need to be restored": "Ak chcete pracovať s touto kartou, je treba obnoviť jej nadradenú kartu.",
  "To unselect this card you will need to unselect its parent": "Ak chcete zrušiť výber tejto karty, musíte zrušiť výber nadradenej karty.",
  "to view this content": ", ak chcete zobraziť tento komentár",
  "Today": "Dnes",
  "Todo": "Zoznam úloh",
  "Todos": "Položky zoznamu úloh",
  "Todos by Date": "Položky zoznamu úloh podľa dátumu",
  "Todos by Due Date": "Položky zoznamu úloh podľa termínu splnenia",
  "Toggle Completion": "Prepnúť dokončenie",
  "Toggle Editor": "Prepnúť editor",
  "Toggle Sidebar": "Prepnúť bočný panel",
  "Tomorrow": "Zajtra",
  "Total": "Celkom",
  "Transfer Board Membership": "Previesť členstvo v nástenke",
  "Transfer Membership": "Previesť členstvo",
  "TRIAL": "SKÚŠOBNÁ DOBA",
  "Trial": "Skúšobná doba",
  "Trial End Date: {{trialEnd}}": "Dátum konca platnosti skúšobnej verzie: {{trialEnd}}",
  "Trial expired": "Platnosť skúšobnej verzie vypršala",
  "Trial expired.": "Platnosť skúšobnej verzie vypršala.",
  "Trial extended {{extensions}} time(s)": "Počet predĺžení platnosti skúšobnej verzie: {{extensions}}",
  "Try again": "Skúsiť znova",
  "Tuesday": "Utorok",
  "Type": "Typ",
  "Type to filter archive": "Zadajte filter archívu",
  "Type to filter list": "Zadajte filter zoznamu",
  "Type to filter members": "Zadajte filter členov",
  "Type to search": "Začnite písať hľadaný text",
  "Unassigned": "Nepriradené",
  "Undo": "Vrátiť späť",
  "UNDO": "VRÁTIŤ SPÄŤ",
  "Unit price: {{unitPrice}} per user": "Jednotková cena: {{unitPrice}} na používateľa",
  "Unknown Connections Cloud organisation. Redirecting...": "Neznáma organizácia aplikácie Connections Cloud. Prebieha presmerovania...",
  "Unknown Team": "Neznámy tím",
  "Unlimited": "Neobmedzené",
  "Unlink account": "Zrušiť prepojenie konta",
  "Unlink Board": "Zrušiť prepojenie nástenky",
  "Unlink {{fromName}} Account": "Zrušiť prepojenie konta {{fromName}}",
  "Unlock Kudos Boards Premium Preview": "Odomknúť funkciu Kudos Boards Premium Preview",
  "Unpaid": "Nezaplatené",
  "Unpin Board": "Odopnúť nástenku",
  "Unscheduled cards": "Nenaplánované karty",
  "Update": "Aktualizovať",
  "Updated": "Aktualizované",
  "Updated Since Last Accessed": "Aktualizované od posledného prístupu",
  "Updated {{ date }}": "Aktualizované {{ date }}",
  "Updating...": "Aktualizuje sa...",
  "Upload": "Odoslať",
  "Upload file from computer": "Nahrať súbor z počítača",
  "Upload to Kudos Boards": "Nahrať do služby Kudos Boards",
  "Upload Users": "Nahrať používateľov",
  "Upload Users from CSV": "Nahrať používateľov zo súboru CSV",
  "uploaded successfully": "bolo úspešne nahraté.",
  "Uploading file:": "Odosiela sa súbor:",
  "URL": "Adresa URL",
  "URL of Connections header frame (optional)": "Adresa URL rámca záhlavia Connections (voliteľné)",
  "Use another file service": "Použite inú súborovú službu",
  "Use current account": "Použiť aktuálne konto",
  "Use Email": "Použiť e-mail",
  "Use the Kudos Boards File Attachment Service for attaching files to cards": "Na pripojenie súborov ku kartám použite službu súborových príloh Kudos Boards.",
  "Use {{provider}} instead": "Namiesto toho použite {{provider}}",
  "Used": "Použité",
  "User": "Používateľ",
  "User Emails": "E-maily používateľa",
  "User ExternalID": "Použiť externú identifikáciu",
  "User Licences": "Používateľské licencie",
  "User Options": "Užívateľské možnosti",
  "User Trials": "Skúšobné verzie používateľa",
  "User upload success!": "Nahratie používateľa bolo úspešné.",
  "Username": "Meno používateľa",
  "Users": "Používatelia",
  "Users may need to be added to the destination board to maintain access to their assigned todos.": "Ak chcete zachovať prístup používateľov k ich priradeným položkám zoznamu úloh, bude pravdepodobne nutné pridať používateľov na cieľovú nástenku.",
  "Users: {{num}}": "Používatelia: {{num}}",
  "Vertical": "Zvislo",
  "View": "Zobraziť",
  "View and Accept ↗": "Zobraziť a prijať ↗",
  "View Details": "Zobraziť podrobnosti",
  "View licences": "Zobraziť licencie",
  "View subscriptions": "Zobraziť odbery",
  "View Subscriptions": "Zobraziť odbery",
  "Want to know more?": "Chcete sa dozvedieť viac?",
  "Warning: you are not authorised to add members in this board": "Upozornenie: Nemáte oprávnenie pridávať členov na túto nástenku.",
  "We found one board linked your {{fromName}} user account. Once you unlink the account you may no longer have access to this board.": "Našli sme jednu nástenku prepojenú s vaším používateľským kontom {{fromName}}. Po zrušení prepojenia konta stratíte prístup k tejto nástenke.",
  "We found {{count}} boards linked to your {{fromName}} user account. Once you unlink the account you may no longer have access to these boards.": "Našli sme nástenky (počet: {{count}}) prepojené s vaším používateľským kontom {{fromName}}. Po zrušení prepojenia konta stratíte prístup k týmto nástenkám.",
  "We recommended you change the widget title from the actions menu above": "Odporúčame vám zmeniť názov widgetu v ponuke akcií vyššie.",
  "Wednesday": "Streda",
  "Weekdays": "Dni v týždni",
  "Welcome": "Vitajte",
  "Welcome to Kudos Boards": "Víta vás produkt Kudos Boards",
  "When you unlock Kudos Boards Premium View, your current Activities will immediately be available in Board, Timeline and MindMap view.": "Keď odomknete prémiové zobrazenie Kudos Boards, vaše aktuálne aktivity sa ihneď sprístupnia v zobrazeniach Nástenka, Časový plán a Myšlienková mapa.",
  "Widget Settings": "Nastavenia widgetu",
  "yearly": "ročne",
  "Yearly": "Ročne",
  "Yes": "Áno",
  "Yes Please": "Áno, prosím",
  "You are in DELETE mode, select items to delete": "Ste v režime odstraňovania. Vyberte položky na odstránenie.",
  "You are in restore mode, select items to restore": "Ste v režime obnovenia. Vyberte položky na obnovenie.",
  "You are not a direct member of this board. Please consider leaving any Groups that may be members of this board.": "Nie ste priamym členom tejto nástenky. Zvážte opustenie niektorých skupín, ktoré sú členmi tejto nástenky.",
  "You are not allowed to leave this Board. Please consider archiving board.": "Nemáte povolenie opustiť túto nástenku. Zvážte archivovanie nástenky.",
  "You are not authorised to access this resource": "Nemáte oprávnenie na prístup k tomuto prostriedku.",
  "You are not licensed to access this resource.": "Nemáte licenciu na prístup k tomuto prostriedku.",
  "You are the only owner of this board. Please consider adding other owners or archiving this board instead.": "Ste jediným vlastníkom tejto nástenky. Zvážte pridanie ďalších vlastníkov alebo túto nástenku archivujte.",
  "You can enhance your workflow by unlocking Kudos Boards Premium Preview. In addition to your Activities view, you’ll also be able to work in the Boards, Timeline and Mind Map views!": "Použitý pracovný postup je možné vylepšiť odomknutím prémiového náhľadu Kudos Boards. Okrem zobrazenia Aktivity budete mať navyše k dispozícii zobrazenia Nástenky, Časový plán a Myšlienková mapa.",
  "You have READ ONLY access to this Board": "K tejto nástenke máte prístup IBA NA ČÍTANIE",
  "You have {{remaining}} day(s) remaining in your premium preview.": "Počet zvyšných dní na použitie prémiového náhľadu je {{remaining}}.",
  "Your account's email address and other admin emails for your org ({{emails}}) are already included": "E-mailová adresa vášho konta a ďalšie e-maily administrátorov vašej organizácie ({{emails}}) sú už zahrnuté.",
  "Your api key for kudos boards is shown below": "Tu je zobrazený váš kľúč rozhrania API pre aplikáciu Kudos Boards.",
  "Your changes have been saved": "Zmeny boli uložené.",
  "Your initial premium preview with {{orgName}} has expired. Click extend if you would like to continue access for an additional 30 days": "Platnosť vášho počiatočného prémiového náhľadu v organizácii {{orgName}} vypršala. Ak chcete mať prístup aj na ďalších 30 dní, kliknite na položku Predĺžiť.",
  "Your premium preview expires today.": "Platnosť prémiového náhľadu končí dnes.",
  "Your premium preview has expired, Let your administrator know you'd like to continue using Kudos Boards Premium view.": "Platnosť prémiového náhľadu vypršala. Oznámte administrátorovi, že chcete naďalej používať prémiové zobrazenie Kudos Boards.",
  "Your session with {{provider}} has expired. Redirecting...": "Platnosť relácie poskytovateľa {{provider}} vypršala. Prebieha presmerovanie...",
  "Your session with {{provider}} has expired. Some functionality (ie notifications, groups, files) will be restricted until you login again.": "Platnosť relácie poskytovateľa {{provider}} vypršala. Niektoré funkcie (napríklad oznámenia, skupiny, súbory) budú obmedzené, než sa znova prihlásite.",
  "{{count}} more card(s) this way": "Ďalšie karty (počet: {{count}}) týmto spôsobom",
  "{{num}} users": "Počet používateľov: {{num}}",
  "{{quantity}} x subscriptions to '{{plan.name}}' ({{planPrice}} / {{plan.interval}})": "{{quantity}}× odbery {{plan.name}} ({{planPrice}} / {{plan.interval}})",
  "{{remaining}} days of trial remaining": "Počet dní do skončenia platnosti skúšobnej verzie: {{remaining}}",
  "{{remaining}} days remaining in your premium preview.": "Počet dní do skončenia platnosti prémiového náhľadu: {{remaining}}",
  "{{userTrialCount}} user(s) have started a trial of Kudos Boards Premium": "Počet používateľov, ktorí začali používať skúšobnú verziu produktu Kudos Boards Premium: {{userTrialCount}}"
}