{
  "": "",
  "'{{userName}}' will not be able to view the message because they cannot access this Board": "Uporabnik \"{{userName}}\" si ne bo mogel ogledati sporočila, ker nima dostopa do te table",
  "(Copy Of) ": "(Kopija) ",
  "A problem occurred when creating invite": "Pri ustvarjanju vabila je prišlo do težav",
  "A problem occurred when deleting node": "Pri brisanju vozlišča je prišlo do težav",
  "A problem occurred when getting a node": "Pri pridobivanju vozlišča je prišlo do težav",
  "A problem occurred when redeeming invite": "Pri prevzemanju vabila je prišlo do težav",
  "A problem occurred when removing invite": "Pri odstranjevanju vabila je prišlo do težav",
  "A problem occurred when removing member": "Pri odstranjevanju člana je prišlo do težav",
  "A problem occurred when saving invite": "Pri shranjevanju vabila je prišlo do težav",
  "A problem occurred when saving member": "Pri shranjevanju člana je prišlo do težav",
  "A problem occurred when saving node": "Pri shranjevanju vozlišča je prišlo do težav",
  "A problem occurred when updating invite": "Pri posodabljanju vabila je prišlo do težav",
  "A user with that email address already exists": "Uporabnik s tem e-poštnim naslovom že obstaja",
  "A user with that email address already exists as a member of this board": "Uporabnik s tem e-poštnim naslovom že obstaja kot član te table",
  "Accessed in the Last Month": "Dostopano v zadnjem mesecu",
  "Accessed since": "Dostopano od",
  "Account Balance: {{credit}}": "Stanje na računu: {{credit}}",
  "Account Unlinked": "Povezava z računom je prekinjena",
  "Actions": "Dejanja",
  "Active": "Aktiven",
  "Active Boards": "Aktivne table",
  "Active Workspace Meetings": "Aktivna srečanja v delovnih prostorih",
  "Activity": "Dejavnost",
  "Activity data is loading...": "Podatki dejavnosti se nalagajo ...",
  "Activity Migration": "Selitev dejavnosti",
  "Activity Name": "Ime dejavnosti",
  "Add": "Dodaj",
  "Add a Card": "Dodaj kartico",
  "Add a Comment": "Dodaj komentar",
  "Add a Description": "Dodaj opis",
  "Add a List": "Dodaj seznam",
  "Add a list": "Dodaj seznam",
  "Add a Tag": "Dodaj oznako",
  "Add an attachment or link": "Dodaj prilogo ali povezavo",
  "Add another": "Dodaj drugega",
  "Add Attachment": "Dodaj prilogo",
  "Add Bookmark": "Dodaj zaznamek",
  "Add Client": "Dodaj odjemalca",
  "Add Custom Field": "Dodaj polje po meri",
  "Add file": "Dodaj datoteko",
  "Add individuals or groups as members, or invite by email": "Dodaj posameznike ali skupine kot člane ali pošlji vabila po e-pošti",
  "Add Label": "Dodaj oznako",
  "Add label '{{filter}}'": "Dodaj oznako \"{{filter}}\"",
  "Add Licence": "Dodaj licenco",
  "Add Member": "Dodaj člana",
  "Add members": "Dodaj člane",
  "Add Organisation": "Dodaj organizacijo",
  "Add people to your board or invite by email": "Dodajte osebe na tablo ali pošljite vabila po e-pošti",
  "Add User": "Dodaj uporabnika",
  "Admin approval failed": "Odobritev skrbnika ni uspela",
  "Admin Users": "Skrbniški uporabniki",
  "Administrator approval required.": "Zahtevana je odobritev skrbnika.",
  "Administrators": "Skrbniki",
  "Advanced": "Napredno",
  "Agenda": "Dnevni red",
  "All": "Vse",
  "All Activities": "Vse dejavnosti",
  "All Boards": "Vse table",
  "All cards are scheduled.": "Vse karte so razporejene.",
  "All Templates": "Vse predloge",
  "Allow Invite by Email": "Dovoli vabilo po e-pošti",
  "Already linked": "Že povezano",
  "Amount": "Vsota",
  "Amount Due": "Znesek za plačilo",
  "Amount Due Now: {{due}}": "Znesek, ki ga je treba plačati zdaj: {{due}}",
  "Amount Paid": "Plačani znesek",
  "An account of this type already linked": "Račun te vrste je že povezan",
  "An invitation for the specified email address already exists on this board": "Vabilo za naveden e-poštni naslov že obstaja na tej tabli",
  "and is already a member of this board": "in je že član te table",
  "Apply Template": "Uporabi predlogo",
  "Approve": "Odobri",
  "Approve Advanced Features": "Odobri napredne možnosti",
  "Archive": "Arhiviraj",
  "Archive Card": "Arhiviraj kartico",
  "Archive Cards in List": "Arhiviraj kartice na seznamu",
  "Archive List": "Arhiviraj seznam",
  "Archived": "Arhivirano",
  "Archived Boards": "Arhivirane table",
  "Archived Templates": "Arhivirane predloge",
  "Are you sure you want to cancel this licence? This will take effect at the end of the current period.": "Ali ste prepričani, da želite preklicati to licenco? To bo začelo veljati ob koncu trenutnega obdobja.",
  "Are you sure you want to delete this licence? CAUTION: This will delete any associated credit card information": "Ali ste prepričani, da želite izbrisati to licenco? POZOR: s tem boste izbrisali podatke o vseh povezanih kreditnih karticah.",
  "Are you sure you want to reactivate this licence?": "Ali ste prepričani, da želite znova aktivirati licenco?",
  "Are you sure you want to unlink your {{provider}} account?": "Ali ste prepričani, da želite prekiniti povezavo s svojim računom za {{provider}}?",
  "Are you sure you wish to leave '{{boardName}}'? This action cannot be undone by you.": "Ali ste prepričani, da želite zapustiti tablo \"{{boardName}}\"? Tega dejanja ne morete preklicati.",
  "Are you sure?": "Ali ste prepričani?",
  "Are You Sure?": "Ali ste prepričani?",
  "Are you sure? This will reinstate the previous billing schedule": "Ali ste prepričani? S tem bo znova veljal prejšnji obračunski razpored.",
  "Are you sure? This will take effect at the end of the current billing cycle": "Ali ste prepričani? To bo začelo veljati ob koncu trenutnega obračunskega obdobja.",
  "Asia Pacific": "Azija/Pacifik",
  "Assign Users": "Dodeli uporabnike",
  "Assigned": "Dodeljeno",
  "Assigned to": "Dodeljeno osebi",
  "Assigned To Me": "Dodeljeno meni",
  "Assigned Users that will be added to the Destination Board": "Dodeljeni uporabniki, ki bodo dodani ciljni tabli",
  "Assignees": "Pooblaščenci",
  "Assignments": "Dodelitve",
  "Attach": "Priloži",
  "Attachments": "Priloge",
  "Auth0 url": "URL Auth0",
  "Authentication Clients": "Odjemalci za preverjanje pristnosti",
  "Author": "Avtor",
  "author": "avtor",
  "awaiting acceptance": "čakanje na sprejem",
  "Back": "Nazaj",
  "Back to Boards": "Nazaj na table",
  "Back to Colour Selection": "Nazaj na izbiro barv",
  "Bad Request": "Neveljavna zahteva",
  "Best viewed in fullscreen": "Najboljše vidno v celozaslonskem načinu",
  "Billing Cycle": "Obračunsko obdobje",
  "Billing period: {{interval}}": "Obračunsko obdobje: {{interval}}",
  "Blank": "Prazno",
  "Board": "Tabla",
  "Board Archive": "Arhiv table",
  "Board Labels": "Oznake na tabli",
  "Board Members": "Člani table",
  "Board Name": "Ime table",
  "Boards": "Table",
  "Boards linked directly to this user": "Table, ki so neposredno povezane s tem uporabnikom",
  "Boards linked through group membership": "Table, povezane prek članstva skupine",
  "Boards premium preview": "Plačljivi predogled tabel",
  "Bookmarks": "Zaznamki",
  "Buy Licence": "Nakup licence",
  "Buy Online": "Spletni nakup",
  "by": "izvedla oseba",
  "Cancel": "Prekliči",
  "Cancel Licence": "Prekliči licenco",
  "Cancelled": "Preklicano",
  "Cannot Leave Board": "Table ni mogoče zapustiti",
  "Card Name": "Ime kartice",
  "Card Number": "Številka kartice",
  "Cards": "Kartice",
  "Central Europe": "Srednja Evropa",
  "Choose a board": "Izberite tablo",
  "Choose a Template": "Izberite predlogo",
  "Classic": "Klasično",
  "Clear Search": "Počisti iskanje",
  "Clear Selected": "Počisti izbrano",
  "Clear Selected Filters": "Počisti izbrane filtre",
  "Click for details": "Kliknite za podrobnosti",
  "Click for more information about approving advanced features": "Kliknite za več informacij o odobravanju naprednih funkcij",
  "Click here": "Kliknite tukaj",
  "Click here for details": "Kliknite tukaj za podrobnosti",
  "Click here for details.": "Kliknite tukaj za podrobnosti.",
  "Click here to buy a licence online or get a quote": "Če želite kupiti licenco v spletu ali pridobiti ponudbo, kliknite tukaj",
  "Click here to start a 30 day free trial for your organisation. Contact support for trials with more users.": "Če želite 30-dnevni brezplačni preizkus za svojo organizacijo, kliknite tukaj. Za preizkusne različice z več uporabniki se obrnite na podporo.",
  "Click to see more details": "Kliknite, da prikažete več podrobnosti",
  "Client": "Odjemalec",
  "Clients": "Odjemalci",
  "Close": "Zapri",
  "Close Activity After Import": "Po uvozu zapri dejavnost",
  "Close Board Menu": "Zapri meni table",
  "Close the activity after the import has completed successfully. You can still access it through 'Trash'": "Po uspešno končanem uvozu zapri dejavnost. Dostop do nje je še vedno mogoč prek \"koša\".",
  "Closed": "Zaprto",
  "Collaborate on projects involving different departments": "Sodelujte pri projektih, v katere je vpletenih več oddelkov",
  "Collapse": "Strni",
  "Colour": "Barva",
  "Colour Labels": "Barvne oznake",
  "Colour-Tags": "Barvne oznake",
  "Colours": "Barve",
  "Column View": "Pogled stolpcev",
  "Comments": "Komentarji",
  "Community Activities": "Dejavnosti skupnosti",
  "Community Templates": "Predloge za skupnost",
  "Complete Todos": "Dokončane zadolžitve",
  "Completed": "Dokončano",
  "Configuration": "Konfiguracija",
  "Confirm": "Potrdi",
  "Confirmation Required": "Potrebna je potrditev",
  "Connections Cloud session expired. Click here to validate.": "Seja storitve Connections v oblaku je potekla. Kliknite tukaj za preverjanje.",
  "Connections On-Premise": "Connections na mestu uporabe",
  "Connections URL": "URL programa Connections",
  "Contact Email": "Elektronski naslov stika",
  "Contact Name": "Ime stika",
  "Contact Support": "Obrnite se na podporo",
  "Contact your System Administrator for more information or email us at": "Za več informacij se obrnite na skrbnika sistema ali nam pošljite e-poštno sporočilo na",
  "Content": "Vsebina",
  "Continue": "Nadaljuj",
  "Continue Without Transferring": "Nadaljuj brez prenosa",
  "Convert into Entry": "Pretvori v vnos",
  "Convert into Todo": "Pretvori v zadolžitev",
  "Copy embed code": "Kopiraj vdelano kodo",
  "Copy embed code to clipboard": "Kopiraj vdelano kodo v odložišče",
  "Create": "Ustvari",
  "Create a new board": "Ustvari novo tablo",
  "Create Board": "Ustvari tablo",
  "Create Board from Template": "Ustvari tablo iz predloge",
  "Create Boards for anything, manage your workflow, and streamline processes with template creation.": "Ustvarjajte table, za kar želite, upravljajte potek dela in poenostavite procese z ustvarjanjem predlog.",
  "Create card": "Ustvari kartico",
  "Create Copy": "Ustvari kopijo",
  "Create Link to Board": "Ustvari povezavo do table",
  "Create Template": "Ustvari predlogo",
  "Create Template from Board": "Ustvari predlogo iz table",
  "Create your own structure for organising projects, workflows, ideas and more!": "Ustvarite lastno strukturo za razvrščanje projektov, potekov dela, zamisli in še več.",
  "Create {{numCards}} cards?": "Ali želite ustvariti toliko kartic: {{numCards}}?",
  "Create {{numCards}} lists?": "Ali želite ustvariti toliko seznamov: {{numCards}}?",
  "Created": "Ustvarjeno",
  "Created By Me": "Ustvaril sem jaz",
  "Created {{ date }}": "Ustvarjeno {{ date }}",
  "Created: {{date}}": "Ustvarjeno: {{date}}",
  "Credit Card Ending in {{last4}}": "Kreditna kartica, ki se konča z {{last4}}",
  "Current Account:": "Trenutni račun:",
  "Currently the ability to search for groups in {{provider}} is not available until an administrator grants permissions for your organisation. ": "Trenutno zmožnost iskanja skupin v storitvi {{provider}} ni na voljo, dokler skrbnik vaši organizaciji ne dodeli dovoljenja. ",
  "Curve": "Krivulja",
  "Custom Fields": "Polja po meri",
  "Customer ID": "ID stranke",
  "CVC": "CVC",
  "Date": "Datum",
  "Decisions": "Odločitve",
  "Default templates to exclude": "Privzete predloge za izključitev",
  "Delete": "Izbriši",
  "Delete Board": "Izbriši tablo",
  "Delete Card": "Izbriši kartico",
  "Delete Comment": "Izbriši komentar",
  "Delete File": "Izbriši datoteko",
  "Delete items": "Izbriši elemente",
  "Delete Label": "Izbriši oznako",
  "Delete Link": "Izbriši povezavo",
  "Delete List": "Izbriši seznam",
  "Delete mode": "Izbriši način",
  "Delete Selected Items": "Izbriši izbrane elemente",
  "Deleted": "Izbrisano",
  "Deleting": "Brisanje",
  "Departments": "Oddelki",
  "Description": "Opis",
  "Description (optional)": "Opis (izbirno)",
  "Details": "Podrobnosti",
  "Direct Order via ISW": "Neposredno naročilo prek ISW-ja",
  "Discount": "Popust",
  "Discount Code (optional)": "Koda za popust (izbirno)",
  "Discount: {{discount}}": "Popust: {{discount}}",
  "Display an existing board": "Pokaži obstoječo tablo",
  "Documentation": "Dokumentacija",
  "Doing": "V teku",
  "Done": "Opravljeno",
  "Done ({{num}})": "Končano ({{num}})",
  "Download": "Prenesi",
  "Download file": "Prenesi datoteko",
  "Drop file here to save": "Datoteko za shranjevanje spustite sem",
  "Due": "Zapadlost",
  "Due Date": "Datum zapadlosti",
  "Due date": "Datum zapadlosti",
  "Earliest Licence Expired on": "Najstarejša licenca je potekla",
  "Earliest Upcoming Expiry": "Najstarejši prihodnji potek",
  "Edit": "Urejanje",
  "Edit Board Colour Labels": "Urejanje barvnih oznak table",
  "Edit Client": "Urejanje odjemalca",
  "Edit Client Licence": "Urejanje licence za odjemalca",
  "Edit Colour Labels": "Urejanje barvnih oznak",
  "Edit Comment": "Urejanje komentarja",
  "Edit Description": "Urejanje opisa",
  "Edit Filename": "Urejanje imena datoteke",
  "Edit Label": "Urejanje oznake",
  "Edit label": "Urejanje oznake",
  "Edit Licence": "Urejanje licence",
  "Edit Link": "Urejanje povezave",
  "Edit name": "Urejanje imena",
  "Edit Tile Colour Labels": "Urejanje oznak za barvo ploščic",
  "Edit User Licence": "Urejanje licence uporabnika",
  "Edited": "Urejeno",
  "Editor": "Urednik",
  "editor": "urednik",
  "Email": "E-pošta",
  "Email Address": "Elektronski naslov",
  "Email address is required": "E-poštni naslov je obvezen",
  "Email addresses to copy invoices to": "E-poštni naslov, kamor naj se skopirajo računi",
  "Email addresses to copy quote to": "E-poštni naslovi, kamor naj se kopira ponudba",
  "Email Us": "Pošljite nam e-poštno sporočilo",
  "Embed code copied to clipboard": "Vdelana koda je kopirana v odložišče",
  "Empty Lists": "Prazni seznami",
  "empty name": "prazno ime",
  "Enable Boards File Uploads": "Omogoči nalaganje datotek table",
  "Enabled": "Omogočeno",
  "End Date": "Datum zaključka",
  "Ending Balance": "Končno stanje",
  "Enter a title for the link (Optional)": "Vnesite naslov za povezavo (izbirno)",
  "Enter an email address": "Vnesite elektronski naslov",
  "Enter Label": "Vnesite oznako",
  "Enter label name": "Vnesite ime oznake",
  "Enter New Name": "Vnesite novo ime",
  "Enter Text": "Vnesite besedilo",
  "Entry": "Vnos",
  "Error": "Napaka",
  "Error creating board": "Napaka pri ustvarjanju table",
  "Error processing quote request. Please email sales@kudosbadges.com": "Pri obdelavi zahteve za ponudbo je prišlo do napake. Pošljite e-poštno sporočilo na sales@kudosbadges.com.",
  "Error processing your request": "Napaka pri obdelavi zahteve",
  "Error starting trial": "Napaka pri začetku poskusnega obdobja",
  "Error uploading file": "Napaka pri nalaganju datoteke",
  "Error: an unknown error occurred - cannot move": "Napaka: prišlo je do neznane napake – premik ni mogoč",
  "Error: you are not authorised to add content to this board": "Napaka: niste pooblaščeni za dodajanje vsebine na tablo",
  "Existing Kudos Partner (optional)": "Obstoječi partner za Kudos (izbirno)",
  "Existing Login Detected": "Zaznana je bila obstoječa prijava",
  "Existing Tab": "Obstoječ zavihek",
  "Expand": "Razširi",
  "Expand/Collapse": "Razširi/strni",
  "Expand/Collapse All Lists": "Razširi/strni vse sezname",
  "Expired": "Poteklo",
  "Expires": "Poteče",
  "Expires: {{date}}": "Poteče: {{date}}",
  "Expires: {{{date}}}": "Poteče: {{{date}}}",
  "Expiry": "Potek",
  "Expiry Date": "Datum poteka",
  "Explore the Template Library": "Raziščite knjižnico predlog",
  "Extend": "Razširi",
  "ExternalId": "Zunanji ID",
  "Fields": "Polja",
  "Filter Activities to migrate": "Filtriranje dejavnosti za selitev",
  "Finance": "Finance",
  "Find a Group": "Poišči skupino",
  "Find a User": "Iskanje uporabnika",
  "Finding your Connections Cloud Organisation...": "Iskanje organizacije za Connections Cloud ...",
  "Free": "Brezplačno",
  "Free Trial": "Brezplačni preizkus",
  "Friday": "Petek",
  "From Provider": "Ponudnik je",
  "Functionality is currently limited.": "Funkcionalnost je trenutno omejena.",
  "Furthest Upcoming Expiry": "Najbolj oddaljen prihajajoč potek",
  "Future": "Prihodnji",
  "General": "Splošno",
  "Get a Licence Quote": "Pridobi ponudbo za licenco",
  "Get a Quote": "Pridobi ponudbo",
  "Give users the ability to invite external users to a Board by email address": "Dajte uporabnikom možnost, da zunanje uporabnike povabijo v tablo z njihovim e-poštnim naslovom",
  "Global Access": "Globalni dostop",
  "Global OAuth": "Globalno preverjanje pristnosti OAuth",
  "Go to licence": "Pojdi na licenco",
  "Go to Today": "Pojdi na današnji dan",
  "Goals": "Cilji",
  "Group": "Skupina",
  "Group Boards": "Skupinske table",
  "Group By": "Razvrsti po",
  "Group Owners: Owners of this Board.</br>Group Members: Authors of this Board": "Lastniki skupin: lastniki te table.</br>Člani skupine: avtorji te table",
  "Groups": "Skupine",
  "Help": "Pomoč",
  "Hide": "Skrij",
  "Hide Completed Todos": "Skrij dokončane zadolžitve",
  "Hide Dates": "Skrij datume",
  "Horizontal": "Vodoravno",
  "How would you like to proceed?": "Kako želite nadaljevati?",
  "HR": "URA",
  "I accept the above Terms & Conditions": "Sprejemam zgornje pogoje in določila",
  "I accept the terms of service": "Sprejmem pogoje uporabe",
  "ID": "ID",
  "If this setting is switched off, cards are created as entries on enter press.": "Če je ta nastavitev izklopljena, se ob pritisku tipke Enter kartice ustvarijo kot vnosi.",
  "Ignore Completed": "Prezri končano",
  "Ignore Deleted": "Prezri izbrisano",
  "Ignore Templates": "Prezri predloge",
  "Import": "Uvozi",
  "Import an Activity": "Uvozi dejavnost",
  "Import an Activity Template": "Uvozi predlogo dejavnosti",
  "Import from Activities": "Uvozi iz dejavnosti",
  "Import From Activities": "Uvozi iz dejavnosti",
  "In a Group": "V skupini",
  "Include email body in description": "V opis vključi telo e-poštnega sporočila",
  "Inherit": "Podeduj",
  "Inherit from Group": "Podeduj iz skupine",
  "Inherited from Group": "Podedovano iz skupine",
  "Integration Env": "Integracijsko okolje",
  "Internal server error": "Notranja napaka strežnika",
  "Invitation sent to": "Vabilo je bilo poslano osebi",
  "Invite": "Povabi",
  "Invite by Email": "Povabi po e-pošti",
  "Invite sent on": "Vabilo je bilo poslano",
  "Invoice": "Račun",
  "Invoice Details": "Podrobnosti računa",
  "Invoices": "Računi",
  "Invoices for": "Računi za",
  "Is Enabled": "Je omogočeno",
  "Is Trial": "Je preizkus",
  "IT": "IT",
  "It is valid until {{expiry}}.": "Je veljavno do {{expiry}}.",
  "Items": "Postavke",
  "Join Workspace Meetings": "Pridruži se srečanjem v delovnih prostorih",
  "Kanban": "Kanban",
  "Kanban View": "Pogled Kanbana",
  "Kudos Boards": "Kudos Boards",
  "Kudos Boards - Terms & Conditions": "Kudos Boards – pogoji in določila",
  "Kudos Boards API": "Programski vmesnik za Kudos Boards",
  "Kudos Boards cannot be added as a tab until an administrator approves required functionality": "Aplikacije Kudos Boards ni mogoče dodati kot zavihek, dokler skrbnik ne odobri zahtevane funkcionalnosti",
  "Kudos Boards has been updated in the background. Please reload the app!": "Aplikacija Kudos Boards je bila posodobljena v ozadju. Aplikacijo naložite znova.",
  "Kudos Partner Reference Code (optional)": "Referenčna koda partnerja za Kudos (izbirno)",
  "Kudos Team Name": "Ime ekipe za Kudos",
  "Label deleted": "Oznaka je izbrisana",
  "Labels": "Oznake",
  "Last Accessed": "Zadnji dostop",
  "Last Licence Expired on": "Zadnja licenca je potekla",
  "Later This Month": "Pozneje ta mesec",
  "Later This Week": "Pozneje ta teden",
  "Layout": "Postavitev",
  "Leave Board": "Zapusti tablo",
  "Licence Assigned": "Licenca je dodeljena",
  "Licence Details": "Podrobnosti licence",
  "Licence expired": "Licenca je potekla",
  "Licence Type": "Vrsta licence",
  "Licences": "Licence",
  "Licenses": "Licence",
  "Licensing": "Licenciranje",
  "Limit": "Omejitev",
  "Line": "Črta",
  "Line Items": "Postavke",
  "Lines in file:": "Vrstic v datoteki:",
  "Link": "Povezava",
  "Link Accounts": "Poveži računa",
  "Link another account": "Poveži drug račun",
  "Link another Kudos Boards account": "Poveži drug račun za Kudos Boards",
  "Link Exists": "Povezava obstaja",
  "Link to Board": "Poveži s tablo",
  "Link to Card, List or Board": "Poveži s kartico, seznamom ali tablo",
  "Link to File": "Povezava na datoteko",
  "Link to Folder": "Povezava na mapo",
  "Link {{provider}} with the current account": "Poveži ponudnika {{provider}} s trenutnim računom",
  "Linked Accounts": "Povezana računa",
  "Linked Groups": "Povezane skupine",
  "Links": "Povezave",
  "Links & Attachments": "Povezave in priloge",
  "List": "Seznam",
  "List all Boards": "Seznam vseh tabel",
  "List Name": "Ime seznama",
  "List View": "Seznamski pogled",
  "Lists": "Seznami",
  "Lite": "Lite",
  "Local": "Lokalno",
  "Logging in, please wait...": "Prijavljanje, počakajte ...",
  "Login": "Prijava",
  "Logout": "Odjava",
  "Look in": "Poglej v",
  "Make the most of your Kudos Boards Premium Preview": "Izkoristite plačljivi predogled za Kudos Boards",
  "Manage Org": "Upravljanje organizacije",
  "Manage Payments": "Upravljanje plačil",
  "Mark Board as Complete": "Označi tablo kot dokončano",
  "Mark Board as Incomplete": "Označi tablo kot nedokončano",
  "Mark Complete": "Označi kot dokončano",
  "Mark Incomplete": "Označi kot nedokončano",
  "Marketing": "Marketing",
  "Match All Filters": "Ujemanje z vsemi filtri",
  "Meeting": "Sestanek",
  "Members": "Člani",
  "Merge": "Spoji",
  "Microsoft Office365": "Microsoft Office 365",
  "Migrate ALL ({{num}})": "Preseli VSE ({{num}})",
  "Migrate Selected ({{num}})": "Preseli izbrano ({{num}})",
  "Mind Map": "Miselni vzorec",
  "MindMap": "Miselni vzorec",
  "Mindmap": "Miselni vzorec",
  "Mindmap View": "Pogled miselnega vzorca",
  "Minimum number of users for the selected licence type is {{minimumSeats}}": "Najmanjše število uporabnikov za izbrano vrsto licence je {{minimumSeats}}",
  "Mirror": "Zrcalo",
  "Modified": "Spremenjen",
  "Modify": "Spremeni",
  "Modify Licence": "Spremeni licenco",
  "Monday": "Ponedeljek",
  "monthly": "mesečno",
  "Monthly": "Mesečno",
  "More": "Več",
  "Move": "Premakni",
  "Move and Open": "Premakni in odpri",
  "Move Card": "Premakni kartico",
  "Move List": "Premakni seznam",
  "Move To Another Board": "Premakni na drugo tablo",
  "Move to another list or parent card": "Premakni na drug seznam ali nadrejeno kartico",
  "My": "Moja",
  "My Account": "Moj račun",
  "My Activities": "Moje dejavnosti",
  "My Boards": "Moje table",
  "My Subscriptions": "Moje naročnine",
  "My Templates": "Moje predloge",
  "My Todos": "Moje zadolžitve",
  "Name": "Ime",
  "Name on Card": "Ime na kartici",
  "Named Users": "Imenovani uporabniki",
  "Named Users Licence": "Licenca za imenovane uporabnike",
  "Never": "Nikoli",
  "New Board": "Nova tabla",
  "New card created, however the search filter currently applied is preventing it from being displayed": "Nova kartica je bila ustvarjena, vendar trenutno zaradi uporabljenega iskalnega filtra ni prikazana",
  "New cards created as tasks on enter key press": "Nove kartice so ob pritisku tipke Enter ustvarjene kot opravila",
  "New Client": "Nov odjemalec",
  "New Client Licence": "Nova licenca za odjemalca",
  "New Credit Card": "Nova kreditna kartica",
  "New Label": "Nova oznaka",
  "New Label Text": "Besedilo za novo oznako",
  "New Licence": "Nova licenca",
  "New Since Last Week": "Novo od zadnjega tedna",
  "New Sub-Card": "Nova podkartica",
  "New Tab": "Nov zavihek",
  "New Template": "Nova predloga",
  "New User Licence": "Nova uporabniška licenca",
  "Next": "Naprej",
  "Next Invoice Amount: {{nextAmount}}": "Znesek naslednjega računa: {{nextAmount}}",
  "Next Invoice Date: {{date}}": "Datum naslednjega računa: {{date}}",
  "Next Payment": "Naslednje plačilo",
  "Next Payment Attempt": "Naslednji poskus plačila",
  "Next Payment: {{{date}}}": "Naslednje plačilo: {{{date}}}",
  "Next Week": "Naslednji teden",
  "No": "Ne",
  "No action available": "Na voljo ni nobenega dejanja",
  "No Active Meetings found. Click below to go to a Workspace": "Ni aktivnih srečanj. Če želite odpreti delovni prostor, kliknite spodaj",
  "No Activities found": "Ni najdenih dejavnosti",
  "No Archived items to show": "Ni arhiviranih elementov za prikaz",
  "No Assignment": "Ni dodelitev",
  "No boards found for this group": "Za to skupino ni bilo mogoče najti tabel",
  "No Boards found.": "Tabel ni bilo mogoče najti.",
  "No boards yet, please create one first": "Tabel še ni, najprej eno ustvarite",
  "No clients found": "Ni najdenih odjemalcev",
  "No Colour": "Ni barv",
  "No Date": "Ni datuma",
  "No files found": "Ni najdenih datotek",
  "No folders found": "Ni najdenih map",
  "No Group": "Ni skupin",
  "No invoices to display": "Ni računov za prikaz",
  "No items were selected": "Izbran ni bil noben element",
  "No Label": "Ni oznak",
  "No label": "Ni oznak",
  "No labels defined": "Definirana ni nobena oznaka",
  "No licences available. Functionality will be limited for new users.": "Na voljo ni nobene licence. Funkcionalnost za nove uporabnike bo omejena.",
  "No licences found": "Licenc ni bilo mogoče najti",
  "No licences to show": "Ni licenc za prikaz",
  "No organisations found": "Organizacij ni bilo mogoče najti",
  "No pinned boards": "Ni pripetih tabel",
  "No Pinned Boards found.": "Pripetih tabel ni bilo mogoče najti.",
  "No Recent Boards found.": "Nedavnih tabel ni bilo mogoče najti.",
  "No user trials found": "Ni najdenih uporabniških preizkusov",
  "No users found": "Ni najdenih uporabnikov",
  "No users to show": "Ni uporabnikov za prikaz",
  "None": "Brez",
  "North America": "Severna Amerika",
  "Not Licensed": "Ni licencirano",
  "Not Supported": "Ni podprto",
  "Note that file security is managed by {{provider}}, not by Kudos Boards": "Zaščito datotek upravlja {{provider}} in ne program Kudos Boards",
  "Nothing to show": "Ničesar ni za prikaz",
  "Number of Attempts": "Število poskusov",
  "Number of cards": "Število kartic",
  "Number of Expired Licences": "Število potečenih licenc",
  "Number of Users": "Število uporabnikov",
  "Number of Valid Licences": "Število veljavnih licenc",
  "oAuth Client ID": "ID odjemalca OAuth",
  "OAuth Client ID": "ID odjemalca OAuth",
  "OAuth Client Secret": "Skrivnost OAuth odjemalca",
  "oAuth Client Secret": "Skrivnost oAuth odjemalca",
  "ok": "v redu",
  "OK": "V redu",
  "Only Entries": "Samo vnosi",
  "Only the members of this board will be able to see and access this board.": "Samo člani si bodo lahko ogledali tablo in do nje dostopali.",
  "Only Todos": "Samo zadolžitve",
  "Open": "Odpri",
  "Open Board Options": "Odpri možnosti table",
  "Open Boards in:": "Odpri table v:",
  "Open in Boards": "Odpri v programu Boards",
  "Open Licence": "Odpri licenco",
  "Open this board": "Odpri to tablo",
  "Opt in below to receive tips and tricks from the Kudos Boards team to make the most of your premium preview.": "Spodaj privolite v sodelovanje, če želite prejemati nasvete in namige ekipe programa Kudos Boards, da zares izkoristite predogled plačljive različice.",
  "Order": "Vrstni red",
  "Order Summary": "Povzetek naročila",
  "Order via ISW Partner": "Naroči prek partnerja ISW",
  "Org Administration": "Skrbništvo organizacije",
  "Organisation": "Organizacija",
  "Organisation Name": "Ime organizacije",
  "Organisations": "Organizacije",
  "Organise any project productively using the classic Todo, Doing, Done methodology": "Produktivno organizirajte kateri koli projekt s klasično metodologijo Zadolžitev, V delu, Končano",
  "Our Terms & Conditions have changed": "Naši pogoji in določila so se spremenili",
  "Overdue": "Zapadle",
  "owner": "lastnik",
  "Owner": "Lastnik",
  "Owners": "Lastniki",
  "Page Not Found": "Strani ni mogoče najti",
  "Paid": "Plačano",
  "Paste link or drop file to upload": "Za nalaganje prilepite povezavo ali spustite datoteko",
  "Payment Method": "Način plačila",
  "Period": "Pika",
  "Person": "Oseba",
  "Pin Board": "Pripni tablo",
  "Pinned": "Pripeto",
  "Pinned Boards": "Pripete table",
  "Pinned boards": "Pripete table",
  "Plan and collaborate on tasks on a weekly basis": "Tedensko načrtujte in sodelujte pri opravilih",
  "Please approve the Kudos Boards app to allow it to be added as a tab.": "Če želite aplikacijo Kudos Boards dodati kot zavihek, jo odobrite.",
  "Please approve the Kudos Boards app to use advanced features.": "Če želite uporabljati napredne funkcije, odobrite aplikacijo Kudos Boards.",
  "Please contact your Administrator": "Obrnite se na skrbnika",
  "Please contact your IBM Connections Admin to purchase a licence.": "Če želite kupiti licenco, se obrnite na skrbnika za IBM Connections.",
  "Please ensure you login with the same Office 365 user account as you are using in Microsoft Teams": "Zagotovite, da se prijavljate v isti uporabniški račun za Office 365 kot ga uporabljate v programu Microsoft Teams",
  "Please enter a board name": "Vnesite ime table",
  "Please enter a valid email address": "Vnesite veljaven e-poštni naslov",
  "Please enter a valid URL": "Vnesite veljaven URL",
  "Please enter the number of users in your Connections Cloud Organisation": "Vnesite število uporabnikov v organizaciji za Connections Cloud",
  "Please enter the number of users you wish to name under this licence": "Vnesite število uporabnikov, ki jih želite navesti v okviru te licence",
  "Please read our Terms & Conditions": "Preberite naše pogoje in določila",
  "Please reload the page and try again, if this issue persists please let us know": "Znova naložite stran in poskusite znova. Če težave s tem ne odpravite, nam to sporočite",
  "Please review your licences here": "Tukaj lahko pregledate svoje licence",
  "Please see the <a href='{{url}}'>new board</a>": "Oglejte si <a href='{{url}}'>novo tablo</a>",
  "Please sign in": "Prijavite se",
  "Please start a trial to use Boards in your {{provider}} organisation": "Če želite uporabljati aplikacijo Boards v svoji organizaciji {{provider}}, začnite s preizkusom",
  "Position": "Položaj",
  "Post": "Objavi",
  "Premium": "Plačljivo",
  "Premium Preview Status": "Stanje predogleda plačljive različice",
  "Preview": "Predogled",
  "Preview available": "Predogled je na voljo",
  "Previous": "Nazaj",
  "Pricing": "Cenik",
  "primary": "primarno",
  "Primary": "Primarno",
  "Print": "Natisni",
  "Private (me only)": "Zasebno (samo jaz)",
  "Product Information": "Informacije o izdelku",
  "Product Version": "Različica izdelka",
  "Provider": "Ponudnik",
  "Provider not supported": "Ponudnik ni podprt",
  "Public": "Javno",
  "Public Access": "Javni dostop",
  "Public Activities": "Javne dejavnosti",
  "Public Boards": "Javne table",
  "Public Templates": "Javne predloge",
  "Quarterly": "Četrtletno",
  "Questions": "Vprašanja",
  "Quick Edit": "Hitro urejanje",
  "Radial": "Radialno",
  "RE-CENTER": "ZNOVA USREDINI",
  "Reactivate Licence": "Znova aktiviraj licenco",
  "reader": "bralec",
  "Reader": "Bralec",
  "Recent": "Nedavno",
  "Recent boards": "Nedavne table",
  "Recent Boards": "Nedavne table",
  "Recurring Amount Due: {{recurring}}": "Ponavljajoči se znesek za plačilo: {{recurring}}",
  "Redeeming Invitation...": "Prevzemanje vabila ...",
  "Redirecting to Connections Cloud...": "Preusmerjanje v Connections Cloud ...",
  "Redirecting to Watson Workspace...": "Preusmerjanje v delovni prostor Watson ...",
  "Refresh": "Osveži",
  "Region": "Regija",
  "Reload": "Znova naloži",
  "Remaining ({{num}})": "Preostalo ({{num}})",
  "Remove Admin": "Odstrani skrbnika",
  "Remove Client": "Odstrani odjemalca",
  "Remove Invite": "Odstrani vabilo",
  "Remove Licence": "Odstrani licenco",
  "Replace": "Zamenjaj",
  "Resend Invite": "Znova pošlji vabilo",
  "Reset": "Ponastavi",
  "Restore": "Obnovi",
  "Restore Card": "Obnovi kartico",
  "Restore items": "Obnovi elemente",
  "Restore List": "Obnovi seznam",
  "Restore mode": "Način obnavljanja",
  "Reverse": "Obratno",
  "Revoke All": "Prekliči vse",
  "Revoke Licence": "Prekliči licenco",
  "Role": "Vloga",
  "Roles": "Vloge",
  "Rows": "Vrstice",
  "Sales": "Prodaja",
  "Save": "Shrani",
  "Save card for future purchases": "Shranite kartico za prihodnje nakupe",
  "Save Changes": "Shrani spremembe",
  "Save link": "Shrani povezavo",
  "Scroll To": "Premakni se na",
  "Search": "Iskanje",
  "Search All Templates": "Iskanje po vseh predlogah",
  "Search this view": "Iskanje v tem pogledu",
  "Search...": "Iskanje ...",
  "Select a Board": "Izberite tablo",
  "Select board": "Izberite tablo",
  "Select Board": "Izberite tablo",
  "Select Board Label": "Izberite oznako table",
  "Select Card Colours": "Izberite barve kartice",
  "Select Colour": "Izberite barvo",
  "Select Colours": "Izberite barve",
  "Select Destination Board": "Izberite ciljno tablo",
  "Select destination folder": "Izberite ciljno mapo",
  "Select File": "Izbira datoteke",
  "Select Folder": "Izbira mape",
  "Select items for delete": "Izberite elemente za brisanje",
  "Select items for restore": "Izberite elemente za obnovitev",
  "Select List or Card": "Izberite seznam ali kartico",
  "Select the boards below that you would like to transfer membership over to your primary ({{toName}}) account": "Spodaj izberite table, za katere članstvo želite prenesti na svoj primarni račun za ({{toName}})",
  "Selected Activity": "Izbrana dejavnost",
  "Send an email notifying each member that the Activity has been migrated to a Board.": "Pošljite e-poštno sporočilo, ki vse člane obvešča, da je bila dejavnost preseljena na tablo.",
  "Send Invitation": "Pošlji vabilo",
  "Send Notification Email to Members": "Članom pošlji e-poštno obvestilo",
  "Sending invitations": "Pošiljanje vabil",
  "Set as primary account": "Nastavi kot primarni račun",
  "Set Dates": "Nastavi datume",
  "Set enter key press action to create a task when creating new cards in a list.": "Dejanje pritiska tipke Enter nastavi tako, da pri ustvarjanju novih kartic na seznamu ustvari opravilo.",
  "Setup Subscription": "Nastavitev naročnine",
  "Share with": "Daj v skupno rabo z",
  "Shared by me": "V skupno rabo dal jaz",
  "Shared with me": "V skupni rabi z mano",
  "Show": "Pokaži",
  "Show all ancestors": "Pokaži vse prednike",
  "Show all boards for this team": "Pokaži vse table za to ekipo",
  "Show Board Menu": "Pokaži meni table",
  "Show Filter Options": "Pokaži možnosti filtrov",
  "Show Less": "Pokaži manj",
  "Show Licences for your organisation": "Pokaži licence za mojo organizacijo",
  "Show More": "Pokaži več",
  "Show on Card": "Pokaži na kartici",
  "Show previous comments": "Pokaži prejšnje komentarje",
  "Show previous links & attachments": "Pokaži prejšnje povezave in priloge",
  "Show Sub-cards": "Pokaži podkartice",
  "Sign In": "Vpis",
  "Sign in with": "Prijavi se z",
  "SIGN IN WITH:": "PRIJAVI SE Z:",
  "Sign Out": "Odjava",
  "Sign Out of Kudos Boards": "Odjava iz aplikacije Kudos Boards",
  "Signing in...": "Prijavljanje ...",
  "Signing out...": "Odjavljanje ...",
  "Smartcloud": "Pametni oblak",
  "Something went wrong.": "Prišlo je do napake.",
  "Source Board/Template": "Izvorna tabla/predloga",
  "Source Template": "Izvorna predloga",
  "Specific Board": "Določena tabla",
  "Start a Trial": "Začnite preizkus",
  "Start a trial or purchase a subscription to start creating boards": "Če želite začeti ustvarjati table, začnite preizkus ali se naročite",
  "Start Boards Premium Preview": "Začnite predogled aplikacije Boards Premium",
  "Start Date": "Datum začetka",
  "Start Free Trial": "Začnite brezplačni preizkus",
  "Start my trial": "Želim začeti preizkus",
  "Start Now": "Začni zdaj",
  "Start page updated": "Začetna stran je posodobljena",
  "Start Page:": "Začetna stran:",
  "Starting Balance": "Začetno stanje",
  "Starting View": "Začetni pogled",
  "Status": "Status",
  "Step": "Korak",
  "Sub Cards": "Podkartice",
  "Sub Tasks": "Podopravila",
  "Submit": "Predloži",
  "Subscription": "Naročnina",
  "Subscription expired.": "Naročnina je potekla.",
  "Subtotal": "Vmesna vsota",
  "Summary": "Povzetek",
  "Support for browsers is currently limited.  This browser is not yet supported. <br>Please use one of the following browsers:": "Podpora za brskalnike je trenutno omejena. Ta brskalnik še ni podprt. <br>Uporabite enega od teh brskalnikov:",
  "Tab Content": "Vsebina zavihka",
  "Tab Name": "Ime zavihka",
  "Tags": "Oznake",
  "Tags (optional)": "Oznake (izbirno)",
  "Take away meaningful and collaborative notes from any meeting!": "Ustvarite smiselne in sodelovalne zapiske s katerega koli srečanja.",
  "Task": "Opravilo",
  "Team Boards": "Ekipne table",
  "Team Name": "Ime ekipe",
  "Team Name is used as a method to log in to certain authentication providers. e.g. Auth0": "Ime ekipe se uporablja pri prijavi nekaterih ponudnikov storitev preverjanja pristnosti, na primer Auth0.",
  "Template": "Predloga",
  "Templates": "Predloge",
  "Templates tagged with": "Predloge so označene z",
  "Text": "Besedilo",
  "Text Mode": "Besedilni način",
  "That can't be pasted there.": "Tega ni mogoče prilepiti tja.",
  "The board has been deleted": "Tabla je bila izbrisana",
  "The files below cannot be uploaded to Kudos Boards as they are larger than the limit of {{limit}}": "Datotek ni mogoče naložiti v aplikacijo Kudos Boards, ker so večje od omejitve {{limit}}",
  "The following links have already been added to this card:": "Te povezave so že bile dodane kartici:",
  "The invite was resent to": "Vabilo je bilo znova poslano osebi",
  "The selected board(s) were successfully transferred": "Izbrane table so bile uspešno prenesene",
  "The selected items have been deleted": "Izbrani elementi so bili izbrisani",
  "The selected items have been restored": "Izbrani elementi so bili obnovljeni",
  "There was an error when uploading the file. Server response: ": "Pri nalaganju datoteke je prišlo do napake. Odziv strežnika: ",
  "This Activity has been migrated to Kudos Boards": "Dejavnost je bila preseljena v aplikacijo Kudos Boards",
  "This billing cycle affords a {{discount}}% discount": "S tem obračunskim obdobjem boste pridobili {{discount}} % popusta",
  "This Board": "Ta tabla",
  "This Board is available with AUTHOR access to everyone across all organisations.": "Ta tabla je na voljo z AVTORSKIM dostopom za vse v vseh organizacijah.",
  "This Board is available with EDITOR access to everyone across all organisations.": "Ta tabla je na voljo z UREJEVALNIM dostopom za vse v vseh organizacijah.",
  "This Board is in one or more Groups": "Tabla je v eni ali več skupinah",
  "This Board is read-only to everyone across all organisations.": "Tabla je za vse v vseh organizacijah samo za branje.",
  "This Board will be visible to everyone in your organisation. <br>Non-members can create new content and edit their own content.": "Tabla bo vidna vsem v vaši organizaciji. <br>Osebe, ki niso člani, lahko ustvarjajo novo vsebino in urejajo svojo vsebino.",
  "This Board will be visible to everyone in your organisation. <br>Non-members can only view the board's contents.": "Tabla bo vidna vsem v vaši organizaciji. <br>Osebe, ki niso člani, si lahko vsebino table samo ogledajo.",
  "This Board will be visible to everyone in your organisation. <br>Please note: This access level allows non-members to edit <b>all</b> board content.": "Tabla bo vidna vsem v vaši organizaciji. <br>Opomba: Ta raven dostopa omogoča osebam, ki niso člani, da urejajo <b>vso</b> vsebino table.",
  "This card will be restored with its parent": "Kartica bo obnovljena z nadrejeno",
  "This Community": "Ta skupnost",
  "This feature is coming soon!": "Funkcija bo na voljo kmalu.",
  "This feature is currently not supported by the IBM Connections Cloud API": "Programski vmesnik aplikacije IBM Connections Cloud te funkcije trenutno ne podpira",
  "This field is required": "To polje je obvezno",
  "This invoice has been closed. Payment will not be automatically attempted again. Contact support for more information": "Račun je bil zaprt. Ponovni poskus plačila se ne bo izvedel samodejno. Za več informacij se obrnite na podporo.",
  "This is a Free trial of Kudos Boards and will expire in {{numDays}} day(s).": "To je brezplačni preizkus aplikacije Kudos Boards in bo potekel v toliko dneh: {{numDays}}.",
  "This is a read-only preview of this Activity. Import to Boards for full functionality": "To je predogled dejavnosti samo za branje. Za celotno funkcionalnost jo uvozite v aplikacijo Boards",
  "This licence grants access to a set number of users as they use the app. You may view the user-licences already assigned.": "Licenca dodeljuje dostop določenemu številu uporabnikov, ko uporabijo aplikacijo. Že dodeljene uporabniške licence si lahko ogledate.",
  "This licence has been cancelled.": "Licenca je bila preklicana.",
  "This licence only grants access to a selected group of named users. Access will not be granted to users not named by the Org Admins. You can view and edit the named users from the Admin settings.": "Licenca dodeli dostop samo izbrani skupini imenovanih uporabnikov. Dostop ne bo dodeljen uporabnikom, ki jih niso navedli skrbniki organizacije. Imenovane uporabnike si lahko ogledate in jih urejate v skrbniških nastavitvah.",
  "This option is only available when paying by credit card": "Možnost je na voljo le, ko plačujete s kreditno kartico.",
  "This option is only editable if paying by credit card": "Možnost lahko uredite le, če plačujete s kreditno kartico.",
  "This team account is already linked": "Račun ekipe je že povezan",
  "This will go to your provider for an administrator to approve access to Kudos Boards": "To bo poslano ponudniku. Tam bo skrbnik lahko odobril dostop do aplikacije Kudos Boards",
  "This will permanently delete the board and all its data, are you sure?": "S tem boste trajno izbrisali tablo in vse podatke na njej. Ali ste prepričani?",
  "This will remove this data permanently from the board, are you sure?": "S tem boste podatke trajno izbrisali s table. Ali ste prepričani?",
  "Thursday": "Četrtek",
  "Tile Colours": "Barve ploščic",
  "Timeline": "Časovnica",
  "Timeline View": "Pogled časovnice",
  "Title": "Naslov",
  "to go to Connections Cloud, then access Kudos Boards via the link in the 'Apps' menu.": "da odprete Connections Cloud in nato prek povezave v meniju \"Aplikacije\" dostopajte do aplikacije Kudos Boards.",
  "To interact with this card the parent will need to be restored": "Če želite delati s to kartico, mora biti nadrejena kartica obnovljena",
  "To unselect this card you will need to unselect its parent": "Če želite preklicati izbiro kartice, morate preklicati izbiro njene nadrejene",
  "to view this content": "za ogled te vsebine",
  "Today": "Danes",
  "Todo": "Opravilo",
  "Todos": "Zadolžitve",
  "Todos by Date": "Zadolžitve po datumu",
  "Todos by Due Date": "Zadolžitve po roku",
  "Toggle Completion": "Preklopi dokončanje",
  "Toggle Editor": "Preklopi urejevalnik",
  "Toggle Sidebar": "Preklopi stransko vrstico",
  "Tomorrow": "jutri",
  "Total": "Skupaj",
  "Transfer Board Membership": "Prenesi članstvo na tablo",
  "Transfer Membership": "Prenesi članstvo",
  "TRIAL": "PRESKUSNI RAČUN",
  "Trial": "Preskusni račun",
  "Trial End Date: {{trialEnd}}": "Končni datum preizkusa: {{trialEnd}}",
  "Trial expired": "Preizkus je potekel",
  "Trial expired.": "Preizkus je potekel.",
  "Trial extended {{extensions}} time(s)": "Preizkus je bil podaljšan {{extensions}}-krat.",
  "Try again": "Poskusi znova",
  "Tuesday": "Torek",
  "Type": "Vrsta",
  "Type to filter archive": "Začnite vnašati za filtriranje arhiva",
  "Type to filter list": "Začnite vnašati za filtriranje seznama",
  "Type to filter members": "Začnite vnašati za filtriranje članov",
  "Type to search": "Vnesite za iskanje",
  "Unassigned": "Nedodeljeno",
  "Undo": "Razveljavi",
  "UNDO": "RAZVELJAVI",
  "Unit price: {{unitPrice}} per user": "Cena enote: {{unitPrice}} na uporabnika",
  "Unknown Connections Cloud organisation. Redirecting...": "Neznana organizacija za Connections Cloud. Preusmerjanje ...",
  "Unknown Team": "Neznana ekipa",
  "Unlimited": "Neomejeno",
  "Unlink account": "Prekini povezavo z računom",
  "Unlink Board": "Prekini povezavo s tablo",
  "Unlink {{fromName}} Account": "Prekini povezavo z računom za {{fromName}}",
  "Unlock Kudos Boards Premium Preview": "Odkleni predogled plačljive aplikacije Kudos Boards",
  "Unpaid": "Neplačano",
  "Unpin Board": "Odpni tablo",
  "Unscheduled cards": "Nerazporejene kartice",
  "Update": "Posodobi",
  "Updated": "Posodobljeno",
  "Updated Since Last Accessed": "Posodobljeno od zadnjega dostopa",
  "Updated {{ date }}": "Posodobljeno {{ date }}",
  "Updating...": "Posodabljanje ...",
  "Upload": "Naloži",
  "Upload file from computer": "Naložite datoteko iz računalnika",
  "Upload to Kudos Boards": "Naloži v Kudos Boards",
  "Upload Users": "Naloži uporabnike",
  "Upload Users from CSV": "Naloži uporabnike iz datoteke CSV",
  "uploaded successfully": "uspešno naloženo",
  "Uploading file:": "Nalaganje datoteke:",
  "URL": "URL",
  "URL of Connections header frame (optional)": "URL okvira glave aplikacije Connections (izbirno)",
  "Use another file service": "Uporabi drugo storitev za datoteke",
  "Use current account": "Uporabi trenutni račun",
  "Use Email": "Uporabi e-pošto",
  "Use the Kudos Boards File Attachment Service for attaching files to cards": "Za pripenjanje datotek na kartice uporabite storitev za datotečne priloge aplikacije Kudos Boards",
  "Use {{provider}} instead": "Namesto tega uporabite ponudnika {{provider}}",
  "Used": "Uporabljeno",
  "User": "Uporabnik",
  "User Emails": "E-poštni naslovi uporabnika",
  "User ExternalID": "Zunanji ID uporabnika",
  "User Licences": "Uporabniške licence",
  "User Options": "Uporabniške možnosti",
  "User Trials": "Uporabniški preizkusi",
  "User upload success!": "Uporabnikovo nalaganje je bilo uspešno.",
  "Username": "Uporabniško ime",
  "Users": "Uporabniki",
  "Users may need to be added to the destination board to maintain access to their assigned todos.": "Uporabnike boste morda morali dodati na ciljno tablo. Tako bodo še naprej imeli dostop do njim dodeljenih zadolžitev.",
  "Users: {{num}}": "Število uporabnikov: {{num}}",
  "Vertical": "Navpično",
  "View": "Ogled",
  "View and Accept ↗": "Oglejte si in sprejmite ↗",
  "View Details": "Ogled podrobnosti",
  "View licences": "Prikaži licence",
  "View subscriptions": "Prikaži naročnine",
  "View Subscriptions": "Prikaži naročnine",
  "Want to know more?": "Ali želite izvedeti več?",
  "Warning: you are not authorised to add members in this board": "Opozorilo: niste pooblaščeni za dodajanje članov na to tablo",
  "We found one board linked your {{fromName}} user account. Once you unlink the account you may no longer have access to this board.": "Našli smo tablo, ki je povezana z vašim uporabniškim računom {{fromName}}. Ko prekinete povezavo z računom, morda ne boste več imeli dostopa do te table.",
  "We found {{count}} boards linked to your {{fromName}} user account. Once you unlink the account you may no longer have access to these boards.": "Našli smo toliko tabel, povezanih z vašim uporabniškim računom {{fromName}}: {{count}}. Ko prekinete povezavo z računom, morda ne boste več imeli dostopa do teh tabel.",
  "We recommended you change the widget title from the actions menu above": "Priporočamo, da v zgornjem meniju z dejanji spremenite ime pripomočka",
  "Wednesday": "Sreda",
  "Weekdays": "Delavniki",
  "Welcome": "Dobrodošli",
  "Welcome to Kudos Boards": "Pozdravljeni v aplikaciji Kudos Boards",
  "When you unlock Kudos Boards Premium View, your current Activities will immediately be available in Board, Timeline and MindMap view.": "Ko odklenete plačljivi pogled na Kudos Boards, bodo vaše trenutne dejavnosti takoj na voljo v pogledih table, časovnice in miselnega vzorca.",
  "Widget Settings": "Nastavitve pripomočka",
  "yearly": "letno",
  "Yearly": "Letno",
  "Yes": "Da",
  "Yes Please": "Da, prosim",
  "You are in DELETE mode, select items to delete": "Ste v načinu BRISANJA, izberite elemente za brisanje",
  "You are in restore mode, select items to restore": "Ste v načinu obnovitve, izberite elemente za obnovitev",
  "You are not a direct member of this board. Please consider leaving any Groups that may be members of this board.": "Niste neposredni član te table. Zapustite vse skupine, ki so morda članice te table.",
  "You are not allowed to leave this Board. Please consider archiving board.": "Te table vam ni dovoljeno zapustiti. Tablo arhivirajte.",
  "You are not authorised to access this resource": "Nimate pooblastil za dostop do tega vira",
  "You are not licensed to access this resource.": "Nimate licence za dostop do tega vira.",
  "You are the only owner of this board. Please consider adding other owners or archiving this board instead.": "Ste edini lastnik te table. Namesto tega dodajte lastnike ali arhivirajte tablo.",
  "You can enhance your workflow by unlocking Kudos Boards Premium Preview. In addition to your Activities view, you’ll also be able to work in the Boards, Timeline and Mind Map views!": "Potek dela lahko izboljšate tako, da odklenete plačljiv predogled aplikacije Kudos Boards. Poleg pogleda dejavnosti boste lahko delali tudi v pogledih table, časovnice in miselnega vzorca.",
  "You have READ ONLY access to this Board": "Do te table imate dostop SAMO ZA BRANJE",
  "You have {{remaining}} day(s) remaining in your premium preview.": "Plačljiv predogled lahko uporabljate še toliko dni: {{remaining}}.",
  "Your account's email address and other admin emails for your org ({{emails}}) are already included": "E-poštni naslov vašega računa in drugi e-poštni naslovi skrbnikov organizacije ({{emails}}) so že vključeni",
  "Your api key for kudos boards is shown below": "Vaš ključ za programski vmesnik aplikacije Kudos Boards je prikazan spodaj.",
  "Your changes have been saved": "Spremembe so bile shranjene",
  "Your initial premium preview with {{orgName}} has expired. Click extend if you would like to continue access for an additional 30 days": "Prvotni plačljivi predogled za organizacijo {{orgName}} je potekel. Kliknite \"Podaljšaj\", če želite dostop podaljšati še za 30 dni",
  "Your premium preview expires today.": "Vaš plačljivi predogled poteče danes.",
  "Your premium preview has expired, Let your administrator know you'd like to continue using Kudos Boards Premium view.": "Vaš plačljivi predogled je potekel. Sporočite skrbniku, da želite še naprej uporabljati plačljivi pogled aplikacije Kudos Boards.",
  "Your session with {{provider}} has expired. Redirecting...": "Seja s ponudnikom {{provider}} je potekla. Preusmerjanje ...",
  "Your session with {{provider}} has expired. Some functionality (ie notifications, groups, files) will be restricted until you login again.": "Seja s ponudnikom {{provider}} je potekla. Del funkcionalnosti (na primer obvestila, skupine in datoteke) bo omejen, dokler se ne prijavite znova.",
  "{{count}} more card(s) this way": "Še toliko kartic na ta način: {{count}}",
  "{{num}} users": "Število uporabnikov: {{num}}",
  "{{quantity}} x subscriptions to '{{plan.name}}' ({{planPrice}} / {{plan.interval}})": "{{quantity}} naročnin na \"{{plan.name}}\" ({{planPrice}}/{{plan.interval}})",
  "{{remaining}} days of trial remaining": "Še toliko dni do konca preizkusa: {{remaining}}",
  "{{remaining}} days remaining in your premium preview.": "Še toliko dni do konca plačljivega predogleda: {{remaining}}.",
  "{{userTrialCount}} user(s) have started a trial of Kudos Boards Premium": "Toliko uporabnikov je začelo preizkus plačljivega pogleda aplikacije Kudos Boards: {{userTrialCount}}"
}