{
  "": "",
  "'{{userName}}' will not be able to view the message because they cannot access this Board": "{{userName}} kommer inte kunna se det här meddelandet eftersom de inte har åtkomst till den här anslagstavlan",
  "(Copy Of) ": "(Kopia av) ",
  "A problem occurred when creating invite": "Ett problem uppstod när inbjudan skulle skapas",
  "A problem occurred when deleting node": "Ett problem uppstod när noden skulle tas bort",
  "A problem occurred when getting a node": "Ett problem uppstod när noden skulle hämtas",
  "A problem occurred when redeeming invite": "Ett problem uppstod när inbjudan skulle lösas in",
  "A problem occurred when removing invite": "Ett problem uppstod när inbjudan skulle tas bort",
  "A problem occurred when removing member": "Ett problem uppstod när medlemmen skulle tas bort",
  "A problem occurred when saving invite": "Ett problem uppstod när inbjudan skulle sparas",
  "A problem occurred when saving member": "Ett problem uppstod när medlemmen skulle sparas",
  "A problem occurred when saving node": "Ett problem uppstod när noden skulle sparas",
  "A problem occurred when updating invite": "Ett problem uppstod när inbjudan skulle uppdateras",
  "A user with that email address already exists": "Det finns redan en användare med den e-postadressen",
  "A user with that email address already exists as a member of this board": "En användare med den här e-postadressen finns redan och är medlem på den här anslagstavlan",
  "Accessed in the Last Month": "Har använts den senaste månaden",
  "Accessed since": "Har använts sedan",
  "Account Balance: {{credit}}": "Kontosaldo: {{credit}}",
  "Account Unlinked": "Kontolänk borttagen",
  "Actions": "Åtgärder",
  "Active": "Aktiva",
  "Active Boards": "Aktiva anslagstavlor",
  "Active Workspace Meetings": "Aktiva arbetsplatsmöten",
  "Activity": "Aktivitet",
  "Activity data is loading...": "Aktivitetsdata läses in ...",
  "Activity Migration": "Aktivitetsmigrering",
  "Activity Name": "Aktivitetsnamn",
  "Add": "Lägg till",
  "Add a Card": "Lägg till ett kort",
  "Add a Comment": "Lägg till en kommentar",
  "Add a Description": "Lägg till beskrivning",
  "Add a List": "Lägg till en lista",
  "Add a list": "Lägg till en lista",
  "Add a Tag": "Lägg till en tagg",
  "Add an attachment or link": "Lägg till en bilaga eller länk",
  "Add another": "Lägg till en till",
  "Add Attachment": "Lägg till bilaga",
  "Add Bookmark": "Lägg till bokmärke",
  "Add Client": "Lägg till klient",
  "Add Custom Field": "Lägg till anpassat fält",
  "Add file": "Lägg till fil",
  "Add individuals or groups as members, or invite by email": "Lägg till enskilda personer eller grupper som medlemmar eller bjud in dem via e-post",
  "Add Label": "Lägg till etikett",
  "Add label '{{filter}}'": "Lägg till etikett '{{filter}}'",
  "Add Licence": "Lägg till licens",
  "Add Member": "Lägg till medlem",
  "Add members": "Lägg till medlemmar",
  "Add Organisation": "Lägg till organisation",
  "Add people to your board or invite by email": "Lägg till personer för din anslagstavla eller bjud in dem via e-post",
  "Add User": "Lägg till en användare",
  "Admin approval failed": "Administratörsgodkännande misslyckades",
  "Admin Users": "Administratörsanvändare",
  "Administrator approval required.": "Administratörsgodkännande krävs.",
  "Administrators": "Administratörer",
  "Advanced": "Avancerat",
  "Agenda": "Agenda",
  "All": "Alla",
  "All Activities": "Alla aktiviteter",
  "All Boards": "Alla anslagstavlor",
  "All cards are scheduled.": "Alla kort har schemalagts.",
  "All Templates": "Alla mallar",
  "Allow Invite by Email": "Tillåt inbjudan via e-post",
  "Already linked": "Redan länkad",
  "Amount": "Belopp",
  "Amount Due": "Belopp att betala",
  "Amount Due Now: {{due}}": "Belopp att betala nu: {{due}}",
  "Amount Paid": "Betalat belopp",
  "An account of this type already linked": "Ett konto för den här typen är redan länkat",
  "An invitation for the specified email address already exists on this board": "En inbjudan för den angivna e-postadressen finns redan för den här anslagstavlan",
  "and is already a member of this board": "och är redan en medlem på den här anslagstavlan",
  "Apply Template": "Tillämpa mall",
  "Approve": "Godkänn",
  "Approve Advanced Features": "Godkänn avancerade funktioner",
  "Archive": "Arkiv",
  "Archive Card": "Arkivera kort",
  "Archive Cards in List": "Arkivera kort i listan",
  "Archive List": "Arkivera lista",
  "Archived": "Arkiverad",
  "Archived Boards": "Arkiverade anslagstavlor",
  "Archived Templates": "Arkiverade mallar",
  "Are you sure you want to cancel this licence? This will take effect at the end of the current period.": "Vill du annullera den här licensen? Det kommer att börja gälla i slutet av aktuell period.",
  "Are you sure you want to delete this licence? CAUTION: This will delete any associated credit card information": "Vill du ta bort den här licensen? VARNING: all kopplad kreditkortsinformation kommer att tas bort",
  "Are you sure you want to reactivate this licence?": "Vill du aktivera den här licensen på nytt?",
  "Are you sure you want to unlink your {{provider}} account?": "Vill du ta bort länken för ditt {{provider}}-konto?",
  "Are you sure you wish to leave '{{boardName}}'? This action cannot be undone by you.": "Vill du lämna {{boardName}}? Du kan inte ångra den här åtgärden.",
  "Are you sure?": "Vill du fortsätta?",
  "Are You Sure?": "Vill du fortsätta?",
  "Are you sure? This will reinstate the previous billing schedule": "Vill du fortsätta? Detta kommer att återställa det föregående faktureringsschemat",
  "Are you sure? This will take effect at the end of the current billing cycle": "Vill du fortsätta? Detta kommer att börja gälla i slutet av aktuell faktureringscykel",
  "Asia Pacific": "Asien och stillahavsområdet",
  "Assign Users": "Tilldela användare",
  "Assigned": "Tilldelad",
  "Assigned to": "Tilldelade till",
  "Assigned To Me": "Tilldelad till mig",
  "Assigned Users that will be added to the Destination Board": "Tilldelade användare som läggs till för målanslagstavlan",
  "Assignees": "Tilldelade personer",
  "Assignments": "Tilldelningar",
  "Attach": "Bifoga",
  "Attachments": "Bilagor",
  "Auth0 url": "Auth0-URL",
  "Authentication Clients": "Autentiseringsklienter",
  "Author": "Författare",
  "author": "författare",
  "awaiting acceptance": "väntar på godkännande",
  "Back": "Föregående",
  "Back to Boards": "Tillbaka till anslagstavlor",
  "Back to Colour Selection": "Tillbaka till färgval",
  "Bad Request": "Ogiltig begäran",
  "Best viewed in fullscreen": "Visas bäst i helskärmsläge",
  "Billing Cycle": "Faktureringscykel",
  "Billing period: {{interval}}": "Faktureringsperiod: {{interval}}",
  "Blank": "Tom",
  "Board": "Anslagstavla",
  "Board Archive": "Anslagstavelarkiv",
  "Board Labels": "Anslagstaveletiketter",
  "Board Members": "Anslagstavelmedlemmar",
  "Board Name": "Anslagstavelnamn",
  "Boards": "Anslagstavlor",
  "Boards linked directly to this user": "Anslagstavlor länkade direkt till den här användaren",
  "Boards linked through group membership": "Anslagstavlor länkade via gruppmedlemskap",
  "Boards premium preview": "Premiumförhandsversion av Boards",
  "Bookmarks": "Bokmärken",
  "Buy Licence": "Köp licens",
  "Buy Online": "Köp online",
  "by": "av",
  "Cancel": "Avbryt",
  "Cancel Licence": "Annullera licens",
  "Cancelled": "Har annullerats",
  "Cannot Leave Board": "Kan inte lämna anslagstavla",
  "Card Name": "Kortnamn",
  "Card Number": "Kortnummer",
  "Cards": "Kort",
  "Central Europe": "Centraleuropa",
  "Choose a board": "Välj en anslagstavla",
  "Choose a Template": "Välj en mall",
  "Classic": "Klassisk",
  "Clear Search": "Rensa sökresultat",
  "Clear Selected": "Rensa val",
  "Clear Selected Filters": "Rensa valda filter",
  "Click for details": "Klicka här om du vill visa detaljer",
  "Click for more information about approving advanced features": "Klicka för mer information om att godkänna avancerade funktioner",
  "Click here": "klickar du här",
  "Click here for details": "Klicka här för mer information",
  "Click here for details.": "Klicka här för mer information.",
  "Click here to buy a licence online or get a quote": "Klicka här för att köpa en licens online eller få en offert",
  "Click here to start a 30 day free trial for your organisation. Contact support for trials with more users.": "Klicka här för att starta en kostnadsfri 30-dagars provperiod för din organisation. Kontakta supporten för provperioder med flera användare.",
  "Click to see more details": "Klicka här för mer information",
  "Client": "Klient",
  "Clients": "Klienter",
  "Close": "Stäng",
  "Close Activity After Import": "Stäng aktivitet efter import",
  "Close Board Menu": "Stäng anslagstavelmeny",
  "Close the activity after the import has completed successfully. You can still access it through 'Trash'": "Stäng aktiviteten efter att importen har slutförts. Du kan fortfarande komma åt den via \"Skräp\"",
  "Closed": "Stängd",
  "Collaborate on projects involving different departments": "Samarbeta i projekt som omfattar flera olika avdelningar",
  "Collapse": "Komprimera",
  "Colour": "Färg",
  "Colour Labels": "Färgetiketter",
  "Colour-Tags": "Färgtaggar",
  "Colours": "Färger",
  "Column View": "Kolumnvy",
  "Comments": "Kommentarer",
  "Community Activities": "Gemenskapsaktiviteter",
  "Community Templates": "Gemenskapsmallar",
  "Complete Todos": "Slutför Att göra-uppgifter",
  "Completed": "Slutförda",
  "Configuration": "Konfiguration",
  "Confirm": "Bekräfta",
  "Confirmation Required": "Bekräftelse krävs",
  "Connections Cloud session expired. Click here to validate.": "Connections Cloud-sessionen har gått ut. Klicka här för att validera.",
  "Connections On-Premise": "Connections på plats",
  "Connections URL": "Connections-URL",
  "Contact Email": "Kontakt-mejladress",
  "Contact Name": "Kontaktnamn",
  "Contact Support": "Kontakta support",
  "Contact your System Administrator for more information or email us at": "Kontakta systemadministratören för mer information eller skicka e-post till oss på",
  "Content": "Innehåll",
  "Continue": "Fortsätt",
  "Continue Without Transferring": "Fortsätt utan överföring",
  "Convert into Entry": "Konvertera till post",
  "Convert into Todo": "Konvertera till Att göra-uppgift",
  "Copy embed code": "Kopiera inbäddad kod",
  "Copy embed code to clipboard": "Kopiera inbäddad kod till urklipp",
  "Create": "Skapa",
  "Create a new board": "Skapa en ny anslagstavla",
  "Create Board": "Skapa anslagstavla",
  "Create Board from Template": "Skapa anslagstavla från mall",
  "Create Boards for anything, manage your workflow, and streamline processes with template creation.": "Skapa anslagstavlor för vad du vill, hantera arbetsflödet och förenkla skapandeprocessen med mallar.",
  "Create card": "Skapa kort",
  "Create Copy": "Skapa kopia",
  "Create Link to Board": "Skapa länk till anslagstavla",
  "Create Template": "Skapa mall",
  "Create Template from Board": "Skapa mall från anslagstavla",
  "Create your own structure for organising projects, workflows, ideas and more!": "Skapa en egen struktur för att organisera projekt, arbetsflöden, idéer med mera!",
  "Create {{numCards}} cards?": "Skapa {{numCards}} kort?",
  "Create {{numCards}} lists?": "Skapa {{numCards}} listor?",
  "Created": "Skapat",
  "Created By Me": "Skapad av mig",
  "Created {{ date }}": "Skapades {{ date }}",
  "Created: {{date}}": "Skapades: {{date}}",
  "Credit Card Ending in {{last4}}": "Kreditkort som slutar på {{last4}}",
  "Current Account:": "Aktuellt konto:",
  "Currently the ability to search for groups in {{provider}} is not available until an administrator grants permissions for your organisation. ": "För tillfället går det inte att söka efter grupper i {{provider}} förrän en administratör har gett din organisation den behörigheten. ",
  "Curve": "Kurva",
  "Custom Fields": "Anpassade fält",
  "Customer ID": "Kund-ID",
  "CVC": "CVC",
  "Date": "Datum",
  "Decisions": "Beslut",
  "Default templates to exclude": "Standardmallar att exkludera",
  "Delete": "Ta bort",
  "Delete Board": "Ta bort anslagstavla",
  "Delete Card": "Ta bort kort",
  "Delete Comment": "Ta bort kommentar",
  "Delete File": "Ta bort fil",
  "Delete items": "Ta bort objekt",
  "Delete Label": "Ta bort etikett",
  "Delete Link": "Ta bort länk",
  "Delete List": "Ta bort lista",
  "Delete mode": "Ta bort läge",
  "Delete Selected Items": "Ta bort valda objekt",
  "Deleted": "Borttaget",
  "Deleting": "Tar bort",
  "Departments": "Avdelningar",
  "Description": "Beskrivning",
  "Description (optional)": "Beskrivning (valfri)",
  "Details": "Detaljer",
  "Direct Order via ISW": "Direktbeställning via ISW",
  "Discount": "Rabatt",
  "Discount Code (optional)": "Rabattkod (valfri)",
  "Discount: {{discount}}": "Rabatt: {{discount}}",
  "Display an existing board": "Visa en befintlig anslagstavla",
  "Documentation": "Dokumentation",
  "Doing": "Gör",
  "Done": "Klart",
  "Done ({{num}})": "Klar ({{num}})",
  "Download": "Ladda ned",
  "Download file": "Ladda ned fil",
  "Drop file here to save": "Släpp filen här för att spara",
  "Due": "Slutdatum",
  "Due Date": "Slutdatum",
  "Due date": "Slutdatum",
  "Earliest Licence Expired on": "Tidigaste licens gick ut den",
  "Earliest Upcoming Expiry": "Tidigaste kommande utgång",
  "Edit": "Redigera",
  "Edit Board Colour Labels": "Redigera färgetiketter för anslagstavla",
  "Edit Client": "Redigera klient",
  "Edit Client Licence": "Redigera klientlicens",
  "Edit Colour Labels": "Redigera färgetiketter",
  "Edit Comment": "Redigera kommentar",
  "Edit Description": "Redigera beskrivning",
  "Edit Filename": "Redigera filnamn",
  "Edit Label": "Redigera etikett",
  "Edit label": "Redigera etikett",
  "Edit Licence": "Redigera licens",
  "Edit Link": "Redigera länk",
  "Edit name": "Redigera namn",
  "Edit Tile Colour Labels": "Redigera rutfärgsetiketter",
  "Edit User Licence": "Redigera användarlicens",
  "Edited": "Redigerad",
  "Editor": "Redigerare",
  "editor": "redigerare",
  "Email": "Mejladress",
  "Email Address": "E-postadress",
  "Email address is required": "E-postadress krävs",
  "Email addresses to copy invoices to": "E-postadresser att kopiera fakturor till",
  "Email addresses to copy quote to": "E-postadresser att kopiera offert till",
  "Email Us": "Skicka e-post till oss",
  "Embed code copied to clipboard": "Inbäddad kod kopierad till urklipp",
  "Empty Lists": "Tomma listor",
  "empty name": "tomt namn",
  "Enable Boards File Uploads": "Aktivera filuppladdning till anslagstavla",
  "Enabled": "aktiverad",
  "End Date": "Slutdatum",
  "Ending Balance": "Slutsaldo",
  "Enter a title for the link (Optional)": "Ange en titel för länken (valfri)",
  "Enter an email address": "Ange en mejladress",
  "Enter Label": "Ange etikett",
  "Enter label name": "Ange etikettnamn",
  "Enter New Name": "Ange nytt namn",
  "Enter Text": "Ange text",
  "Entry": "Post",
  "Error": "Fel",
  "Error creating board": "Fel då anslagstavla skapades",
  "Error processing quote request. Please email sales@kudosbadges.com": "Fel vid bearbetning av offertbegäran. Skicka e-post till sales@kudosbadges.com",
  "Error processing your request": "Fel vid bearbetning av begäran",
  "Error starting trial": "Fel vid start av provperiod",
  "Error uploading file": "Fel vid uppladdning av fil",
  "Error: an unknown error occurred - cannot move": "Fel: ett okänt fel inträffade – kan inte flytta",
  "Error: you are not authorised to add content to this board": "Fel: du saknar behörighet för att lägga till innehåll på den här anslagstavlan",
  "Existing Kudos Partner (optional)": "Befintlig Kudos-partner (valfri)",
  "Existing Login Detected": "Befintlig inloggning identifierad",
  "Existing Tab": "Befintlig flik",
  "Expand": "Expandera",
  "Expand/Collapse": "Visa/dölj",
  "Expand/Collapse All Lists": "Visa/dölj alla listor",
  "Expired": "Upphört att gälla",
  "Expires": "Upphör att gälla",
  "Expires: {{date}}": "Går ut: {{date}}",
  "Expires: {{{date}}}": "Går ut: {{{date}}}",
  "Expiry": "Utgång",
  "Expiry Date": "Utgångsdatum",
  "Explore the Template Library": "Utforska mallbiblioteket",
  "Extend": "Förläng",
  "ExternalId": "Externt ID",
  "Fields": "Fält",
  "Filter Activities to migrate": "Filtrera aktiviteter för migrering",
  "Finance": "Finans",
  "Find a Group": "Hitta en grupp",
  "Find a User": "Hitta en användare",
  "Finding your Connections Cloud Organisation...": "Hittar din Connections Cloud-organisation ...",
  "Free": "Kostnadsfri",
  "Free Trial": "Kostnadsfri provperiod",
  "Friday": "fredag",
  "From Provider": "Från leverantör",
  "Functionality is currently limited.": "Funktionerna är begränsade för närvarande.",
  "Furthest Upcoming Expiry": "Mest avlägsna kommande utgång",
  "Future": "Framtid",
  "General": "Allmänna",
  "Get a Licence Quote": "Få en licensoffert",
  "Get a Quote": "Få en offert",
  "Give users the ability to invite external users to a Board by email address": "Ge användare möjlighet att bjuda in externa användare till att använda en anslagstavla via e-postadresser",
  "Global Access": "Global åtkomst",
  "Global OAuth": "Global OAuth",
  "Go to licence": "Gå till licens",
  "Go to Today": "Gå till Idag",
  "Goals": "Mål",
  "Group": "Grupp",
  "Group Boards": "Gruppanslagstavlor",
  "Group By": "Gruppera efter",
  "Group Owners: Owners of this Board.</br>Group Members: Authors of this Board": "Gruppägare: ägare av den här anslagstavlan.</br>Gruppmedlemmar: författare på den här anslagstavlan",
  "Groups": "Grupper",
  "Help": "Hjälp",
  "Hide": "Dölj",
  "Hide Completed Todos": "Dölj avklarade Att göra-uppgifter",
  "Hide Dates": "Dölj datum",
  "Horizontal": "Horisontellt",
  "How would you like to proceed?": "Hur vill du gå vidare?",
  "HR": "HR",
  "I accept the above Terms & Conditions": "Jag samtycker till villkoren ovan",
  "I accept the terms of service": "Jag samtycker till användningsvillkoren",
  "ID": "ID",
  "If this setting is switched off, cards are created as entries on enter press.": "Om den här inställningen inaktiveras skapas kort som poster när du trycker på Retur.",
  "Ignore Completed": "Ignorera slutförd",
  "Ignore Deleted": "Ignorera borttagen",
  "Ignore Templates": "Ignorera mallar",
  "Import": "Importera",
  "Import an Activity": "Importera en aktivitet",
  "Import an Activity Template": "Importera en aktivitetsmall",
  "Import from Activities": "Importera från Aktiviteter",
  "Import From Activities": "Importera från Aktiviteter",
  "In a Group": "I en grupp",
  "Include email body in description": "Inkludera e-postmeddelandetext i beskrivning",
  "Inherit": "Ärv",
  "Inherit from Group": "Ärv från grupp",
  "Inherited from Group": "Ärvd från grupp",
  "Integration Env": "Integreringsmiljö",
  "Internal server error": "Internt serverfel",
  "Invitation sent to": "Inbjudan har skickats till",
  "Invite": "Bjud in",
  "Invite by Email": "Bjud in via e-post",
  "Invite sent on": "Inbjudan skickad den",
  "Invoice": "Faktura",
  "Invoice Details": "Faktureringsuppgifter",
  "Invoices": "Fakturor",
  "Invoices for": "Fakturor från",
  "Is Enabled": "Är aktiverad",
  "Is Trial": "Är provversion",
  "IT": "IT",
  "It is valid until {{expiry}}.": "Det är giltigt till {{expiry}}.",
  "Items": "Objekt",
  "Join Workspace Meetings": "Delta i arbetsplatsmöten",
  "Kanban": "Kanban",
  "Kanban View": "Kanban-vy",
  "Kudos Boards": "Kudos Boards",
  "Kudos Boards - Terms & Conditions": "Kudos Boards – Villkor",
  "Kudos Boards API": "Kudos Boards-API",
  "Kudos Boards cannot be added as a tab until an administrator approves required functionality": "Kudos Boards kan inte läggas till som en flik förrän en administratör godkänt de funktioner som krävs",
  "Kudos Boards has been updated in the background. Please reload the app!": "Kudos Boards har uppdaterats i bakgrunden. Ladda om appen!",
  "Kudos Partner Reference Code (optional)": "Referenskod för Kudos-partner (valfri)",
  "Kudos Team Name": "Kudos-teamnamn",
  "Label deleted": "Etikett borttagen",
  "Labels": "Etiketter",
  "Last Accessed": "Senast använd",
  "Last Licence Expired on": "Sista licens gick ut den",
  "Later This Month": "Senare den här månaden",
  "Later This Week": "Senare den här veckan",
  "Layout": "Layout",
  "Leave Board": "Lämna anslagstavla",
  "Licence Assigned": "Licens tilldelad",
  "Licence Details": "Licensuppgifter",
  "Licence expired": "Licens utgången",
  "Licence Type": "Licenstyp",
  "Licences": "Licenser",
  "Licenses": "Licenser",
  "Licensing": "Licensiering",
  "Limit": "Gräns",
  "Line": "Linje",
  "Line Items": "Radobjekt",
  "Lines in file:": "Rader i fil:",
  "Link": "Länk",
  "Link Accounts": "Länka konton",
  "Link another account": "Länka ett annat konto",
  "Link another Kudos Boards account": "Länka ett annat Kudos Boards-konto",
  "Link Exists": "Länk finns",
  "Link to Board": "Länk till anslagstavla",
  "Link to Card, List or Board": "Länk till kort, lista eller anslagstavla",
  "Link to File": "Länk till fil",
  "Link to Folder": "Länk till mapp",
  "Link {{provider}} with the current account": "Länka {{provider}} till aktuellt konto",
  "Linked Accounts": "Länkade konton",
  "Linked Groups": "Länkade grupper",
  "Links": "Länkar",
  "Links & Attachments": "Länkar och bilagor",
  "List": "Lista",
  "List all Boards": "Lista alla anslagstavlor",
  "List Name": "Listnamn",
  "List View": "Listvy",
  "Lists": "Listor",
  "Lite": "Lite",
  "Local": "Lokalt",
  "Logging in, please wait...": "Loggar in, vänta ...",
  "Login": "Logga in",
  "Logout": "Logga ut",
  "Look in": "Se in",
  "Make the most of your Kudos Boards Premium Preview": "Få ut mesta möjliga av din premiumförhandsversion av Kudos Boards",
  "Manage Org": "Hantera organisation",
  "Manage Payments": "Hantera betalningar",
  "Mark Board as Complete": "Markera anslagstavla som slutförd",
  "Mark Board as Incomplete": "Markera anslagstavla som ej slutförd",
  "Mark Complete": "Markera som slutförd",
  "Mark Incomplete": "Markera som ej slutförd",
  "Marketing": "Marknadsföring",
  "Match All Filters": "Matcha alla filter",
  "Meeting": "Möte",
  "Members": "Medlemmar",
  "Merge": "Sammanfoga",
  "Microsoft Office365": "Microsoft Office 365",
  "Migrate ALL ({{num}})": "Migrera ALLA ({{num}})",
  "Migrate Selected ({{num}})": "Migrera valda ({{num}})",
  "Mind Map": "Tankekarta",
  "MindMap": "Tankekarta",
  "Mindmap": "Tankekarta",
  "Mindmap View": "Tankekartsvy",
  "Minimum number of users for the selected licence type is {{minimumSeats}}": "Minsta antal användare för den valda licenstypen är {{minimumSeats}}",
  "Mirror": "Spegla",
  "Modified": "Modifierad",
  "Modify": "Ändra",
  "Modify Licence": "Modifiera licens",
  "Monday": "måndag",
  "monthly": "varje månad",
  "Monthly": "Varje månad",
  "More": "Mer",
  "Move": "Flytta",
  "Move and Open": "Flytta och öppna",
  "Move Card": "Flytta kort",
  "Move List": "Flytta lista",
  "Move To Another Board": "Flytta till en annan anslagstavla",
  "Move to another list or parent card": "Flytta till en annan lista eller ett överordnat kort",
  "My": "Mina",
  "My Account": "Mitt konto",
  "My Activities": "Mina aktiviteter",
  "My Boards": "Mina anslagstavlor",
  "My Subscriptions": "Mina prenumerationer",
  "My Templates": "Mina mallar",
  "My Todos": "Mina Att göra-uppgifter",
  "Name": "Namn",
  "Name on Card": "Namn på kort",
  "Named Users": "Namngivna användare",
  "Named Users Licence": "Licens för namngivna användare",
  "Never": "Aldrig",
  "New Board": "Ny anslagstavla",
  "New card created, however the search filter currently applied is preventing it from being displayed": "Nytt kort skapat, men det sökfilter som tillämpas gör att det inte kan visas",
  "New cards created as tasks on enter key press": "Nya kort skapas som uppgifter när du trycker på Retur",
  "New Client": "Ny klient",
  "New Client Licence": "Ny klientlicens",
  "New Credit Card": "Nytt kreditkort",
  "New Label": "Ny etikett",
  "New Label Text": "Ny etikettext",
  "New Licence": "Ny licens",
  "New Since Last Week": "Ny sedan förra veckan",
  "New Sub-Card": "Nytt underkort",
  "New Tab": "Ny flik",
  "New Template": "Ny mall",
  "New User Licence": "Ny användarlicens",
  "Next": "Nästa",
  "Next Invoice Amount: {{nextAmount}}": "Nytt faktureringsbelopp: {{nextAmount}}",
  "Next Invoice Date: {{date}}": "Nytt faktureringsdatum: {{date}}",
  "Next Payment": "Nästa betalning",
  "Next Payment Attempt": "Nästa betalningsförsök",
  "Next Payment: {{{date}}}": "Nästa betalning: {{{date}}}",
  "Next Week": "Nästa vecka",
  "No": "Nej",
  "No action available": "Ingen åtgärd tillgänglig",
  "No Active Meetings found. Click below to go to a Workspace": "Inga aktiva möten hittades. Klicka nedan för att gå till en arbetsplats",
  "No Activities found": "Inga aktiviteter hittades",
  "No Archived items to show": "Inga arkiverade objekt att visa",
  "No Assignment": "Ingen tilldelning",
  "No boards found for this group": "Inga anslagstavlor hittades för den här gruppen",
  "No Boards found.": "Inga anslagstavlor hittades.",
  "No boards yet, please create one first": "Inga anslagstavlor finns ännu, skapa den första",
  "No clients found": "Inga klienter hittades",
  "No Colour": "Ingen färg",
  "No Date": "Inget datum",
  "No files found": "Inga filer hittades",
  "No folders found": "Inga mappar hittades",
  "No Group": "Ingen grupp",
  "No invoices to display": "Inga fakturor att visa",
  "No items were selected": "Inga objekt valdes",
  "No Label": "Ingen etikett",
  "No label": "Ingen etikett",
  "No labels defined": "Inga definierade etiketter",
  "No licences available. Functionality will be limited for new users.": "Inga licenser tillgängliga. Funktionerna för nya användare blir begränsade.",
  "No licences found": "Inga licenser hittades",
  "No licences to show": "Inga licenser att visa",
  "No organisations found": "Inga organisationer hittades",
  "No pinned boards": "Inga fästa anslagstavlor",
  "No Pinned Boards found.": "Inga fästa anslagstavlor hittades.",
  "No Recent Boards found.": "Inga senaste anslagstavlor hittades.",
  "No user trials found": "Inga användarprovversioner hittades",
  "No users found": "Inga användare hittades",
  "No users to show": "Inga användare att visa",
  "None": "Inget",
  "North America": "Nordamerika",
  "Not Licensed": "Saknar licens",
  "Not Supported": "Stöds ej",
  "Note that file security is managed by {{provider}}, not by Kudos Boards": "Observera att filsäkerheten hanteras av {{provider}}, inte av Kudos Boards",
  "Nothing to show": "Inget att visa",
  "Number of Attempts": "Antal försök",
  "Number of cards": "Antal kort",
  "Number of Expired Licences": "Antal utgångna licenser",
  "Number of Users": "Antal användare",
  "Number of Valid Licences": "Antal giltiga licenser",
  "oAuth Client ID": "oAuth-klient-ID",
  "OAuth Client ID": "OAuth-klient-ID",
  "OAuth Client Secret": "OAuth-klienthemlighet",
  "oAuth Client Secret": "oAuth-klienthemlighet",
  "ok": "ok",
  "OK": "OK",
  "Only Entries": "Endast poster",
  "Only the members of this board will be able to see and access this board.": "Endast personer som är medlemmar på denna anslagstavla kan se och har åtkomst till den.",
  "Only Todos": "Endast Att göra-uppgifter",
  "Open": "Öppna",
  "Open Board Options": "Öppna anslagstavelalternativ",
  "Open Boards in:": "Öppna anslagstavlor i:",
  "Open in Boards": "Öppna i Boards",
  "Open Licence": "Öppna licens",
  "Open this board": "Öppna den här anslagstavlan",
  "Opt in below to receive tips and tricks from the Kudos Boards team to make the most of your premium preview.": "Registrera dig nedan för att få tips från Kudos Boards-teamet om hur du får ut det mesta av din premiumförhandsversion.",
  "Order": "Ordning",
  "Order Summary": "Beställningssammanfattning",
  "Order via ISW Partner": "Beställ via ISW-partner",
  "Org Administration": "Organisationsadministration",
  "Organisation": "Organisation",
  "Organisation Name": "Organisationsnamn",
  "Organisations": "Organisationer",
  "Organise any project productively using the classic Todo, Doing, Done methodology": "Organisera projekt på ett produktivt sätt med den klassiska metoden Att göra, Gör, Klart",
  "Our Terms & Conditions have changed": "Våra villkor har ändrats",
  "Overdue": "Försenad",
  "owner": "ägare",
  "Owner": "Ägare",
  "Owners": "Ägare",
  "Page Not Found": "Det gick inte att hitta sidan",
  "Paid": "Betalad",
  "Paste link or drop file to upload": "Klistra in länk eller släpp fil för att ladda upp",
  "Payment Method": "Betalningsmetod",
  "Period": "Punkt",
  "Person": "Person",
  "Pin Board": "Fäst anslagstavla",
  "Pinned": "Favorit",
  "Pinned Boards": "Fästa anslagstavlor",
  "Pinned boards": "Fästa anslagstavlor",
  "Plan and collaborate on tasks on a weekly basis": "Planera och samarbeta om uppgifter på veckobasis",
  "Please approve the Kudos Boards app to allow it to be added as a tab.": "Godkänn Kudos Boards-appen för att tillåta att den läggs till som en flik.",
  "Please approve the Kudos Boards app to use advanced features.": "Godkänn Kudos Boards-appen för att använda avancerade funktioner.",
  "Please contact your Administrator": "Kontakta administratören",
  "Please contact your IBM Connections Admin to purchase a licence.": "Kontakta IBM Connections-administratören för att köpa en licens.",
  "Please ensure you login with the same Office 365 user account as you are using in Microsoft Teams": "Se till att du loggar in med samma Office 365-användarkonto som du använder i Microsoft Teams",
  "Please enter a board name": "Ange ett anslagstavelnamn",
  "Please enter a valid email address": "Ange en giltig e-postadress",
  "Please enter a valid URL": "Du måste ange en giltig URL-adress",
  "Please enter the number of users in your Connections Cloud Organisation": "Ange antalet användare i din Connections Cloud-organisation",
  "Please enter the number of users you wish to name under this licence": "Ange antalet användare du vill namnge för den här licensen",
  "Please read our Terms & Conditions": "Läs våra villkor",
  "Please reload the page and try again, if this issue persists please let us know": "Läs in sidan igen och försök på nytt. Ta kontakt med oss om problemet kvarstår",
  "Please review your licences here": "Granska licenser här",
  "Please see the <a href='{{url}}'>new board</a>": "Se den <a href='{{url}}'>nya anslagstavlan</a>",
  "Please sign in": "Logga in",
  "Please start a trial to use Boards in your {{provider}} organisation": "Starta en provperiod för att använda Boards i din {{provider}}-organisation",
  "Position": "Position",
  "Post": "Skicka in",
  "Premium": "Premium",
  "Premium Preview Status": "Status för premiumförhandsversion",
  "Preview": "Förhandsgranskning",
  "Preview available": "Förhandsgranskning tillgänglig",
  "Previous": "Föregående",
  "Pricing": "Prissättning",
  "primary": "primärt",
  "Primary": "Primärt",
  "Print": "Skriv ut",
  "Private (me only)": "Privat (bara jag)",
  "Product Information": "Produktinformation",
  "Product Version": "Produktversion",
  "Provider": "Leverantör",
  "Provider not supported": "Leverantör stöds ej",
  "Public": "Gemensam",
  "Public Access": "Gemensam åtkomst",
  "Public Activities": "Gemensamma aktiviteter",
  "Public Boards": "Offentliga anslagstavlor",
  "Public Templates": "Gemensamma mallar",
  "Quarterly": "Varje kvartal",
  "Questions": "Frågor",
  "Quick Edit": "Snabbredigering",
  "Radial": "Radiell",
  "RE-CENTER": "OMCENTRERA",
  "Reactivate Licence": "Återaktivera licens",
  "reader": "läsare",
  "Reader": "Läsare",
  "Recent": "Senaste",
  "Recent boards": "Senaste anslagstavlor",
  "Recent Boards": "Senaste anslagstavlor",
  "Recurring Amount Due: {{recurring}}": "Återkommande belopp att betala: {{recurring}}",
  "Redeeming Invitation...": "Löser in inbjudan ...",
  "Redirecting to Connections Cloud...": "Omdirigerar till Connections Cloud ...",
  "Redirecting to Watson Workspace...": "Omdirigerar till Watson Workspace ...",
  "Refresh": "Uppdatera",
  "Region": "Region",
  "Reload": "Läs in igen",
  "Remaining ({{num}})": "Kvarvarande ({{num}})",
  "Remove Admin": "Ta bort administratör",
  "Remove Client": "Ta bort klient",
  "Remove Invite": "Ta bort inbjudan",
  "Remove Licence": "Ta bort licens",
  "Replace": "Ersätt",
  "Resend Invite": "Skicka inbjudan igen",
  "Reset": "Återställ",
  "Restore": "Återställ",
  "Restore Card": "Återställ kort",
  "Restore items": "Återställ objekt",
  "Restore List": "Återställ lista",
  "Restore mode": "Återställ läge",
  "Reverse": "Ångra",
  "Revoke All": "Återkalla alla",
  "Revoke Licence": "Återkalla licens",
  "Role": "Roll",
  "Roles": "Roller",
  "Rows": "Rader",
  "Sales": "Försäljning",
  "Save": "Spara",
  "Save card for future purchases": "Spara kort för framtida köp",
  "Save Changes": "Spara ändringarna",
  "Save link": "Spara länk",
  "Scroll To": "Bläddra till",
  "Search": "Sök",
  "Search All Templates": "Sök i alla mallar",
  "Search this view": "Sök i den här vyn",
  "Search...": "Sök ...",
  "Select a Board": "Välj en anslagstavla",
  "Select board": "Välj anslagstavla",
  "Select Board": "Välj anslagstavla",
  "Select Board Label": "Välj anslagstaveletikett",
  "Select Card Colours": "Välj kortfärger",
  "Select Colour": "Välj färg",
  "Select Colours": "Välj färger",
  "Select Destination Board": "Välj målanslagstavla",
  "Select destination folder": "Välj en målmapp",
  "Select File": "Välj fil",
  "Select Folder": "Välj mapp",
  "Select items for delete": "Välj objekt att ta bort",
  "Select items for restore": "Välj objekt att återställa",
  "Select List or Card": "Välj lista eller kort",
  "Select the boards below that you would like to transfer membership over to your primary ({{toName}}) account": "Välj de anslagstavlor nedan som du vill överföra medlemskap till från ditt primära ({{toName}})-konto",
  "Selected Activity": "Vald aktivitet",
  "Send an email notifying each member that the Activity has been migrated to a Board.": "Skicka en e-postavisering till varje medlem om att aktiviteten har migrerats till en anslagstavla.",
  "Send Invitation": "Sänd inbjudan",
  "Send Notification Email to Members": "Skicka e-postavisering till medlemmar",
  "Sending invitations": "Skickar inbjudningar",
  "Set as primary account": "Ange som primärt konto",
  "Set Dates": "Ange datum",
  "Set enter key press action to create a task when creating new cards in a list.": "Ange åtgärd vid Retur-knapptryck för att skapa en uppgift när nya kort skapas i en lista.",
  "Setup Subscription": "Konfigurera prenumeration",
  "Share with": "Dela med",
  "Shared by me": "Delas av mig",
  "Shared with me": "Delas med mig",
  "Show": "Visa",
  "Show all ancestors": "Visa alla överordnade element",
  "Show all boards for this team": "Visa alla anslagstavlor för det här teamet",
  "Show Board Menu": "Visa anslagstavelmeny",
  "Show Filter Options": "Visa filteralternativ",
  "Show Less": "Visa mindre",
  "Show Licences for your organisation": "Visa licenser för din organisation",
  "Show More": "Visa mer",
  "Show on Card": "Visa på kort",
  "Show previous comments": "Visa tidigare kommentarer",
  "Show previous links & attachments": "Visa föregående länkar och bilagor",
  "Show Sub-cards": "Visa underkort",
  "Sign In": "Logga in",
  "Sign in with": "Logga in med",
  "SIGN IN WITH:": "LOGGA IN MED:",
  "Sign Out": "Logga ut",
  "Sign Out of Kudos Boards": "Logga ut från Kudos Boards",
  "Signing in...": "Loggar in ...",
  "Signing out...": "Loggar ut ...",
  "Smartcloud": "Smartcloud",
  "Something went wrong.": "Det uppstod ett fel.",
  "Source Board/Template": "Källanslagstavla/mall",
  "Source Template": "Källmall",
  "Specific Board": "Specifik anslagstavla",
  "Start a Trial": "Starta en provperiod",
  "Start a trial or purchase a subscription to start creating boards": "Starta en provperiod eller köp en prenumeration för att börja skapa anslagstavlor",
  "Start Boards Premium Preview": "Starta premiumförhandsversion av Boards",
  "Start Date": "Startdatum",
  "Start Free Trial": "Starta kostnadsfri provperiod",
  "Start my trial": "Starta min provperiod",
  "Start Now": "Starta nu",
  "Start page updated": "Startsida uppdaterad",
  "Start Page:": "Startsida:",
  "Starting Balance": "Startsaldo",
  "Starting View": "Startvy",
  "Status": "Status",
  "Step": "Steg",
  "Sub Cards": "Underkort",
  "Sub Tasks": "Underuppgifter",
  "Submit": "Skicka in",
  "Subscription": "Prenumeration",
  "Subscription expired.": "Prenumeration utgången.",
  "Subtotal": "Delsumma",
  "Summary": "Sammanfattning",
  "Support for browsers is currently limited.  This browser is not yet supported. <br>Please use one of the following browsers:": "För tillfället är webbläsarstödet begränsat. Den här webbläsaren stöds inte än. <br>Använd en av följande webbläsare:",
  "Tab Content": "Flikinnehåll",
  "Tab Name": "Fliknamn",
  "Tags": "Taggar",
  "Tags (optional)": "Taggar (valfritt)",
  "Take away meaningful and collaborative notes from any meeting!": "Ta bort betydelsefulla och samordnade anteckningar från alla möten!",
  "Task": "Uppgift",
  "Team Boards": "Teamanslagstavlor",
  "Team Name": "Teamnamn",
  "Team Name is used as a method to log in to certain authentication providers. e.g. Auth0": "Teamnamn används som en metod för att logga in hos vissa autentiseringsleverantörer, t.ex. Auth0",
  "Template": "-mall",
  "Templates": "Mallar",
  "Templates tagged with": "Mallar taggade med",
  "Text": "Text",
  "Text Mode": "Textläge",
  "That can't be pasted there.": "Det kan inte klistras in här.",
  "The board has been deleted": "Anslagstavlan har tagits bort",
  "The files below cannot be uploaded to Kudos Boards as they are larger than the limit of {{limit}}": "Filerna nedan kan inte laddas upp till Kudos Boards eftersom de är större än gränsen på {{limit}}",
  "The following links have already been added to this card:": "Följande länkar har redan lagts till för detta kort:",
  "The invite was resent to": "Inbjudan skickades på nytt till",
  "The selected board(s) were successfully transferred": "De valda anslagstavlorna har överförts",
  "The selected items have been deleted": "De valda objekten har tagits bort",
  "The selected items have been restored": "De valda objekten har återställts",
  "There was an error when uploading the file. Server response: ": "Ett fel uppstod när filen skulle laddas upp. Serversvar: ",
  "This Activity has been migrated to Kudos Boards": "Den här aktiviteten har migrerats till Kudos Boards",
  "This billing cycle affords a {{discount}}% discount": "Den här faktureringscykeln ger dig en rabatt på {{discount}} %",
  "This Board": "Den här anslagstavlan",
  "This Board is available with AUTHOR access to everyone across all organisations.": "Den här anslagstavlan är tillgänglig med FÖRFATTAR-åtkomst för alla i alla organisationer.",
  "This Board is available with EDITOR access to everyone across all organisations.": "Den här anslagstavlan är tillgänglig med REDIGERAR-åtkomst för alla i alla organisationer.",
  "This Board is in one or more Groups": "Den här anslagstavlan finns i en eller flera grupper",
  "This Board is read-only to everyone across all organisations.": "Den här anslagstavlan är skrivskyddad för alla i alla organisationer.",
  "This Board will be visible to everyone in your organisation. <br>Non-members can create new content and edit their own content.": "Den här anslagstavlan kommer vara synlig för alla i din organisation. <br>Icke-medlemmar kan skapa nytt innehåll och redigera sitt eget innehåll.",
  "This Board will be visible to everyone in your organisation. <br>Non-members can only view the board's contents.": "Den här anslagstavlan kommer vara synlig för alla i din organisation. <br>Icke-medlemmar kan bara visa anslagstavlans innehåll.",
  "This Board will be visible to everyone in your organisation. <br>Please note: This access level allows non-members to edit <b>all</b> board content.": "Den här anslagstavlan kommer vara synlig för alla i din organisation. <br>Observera: den här åtkomstnivån gör att icke-medlemmar kan redigera <b>allt</b> innehåll på anslagstavlan.",
  "This card will be restored with its parent": "Det här kortet återställs med sin överordnade",
  "This Community": "Den här gemenskapen",
  "This feature is coming soon!": "Den här funktionen kommer snart!",
  "This feature is currently not supported by the IBM Connections Cloud API": "För närvarande stöds inte den här versionen av IBM Connections moln-API",
  "This field is required": "Det här fältet är obligatoriskt",
  "This invoice has been closed. Payment will not be automatically attempted again. Contact support for more information": "Den här fakturan har stängts. Nytt betalningsförsök kommer inte att ske automatiskt. Kontakta supporten för mer information",
  "This is a Free trial of Kudos Boards and will expire in {{numDays}} day(s).": "Det här är en kostnadsfri provversion av Kudos Boards som går ut om {{numDays}} dag/dagar.",
  "This is a read-only preview of this Activity. Import to Boards for full functionality": "Det här är den skrivskyddade förhandsgranskningen av den här aktiviteten. Importera till Boards för att få tillgång till alla funktioner.",
  "This licence grants access to a set number of users as they use the app. You may view the user-licences already assigned.": "Den här licensen ger åtkomst till appen för ett bestämt antal användare. Du kan visa de användarlicenser som redan tilldelats.",
  "This licence has been cancelled.": "Den här licensen har annullerats.",
  "This licence only grants access to a selected group of named users. Access will not be granted to users not named by the Org Admins. You can view and edit the named users from the Admin settings.": "Den här licensen ger endast åtkomst för en utvald grupp av namngivna användare. Åtkomst ges inte till användare som inte namngivits av organisationsadministratörerna. Du kan visa och redigera de namngivna användarna i administratörsinställningarna.",
  "This option is only available when paying by credit card": "Det här alternativet är endast tillgängligt vid betalning med kreditkort",
  "This option is only editable if paying by credit card": "Det här alternativet kan endast redigeras vid betalning med kreditkort",
  "This team account is already linked": "Det här teamkontot har redan länkats",
  "This will go to your provider for an administrator to approve access to Kudos Boards": "Det här skickas till din leverantör så att en administratör kan godkänna åtkomst till Kudos Boards",
  "This will permanently delete the board and all its data, are you sure?": "Anslagstavlan och allt dess innehåll kommer att tas bort permanent, vill du fortsätta?",
  "This will remove this data permanently from the board, are you sure?": "Dessa data kommer att tas bort permanent från anslagstavlan, vill du fortsätta?",
  "Thursday": "torsdag",
  "Tile Colours": "Rutfärger",
  "Timeline": "Tidslinje",
  "Timeline View": "Tidslinjevy",
  "Title": "Namn",
  "to go to Connections Cloud, then access Kudos Boards via the link in the 'Apps' menu.": "för att gå till Connections Cloud, öppna sedan Kudos Boards via länken på menyn Appar.",
  "To interact with this card the parent will need to be restored": "Den överordnade måste återställas för att du ska kunna använda det här kortet",
  "To unselect this card you will need to unselect its parent": "Du måste avmarkera den överordnade för att kunna avmarkera det här kortet",
  "to view this content": "för att visa det här innehållet",
  "Today": "I dag",
  "Todo": "Att göra-uppgift",
  "Todos": "Att göra-uppgifter",
  "Todos by Date": "Att göra-uppgifter efter datum",
  "Todos by Due Date": "Att göra-uppgifter efter slutdatum",
  "Toggle Completion": "Växla slutförande",
  "Toggle Editor": "Växla redigerare",
  "Toggle Sidebar": "Växla sidofält",
  "Tomorrow": "I morgon",
  "Total": "Totalt",
  "Transfer Board Membership": "Överför medlemskap för anslagstavla",
  "Transfer Membership": "Överför medlemskap",
  "TRIAL": "PROVVERSION",
  "Trial": "Provversion",
  "Trial End Date: {{trialEnd}}": "Slutdatum för provversion: {{trialEnd}}",
  "Trial expired": "Provversion har gått ut",
  "Trial expired.": "Provversion har gått ut.",
  "Trial extended {{extensions}} time(s)": "Provversion förlängd {{extensions}} gång/gånger",
  "Try again": "Försök igen",
  "Tuesday": "tisdag",
  "Type": "Typ",
  "Type to filter archive": "Skriv för att filtrera arkiv",
  "Type to filter list": "Skriv för att filtrera lista",
  "Type to filter members": "Skriv för att filtrera medlemmar",
  "Type to search": "Skriv för att söka",
  "Unassigned": "Ej tilldelad",
  "Undo": "Ångra",
  "UNDO": "ÅNGRA",
  "Unit price: {{unitPrice}} per user": "Enhetspris: {{unitPrice}} per användare",
  "Unknown Connections Cloud organisation. Redirecting...": "Okänd Connections Cloud-organisation. Omdirigerar ...",
  "Unknown Team": "Okänt team",
  "Unlimited": "Obegränsat",
  "Unlink account": "Ta bort kontolänk",
  "Unlink Board": "Ta bort anslagstavellänk",
  "Unlink {{fromName}} Account": "Ta bort {{fromName}}-kontolänk",
  "Unlock Kudos Boards Premium Preview": "Lås upp premiumförhandsversion av Kudos Boards",
  "Unpaid": "Obetald",
  "Unpin Board": "Ta bort fäst anslagstavla",
  "Unscheduled cards": "Ej schemalagda kort",
  "Update": "Uppdatera",
  "Updated": "Uppdaterat",
  "Updated Since Last Accessed": "Uppdaterad sedan senaste användning",
  "Updated {{ date }}": "Uppdaterades {{ date }}",
  "Updating...": "Uppdaterar ...",
  "Upload": "Ladda upp",
  "Upload file from computer": "Ladda upp fil från datorn",
  "Upload to Kudos Boards": "Ladda upp till Kudos Boards",
  "Upload Users": "Ladda upp användare",
  "Upload Users from CSV": "Ladda upp användare från CSV",
  "uploaded successfully": "laddades upp",
  "Uploading file:": "Laddar upp fil:",
  "URL": "URL-adress",
  "URL of Connections header frame (optional)": "URL för Connections-sidhuvudram (valfri)",
  "Use another file service": "Använd en annan filtjänst",
  "Use current account": "Använd aktuellt konto",
  "Use Email": "Använd e-post",
  "Use the Kudos Boards File Attachment Service for attaching files to cards": "Använd Kudos Boards-tjänsten för filbilagor för att fästa filer på kort",
  "Use {{provider}} instead": "Använd {{provider}} istället",
  "Used": "Använd",
  "User": "Användare",
  "User Emails": "Användares e-postadresser",
  "User ExternalID": "Externt användar-ID",
  "User Licences": "Användarlicenser",
  "User Options": "Användaralternativ",
  "User Trials": "Användarprovversioner",
  "User upload success!": "Användare uppladdad!",
  "Username": "Användarnamn",
  "Users": "Användare",
  "Users may need to be added to the destination board to maintain access to their assigned todos.": "Användare kan behöva läggas till för målanslagstavlan för att de ska behålla åtkomst till sina tilldelade Att göra-uppgifter.",
  "Users: {{num}}": "Användare: {{num}}",
  "Vertical": "Vertikal",
  "View": "Visa",
  "View and Accept ↗": "Visa och acceptera ↗",
  "View Details": "Visa detaljer",
  "View licences": "Visa licenser",
  "View subscriptions": "Visa prenumerationer",
  "View Subscriptions": "Visa prenumerationer",
  "Want to know more?": "Vill du veta mer?",
  "Warning: you are not authorised to add members in this board": "Varning: du saknar behörighet för att lägga till medlemmar på den här anslagstavlan",
  "We found one board linked your {{fromName}} user account. Once you unlink the account you may no longer have access to this board.": "Vi hittade en anslagstavla länkad till ditt {{fromName}}-användarkonto. När du tar bort kontolänken kan det hända att du förlorar åtkomsten till denna anslagstavla.",
  "We found {{count}} boards linked to your {{fromName}} user account. Once you unlink the account you may no longer have access to these boards.": "Vi hittade {{count}} anslagstavlor länkade till ditt {{fromName}}-användarkonto. När du tar bort kontolänken kan det hända att du förlorar åtkomsten till dessa anslagstavlor.",
  "We recommended you change the widget title from the actions menu above": "Vi rekommenderar att du ändrar widgettiteln via åtgärdsmenyn ovan",
  "Wednesday": "onsdag",
  "Weekdays": "Veckodagar",
  "Welcome": "Välkommen!",
  "Welcome to Kudos Boards": "Välkommen till Kudos Boards",
  "When you unlock Kudos Boards Premium View, your current Activities will immediately be available in Board, Timeline and MindMap view.": "När du låser upp premiumvyn av Kudos Boards kommer dina aktuella aktiviteter direkt att vara tillgängliga i anslagstavel-, tidslinje- och tankekartsvyerna.",
  "Widget Settings": "Widgetinställningar",
  "yearly": "varje år",
  "Yearly": "Varje år",
  "Yes": "Ja",
  "Yes Please": "Ja tack",
  "You are in DELETE mode, select items to delete": "Du är i BORTTAGNINGS-läge, välj objekt som ska tas bort",
  "You are in restore mode, select items to restore": "Du är i återställningsläge, välj de objekt som ska återställas",
  "You are not a direct member of this board. Please consider leaving any Groups that may be members of this board.": "Du är inte direktmedlem på den här anslagstavlan. Överväg att lämna alla grupper som kan vara medlemmar på den här anslagstavlan.",
  "You are not allowed to leave this Board. Please consider archiving board.": "Du saknar behörighet för att lämna den här anslagstavlan. Överväg att arkivera anslagstavlan.",
  "You are not authorised to access this resource": "Du har inte behörighet att få åtkomst till den här resursen",
  "You are not licensed to access this resource.": "Du har inte en licens att få åtkomst till den här resursen.",
  "You are the only owner of this board. Please consider adding other owners or archiving this board instead.": "Du är den enda ägaren av den här anslagstavlan. Överväg att lägga till fler användare eller arkivera den här anslagstavlan istället.",
  "You can enhance your workflow by unlocking Kudos Boards Premium Preview. In addition to your Activities view, you’ll also be able to work in the Boards, Timeline and Mind Map views!": "Du kan förbättra arbetsflödet ytterligare genom att låste upp premiumvyn för Kudos Boards. Förutom den vanliga aktivitetsvyn kan du då även arbeta i anslagstavel-, tidslinje- och tankekartsvyerna!",
  "You have READ ONLY access to this Board": "Du har SKRIVSKYDDAD åtkomst till den här anslagstavlan",
  "You have {{remaining}} day(s) remaining in your premium preview.": "Du har {{remaining}} dag/dagar kvar av din premiumförhandsversion.",
  "Your account's email address and other admin emails for your org ({{emails}}) are already included": "E-postadressen för ditt konto och andra administratörs-e-postadresser för din organisation ({{emails}}) är redan inkluderade",
  "Your api key for kudos boards is shown below": "API-nyckel för Kudos Boards visas nedan",
  "Your changes have been saved": "Dina ändringar har sparats",
  "Your initial premium preview with {{orgName}} has expired. Click extend if you would like to continue access for an additional 30 days": "Den initiala premiumförhandsversionen för {{orgName}} har gått ut. Klicka på förläng om du vill ha fortsatt åtkomst under ytterligare 30 dagar",
  "Your premium preview expires today.": "Din premiumförhandsversion går ut idag.",
  "Your premium preview has expired, Let your administrator know you'd like to continue using Kudos Boards Premium view.": "Din premiumförhandsversion har gått ut. Låt administratören veta att du vill fortsätta att använda premiumvyn av Kudos Boards.",
  "Your session with {{provider}} has expired. Redirecting...": "Din session med {{provider}} har gått ut. Omdirigerar ...",
  "Your session with {{provider}} has expired. Some functionality (ie notifications, groups, files) will be restricted until you login again.": "Din session med {{provider}} har gått ut. Vissa funktioner (t.ex. aviseringar, grupper, filter) kommer att begränsas tills du loggar in igen.",
  "{{count}} more card(s) this way": "{{count}} fler kort här",
  "{{num}} users": "{{num}} användare",
  "{{quantity}} x subscriptions to '{{plan.name}}' ({{planPrice}} / {{plan.interval}})": "{{quantity}} x prenumerationer på {{plan.name}} ({{planPrice}}/{{plan.interval}})",
  "{{remaining}} days of trial remaining": "{{remaining}} dagar kvar av provperiod",
  "{{remaining}} days remaining in your premium preview.": "{{remaining}} dagar kvar av din premiumförhandsverison.",
  "{{userTrialCount}} user(s) have started a trial of Kudos Boards Premium": "{{userTrialCount}} användare har startat en provperiod för Kudos Boards Premium"
}