{
  "": "",
  "'{{userName}}' will not be able to view the message because they cannot access this Board": "'{{userName}}' จะไม่สามารถดูข้อความได้เพราะเข้าถึงบอร์ดนี้ไม่ได้",
  "(Copy Of) ": "(สำเนาของ) ",
  "A problem occurred when creating invite": "เกิดปัญหาขณะสร้างการเชิญ",
  "A problem occurred when deleting node": "เกิดปัญหาขณะลบโหนด",
  "A problem occurred when getting a node": "เกิดปัญหาขึ้นขณะเรียกใช้โหนด",
  "A problem occurred when redeeming invite": "เกิดปัญหาขึ้นขณะแลกการเชิญ",
  "A problem occurred when removing invite": "เกิดปัญหาขึ้นขณะนำการเชิญออก",
  "A problem occurred when removing member": "เกิดปัญหาขึ้นขณะนำสมาชิกออก",
  "A problem occurred when saving invite": "เกิดปัญหาขึ้นขณะบันทึกการเชิญ",
  "A problem occurred when saving member": "เกิดปัญหาขึ้นขณะบันทึกสมาชิก",
  "A problem occurred when saving node": "เกิดปัญหาขึ้นขณะบันทึกโหนด",
  "A problem occurred when updating invite": "เกิดปัญหาขึ้นขณะอัพเดตการเชิญ",
  "A user with that email address already exists": "มีผู้ใช้ที่มีอีเมลแอดเดรสเดียวกันอยู่แล้ว",
  "A user with that email address already exists as a member of this board": "มีผู้ใช้ที่ใช้อีเมลดังกล่าวอยู่แล้วในฐานะสมาชิกของบอร์ดนี้",
  "Accessed in the Last Month": "เข้าถึงเมื่อเดือนที่แล้ว",
  "Accessed since": "เข้าถึงตั้งแต่",
  "Account Balance: {{credit}}": "ยอดคงเหลือบัญชี: {{credit}}",
  "Account Unlinked": "เลิกลิงก์แอคเคาต์แล้ว",
  "Actions": "แอ็คชัน",
  "Active": "Active",
  "Active Boards": "บอร์ดที่แอ็คทีฟ",
  "Active Workspace Meetings": "การประชุมในเวิร์กสเปซที่แอ็คทีฟ",
  "Activity": "กิจกรรม",
  "Activity data is loading...": "กำลังโหลดข้อมูลกิจกรรม...",
  "Activity Migration": "การโอนย้ายกิจกรรม",
  "Activity Name": "ชื่อกิจกรรม",
  "Add": "เพิ่ม",
  "Add a Card": "เพิ่มบัตร",
  "Add a Comment": "เพิ่มข้อคิดเห็น",
  "Add a Description": "เพิ่มคำอธิบาย",
  "Add a List": "เพิ่มรายการ",
  "Add a list": "เพิ่มรายการ",
  "Add a Tag": "เพิ่มแท็ก",
  "Add an attachment or link": "เพิ่มไฟล์แนบหรือลิงก์",
  "Add another": "เพิ่มสิ่งอื่น",
  "Add Attachment": "เพิ่มสิ่งที่แนบ",
  "Add Bookmark": "เพิ่มบุ๊กมาร์ก",
  "Add Client": "เพิ่มไคลเอ็นต์",
  "Add Custom Field": "เพิ่มฟิลด์กำหนดเอง",
  "Add file": "เพิ่มไฟล์",
  "Add individuals or groups as members, or invite by email": "เพิ่มคนหรือกลุ่มเป็นสมาชิก หรือเชิญผ่านอีเมล",
  "Add Label": "เพิ่มเลเบล",
  "Add label '{{filter}}'": "เพิ่มเลเบล '{{filter}}'",
  "Add Licence": "เพิ่มไลเซนส์",
  "Add Member": "เพิ่มสมาชิก",
  "Add members": "เพิ่มสมาชิก",
  "Add Organisation": "เพิ่มองค์กร",
  "Add people to your board or invite by email": "เพิ่มคนลงในบอร์ดหรือเชิญผ่านอีเมล",
  "Add User": "เพิ่มผู้ใช้",
  "Admin approval failed": "การอนุมัติของผู้ดูแลระบบล้มเหลว",
  "Admin Users": "ผู้ใช้ที่ดูแลระบบ",
  "Administrator approval required.": "ต้องได้รับอนุมัติโดยผู้ดูแลระบบ",
  "Administrators": "ผู้ดูแลระบบ",
  "Advanced": "ขั้นสูง",
  "Agenda": "กำหนดการ",
  "All": "ทั้งหมด",
  "All Activities": "กิจกรรมทั้งหมด",
  "All Boards": "บอร์ดทั้งหมด",
  "All cards are scheduled.": "กำหนดเวลาบัตรทั้งหมดแล้ว",
  "All Templates": "เท็มเพลตทั้งหมด",
  "Allow Invite by Email": "อนุญาตให้เชิญผ่านอีเมล",
  "Already linked": "ลิงก์แล้ว",
  "Amount": "จำนวน",
  "Amount Due": "จำนวนตามกำหนด",
  "Amount Due Now: {{due}}": "จำนวนตามกำหนดตอนนี้: {{due}}",
  "Amount Paid": "จำนวนที่ชำระ",
  "An account of this type already linked": "ลิงก์แอคเคาต์ประเภทนี้แล้ว",
  "An invitation for the specified email address already exists on this board": "มีการเชิญสำหรับอีเมลที่ระบุอยู่ในบอร์ดนี้แล้ว",
  "and is already a member of this board": "และเป็นสมาชิกของบอร์ดนี้แล้ว",
  "Apply Template": "ใช้เท็มเพลต",
  "Approve": "อนุมัติ",
  "Approve Advanced Features": "อนุมัติคุณลักษณะขั้นสูง",
  "Archive": "Archive",
  "Archive Card": "เก็บบัตรถาวร",
  "Archive Cards in List": "เก็บบัตรในรายการ",
  "Archive List": "เก็บรายการ",
  "Archived": "ถูกเก็บถาวร",
  "Archived Boards": "บอร์ดที่เก็บ",
  "Archived Templates": "เท็มเพลตที่เก็บ",
  "Are you sure you want to cancel this licence? This will take effect at the end of the current period.": "คุณแน่ใจหรือไม่ว่าต้องการลบไลเซนส์นี้ การลบจะมีผลเมื่อสิ้นสุดช่วงเวลาปัจจุบันแล้ว",
  "Are you sure you want to delete this licence? CAUTION: This will delete any associated credit card information": "คุณแน่ใจหรือไม่ว่าต้องการลบไลเซนส์นี้ คำเตือน: เมื่อลบแล้วข้อมูลบัตรเครดิตใด ๆ ที่เชื่อมโยงอยู่จะสูญหาย",
  "Are you sure you want to reactivate this licence?": "คุณแน่ใจหรือไม่ว่าต้องการลบไลเซนส์นี้",
  "Are you sure you want to unlink your {{provider}} account?": "คุณแน่ใจหรือไม่ว่าต้องการยกเลิกการลิงก์แอคเคาต์ {{provider}} ของคุณ",
  "Are you sure you wish to leave '{{boardName}}'? This action cannot be undone by you.": "คุณแน่ใจหรือไม่ว่าต้องการออกจาก '{{boardName}}' คุณไม่สามารถคืนค่าการกระทำนี้ได้",
  "Are you sure?": "คุณแน่ใจหรือไม่",
  "Are You Sure?": "คุณแน่ใจหรือ?",
  "Are you sure? This will reinstate the previous billing schedule": "แน่ใจหรือไม่ เมื่อทำเช่นนี้แล้วตารางเวลาการเรียกเก็บเงินก่อนหน้านี้จะเปลี่ยนสถานะกลับคืน",
  "Are you sure? This will take effect at the end of the current billing cycle": "แน่ใจหรือไม่ การทำเช่นนี้จะมีผลเมื่อสิ้นสุดการเรียกเก็บเงินรอบปัจจุบัน",
  "Asia Pacific": "เอเชียแปซิฟิก",
  "Assign Users": "กำหนดผู้ใช้",
  "Assigned": "กำหนด",
  "Assigned to": "มอบหมายให้กับ",
  "Assigned To Me": "รายการที่มอบหมายให้ฉัน",
  "Assigned Users that will be added to the Destination Board": "ผู้ใช้ที่ได้รับมอบหมายที่จะเพิ่มลงในบอร์ดปลายทาง",
  "Assignees": "ผู้รับมอบหมาย",
  "Assignments": "การมอบหมาย",
  "Attach": "แนบ",
  "Attachments": "สิ่งที่แนบ",
  "Auth0 url": "url Auth0",
  "Authentication Clients": "ไคลเอ็นต์การยืนยันตัวตน",
  "Author": "ผู้เขียน",
  "author": "ผู้เขียน",
  "awaiting acceptance": "อยู่ระหว่างรอการยอมรับ",
  "Back": "ย้อนกลับ",
  "Back to Boards": "กลับไปยังบอร์ด",
  "Back to Colour Selection": "กลับไปยังการเลือกสี",
  "Bad Request": "การร้องขอที่ไม่ถูกต้อง",
  "Best viewed in fullscreen": "แนะนำให้ดูแบบเต็มหน้าจอ",
  "Billing Cycle": "รอบการเรียกเก็บเงิน",
  "Billing period: {{interval}}": "ช่วงเวลาการเรียกเก็บเงิน: {{interval}}",
  "Blank": "ว่าง",
  "Board": "บอร์ด",
  "Board Archive": "คลังของบอร์ด",
  "Board Labels": "เลเบลบอร์ด",
  "Board Members": "สมาชิกบอร์ด",
  "Board Name": "ชื่อบอร์ด",
  "Boards": "บอร์ด",
  "Boards linked directly to this user": "บอร์ดที่ลิงก์กับผู้ใช้รายนี้โดยตรง",
  "Boards linked through group membership": "บอร์ดที่ลิงก์ผ่านการเป็นสมาชิกกลุ่ม",
  "Boards premium preview": "การแสดงตัวอย่างแบบพรีเมียมของบอร์ด",
  "Bookmarks": "บุ๊กมาร์ก",
  "Buy Licence": "ซื้อไลเซนส์",
  "Buy Online": "ซื้อออนไลน์",
  "by": "โดย",
  "Cancel": "ยกเลิก",
  "Cancel Licence": "ยกเลิกไลเซนส์",
  "Cancelled": "Cancelled",
  "Cannot Leave Board": "ออกจากบอร์ดไม่ได้",
  "Card Name": "ชื่อบัตร",
  "Card Number": "หมายเลขบัตร",
  "Cards": "บัตร",
  "Central Europe": "ยุโรปกลาง",
  "Choose a board": "เลือกบอร์ด",
  "Choose a Template": "เลือกเท็มเพลต",
  "Classic": "คลาสสิก",
  "Clear Search": "ล้างการค้นหา",
  "Clear Selected": "ล้างข้อมูลที่เลือก",
  "Clear Selected Filters": "ลบตัวกรองที่เลือก",
  "Click for details": "คลิกสำหรับรายละเอียด",
  "Click for more information about approving advanced features": "คลิกเพื่อดูข้อมูลเพิ่มเติมเกี่ยวกับการอนุมัติคุณลักษณะขั้นสูง",
  "Click here": "คลิกที่นี่",
  "Click here for details": "คลิกเพื่อดูรายละเอียด",
  "Click here for details.": "คลิกเพื่อดูรายละเอียด",
  "Click here to buy a licence online or get a quote": "คลิกที่นี่เพื่อซื้อไลเซนส์ออนไลน์หรือรับใบเสนอราคา",
  "Click here to start a 30 day free trial for your organisation. Contact support for trials with more users.": "คลิกที่นี่เพื่อเริ่มทดลองใช้งานฟรี 30 วันสำหรับองค์กรของคุณ ติดต่อฝ่ายสนับสนุนเพื่อทดลองใช้งานกับผู้ใช้จำนวนมากขึ้น",
  "Click to see more details": "คลิกเพื่อดูรายละเอียดเพิ่มเติม",
  "Client": "ไคลเอ็นต์",
  "Clients": "ไคลเอ็นต์",
  "Close": "ปิด",
  "Close Activity After Import": "ปิดกิจกรรมหลังอิมพอร์ต",
  "Close Board Menu": "ปิดเมนูบอร์ด",
  "Close the activity after the import has completed successfully. You can still access it through 'Trash'": "ปิดกิจกรรมหลังจากอิมพอร์ตเสร็จสมบูรณ์แล้ว คุณยังคงเข้าถึงได้ผ่าน 'ถังขยะ'",
  "Closed": "ถูกปิด",
  "Collaborate on projects involving different departments": "ดำเนินโปรเจ็กต์ที่อาศัยความร่วมมือของหลายฝ่าย",
  "Collapse": "ยุบ",
  "Colour": "สี",
  "Colour Labels": "เลเบลสี",
  "Colour-Tags": "แท็กสี",
  "Colours": "สี",
  "Column View": "มุมมองคอลัมน์",
  "Comments": "หมายเหตุ",
  "Community Activities": "กิจกรรมชุมชน",
  "Community Templates": "เท็มเพลตชุมชน",
  "Complete Todos": "ทำ Todos ให้เสร็จสมบูรณ์",
  "Completed": "เสร็จสมบูรณ์",
  "Configuration": "คอนฟิกูเรชัน",
  "Confirm": "ยืนยัน",
  "Confirmation Required": "จำเป็นต้องมีการยืนยัน",
  "Connections Cloud session expired. Click here to validate.": "เซสชัน Connections Cloud หมดเวลาแล้ว คลิกที่นี่เพื่อตรวจสอบความถูกต้อง",
  "Connections On-Premise": "ระบบภายใน Connections",
  "Connections URL": "URL ของ Connections",
  "Contact Email": "อีเมลผู้ติดต่อ",
  "Contact Name": "Contact Name",
  "Contact Support": "การติดต่อฝ่ายสนับสนุน",
  "Contact your System Administrator for more information or email us at": "ติดต่อผู้ดูแลระบบของคุณเพื่อสอบถามข้อมูลเพิ่มเติม หรือส่งอีเมลมาหาเรา",
  "Content": "เนื้อหา",
  "Continue": "ทำต่อ",
  "Continue Without Transferring": "ดำเนินการต่อโดยไม่ถ่ายโอน",
  "Convert into Entry": "แปลงเป็นรายการ",
  "Convert into Todo": "แปลงเป็น Todo",
  "Copy embed code": "คัดลอกโค้ดแบบฝัง",
  "Copy embed code to clipboard": "คัดลอกโค้ดแบบฝังไปยังคลิปบอร์ด",
  "Create": "สร้าง",
  "Create a new board": "สร้างบอร์ดใหม่",
  "Create Board": "สร้างบอร์ด",
  "Create Board from Template": "สร้างบอร์ดจากเท็มเพลต",
  "Create Boards for anything, manage your workflow, and streamline processes with template creation.": "สร้างบอร์ดสำหรับทุกอย่าง ทั้งเพื่อจัดการเวิร์กโฟลว์และทำให้กระบวนการเรียบง่ายขึ้นด้วยการสร้างเท็มเพลต",
  "Create card": "สร้างบัตร",
  "Create Copy": "สร้างสำเนา",
  "Create Link to Board": "สร้างลิงก์ไปยังบอร์ด",
  "Create Template": "สร้างเท็มเพลต",
  "Create Template from Board": "สร้างเท็มเพลตจากบอร์ด",
  "Create your own structure for organising projects, workflows, ideas and more!": "สร้างโครงสร้างของตนเองสำหรับจัดการโปรเจ็กต์ เวิร์กโฟลว์ แนวคิด และอื่น ๆ อีกมากมาย!",
  "Create {{numCards}} cards?": "สร้างบัตร {{numCards}} ใบหรือไม่",
  "Create {{numCards}} lists?": "สร้างรายการ {{numCards}} รายการหรือไม่",
  "Created": "สร้างเมื่อ",
  "Created By Me": "สร้างโดยฉัน",
  "Created {{ date }}": "สร้างเมื่อ {{ date }}",
  "Created: {{date}}": "สร้างเมื่อ {{date}}",
  "Credit Card Ending in {{last4}}": "บัตรเครดิตหมดอายุใน {{last4}}",
  "Current Account:": "แอคเคาต์ปัจจุบัน:",
  "Currently the ability to search for groups in {{provider}} is not available until an administrator grants permissions for your organisation. ": "ตอนนี้ความสามารถในการหากลุ่มใน {{provider}} ยังไม่พร้อมใช้งานจนกว่าผู้ดูแลระบบจะได้รับอนุญาตสำหรับองค์กรของคุณ ",
  "Curve": "เส้นโค้ง",
  "Custom Fields": "ฟิลด์กำหนดเอง",
  "Customer ID": "ID ลูกค้า",
  "CVC": "CVC",
  "Date": "วันที่",
  "Decisions": "การตัดสินใจ",
  "Default templates to exclude": "เท็มเพลตตามค่าเริ่มต้นที่จะแยกออก",
  "Delete": "ลบออก",
  "Delete Board": "ลบบอร์ดออก",
  "Delete Card": "ลบบัตร",
  "Delete Comment": "ลบข้อคิดเห็น",
  "Delete File": "ลบไฟล์",
  "Delete items": "ลบรายการ",
  "Delete Label": "ลบเลเบล",
  "Delete Link": "ลบลิงก์",
  "Delete List": "ลบรายการ",
  "Delete mode": "โหมดลบ",
  "Delete Selected Items": "ลบรายการที่เลือก",
  "Deleted": "ลบเมื่อ",
  "Deleting": "การลบออก",
  "Departments": "แผนก",
  "Description": "รายละเอียด",
  "Description (optional)": "คำอธิบาย (ไม่บังคับ)",
  "Details": "รายละเอียด",
  "Direct Order via ISW": "การสั่งซื้อโดยตรงผ่าน ISW",
  "Discount": "ส่วนลด",
  "Discount Code (optional)": "รหัสส่วนลด (ไม่บังคับ)",
  "Discount: {{discount}}": "Discount: {{discount}}",
  "Display an existing board": "แสดงบอร์ดที่มีอยู่",
  "Documentation": "เอกสารคู่มือ",
  "Doing": "กำลังทำ",
  "Done": "ทำเสร็จแล้ว",
  "Done ({{num}})": "ทำแล้ว ({{num}}) รายการ",
  "Download": "ดาวน์โหลด",
  "Download file": "ดาวน์โหลดไฟล์",
  "Drop file here to save": "วางไฟล์ที่นี่เพื่อบันทึก",
  "Due": "ครบกำหนด",
  "Due Date": "วันที่ครบกำหนด",
  "Due date": "วันครบกำหนด",
  "Earliest Licence Expired on": "ไลเซนส์แรกสุดหมดอายุเมื่อ",
  "Earliest Upcoming Expiry": "วันหมดอายุแรกสุดที่กำลังจะมาถึง",
  "Edit": "แก้ไข",
  "Edit Board Colour Labels": "แก้ไขเลเบลสีของบอร์ด",
  "Edit Client": "แก้ไขขไคลเอนต์",
  "Edit Client Licence": "แก้ไขไลเซนส์ไคลเอ็นต์",
  "Edit Colour Labels": "แก้ไขเลเบลสี",
  "Edit Comment": "แก้ไขข้อคิดเห็น",
  "Edit Description": "แก้ไขคำอธิบาย",
  "Edit Filename": "แก้ไขชื่อไฟล์",
  "Edit Label": "แก้ไขเลเบล",
  "Edit label": "แก้ไขเลเบล",
  "Edit Licence": "แก้ไขไลเซนส์",
  "Edit Link": "แก้ไขลิงก์",
  "Edit name": "แก้ไขชื่อ",
  "Edit Tile Colour Labels": "แก้ไขเลเบลสีของแผ่นปูเรียง",
  "Edit User Licence": "แก้ไขไลเซนส์ผู้ใช้",
  "Edited": "แก้ไขแล้ว",
  "Editor": "เอดิเตอร์",
  "editor": "เอดิเตอร์",
  "Email": "อีเมล",
  "Email Address": "อีเมลแอดเดรส",
  "Email address is required": "ต้องใช้อีเมล",
  "Email addresses to copy invoices to": "อีเมลสำหรับคัดลอกใบแจ้งหนี้ไปวางไว้",
  "Email addresses to copy quote to": "อีเมลสำหรับคัดลอกใบเสนอราคาไปวางไว้",
  "Email Us": "ส่งอีเมลถึงเรา",
  "Embed code copied to clipboard": "คัดลอกโค้ดแบบฝังไปยังคลิปบอร์ดแล้ว",
  "Empty Lists": "รายการว่าง",
  "empty name": "ชื่อว่าง",
  "Enable Boards File Uploads": "เปิดใช้งานการอัพโหลดไฟล์ในบอร์ด",
  "Enabled": "เปิดใช้งาน",
  "End Date": "วันที่สิ้นสุด",
  "Ending Balance": "ยอดยกไป",
  "Enter a title for the link (Optional)": "ป้อนชื่อสำหรับลิงก์ (ไม่บังคับ)",
  "Enter an email address": "ป้อนอีเมลแอดเดรส",
  "Enter Label": "ป้อนเลเบล",
  "Enter label name": "ป้อนชื่อเลเบล",
  "Enter New Name": "ป้อนชื่อใหม่",
  "Enter Text": "ป้อนข้อความ",
  "Entry": "รายการ",
  "Error": "ข้อผิดพลาด",
  "Error creating board": "ข้อผิดพลาดในการสร้างบอร์ด",
  "Error processing quote request. Please email sales@kudosbadges.com": "เกิดข้อผิดพลาดในการประมวลผลคำขอใบเสนอราคา โปรดส่งอีเมลมาที่ sales@kudosbadges.com",
  "Error processing your request": "ข้อผิดพลาดขณะประมวลผลคำขอของคุณ",
  "Error starting trial": "ข้อผิดพลาดในการเริ่มช่วงทดลองใช้",
  "Error uploading file": "ข้อผิดพลาดในการอัพโหลดไฟล์",
  "Error: an unknown error occurred - cannot move": "ข้อผิดพลาด: เกิดข้อผิดพลาดที่ไม่รู้จัก ย้ายไม่ได้",
  "Error: you are not authorised to add content to this board": "ข้อผิดพลาด: คุณไม่ได้รับอนุญาตให้เพิ่มเนื้อหาลงในบอร์ดนี้",
  "Existing Kudos Partner (optional)": "พาร์ตเนอร์ Kudos ที่มีอยู่แล้ว (ไม่บังคับ)",
  "Existing Login Detected": "พบล็อกอินที่มีอยู่แล้ว",
  "Existing Tab": "แท็บที่มีอยู่แล้ว",
  "Expand": "ขยาย",
  "Expand/Collapse": "ขยาย/ยุบ",
  "Expand/Collapse All Lists": "ขยาย/ยุบรายการทั้งหมด",
  "Expired": "หมดอายุ",
  "Expires": "หมดอายุ",
  "Expires: {{date}}": "หมดอายุ: {{date}}",
  "Expires: {{{date}}}": "หมดอายุ: {{{date}}}",
  "Expiry": "การหมดอายุ",
  "Expiry Date": "วันหมดอายุ",
  "Explore the Template Library": "สำรวจไลบรารีเท็มเพลต",
  "Extend": "ขยาย",
  "ExternalId": "ExternalId",
  "Fields": "ฟิลด์",
  "Filter Activities to migrate": "กรองกิจกรรมที่จะโอนย้าย",
  "Finance": "การเงิน",
  "Find a Group": "ค้นหากลุ่ม",
  "Find a User": "ค้นหาผู้ใช้",
  "Finding your Connections Cloud Organisation...": "ค้นหาองค์กร Connections Cloud ของคุณ",
  "Free": "ฟรี",
  "Free Trial": "การทดลองใช้ฟรี",
  "Friday": "วันศุกร์",
  "From Provider": "จากผู้ให้บริการ",
  "Functionality is currently limited.": "ขณะนี้ฟังก์ชันการทำงานถูกจำกัดอยู่",
  "Furthest Upcoming Expiry": "วันหมดอายุสุดท้ายที่กำลังจะมาถึง",
  "Future": "อนาคต",
  "General": "ทั่วไป",
  "Get a Licence Quote": "รับใบเสนอราคาไลเซนส์",
  "Get a Quote": "รับใบเสนอราคา",
  "Give users the ability to invite external users to a Board by email address": "ให้ผู้ใช้สามารถเชิญผู้ใช้ภายนอกมายังบอร์ดผ่านอีเมลได้",
  "Global Access": "การเข้าถึงแบบโกลบอล",
  "Global OAuth": "OAuth แบบโกลบอล",
  "Go to licence": "ไปที่ไลเซนส์",
  "Go to Today": "ไปที่วันนี้",
  "Goals": "เป้าหมาย",
  "Group": "กลุ่ม",
  "Group Boards": "บอร์ดกลุ่ม",
  "Group By": "จัดกลุ่มตาม",
  "Group Owners: Owners of this Board.</br>Group Members: Authors of this Board": "เจ้าของกลุ่ม: ผู้เป็นเจ้าของกลุ่มนี้</br>สมาชิกกลุ่ม: ผู้เขียนบอร์ดนี้",
  "Groups": "กลุ่ม",
  "Help": "วิธีใช้",
  "Hide": "ซ่อน",
  "Hide Completed Todos": "ซ่อน Todos ที่เสร็จสมบูรณ์แล้ว",
  "Hide Dates": "ซ่อนวันที่",
  "Horizontal": "แนวนอน",
  "How would you like to proceed?": "คุณต้องการดำเนินการอย่างไร?",
  "HR": "ช.ม.",
  "I accept the above Terms & Conditions": "ฉันยอมรับข้อตกลงและเงื่อนไขข้างต้น",
  "I accept the terms of service": "ฉันยอมรับเงื่อนไขการให้บริการ",
  "ID": "ID",
  "If this setting is switched off, cards are created as entries on enter press.": "หากปิดการตั้งค่านี้ ระบบจะสร้างบัตรเป็นรายการเมื่อกด enter",
  "Ignore Completed": "ละเว้นเสร็จสมบูรณ์แล้ว",
  "Ignore Deleted": "ลบการละเว้นแล้ว",
  "Ignore Templates": "ละเว้นเท็มเพลต",
  "Import": "อิมพอร์ต",
  "Import an Activity": "อิมพอร์ตกิจกรรม",
  "Import an Activity Template": "อิมพอร์ตเท็มเพลตกิจกรรม",
  "Import from Activities": "อิมพอร์ตจากกิจกรรม",
  "Import From Activities": "อิมพอร์ตจากกิจกรรม",
  "In a Group": "ในกลุ่ม",
  "Include email body in description": "เพิ่มเนื้อหาอีเมลในคำอธิบาย",
  "Inherit": "สืบทอด",
  "Inherit from Group": "สืบทอดจากกลุ่ม",
  "Inherited from Group": "สืบทอดจากกลุ่ม",
  "Integration Env": "สภาพแวดล้อมการผสานการทำงาน",
  "Internal server error": "เซิร์ฟเวอร์ภายในเกิดข้อผิดพลาด",
  "Invitation sent to": "ส่งการเชิญไปยัง",
  "Invite": "เชิญ",
  "Invite by Email": "เชิญผ่านอีเมล",
  "Invite sent on": "ส่งคำเชิญเมื่อ",
  "Invoice": "ใบกำกับสินค้า",
  "Invoice Details": "รายละเอียดของใบแจ้งหนี้",
  "Invoices": "อินวอยซ์",
  "Invoices for": "ใบแจ้งหนี้สำหรับ",
  "Is Enabled": "เปิดใช้อยู่",
  "Is Trial": "เป็นการทดลองใช้",
  "IT": "IT",
  "It is valid until {{expiry}}.": "ใช้ได้จนถึง {{expiry}}",
  "Items": "รายการ",
  "Join Workspace Meetings": "เข้าร่วมการประชุมเวิร์กสเปซ",
  "Kanban": "Kanban",
  "Kanban View": "มุมมอง Kanban",
  "Kudos Boards": "Kudos Boards",
  "Kudos Boards - Terms & Conditions": "Kudos Boards - ข้อตกลงและเงื่อนไข",
  "Kudos Boards API": "API ของ Kudos Boards",
  "Kudos Boards cannot be added as a tab until an administrator approves required functionality": "ไม่สามารถเพิ่ม Kudos Boards เป็นแท็บได้จนกว่าผู้ดูแลระบบจะอนุมัติฟังก์ชันที่จำเป็น",
  "Kudos Boards has been updated in the background. Please reload the app!": "Kudos Boards ได้รับการอัพเดตในพื้นหลัง โปรดโหลดแอ็พพลิเคชันอีกครั้ง!",
  "Kudos Partner Reference Code (optional)": "รหัสอ้างอิงพาร์ตเนอร์ Kudos (ไม่บังคับ)",
  "Kudos Team Name": "ชื่อทีม Kudos",
  "Label deleted": "เลเบลที่ลบทิ้ง",
  "Labels": "เลเบล",
  "Last Accessed": "การเข้าถึงล่าสุด",
  "Last Licence Expired on": "ไลเซนส์สุดท้ายหมดอายุใน",
  "Later This Month": "ปลายเดือนนี้",
  "Later This Week": "ปลายสัปดาห์นี้",
  "Layout": "โครงร่าง",
  "Leave Board": "ออกจากบอร์ด",
  "Licence Assigned": "ไลเซนส์ที่กำหนด",
  "Licence Details": "รายละเอียดไลเซนส์",
  "Licence expired": "ไลเซนส์หมดอายุแล้ว",
  "Licence Type": "ประเภทไลเซนส์",
  "Licences": "ไลเซนส์",
  "Licenses": "ไลเซนส์",
  "Licensing": "การให้ไลเซนส์",
  "Limit": "ขีดจำกัด",
  "Line": "เส้น",
  "Line Items": "รายการในบรรทัด",
  "Lines in file:": "บรรทัดในไฟล์:",
  "Link": "ลิงก์",
  "Link Accounts": "ลิงก์แอคเคาต์",
  "Link another account": "ลิงก์แอคเคาต์อื่น",
  "Link another Kudos Boards account": "ลิงก์แอคเคาต์ Kudos Boards อื่น",
  "Link Exists": "มีลิงก์",
  "Link to Board": "ลิงก์ไปยังบอร์ด",
  "Link to Card, List or Board": "ลิงก์ไปยังบัตร รายการ หรือบอร์ด",
  "Link to File": "ลิงก์ไปยังไฟล์",
  "Link to Folder": "ลิงก์ไปยังโฟลเดอร์",
  "Link {{provider}} with the current account": "ลิงก์ {{provider}} กับแอคเคาต์ปัจจุบัน",
  "Linked Accounts": "แอคเคาต์ที่ลิงก์",
  "Linked Groups": "กลุ่มที่ลิงก์",
  "Links": "ลิงก์",
  "Links & Attachments": "ลิงก์และไฟล์ที่แนบ",
  "List": "รายการ",
  "List all Boards": "สร้างรายการบอร์ดทั้งหมด",
  "List Name": "ชื่อรายการ",
  "List View": "มุมมองรายการ",
  "Lists": "รายการ",
  "Lite": "Lite",
  "Local": "Local",
  "Logging in, please wait...": "กำลังล็อกอิน โปรดรอสักครู่...",
  "Login": "ล็อกอิน",
  "Logout": "ล็อกเอาต์",
  "Look in": "ค้นหาใน",
  "Make the most of your Kudos Boards Premium Preview": "ใช้ประโยชน์จากการแสดงตัวอย่าง Kudos Boards ระดับพรีเมียมอย่างเต็มที่",
  "Manage Org": "จัดการองค์กร",
  "Manage Payments": "จัดการการชำระเงิน",
  "Mark Board as Complete": "ทำเครื่องหมายบอร์ดว่าเสร็จสมบูรณ์",
  "Mark Board as Incomplete": "ทำเครื่องหมายบอร์ดว่าไม่เสร็จสมบูรณ์",
  "Mark Complete": "ทำเครื่องหมายว่าเสร็จสมบูรณ์",
  "Mark Incomplete": "ทำเครื่องหมายว่าไม่เสร็จสมบูรณ์",
  "Marketing": "การตลาด",
  "Match All Filters": "ตัวกรองแบบตรงทั้งหมด",
  "Meeting": "การประชุม",
  "Members": "สมาชิก",
  "Merge": "การรวม",
  "Microsoft Office365": "Microsoft Office365",
  "Migrate ALL ({{num}})": "โอนย้ายทั้งหมด ({{num}})",
  "Migrate Selected ({{num}})": "โอนย้ายรายการที่เลือก ({{num}}) รายการ",
  "Mind Map": "ผังมโนทัศน์",
  "MindMap": "ผังมโนทัศน์",
  "Mindmap": "ผังมโนทัศน์",
  "Mindmap View": "มุมมองผังมโนทัศน์",
  "Minimum number of users for the selected licence type is {{minimumSeats}}": "จำนวนผู้ใช้สูงสุดสำหรับประเภทไลเซนส์ที่เลือกคือ {{minimumSeats}}",
  "Mirror": "เลียนแบบ",
  "Modified": "ปรับเปลี่ยนแล้ว",
  "Modify": "แก้ไข",
  "Modify Licence": "แก้ไขไลเซนส์",
  "Monday": "วันจันทร์",
  "monthly": "ทุกเดือน",
  "Monthly": "รายเดือน",
  "More": "เพิ่มเติม",
  "Move": "ย้าย",
  "Move and Open": "ย้ายและเปิด",
  "Move Card": "ย้ายบัตร",
  "Move List": "ย้ายรายการ",
  "Move To Another Board": "ย้ายไปยังอีกบอร์ดหนึ่ง",
  "Move to another list or parent card": "ย้ายไปยังรายการหรือบัตรพาเรนต์อื่น",
  "My": "ของฉัน",
  "My Account": "แอคเคาต์ของฉัน",
  "My Activities": "กิจกรรมของฉัน",
  "My Boards": "บอร์ดของฉัน",
  "My Subscriptions": "การสมัครสมาชิกของฉัน",
  "My Templates": "เท็มเพลตของฉัน",
  "My Todos": "Todos ของฉัน",
  "Name": "ชื่อ",
  "Name on Card": "ชื่อบนบัตร",
  "Named Users": "ผู้ใช้ที่ตั้งชื่อ",
  "Named Users Licence": "ไลเซนส์ผู้ใช้ที่ตั้งชื่อ",
  "Never": "Never",
  "New Board": "บอร์ดใหม่",
  "New card created, however the search filter currently applied is preventing it from being displayed": "สร้างบัตรใหม่แล้ว แต่ตัวกรองการค้นหาที่ใช้อยู่ตอนนี้ทำให้ไม่แสดง",
  "New cards created as tasks on enter key press": "สร้างบัตรใหม่เป็นภารกิจแล้วเมื่อกดปุ่ม enter",
  "New Client": "ไคลเอ็นต์ใหม่",
  "New Client Licence": "ไลเซนส์ไคลเอ็นต์ใหม่",
  "New Credit Card": "บัตรเครดิตใหม่",
  "New Label": "เลเบลใหม่",
  "New Label Text": "ข้อความเลเบลใหม่",
  "New Licence": "ไลเซนส์ใหม่",
  "New Since Last Week": "ใหม่ตั้งแต่สัปดาห์ที่แล้ว",
  "New Sub-Card": "บัตรย่อยใหม่",
  "New Tab": "แท็บใหม่",
  "New Template": "เท็มเพลตใหม่",
  "New User Licence": "ไลเซนส์ผู้ใช้ใหม่",
  "Next": "ถัดไป",
  "Next Invoice Amount: {{nextAmount}}": "จำนวนในใบแจ้งหนี้ถัดไป: {{nextAmount}}",
  "Next Invoice Date: {{date}}": "วันที่ใบแจ้งหนี้ถัดไป: {{date}}",
  "Next Payment": "การชำระเงินครั้งถัดไป",
  "Next Payment Attempt": "การพยายามชำระเงินครั้งถัดไป",
  "Next Payment: {{{date}}}": "การชำระเงินครั้งถัดไป: {{{date}}}",
  "Next Week": "สัปดาห์ถัดไป",
  "No": "ไม่มี",
  "No action available": "ไม่มีแอ็คชันพร้อมใช้งาน",
  "No Active Meetings found. Click below to go to a Workspace": "ไม่พบการประชุมที่แอ็คทีฟ คลิกด้านล่างเพื่อไปยังเวิร์กสเปซ",
  "No Activities found": "ไม่พบกิจกรรม",
  "No Archived items to show": "ไม่มีรายการที่เก็บถาวรให้แสดง",
  "No Assignment": "ไม่มีรายการที่กำหนด",
  "No boards found for this group": "ไม่พบบอร์ดสำหรับกลุ่มนี้",
  "No Boards found.": "ไม่พบบอร์ด",
  "No boards yet, please create one first": "ยังไม่มีบอร์ด โปรดสร้างบอร์ดก่อน",
  "No clients found": "ไม่พบไคลเอ็นต์",
  "No Colour": "ไม่มีสี",
  "No Date": "ไม่มีวันที่",
  "No files found": "ไม่พบไฟล์",
  "No folders found": "ไม่พบโฟลเดอร์",
  "No Group": "ไม่มีกลุ่ม",
  "No invoices to display": "ไม่มีใบแจ้งหนี้ที่จะแสดง",
  "No items were selected": "ไม่ได้เลือกรายการใดไว้",
  "No Label": "ไม่มีเลเบล",
  "No label": "ไม่มีเลเบล",
  "No labels defined": "ไม่มีเลเบลที่ได้กำหนดไว้",
  "No licences available. Functionality will be limited for new users.": "ไม่มีไลเซนส์พร้อมใช้ ฟังก์ชันต่าง ๆ จะถูกจำกัดสำหรับผู้ใช้ใหม่",
  "No licences found": "ไม่พบไลเซนส์",
  "No licences to show": "ไม่มีไลเซนส์ให้แสดง",
  "No organisations found": "ไม่พบองค์กร",
  "No pinned boards": "ไม่มีบอร์ดที่ปักหมุด",
  "No Pinned Boards found.": "ไม่พบบอร์ดที่ปักหมุด",
  "No Recent Boards found.": "ไม่พบบอร์ดล่าสุด",
  "No user trials found": "ไม่พบการทดลองใช้ของผู้ใช้",
  "No users found": "ไม่พบผู้ใช้",
  "No users to show": "ไม่มีผู้ใช้ให้แสดง",
  "None": "ไม่มี",
  "North America": "อเมริกาเหนือ",
  "Not Licensed": "ไม่มีไลเซนส์",
  "Not Supported": "ไม่รองรับ",
  "Note that file security is managed by {{provider}}, not by Kudos Boards": "โปรดทราบว่าการรักษาความปลอดภัยของไฟล์นั้นได้รับการจัดการโดย {{provider}} ไม่ใช่โดย Kudos Boards",
  "Nothing to show": "ไม่มีรายการให้แสดง",
  "Number of Attempts": "จำนวนของรายการ",
  "Number of cards": "จำนวนบัตร",
  "Number of Expired Licences": "จำนวนไลเซนส์ที่หมดอายุ",
  "Number of Users": "จำนวนของรายการ",
  "Number of Valid Licences": "จำนวนไลเซนส์ที่ใช้ได้",
  "oAuth Client ID": "ID ไคลเอ็นต์ OAuth",
  "OAuth Client ID": "ID ไคลเอ็นต์ OAuth",
  "OAuth Client Secret": "ความลับไคลเอ็นต์ OAuth",
  "oAuth Client Secret": "ความลับไคลเอ็นต์ oAuth",
  "ok": "ตกลง",
  "OK": "ตกลง",
  "Only Entries": "เฉพาะรายการ",
  "Only the members of this board will be able to see and access this board.": "เฉพาะสมาชิกของบอร์ดนี้เท่านั้นที่สามารถดูและเข้าถึงบอร์ดนี้ได้",
  "Only Todos": "Todos เท่านั้น",
  "Open": "เปิด",
  "Open Board Options": "เปิดตัวเลือกบอร์ด",
  "Open Boards in:": "เปิดบอร์ดใน:",
  "Open in Boards": "เปิดในบอร์ด",
  "Open Licence": "เปิดไลเซนส์",
  "Open this board": "เปิดบอร์ดนี้",
  "Opt in below to receive tips and tricks from the Kudos Boards team to make the most of your premium preview.": "เลือกตกลงตามด้านล่างนี้เพื่อรับเคล็ดลับและกลยุทธ์จากทีม Kudos Boards เพื่อใช้ประโยชน์จากการแสดงตัวอย่างระดับพรีเมียมให้เต็มที่ที่สุด",
  "Order": "ลำดับ",
  "Order Summary": "สรุปคำสั่งซื้อ",
  "Order via ISW Partner": "สั่งซื้อผ่าน ISW Partner",
  "Org Administration": "การควบคุมดูแลองค์กร",
  "Organisation": "องค์กร",
  "Organisation Name": "ชื่อบริษัท",
  "Organisations": "องค์กร",
  "Organise any project productively using the classic Todo, Doing, Done methodology": "จัดระเบียบทุกโปรเจ็กต์อย่างมีประสิทธิภาพโดยใช้ระเบียบวิธี Todo, Doing, Done แบบคลาสสิก",
  "Our Terms & Conditions have changed": "เราได้เปลี่ยนแปลงข้อตกลงและเงื่อนไขแล้ว",
  "Overdue": "ครบกำหนด",
  "owner": "เจ้าของ",
  "Owner": "เจ้าของ",
  "Owners": "เจ้าของ",
  "Page Not Found": "ไม่พบเพจ",
  "Paid": "ชำระแล้ว",
  "Paste link or drop file to upload": "วางลิงก์หรือไฟล์เพื่ออัพโหลด",
  "Payment Method": "วิธีการชำระเงิน",
  "Period": "เครื่องหมายมหัพภาค",
  "Person": "บุคคล",
  "Pin Board": "ปักหมุดบอร์ด",
  "Pinned": "ถูกปักหมุด",
  "Pinned Boards": "บอร์ดที่ปักหมุด",
  "Pinned boards": "บอร์ดที่ปักหมุด",
  "Plan and collaborate on tasks on a weekly basis": "วางแผนและร่วมงานในภารกิจต่าง ๆ เป็นประจำทุกสัปดาห์",
  "Please approve the Kudos Boards app to allow it to be added as a tab.": "โปรดอนุมัติแอ็พพลิเคชัน Kudos Boards เพื่ออนุญาตให้เพิ่มเป็นแท็บได้",
  "Please approve the Kudos Boards app to use advanced features.": "โปรดอนุมัติแอ็พพลิเคชัน Kudos Boards เพื่อใช้คุณสมบัติขั้นสูง",
  "Please contact your Administrator": "โปรดติดต่อผู้ดูแลระบบของคุณ",
  "Please contact your IBM Connections Admin to purchase a licence.": "โปรดติดต่อผู้ดูแลระบบ IBM Connections ของคุณเพื่อซื้อไลเซนส์",
  "Please ensure you login with the same Office 365 user account as you are using in Microsoft Teams": "โปรดตรวจสอบว่าคุณล็อกอินด้วยแอคเคาต์ผู้ใช้ Office 365 เดียวกันกับที่ใช้ในทีม Microsoft",
  "Please enter a board name": "โปรดป้อนชื่อบอร์ด",
  "Please enter a valid email address": "โปรดป้อนอีเมลแอดเดรสที่ถูกต้อง",
  "Please enter a valid URL": "โปรดป้อน URL ที่ถูกต้อง",
  "Please enter the number of users in your Connections Cloud Organisation": "โปรดป้อนจำนวนผู้ใช้ในองค์กร Connections Cloud ของคุณ",
  "Please enter the number of users you wish to name under this licence": "โปรดป้อนจำนวนผู้ใช้ที่คุณต้องการตั้งชื่อใต้ไลเซนส์นี้",
  "Please read our Terms & Conditions": "โปรดอ่านข้อตกลงและเงื่อนไขของเรา",
  "Please reload the page and try again, if this issue persists please let us know": "โปรดโหลดหน้าใหม่แล้วลองอีกครั้ง หากปัญหายังคงอยู่ โปรดแจ้งให้เราทราบ",
  "Please review your licences here": "โปรดตรวจสอบไลเซนส์ของคุณที่นี่",
  "Please see the <a href='{{url}}'>new board</a>": "โปรดดู<a href='{{url}}'>บอร์ดใหม่</a>",
  "Please sign in": "โปรดลงชื่อเข้าใช้",
  "Please start a trial to use Boards in your {{provider}} organisation": "โปรดเริ่มทดลองใช้บอร์ดในองค์กร{{provider}}ของคุณ",
  "Position": "ตำแหน่ง",
  "Post": "โพสต์",
  "Premium": "พรีเมียม",
  "Premium Preview Status": "สถานะการแสดงตัวอย่างระดับพรีเมียม",
  "Preview": "ดูตัวอย่าง",
  "Preview available": "สามารถใช้การแสดงตัวอย่างได้",
  "Previous": "ก่อนหน้านี้",
  "Pricing": "การกำหนดราคา",
  "primary": "หลัก",
  "Primary": "หลัก",
  "Print": "พิมพ์",
  "Private (me only)": "ส่วนตัว (ฉันเท่านั้น)",
  "Product Information": "ข้อมูลผลิตภัณฑ์",
  "Product Version": "เวอร์ชันของผลิตภัณฑ์",
  "Provider": "ผู้ให้บริการ",
  "Provider not supported": "ไม่รองรับผู้ให้บริการรายนี้",
  "Public": "พับลิก",
  "Public Access": "การเข้าถึงแบบพับลิก",
  "Public Activities": "กิจกรรมพับลิก",
  "Public Boards": "บอร์ดพับลิก",
  "Public Templates": "เท็มเพลตพับลิก",
  "Quarterly": "รายไตรมาส",
  "Questions": "คำถาม",
  "Quick Edit": "แก้ไขด่วน",
  "Radial": "รัศมี",
  "RE-CENTER": "RE-CENTER",
  "Reactivate Licence": "เปิดใช้ไลเซนส์ใหม่",
  "reader": "ผู้อ่าน",
  "Reader": "ผู้อ่าน",
  "Recent": "ล่าสุด",
  "Recent boards": "บอร์ดล่าสุด",
  "Recent Boards": "บอร์ดล่าสุด",
  "Recurring Amount Due: {{recurring}}": "จำนวนที่ต้องชำระเป็นประจำ: {{recurring}}",
  "Redeeming Invitation...": "กำลังแลกรับการเชิญ...",
  "Redirecting to Connections Cloud...": "เปลี่ยนเส้นทางไปยัง Connections Cloud...",
  "Redirecting to Watson Workspace...": "กำลังเปลี่ยนเส้นทางไปยัง Watson Workspace...",
  "Refresh": "รีเฟรช",
  "Region": "ภูมิภาค",
  "Reload": "รีโหลด",
  "Remaining ({{num}})": "เหลืออยู่ ({{num}})",
  "Remove Admin": "ลบผู้ดูแลระบบ",
  "Remove Client": "ลบไคลเอ็นต์",
  "Remove Invite": "ลบการเชิญ",
  "Remove Licence": "ลบไลเซนส์",
  "Replace": "แทนที่",
  "Resend Invite": "ส่งคำเชิญใหม่",
  "Reset": "ตั้งค่าใหม่",
  "Restore": "เรียกคืน",
  "Restore Card": "เรียกคืนบัตร",
  "Restore items": "เรียกคืนรายการ",
  "Restore List": "รีสตาร์ทรายการ",
  "Restore mode": "โหมดเรียกคืน",
  "Reverse": "ย้อนกลับคืน",
  "Revoke All": "เรียกใช้ทั้งหมด",
  "Revoke Licence": "เรียกใช้ไลเซนส์",
  "Role": "บทบาท",
  "Roles": "บทบาท",
  "Rows": "แถว",
  "Sales": "ยอดขาย",
  "Save": "บันทึก",
  "Save card for future purchases": "บันทึกบัตรสำหรับใช้ซื้อในอนาคต",
  "Save Changes": "บันทึกการเปลี่ยนแปลง",
  "Save link": "บันทึกลิงก์",
  "Scroll To": "เลื่อนไปยัง",
  "Search": "ค้นหา",
  "Search All Templates": "ค้นหาเท็มเพลตทั้งหมด",
  "Search this view": "ค้นหามุมมองนี้",
  "Search...": "ค้นหา...",
  "Select a Board": "เลือกบอร์ด",
  "Select board": "เลือกบอร์ด",
  "Select Board": "เลือกบอร์ด",
  "Select Board Label": "เลือกเลเบลบอร์ด",
  "Select Card Colours": "เลือกสีบัตร",
  "Select Colour": "เลือกสี",
  "Select Colours": "เลือกสี",
  "Select Destination Board": "เลือกบอร์ดปลายทาง",
  "Select destination folder": "เลือกโฟลเดอร์ปลายทาง",
  "Select File": "เลือกไฟล์",
  "Select Folder": "เลือกโฟลเดอร์",
  "Select items for delete": "เลือกรายการที่จะลบ",
  "Select items for restore": "เลือกรายการที่จะเรียกคืน",
  "Select List or Card": "เลือกรายการหรือบัตร",
  "Select the boards below that you would like to transfer membership over to your primary ({{toName}}) account": "เลือกบอร์ดต่อไปนี้ที่คุณต้องการถ่ายโอนความเป็นสมาชิกไปยังแอคเคาต์หลัก ({{toName}})",
  "Selected Activity": "กิจกรรมที่เลือก",
  "Send an email notifying each member that the Activity has been migrated to a Board.": "ส่งอีเมลแจ้งเตือนสมาชิกแต่ละคนว่าโอนย้ายกิจกรรมไปที่บอร์ดแล้ว",
  "Send Invitation": "ส่งคำเชิญ",
  "Send Notification Email to Members": "ส่งอีเมลแจ้งเตือนให้กับสมาชิก",
  "Sending invitations": "กำลังส่งคำเชิญ...",
  "Set as primary account": "ตั้งเป็นแอคเคาต์หลัก",
  "Set Dates": "กำหนดวันที่",
  "Set enter key press action to create a task when creating new cards in a list.": "กำหนดแอ็คชันกดปุ่ม enter เพื่อสร้างภารกิจเมื่อสร้างบัตรใหม่ในรายการ",
  "Setup Subscription": "ตั้งค่าการสมัครสมาชิก",
  "Share with": "แบ่งใช้กับ",
  "Shared by me": "แบ่งใช้โดยฉัน",
  "Shared with me": "แบ่งใช้กับฉัน",
  "Show": "แสดง",
  "Show all ancestors": "แสดงแอนเซสเตอร์ทั้งหมด",
  "Show all boards for this team": "แสดงบอร์ดทั้งหมดสำหรับทีมนี้",
  "Show Board Menu": "แสดงเมนูบอร์ด",
  "Show Filter Options": "แสดงตัวเลือกตัวกรอง",
  "Show Less": "แสดงน้อยลง",
  "Show Licences for your organisation": "แสดงไลเซนส์สำหรับองค์กรของคุณ",
  "Show More": "แสดงเพิ่มเติม",
  "Show on Card": "แสดงในบัตร",
  "Show previous comments": "แสดงข้อคิดเห็นก่อนหน้านี้",
  "Show previous links & attachments": "แสดงลิงก์และไฟล์ที่แนบก่อนหน้านี้",
  "Show Sub-cards": "แสดงบัตรย่อย",
  "Sign In": "การเข้าสู่ระบบ",
  "Sign in with": "ลงชื่อเข้าใช้ด้วย",
  "SIGN IN WITH:": "ลงชื่อเข้าใช้ด้วย:",
  "Sign Out": "การออกจากระบบ",
  "Sign Out of Kudos Boards": "ลงชื่อออกจาก Kudos Boards",
  "Signing in...": "กำลังลงชื่อเข้าใช้...",
  "Signing out...": "กำลังลงชื่อออก...",
  "Smartcloud": "Smartcloud",
  "Something went wrong.": "มีบางสิ่งผิดปกติ",
  "Source Board/Template": "บอร์ด/เท็มเพลตแหล่ง",
  "Source Template": "เท็มเพลตจากแหล่ง",
  "Specific Board": "บอร์ดที่เจาะจง",
  "Start a Trial": "เริ่มทดลองใช้งาน",
  "Start a trial or purchase a subscription to start creating boards": "เริ่มทดลองใช้งานหรือซื้อการสมัครสมาชิกเพื่อเริ่มสร้างบอร์ด",
  "Start Boards Premium Preview": "เริ่มการแสดงตัวอย่างบอร์ดระดับพรีเมียม",
  "Start Date": "วันที่เริ่ม",
  "Start Free Trial": "เริ่มทดลองใช้ฟรี",
  "Start my trial": "เริ่มการทดลองใช้งานของฉัน",
  "Start Now": "เริ่มตอนนี้",
  "Start page updated": "อัพเดตเพจเริ่มต้นแล้ว",
  "Start Page:": "หน้าเริ่มต้น:",
  "Starting Balance": "ยอดเงินเริ่มต้น",
  "Starting View": "มุมมองเริ่มต้น",
  "Status": "สถานะ",
  "Step": "ขั้นตอน",
  "Sub Cards": "บัตรย่อย",
  "Sub Tasks": "ภารกิจย่อย",
  "Submit": "ส่ง",
  "Subscription": "การสมัครสมาชิก",
  "Subscription expired.": "การสมัครเป็นสมาชิกหมดอายุแล้ว",
  "Subtotal": "ยอดรวมย่อย",
  "Summary": "บทสรุป",
  "Support for browsers is currently limited.  This browser is not yet supported. <br>Please use one of the following browsers:": "ยังจำกัดการรองรับเบราว์เซอร์อยู่ในตอนนี้  ยังไม่รองรับเบราว์เซอร์นี้<br> โปรดใช้เบราว์เซอร์ต่อไปนี้:",
  "Tab Content": "เนื้อหาแท็บ",
  "Tab Name": "ชื่อแท็บ",
  "Tags": "แท็ก",
  "Tags (optional)": "แท็ก (ไม่บังคับ)",
  "Take away meaningful and collaborative notes from any meeting!": "จดบันทึกสิ่งที่เป็นประโยชน์และบันทึกสำหรับทำงานร่วมกันจากทุกการประชุม!",
  "Task": "ภารกิจ",
  "Team Boards": "บอร์ดทีม",
  "Team Name": "ชื่อทีม",
  "Team Name is used as a method to log in to certain authentication providers. e.g. Auth0": "ระบบใช้ชื่อทีมเป็นวิธีล็อกอินใช้ผู้บริการการยืนยันตัวตนบางราย เช่น Auth0",
  "Template": "เท็มเพลต",
  "Templates": "เท็มเพลต",
  "Templates tagged with": "เท็มเพลตที่ติดแท็ก",
  "Text": "ข้อความ",
  "Text Mode": "โหมดข้อความ",
  "That can't be pasted there.": "คุณวางตรงนั้นไม่ได้",
  "The board has been deleted": "บอร์ดถูกลบออก",
  "The files below cannot be uploaded to Kudos Boards as they are larger than the limit of {{limit}}": "ไม่สามารถอัพโหลดไฟล์ด้านล่างนี้ไปยัง Kudos Boards ได้เนื่องจากมีขนาดใหญ่กว่าขีดจำกัด {{limit}}",
  "The following links have already been added to this card:": "เพิ่มลิงก์ต่อไปนี้ลงในบัตรนี้แล้ว:",
  "The invite was resent to": "ส่งการเชิญอีกครั้งไปยัง",
  "The selected board(s) were successfully transferred": "ถ่ายโอนบอร์ดที่เลือกไว้เสร็จสมบูรณ์แล้ว",
  "The selected items have been deleted": "ลบรายการที่เลือกแล้ว",
  "The selected items have been restored": "เรียกคืนรายการที่เลือกแล้ว",
  "There was an error when uploading the file. Server response: ": "เกิดข้อผิดพลาดขณะอัพโหลดไฟล์ การตอบสนองของเซิร์ฟเวอร์: ",
  "This Activity has been migrated to Kudos Boards": "โอนย้ายกิจกรรมนี้ไปยัง Kudos Boards แล้ว",
  "This billing cycle affords a {{discount}}% discount": "รอบการเรียกเก็บเงินมีสิทธิ์ได้รับส่วนลด {{discount}}%",
  "This Board": "บอร์ดนี้",
  "This Board is available with AUTHOR access to everyone across all organisations.": "บอร์ดนี้ใช้งานได้ด้วยสิทธิ์เข้าถึงของผู้เขียนสำหรับทุกคนทั่วทุกองค์กร",
  "This Board is available with EDITOR access to everyone across all organisations.": "บอร์ดนี้ใช้งานได้ด้วยสิทธิ์เข้าถึงของเอดิเตอร์สำหรับทุกคนทั่วทุกองค์กร",
  "This Board is in one or more Groups": "บอร์ดอยู่ในกลุ่มอย่างน้อยหนึ่งกลุ่ม",
  "This Board is read-only to everyone across all organisations.": "ทุกคนในทุกองค์กรใช้บอร์ดนี้ได้ในแบบอ่านเท่านั้น",
  "This Board will be visible to everyone in your organisation. <br>Non-members can create new content and edit their own content.": "บอร์ดนี้จะแสดงแก่ทุกคนในองค์กรของคุณ <br>ผู้ที่ไม่เป็นสมาชิกสามารถสร้างเนื้อหาใหม่และแก้ไขเนื้อหาของตนเองได้",
  "This Board will be visible to everyone in your organisation. <br>Non-members can only view the board's contents.": "บอร์ดนี้จะแสดงต่อทุกคนในองค์กรของคุณ <br>ผู้ที่ไม่ใช่สมาชิกสามารถดูเนื้อหาของบอร์ดได้เพียงเท่านั้น",
  "This Board will be visible to everyone in your organisation. <br>Please note: This access level allows non-members to edit <b>all</b> board content.": "บอร์ดนี้จะแสดงต่อทุกคนในองค์กรของคุณ <br>โปรดทราบว่าระดับการเข้าถึงนี้อนุญาตให้ผู้ที่ไม่ใช่สมาชิกแก้ไขเนื้อหาบอร์ดได้<b>ทั้งหมด</b>",
  "This card will be restored with its parent": "บัตรนี้จะได้รับการเรียกคืนด้วยพาเรนต์",
  "This Community": "ชุมชนนี้",
  "This feature is coming soon!": "คุณสมบัตินี้จะพร้อมใช้งานเร็ว ๆ นี้!",
  "This feature is currently not supported by the IBM Connections Cloud API": "ขณะนี้ API ของ IBM Connections Cloud ยังไม่รองรับคุณสมบัตินี้",
  "This field is required": "ต้องกรอกฟิลด์นี้",
  "This invoice has been closed. Payment will not be automatically attempted again. Contact support for more information": "ใบแจ้งหนี้ของคุณถูกปิดแล้ว ระบบจะไม่พยายามชำระเงินอีกครั้งโดยอัตโนมัติ ติดต่อฝ่ายสนับสนุนเพื่อขอข้อมูลเพิ่มเติม",
  "This is a Free trial of Kudos Boards and will expire in {{numDays}} day(s).": "นี่คือการทดลองใช้งาน Kudos Boards ฟรีและจะหมดอายุในอีก {{numDays}} วัน",
  "This is a read-only preview of this Activity. Import to Boards for full functionality": "การแสดงตัวอย่างของกิจกรรมนี้มีเพื่ออ่านเท่านั้น อิมพอร์ตบอร์ดเพื่อใช้งานฟังก์ชันอย่างเต็มรูปแบบ",
  "This licence grants access to a set number of users as they use the app. You may view the user-licences already assigned.": "ไลเซนส์นี้จะมอบสิทธิ์เข้าถึงผู้ใช้จำนวนที่กำหนดไว้ขณะที่ใช้แอ็พพลิเคชัน คุณสามารถดูไลเซนส์ผู้ใช้ที่กำหนดแล้วได้",
  "This licence has been cancelled.": "ไลเซนส์ถูกยกเลิกแล้ว",
  "This licence only grants access to a selected group of named users. Access will not be granted to users not named by the Org Admins. You can view and edit the named users from the Admin settings.": "ไลเซนส์นี้มอบสิทธิ์การเข้าถึงให้แก่กลุ่มที่เลือกเท่านั้น โดยกลุ่มนี้ประกอบด้วยผู้ใช้ที่มีชื่อ และจะไม่มอบสิทธิ์ให้แก่ผู้ใช้ที่ไม่ได้ตั้งชื่อโดยผู้ดูแลระบบองค์กร คุณสามารถดูและแก้ไขผู้ใช้ที่มีชื่อได้จากการตั้งค่าผู้ดูแลระบบ",
  "This option is only available when paying by credit card": "ใช้ตัวเลือกนี้ได้เฉพาะกรณีที่ชำระเงินด้วยบัตรเครดิต",
  "This option is only editable if paying by credit card": "แก้ไขตัวเลือกนี้ได้เฉพาะกรณีที่ชำระเงินด้วยบัตรเครดิต",
  "This team account is already linked": "ลิงก์แอคเคาต์ของทีมแล้ว",
  "This will go to your provider for an administrator to approve access to Kudos Boards": "ระบบจะส่งสิ่งนี้ไปยังผู้ดูแลระบบเพื่อให้อนุมัติการเข้าถึง Kudos Boards",
  "This will permanently delete the board and all its data, are you sure?": "การดำเนินการนี้จะลบบอร์ดและข้อมูลภายในทั้งหมดอย่างถาวร คุณแน่ใจหรือไม่",
  "This will remove this data permanently from the board, are you sure?": "การดำเนินการนี้จะลบข้อมูลนี้ออกจากบอร์ดอย่างถาวร คุณแน่ใจหรือไม่",
  "Thursday": "วันพฤหัสบดี",
  "Tile Colours": "สีแผ่นปูเรียง",
  "Timeline": "ไทม์ไลน์",
  "Timeline View": "มุมมองไทม์ไลน์",
  "Title": "ชื่อเรื่อง",
  "to go to Connections Cloud, then access Kudos Boards via the link in the 'Apps' menu.": "เพื่อไปที่ Connections Cloud จากนั้นเข้าถึง Kudos Boards ผ่านลิงก์ในเมนู 'แอ็พ'",
  "To interact with this card the parent will need to be restored": "หากต้องการโต้ตอบกับบัตรนี้ ต้องเรียกคืนพาเรนต์ก่อน",
  "To unselect this card you will need to unselect its parent": "หากต้องการเลิกเลือกบัตรนี้ คุณต้องเลิกเลือกพาเรนต์ของบัตรก่อน",
  "to view this content": "เพื่อดูเนื้อหานี้",
  "Today": "วันนี้",
  "Todo": "Todo",
  "Todos": "Todos",
  "Todos by Date": "Todos ตามวันที่",
  "Todos by Due Date": "Todos ตามวันครบกำหนด",
  "Toggle Completion": "สลับการทำให้เสร็จสมบูรณ์",
  "Toggle Editor": "สลับเอดิเตอร์",
  "Toggle Sidebar": "สลับแถบข้าง",
  "Tomorrow": "พรุ่งนี้",
  "Total": "ทั้งหมด",
  "Transfer Board Membership": "ถ่ายโอนความเป็นสมาชิกบอร์ด",
  "Transfer Membership": "ถ่ายโอนความเป็นสมาชิก",
  "TRIAL": "TRIAL",
  "Trial": "ทดลอง",
  "Trial End Date: {{trialEnd}}": "วันที่สิ้นสุดการทดลองใช้งาน: {{trialEnd}}",
  "Trial expired": "สิทธิ์ทดลองใช้งานหมดอายุแล้ว",
  "Trial expired.": "การทดลองใช้งานหมดอายุแล้ว",
  "Trial extended {{extensions}} time(s)": "ขยายช่วงทดลองการใช้งานแล้ว {{extensions}} ครั้ง",
  "Try again": "ลองอีกครั้ง",
  "Tuesday": "วันอังคาร",
  "Type": "ชนิด",
  "Type to filter archive": "พิมพ์เพื่อกรองรายการที่เก็บถาวร",
  "Type to filter list": "พิมพ์เพื่อกรองรายการ",
  "Type to filter members": "พิมพ์เพื่อกรองสมาชิก",
  "Type to search": "พิมพ์เพื่อค้นหา",
  "Unassigned": "ไม่ได้กำหนดไว้",
  "Undo": "เลิกทำ",
  "UNDO": "UNDO",
  "Unit price: {{unitPrice}} per user": "ราคาหน่วย: {{unitPrice}} ต่อหน่วย",
  "Unknown Connections Cloud organisation. Redirecting...": "องค์กร Connections Cloud ที่ไม่รู้จัก กำลังเปลี่ยนเส้นทาง...",
  "Unknown Team": "ทีมที่ไม่รู้จัก",
  "Unlimited": "ไม่จำกัด",
  "Unlink account": "ยกเลิกการลิงก์แอคเคาต์",
  "Unlink Board": "ยกเลิกการลิงก์บอร์ด",
  "Unlink {{fromName}} Account": "ยกเลิกการลิงก์แอคเคาต์ {{fromName}}",
  "Unlock Kudos Boards Premium Preview": "ปลดล็อกการแสดงตัวอย่าง Kudos Boards ระดับพรีเมียม",
  "Unpaid": "ไม่ได้ชำระ",
  "Unpin Board": "ปลดหมุดบอร์ด",
  "Unscheduled cards": "บัตรที่ไม่ได้ลงตารางเวลา",
  "Update": "อัพเดต",
  "Updated": "อัพเดตแล้ว",
  "Updated Since Last Accessed": "อัพเดตเมื่อเข้าถึงครั้งล่าสุด",
  "Updated {{ date }}": "อัพเดตเมื่อ {{ date }}",
  "Updating...": "กำลังอัพเดต...",
  "Upload": "อัพโหลด",
  "Upload file from computer": "อัพโหลดไฟล์จากคอมพิวเตอร์",
  "Upload to Kudos Boards": "อัพโหลดไปยัง Kudos Boards",
  "Upload Users": "อัพโหลดผู้ใช้",
  "Upload Users from CSV": "อัพโหลดผู้ใช้จาก CSV",
  "uploaded successfully": "อัพโหลดเรียบร้อยแล้ว",
  "Uploading file:": "การอัพโหลดไฟล์:",
  "URL": "URL",
  "URL of Connections header frame (optional)": "URL ของเฟรมส่วนหัว Connections (ไม่บังคับ)",
  "Use another file service": "ใช้บริการไฟล์อื่น",
  "Use current account": "ใช้แอคเคาต์ปัจจุบัน",
  "Use Email": "ใช้อีเมล",
  "Use the Kudos Boards File Attachment Service for attaching files to cards": "ใช้เซอร์วิสการแนบไฟล์ Kudos Boards เพื่อแนบไฟล์ไปกับบัตร",
  "Use {{provider}} instead": "ใช้ {{provider}} แทน",
  "Used": "ใช้แล้ว",
  "User": "ผู้ใช้",
  "User Emails": "อีเมลผู้ใช้",
  "User ExternalID": "ExternalID ผู้ใช้",
  "User Licences": "ไลเซนส์ผู้ใช้",
  "User Options": "อ็อพชันผู้ใช้",
  "User Trials": "การทดลองใช้โดยผู้ใช้",
  "User upload success!": "อัพโหลดผู้ใช้สำเร็จแล้ว!",
  "Username": "ชื่อผู้ใช้",
  "Users": "ผู้ใช้",
  "Users may need to be added to the destination board to maintain access to their assigned todos.": "อาจต้องเพิ่มผู้ใช้ไปยังบอร์ดปลายทางเพื่อรักษาสิทธิ์การเข้าถึง Todos ที่มอบหมายให้",
  "Users: {{num}}": "ผู้ใช้: {{num}}",
  "Vertical": "แนวดิ่ง",
  "View": "มุมมอง",
  "View and Accept ↗": "ดูและยอมรับ ↗",
  "View Details": "ดูรายละเอียด",
  "View licences": "ดูไลเซนส์",
  "View subscriptions": "ดูการสมัครสมาชิก",
  "View Subscriptions": "ดูการสมัครสมาชิก",
  "Want to know more?": "อยากทราบข้อมูลอีกใช่ไหม",
  "Warning: you are not authorised to add members in this board": "คำเตือน: คุณไม่ได้รับอนุญาตให้เพิ่มสมาชิกในบอร์ดนี้",
  "We found one board linked your {{fromName}} user account. Once you unlink the account you may no longer have access to this board.": "เราพบบอร์ดหนึ่งที่ลิงก์กับแอคเคาต์ {{fromName}} ของคุณ เมื่อยกเลิกการลิงก์แอคเคาต์แล้ว คุณจะไม่สามารถเข้าถึงบอร์ดนี้ได้อีก",
  "We found {{count}} boards linked to your {{fromName}} user account. Once you unlink the account you may no longer have access to these boards.": "เราพบบอร์ด {{count}} รายการที่ลิงก์กับแอคเคาต์ผู้ใช้ {{fromName}} เมื่อยกเลิกการลิงก์แอคเคาต์แล้ว คุณจะไม่สามารถเข้าถึงบอร์ดเหล่านี้ได้อีก",
  "We recommended you change the widget title from the actions menu above": "เราขอแนะนำให้คุณเปลี่ยนชื่อวิดเจ็ตจากเมนูแอ็คชันด้านบน",
  "Wednesday": "วันพุธ",
  "Weekdays": "วันธรรมดา",
  "Welcome": "ยินดีต้อนรับ",
  "Welcome to Kudos Boards": "ยินดีต้อนรับสู่ Kudos Boards",
  "When you unlock Kudos Boards Premium View, your current Activities will immediately be available in Board, Timeline and MindMap view.": "เมื่อปลดล็อกมุมมอง Kudos Boards ระดับพรีเมียมแล้ว กิจกรรมปัจจุบันของคุณจะแสดงในมุมมองบอร์ด ไทม์ไลน์ และผังมโนทัศน์ทันที",
  "Widget Settings": "การตั้งค่าวิดเจ็ต",
  "yearly": "รายปี",
  "Yearly": "รายปี",
  "Yes": "ใช่",
  "Yes Please": "ดีเลย",
  "You are in DELETE mode, select items to delete": "คุณอยู่ในโหมดลบ เลือกรายการที่จะลบ",
  "You are in restore mode, select items to restore": "คุณอยู่ในโหมดเรียกคืน เลือกรายการที่จะเรียกคืน",
  "You are not a direct member of this board. Please consider leaving any Groups that may be members of this board.": "คุณไม่ใช่สมาชิกของบอร์ดนี้โดยตรง ขอแนะนำให้ออกจากทุกกลุ่มที่อาจเป็นสมาชิกของบอร์ดนี้",
  "You are not allowed to leave this Board. Please consider archiving board.": "คุณไม่ได้รับอนุญาตให้ออกจากบอร์ดนี้ ขอแนะนำให้เก็บบอร์ดถาวรแทน",
  "You are not authorised to access this resource": "คุณไม่ได้รับอนุญาตให้เข้าถึงรีซอร์สนี้",
  "You are not licensed to access this resource.": "คุณไม่ได้รับอนุญาตให้เข้าถึงรีซอร์สนี้",
  "You are the only owner of this board. Please consider adding other owners or archiving this board instead.": "คุณเป็นเจ้าของบอร์ดนี้เพียงผู้เดียว ขอแนะนำให้เพิ่มเจ้าของรายอื่นหรือเก็บบอร์ดนี้ถาวรแทน",
  "You can enhance your workflow by unlocking Kudos Boards Premium Preview. In addition to your Activities view, you’ll also be able to work in the Boards, Timeline and Mind Map views!": "คุณสามารถเพิ่มประสิทธิภาพให้เวิร์กโฟลว์ได้โดยปลดล็อกการแสดงตัวอย่างของ Kudos Boards ระดับพรีเมียม นอกจากมุมมองกิจกรรมแล้ว คุณยังสามารถทำงานในมุมมองบอร์ด ไทม์ไลน์ และผังมโนทัศน์อีกด้วย!",
  "You have READ ONLY access to this Board": "คุณมีสิทธิ์เข้าถึงแบบอ่านเท่านั้นสำหรับบอร์ดนี้",
  "You have {{remaining}} day(s) remaining in your premium preview.": "คุณใช้การแสดงตัวอย่างระดับพรีเมียมได้อีก {{remaining}} วัน",
  "Your account's email address and other admin emails for your org ({{emails}}) are already included": "อีเมลแอคเคาต์ของคุณและอีเมลผู้ดูแลระบบรายอื่นสำหรับองค์กรของคุณ ({{emails}}) รวมไว้อยู่แล้ว",
  "Your api key for kudos boards is shown below": "คีย์ API ของคุณสำหรับ Kudos Boards แสดงอยู่ด้านล่างนี้",
  "Your changes have been saved": "บันทึกการเปลี่ยนแปลงของคุณแล้ว",
  "Your initial premium preview with {{orgName}} has expired. Click extend if you would like to continue access for an additional 30 days": "การแสดงตัวอย่างระดับพรีเมียมแรกเริ่มกับ {{orgName}} หมดอายุแล้ว คลิกขยายต่อหากต้องการเข้าถึงต่อไปอีก 30 วัน",
  "Your premium preview expires today.": "การแสดงตัวอย่างระดับพรีเมียมของคุณจะหมดอายุวันนี้",
  "Your premium preview has expired, Let your administrator know you'd like to continue using Kudos Boards Premium view.": "การแสดงตัวอย่างระดับพรีเมียมของคุณหมดอายุแล้ว โปรดแจ้งให้ผู้ดูแลทราบว่าคุณต้องการใช้มุมมอง Kudos Boards ระดับพรีเมียมต่อไป",
  "Your session with {{provider}} has expired. Redirecting...": "เซสชันของคุณกับ {{provider}} หมดเวลาแล้ว กำลังเปลี่ยนเส้นทาง...",
  "Your session with {{provider}} has expired. Some functionality (ie notifications, groups, files) will be restricted until you login again.": "เซสชันของคุณกับ {{provider}} หมดเวลาแล้ว บางฟังก์ชันการใช้งาน (เช่น การแจ้งเตือน กลุ่ม ไฟล์) จะถูกจำกัดจนกว่าคุณจะล็อกอินอีกครั้ง",
  "{{count}} more card(s) this way": "บัตรอีก {{count}} ใบทางนี้",
  "{{num}} users": "ผู้ใช้ {{num}} ราย",
  "{{quantity}} x subscriptions to '{{plan.name}}' ({{planPrice}} / {{plan.interval}})": "{{quantity}} x การสมัครเป็นสมาชิก '{{plan.name}}' ({{planPrice}} / {{plan.interval}})",
  "{{remaining}} days of trial remaining": "ทดลองใช้งานได้อีก {{remaining}} วัน",
  "{{remaining}} days remaining in your premium preview.": "เหลือเวลาอีก {{remaining}} ในการแสดงตัวอย่างระดับพรีเมียม",
  "{{userTrialCount}} user(s) have started a trial of Kudos Boards Premium": "ผู้ใช้ {{userTrialCount}} รายได้เริ่มทดลองใช้ Kudos Boards ระดับพรีเมียม"
}