{
  "": "",
  "'{{userName}}' will not be able to view the message because they cannot access this Board": "'{{userName}}' bu Panoya erişimi olmadığı için iletiyi görüntüleyemeyecek",
  "(Copy Of) ": "(Kopya) ",
  "A problem occurred when creating invite": "Davet oluşturulurken bir sorun oluştu",
  "A problem occurred when deleting node": "Düğüm silinirken bir sorun oluştu",
  "A problem occurred when getting a node": "Düğüm alınırken bir sorun oluştu",
  "A problem occurred when redeeming invite": "Davet kullanılırken bir sorun oluştu",
  "A problem occurred when removing invite": "Davet kaldırılırken bir sorun oluştu",
  "A problem occurred when removing member": "Üye kaldırılırken bir sorun oluştu",
  "A problem occurred when saving invite": "Davet kaydedilirken bir sorun oluştu",
  "A problem occurred when saving member": "Üye kaydedilirken bir sorun oluştu",
  "A problem occurred when saving node": "Düğüm kaydedilirken bir sorun oluştu",
  "A problem occurred when updating invite": "Davet güncelleştirilirken bir sorun oluştu",
  "A user with that email address already exists": "Bu e-posta adresine sahip bir kullanıcı zaten var",
  "A user with that email address already exists as a member of this board": "Bu e-posta adresine sahip bir kullanıcı zaten bu panonun üyesi",
  "Accessed in the Last Month": "Son Bir Ay içinde erişildi",
  "Accessed since": "Şu tarihten beri erişildi:",
  "Account Balance: {{credit}}": "Hesap Bakiyesi: {{credit}}",
  "Account Unlinked": "Hesap Bağlantısı Kaldırıldı",
  "Actions": "Eylemler",
  "Active": "Etkin",
  "Active Boards": "Etkin Panolar",
  "Active Workspace Meetings": "Etkin Çalışma Alanı Toplantıları",
  "Activity": "Etkinlik",
  "Activity data is loading...": "Etkinlik verileri yükleniyor...",
  "Activity Migration": "Etkinlik Geçişi",
  "Activity Name": "Etkinlik Adı",
  "Add": "Ekle",
  "Add a Card": "Kart Ekle",
  "Add a Comment": "Yorum Ekle",
  "Add a Description": "Açıklama Ekle",
  "Add a List": "Liste Ekle",
  "Add a list": "Liste ekle",
  "Add a Tag": "Etiket Ekle",
  "Add an attachment or link": "Ek veya bağlantı ekle",
  "Add another": "Başka ekle",
  "Add Attachment": "Ek Ekle",
  "Add Bookmark": "Yer İşareti Ekle",
  "Add Client": "İstemci Ekle",
  "Add Custom Field": "Özel Alan Ekle",
  "Add file": "Dosya ekle",
  "Add individuals or groups as members, or invite by email": "Bireyleri veya grupları üye olarak ekleyin ya da e-postayla davet edin",
  "Add Label": "Etiket Ekle",
  "Add label '{{filter}}'": "'{{filter}}' etiketi ekle",
  "Add Licence": "Lisans Ekle",
  "Add Member": "Üye Ekle",
  "Add members": "Üye ekle",
  "Add Organisation": "Kuruluş Ekle",
  "Add people to your board or invite by email": "Kişileri panonuza ekleyin veya e-postayla davet edin",
  "Add User": "Kullanıcı Ekle",
  "Admin approval failed": "Yönetici onayı başarısız oldu",
  "Admin Users": "Yönetici Kullanıcılar",
  "Administrator approval required.": "Yönetici onayı gereklidir.",
  "Administrators": "Yöneticiler",
  "Advanced": "Gelişmiş",
  "Agenda": "Gündem",
  "All": "Tümü",
  "All Activities": "Tüm Etkinlikler",
  "All Boards": "Tüm Panolar",
  "All cards are scheduled.": "Tüm kartlar zamanlandı.",
  "All Templates": "Tüm Şablonlar",
  "Allow Invite by Email": "E-postayla Davete İzin Ver",
  "Already linked": "Zaten bağlantılı",
  "Amount": "Tutar",
  "Amount Due": "Ödenmesi Gereken Tutar",
  "Amount Due Now: {{due}}": "Hemen Ödenmesi Gereken Tutar: {{due}}",
  "Amount Paid": "Ödenen Tutar",
  "An account of this type already linked": "Bu tür bir hesap zaten bağlantılı",
  "An invitation for the specified email address already exists on this board": "Belirtilen e-posta adresi için bu panoda zaten bir davet var",
  "and is already a member of this board": "ve zaten bu panonun üyesi",
  "Apply Template": "Şablonu Uygula",
  "Approve": "Onayla",
  "Approve Advanced Features": "Gelişmiş Özellikleri Onayla",
  "Archive": "Arşivle",
  "Archive Card": "Kartı Arşivle",
  "Archive Cards in List": "Listedeki Kartları Arşivle",
  "Archive List": "Listeyi Arşivle",
  "Archived": "Arşivlendi",
  "Archived Boards": "Arşivlenmiş Panolar",
  "Archived Templates": "Arşivlenmiş Şablonlar",
  "Are you sure you want to cancel this licence? This will take effect at the end of the current period.": "Bu lisansı iptal etmek istediğinizden emin misiniz? Bu işlem, mevcut dönemin sonunda geçerli hale gelecek.",
  "Are you sure you want to delete this licence? CAUTION: This will delete any associated credit card information": "Bu lisansı silmek istediğinizden emin misiniz? DİKKAT: Bu işlem, tüm ilişkili kredi kartı bilgilerini silecek",
  "Are you sure you want to reactivate this licence?": "Bu lisansı yeniden etkinleştirmek istediğinizden emin misiniz?",
  "Are you sure you want to unlink your {{provider}} account?": "{{provider}} hesabınızın bağlantısını kaldırmak istediğinizden emin misiniz?",
  "Are you sure you wish to leave '{{boardName}}'? This action cannot be undone by you.": "'{{boardName}}' panosundan ayrılmak istediğinizden emin misiniz? Bu işlem, sizin tarafınızdan geri alınamaz.",
  "Are you sure?": "Emin misiniz?",
  "Are You Sure?": "Emin misiniz?",
  "Are you sure? This will reinstate the previous billing schedule": "Emin misiniz? Bu işlem, önceki faturalama takvimini yeniden geçerli hale getirecek",
  "Are you sure? This will take effect at the end of the current billing cycle": "Emin misiniz? Bu işlem, mevcut faturalama döngüsünün sonunda geçerli hale gelecek",
  "Asia Pacific": "Asya Pasifik",
  "Assign Users": "Kullanıcıları Ata",
  "Assigned": "Atandı",
  "Assigned to": "Atanan",
  "Assigned To Me": "Bana Atananlar",
  "Assigned Users that will be added to the Destination Board": "Hedef Panosuna eklenecek Atanan Kullanıcılar",
  "Assignees": "Atananlar",
  "Assignments": "Atamalar",
  "Attach": "Ekle",
  "Attachments": "Ekler",
  "Auth0 url": "Auth0 URL'si",
  "Authentication Clients": "Kimlik Doğrulama İstemcileri",
  "Author": "Yazar",
  "author": "yazar",
  "awaiting acceptance": "kabul bekleniyor",
  "Back": "Geri",
  "Back to Boards": "Panolara Geri Dön",
  "Back to Colour Selection": "Renk Seçimine Geri Dön",
  "Bad Request": "Hatalı İstek",
  "Best viewed in fullscreen": "En iyi tam ekran olarak görüntülenir",
  "Billing Cycle": "Faturalama Döngüsü",
  "Billing period: {{interval}}": "Faturalama dönemi: {{interval}}",
  "Blank": "Boş",
  "Board": "Pano",
  "Board Archive": "Pano Arşivi",
  "Board Labels": "Pano Etiketleri",
  "Board Members": "Pano Üyeleri",
  "Board Name": "Pano Adı",
  "Boards": "Panolar",
  "Boards linked directly to this user": "Bu kullanıcıyla doğrudan bağlantılı panolar",
  "Boards linked through group membership": "Grup üyeliği aracılığıyla bağlantılı panolar",
  "Boards premium preview": "Panolar premium önizlemesi",
  "Bookmarks": "Yer İşaretleri",
  "Buy Licence": "Lisans Satın Al",
  "Buy Online": "Çevrimiçi Satın Al",
  "by": "yapan",
  "Cancel": "İptal",
  "Cancel Licence": "Lisansı İptal Et",
  "Cancelled": "İptal edildi",
  "Cannot Leave Board": "Panodan Ayrılınamıyor",
  "Card Name": "Kart Adı",
  "Card Number": "Kart Numarası",
  "Cards": "Kartlar",
  "Central Europe": "Orta Avrupa",
  "Choose a board": "Pano seç",
  "Choose a Template": "Şablon Seç",
  "Classic": "Klasik",
  "Clear Search": "Aramayı Temizle",
  "Clear Selected": "Seçilenleri Temizle",
  "Clear Selected Filters": "Seçili Süzgeçleri Temizle",
  "Click for details": "Ayrıntılar için tıklatın",
  "Click for more information about approving advanced features": "Gelişmiş özellikleri onaylama hakkında daha fazla bilgi için tıklatın",
  "Click here": "Hizmet sağlayıcıya göre",
  "Click here for details": "Ayrıntılar için burayı tıklatın",
  "Click here for details.": "Ayrıntılar için burayı tıklatın.",
  "Click here to buy a licence online or get a quote": "Çevrimiçi olarak lisans satın almak veya fiyat teklifi almak için burayı tıklatın",
  "Click here to start a 30 day free trial for your organisation. Contact support for trials with more users.": "Kuruluşunuzun 30 günlük serbest denemesini başlatmak için burayı tıklatın. Daha fazla kullanıcıya yönelik denemeler için destek birimiyle iletişim kurun.",
  "Click to see more details": "Daha fazla ayrıntı görmek için tıklatın",
  "Client": "İstemci",
  "Clients": "İstemciler",
  "Close": "Kapat",
  "Close Activity After Import": "Alma İşleminden Sonra Etkinliği Kapat",
  "Close Board Menu": "Pano Menüsünü Kapat",
  "Close the activity after the import has completed successfully. You can still access it through 'Trash'": "Alma işlemi başarıyla tamamlandıktan sonra etkinliği kapatın. 'Çöp Kutusu' aracılığıyla erişmeye devam edebilirsiniz",
  "Closed": "Kapatıldı",
  "Collaborate on projects involving different departments": "Farklı departmanları içeren projeler üzerinde işbirliği yapın",
  "Collapse": "Daralt",
  "Colour": "Renk",
  "Colour Labels": "Renk Etiketleri",
  "Colour-Tags": "Renk Etiketleri",
  "Colours": "Renkler",
  "Column View": "Sütun Görünümü",
  "Comments": "Yorumlar",
  "Community Activities": "Topluluk Etkinlikleri",
  "Community Templates": "Topluluk Şablonları",
  "Complete Todos": "Yapılacak İşleri Tamamla",
  "Completed": "Tamamlanan",
  "Configuration": "Yapılandırma",
  "Confirm": "Onayla",
  "Confirmation Required": "Onay Gerekli",
  "Connections Cloud session expired. Click here to validate.": "Connections Cloud oturumu sona erdi. Doğrulamak için burayı tıklatın.",
  "Connections On-Premise": "Şirket İçi Connections",
  "Connections URL": "Connections URL'si",
  "Contact Email": "Kişi E-posta Adresi",
  "Contact Name": "Kişi Adı",
  "Contact Support": "Destek Birimi İle Bağlantı Kurun",
  "Contact your System Administrator for more information or email us at": "Daha fazla bilgi için Sistem Yöneticinize başvurun veya şu adrese e-posta göndererek bizimle iletişim kurun:",
  "Content": "İçerik",
  "Continue": "Devam",
  "Continue Without Transferring": "Aktarmadan Devam Et",
  "Convert into Entry": "Girdiye Dönüştür",
  "Convert into Todo": "Yapılacak İşe Dönüştür",
  "Copy embed code": "Yerleştirme kodunu kopyala",
  "Copy embed code to clipboard": "Yerleştirme kodunu panoya kopyala",
  "Create": "Oluştur",
  "Create a new board": "Yeni bir pano oluştur",
  "Create Board": "Pano Oluştur",
  "Create Board from Template": "Şablondan Pano Oluştur",
  "Create Boards for anything, manage your workflow, and streamline processes with template creation.": "Dilediğiniz her şey için pano oluşturun, iş akışınızı yönetin ve şablon oluşturarak süreçleri kolaylaştırın.",
  "Create card": "Kart Oluştur",
  "Create Copy": "Kopya Oluştur",
  "Create Link to Board": "Pano Bağlantısı Oluştur",
  "Create Template": "Şablon Oluştur",
  "Create Template from Board": "Panodan Şablon Oluştur",
  "Create your own structure for organising projects, workflows, ideas and more!": "Projeler, iş akışları, fikirler ve daha fazlasını düzenlemek için kendi yapınızı oluşturun!",
  "Create {{numCards}} cards?": "{{numCards}} kart oluşturulsun mu?",
  "Create {{numCards}} lists?": "{{numCards}} liste oluşturulsun mu?",
  "Created": "Oluşturulduğu Tarih",
  "Created By Me": "Benim Oluşturduklarım",
  "Created {{ date }}": "Oluşturulma tarihi: {{ date }}",
  "Created: {{date}}": "Oluşturulma tarihi: {{date}}",
  "Credit Card Ending in {{last4}}": "{{last4}} ile Biten Kredi Kartı",
  "Current Account:": "Geçerli Hesap:",
  "Currently the ability to search for groups in {{provider}} is not available until an administrator grants permissions for your organisation. ": "Şu anda, bir yönetici kuruluşunuza izinler verene kadar {{provider}} içinde grup aranması mümkün değildir. ",
  "Curve": "Eğri",
  "Custom Fields": "Özel Alanlar",
  "Customer ID": "Müşteri Kimliği",
  "CVC": "CVC",
  "Date": "Tarih",
  "Decisions": "Kararlar",
  "Default templates to exclude": "Dışlanacak varsayılan şablonlar",
  "Delete": "Sil",
  "Delete Board": "Panoyu Sil",
  "Delete Card": "Kartı Sil",
  "Delete Comment": "Yorumu Sil",
  "Delete File": "Dosyayı Sil",
  "Delete items": "Öğe sil",
  "Delete Label": "Etiketi Sil",
  "Delete Link": "Bağlantıyı Sil",
  "Delete List": "Listeyi Sil",
  "Delete mode": "Modu sil",
  "Delete Selected Items": "Seçilen Öğeleri Sil",
  "Deleted": "Silindi",
  "Deleting": "Siliniyor",
  "Departments": "Bölümler",
  "Description": "Açıklama",
  "Description (optional)": "Açıklama (isteğe bağlı)",
  "Details": "Ayrıntılar",
  "Direct Order via ISW": "ISW Üzerinden Doğrudan Sipariş",
  "Discount": "İndirim",
  "Discount Code (optional)": "İndirim Kodu (isteğe bağlı)",
  "Discount: {{discount}}": "İndirim: {{discount}}",
  "Display an existing board": "Mevcut bir panoyu görüntüleyin",
  "Documentation": "Belgeler",
  "Doing": "Yapılıyor",
  "Done": "Bitti",
  "Done ({{num}})": "({{num}}) bitti",
  "Download": "Karşıdan Yükle",
  "Download file": "Dosyayı karşıdan yükle",
  "Drop file here to save": "Dosyayı kaydetmek için buraya bırakın",
  "Due": "Son tarih",
  "Due Date": "Son Tarih",
  "Due date": "Son tarih",
  "Earliest Licence Expired on": "En Erken Lisans Süresi Dolma Tarihi",
  "Earliest Upcoming Expiry": "Yaklaşan En Erken Süresi Dolma Tarihi",
  "Edit": "Düzenle",
  "Edit Board Colour Labels": "Pano Renk Etiketlerini Düzenle",
  "Edit Client": "İstemciyi Düzenle",
  "Edit Client Licence": "İstemci Lisansını Düzenle",
  "Edit Colour Labels": "Renk Etiketlerini Düzenle",
  "Edit Comment": "Yorumu Düzenle",
  "Edit Description": "Açıklamayı Düzenle",
  "Edit Filename": "Dosya Adını Düzenle",
  "Edit Label": "Etiketi Düzenle",
  "Edit label": "Etiketi düzenle",
  "Edit Licence": "Lisansı Düzenle",
  "Edit Link": "Bağlantıyı Düzenle",
  "Edit name": "Adı düzenle",
  "Edit Tile Colour Labels": "Döşeme Renk Etiketlerini Düzenle",
  "Edit User Licence": "Kullanıcı Lisansını Düzenle",
  "Edited": "Düzenlendi",
  "Editor": "Düzenleyici",
  "editor": "düzenleyici.",
  "Email": "E-posta",
  "Email Address": "E-posta Adresi",
  "Email address is required": "E-posta adresi gerekli",
  "Email addresses to copy invoices to": "Faturaların kopyalanacağı e-posta adresleri",
  "Email addresses to copy quote to": "Fiyat teklifinin kopyalanacağı e-posta adresleri",
  "Email Us": "Bize E-posta Gönderin",
  "Embed code copied to clipboard": "Panoya kopyalanan kodu yerleştirin",
  "Empty Lists": "Boş Listeler",
  "empty name": "boş ad",
  "Enable Boards File Uploads": "Panoda Dosya Karşıya Yüklemeyi Etkinleştir",
  "Enabled": "Etkin",
  "End Date": "Bitiş Tarihi",
  "Ending Balance": "Son Bakiye",
  "Enter a title for the link (Optional)": "Bağlantı için bir başlık girin (İsteğe bağlı)",
  "Enter an email address": "E-posta adresi girin",
  "Enter Label": "Etiket Gir",
  "Enter label name": "Etiket adı gir",
  "Enter New Name": "Yeni Ad Gir",
  "Enter Text": "Metin Gir",
  "Entry": "Girdi",
  "Error": "Hata",
  "Error creating board": "Pano oluşturulurken hata oluştu",
  "Error processing quote request. Please email sales@kudosbadges.com": "Fiyat teklifi isteği işlenirken hata oluştu. Lütfen sales@kudosbadges.com adresine bir e-posta gönderin",
  "Error processing your request": "İsteğiniz işlenirken hata oluştu",
  "Error starting trial": "Deneme başlatılırken hata oluştu",
  "Error uploading file": "Dosya karşıya yüklenirken hata oluştu",
  "Error: an unknown error occurred - cannot move": "Hata: Bilinmeyen bir hata oluştu - taşınamıyor",
  "Error: you are not authorised to add content to this board": "Hata: Bu panoya içerik ekleme yetkiniz yok",
  "Existing Kudos Partner (optional)": "Var Olan Kudos Ortağı (isteğe bağlı)",
  "Existing Login Detected": "Var Olan Oturum Açma Saptandı",
  "Existing Tab": "Var Olan Sekme",
  "Expand": "Genişlet",
  "Expand/Collapse": "Genişlet/Daralt",
  "Expand/Collapse All Lists": "Tüm Listeleri Genişlet/Daralt",
  "Expired": "Süresi Doldu",
  "Expires": "Süre Sonu Tarihi:",
  "Expires: {{date}}": "Süresi Dolma Tarihi: {{date}}",
  "Expires: {{{date}}}": "Süresi Dolma Tarihi: {{{date}}}",
  "Expiry": "Süresi Dolma",
  "Expiry Date": "Süresi Dolma Tarihi",
  "Explore the Template Library": "Şablon Kitaplığını Keşfet",
  "Extend": "Genişlet",
  "ExternalId": "Dış Kimlik",
  "Fields": "Alanlar",
  "Filter Activities to migrate": "Geçirilecek Etkinliklere Süzgeç Uygula",
  "Finance": "Finans",
  "Find a Group": "Grup Bul",
  "Find a User": "Kullanıcı Bul",
  "Finding your Connections Cloud Organisation...": "Connections Cloud Kuruluşunuz bulunuyor...",
  "Free": "Ücretsiz",
  "Free Trial": "Ücretsiz Deneme",
  "Friday": "Cuma",
  "From Provider": "Sağlayıcıdan",
  "Functionality is currently limited.": "Şu anda işlevler sınırlıdır.",
  "Furthest Upcoming Expiry": "Yaklaşan En Son Süresi Dolma Tarihi",
  "Future": "Gelecek",
  "General": "Genel",
  "Get a Licence Quote": "Lisans Fiyat Teklifi Al",
  "Get a Quote": "Fiyat Teklifi Al",
  "Give users the ability to invite external users to a Board by email address": "Kullanıcılara dış kullanıcıları e-posta adresini kullanarak bir Panoya davet edebilme yeteneğini verin",
  "Global Access": "Genel Erişim",
  "Global OAuth": "Genel OAuth",
  "Go to licence": "Lisansa git",
  "Go to Today": "Bugüne Git",
  "Goals": "Hedefler",
  "Group": "Grup",
  "Group Boards": "Grup Panoları",
  "Group By": "Gruplama Ölçütü",
  "Group Owners: Owners of this Board.</br>Group Members: Authors of this Board": "Grup Sahipleri: Bu Panonun sahipleri.</br>Grup Üyeleri: Bu Panonun yazarları",
  "Groups": "Gruplar",
  "Help": "Yardım",
  "Hide": "Gizle",
  "Hide Completed Todos": "Tamamlanan Yapılacak İşleri Gizle",
  "Hide Dates": "Tarihleri Gizle",
  "Horizontal": "Yatay",
  "How would you like to proceed?": "Nasıl devam etmek istiyorsunuz?",
  "HR": "SA",
  "I accept the above Terms & Conditions": "Yukarıdaki Hüküm ve Koşulları kabul ediyorum",
  "I accept the terms of service": "Hizmet kullanım şartlarını kabul ediyorum",
  "ID": "Tanıtıcı",
  "If this setting is switched off, cards are created as entries on enter press.": "Bu ayar kapatılırsa Enter tuşuna basıldığında kartlar, girdi olarak oluşturulur.",
  "Ignore Completed": "Tamamlananları Yoksay",
  "Ignore Deleted": "Silinenleri Yoksay",
  "Ignore Templates": "Şablonları Yoksay",
  "Import": "Al",
  "Import an Activity": "Etkinlik Al",
  "Import an Activity Template": "Etkinlik Şablonu Al",
  "Import from Activities": "Etkinliklerden Al",
  "Import From Activities": "Etkinliklerden Al",
  "In a Group": "Bir Grupta",
  "Include email body in description": "Açıklamaya e-posta gövdesini ekle",
  "Inherit": "Devral",
  "Inherit from Group": "Gruptan Devral",
  "Inherited from Group": "Gruptan Devralındı",
  "Integration Env": "Bütünleştirme Ortamı",
  "Internal server error": "İç sunucu hatası",
  "Invitation sent to": "Davet gönderilen:",
  "Invite": "Davet Et",
  "Invite by Email": "E-postayla Davet Et",
  "Invite sent on": "Davet gönderilme tarihi",
  "Invoice": "Fatura",
  "Invoice Details": "Fatura Ayrıntıları",
  "Invoices": "Faturalar",
  "Invoices for": "Şunun için faturalar:",
  "Is Enabled": "Etkin mi?",
  "Is Trial": "Deneme mi?",
  "IT": "BT",
  "It is valid until {{expiry}}.": "{{expiry}} tarihine kadar geçerli.",
  "Items": "Öğeler",
  "Join Workspace Meetings": "Workspace Toplantılarına Katıl",
  "Kanban": "Kanban",
  "Kanban View": "Kanban Görünümü",
  "Kudos Boards": "Kudos Boards",
  "Kudos Boards - Terms & Conditions": "Kudos Boards - Hüküm ve Koşullar",
  "Kudos Boards API": "Kudos Boards API'si",
  "Kudos Boards cannot be added as a tab until an administrator approves required functionality": "Kudos Boards, gerekli işlevler bir yönetici tarafından onaylanana kadar sekme olarak eklenemez",
  "Kudos Boards has been updated in the background. Please reload the app!": "Kudos Boards arka planda güncelleştirildi. Lütfen uygulamayı yeniden yükleyin!",
  "Kudos Partner Reference Code (optional)": "Kudos Ortağı Referans Kodu (isteğe bağlı)",
  "Kudos Team Name": "Kudos Ekip Adı",
  "Label deleted": "Etiket silindi",
  "Labels": "Etiketler",
  "Last Accessed": "Son Erişim",
  "Last Licence Expired on": "Son Lisans Süresinin Dolma Tarihi",
  "Later This Month": "Bu Ay Daha Sonra",
  "Later This Week": "Bu Hafta Daha Sonra",
  "Layout": "Düzen",
  "Leave Board": "Panodan Ayrıl",
  "Licence Assigned": "Lisans Atandı",
  "Licence Details": "Lisans Ayrıntıları",
  "Licence expired": "Lisans süresi doldu",
  "Licence Type": "Lisans Türü",
  "Licences": "Lisanslar",
  "Licenses": "Lisanslar",
  "Licensing": "Lisanslama",
  "Limit": "Sınır",
  "Line": "Çizgi",
  "Line Items": "Satır Öğeleri",
  "Lines in file:": "Dosyadaki satırlar:",
  "Link": "Bağlantı",
  "Link Accounts": "Hesapları Bağla",
  "Link another account": "Başka bir hesabı bağlayın",
  "Link another Kudos Boards account": "Başka bir Kudos Boards hesabını bağlayın",
  "Link Exists": "Bağlantı Mevcut",
  "Link to Board": "Panoya Bağlantı",
  "Link to Card, List or Board": "Kart, Liste veya Panoya Bağlantı",
  "Link to File": "Dosyaya Bağlantı",
  "Link to Folder": "Klasöre Bağlantı",
  "Link {{provider}} with the current account": "{{provider}} ile geçerli hesap arasında bağlantı kurun",
  "Linked Accounts": "Bağlantılı Hesaplar",
  "Linked Groups": "Bağlantılı Gruplar",
  "Links": "Bağlantılar",
  "Links & Attachments": "Bağlantılar ve Ekler",
  "List": "Liste",
  "List all Boards": "Tüm Panoları Listele",
  "List Name": "Liste Adı",
  "List View": "Liste Görünümü",
  "Lists": "Listeler",
  "Lite": "Yalın",
  "Local": "Yerel",
  "Logging in, please wait...": "Oturum açılıyor, lütfen bekleyin...",
  "Login": "Oturum Aç",
  "Logout": "Oturum Kapat",
  "Look in": "Burada ara:",
  "Make the most of your Kudos Boards Premium Preview": "Kudos Boards Premium Önizlemesinden en iyi şekilde yararlanın",
  "Manage Org": "Kuruluşu Yönet",
  "Manage Payments": "Ödemeleri Yönet",
  "Mark Board as Complete": "Panoyu Tamamlandı Olarak İşaretle",
  "Mark Board as Incomplete": "Panoyu Tamamlanmadı Olarak İşaretle",
  "Mark Complete": "Tamamlandı Olarak İşaretle",
  "Mark Incomplete": "Tamamlanmadı Olarak İşaretle",
  "Marketing": "Pazarlama",
  "Match All Filters": "Tüm Süzgeçleri Eşleştir",
  "Meeting": "Toplantı",
  "Members": "Üyeler",
  "Merge": "Birleştir",
  "Microsoft Office365": "Microsoft Office365",
  "Migrate ALL ({{num}})": "({{num}}) Adedin TÜMÜNÜ Geçir",
  "Migrate Selected ({{num}})": "Seçili ({{num}}) Adedi Geçir",
  "Mind Map": "Mind Map",
  "MindMap": "MindMap",
  "Mindmap": "Mindmap",
  "Mindmap View": "Mindmap Görünümü",
  "Minimum number of users for the selected licence type is {{minimumSeats}}": "Seçili lisans türü için minimum kullanıcı sayısı: {{minimumSeats}}",
  "Mirror": "Yansıt",
  "Modified": "Değiştirme",
  "Modify": "Değiştir",
  "Modify Licence": "Lisansı Değiştir",
  "Monday": "Pazartesi",
  "monthly": "aylık",
  "Monthly": "Aylık",
  "More": "Diğer",
  "Move": "Taşı",
  "Move and Open": "Taşı ve Aç",
  "Move Card": "Kartı Taşı",
  "Move List": "Listeyi Taşı",
  "Move To Another Board": "Başka Bir Panoya Taşı",
  "Move to another list or parent card": "Başka bir listeye veya üst karta taşı",
  "My": "Bana Ait",
  "My Account": "Hesabım",
  "My Activities": "Etkinliklerim",
  "My Boards": "Panolarım",
  "My Subscriptions": "Aboneliklerim",
  "My Templates": "Şablonlarım",
  "My Todos": "Yapılacak İşlerim",
  "Name": "Ad",
  "Name on Card": "Karttaki Ad",
  "Named Users": "Adlandırılan Kullanıcılar",
  "Named Users Licence": "Adlandırılan Kullanıcılar Lisansı",
  "Never": "Hiçbir zaman",
  "New Board": "Yeni Pano",
  "New card created, however the search filter currently applied is preventing it from being displayed": "Yeni kart oluşturuldu, ancak şu anda uygulanan süzgeç bu kartın görüntülenmesini engelliyor",
  "New cards created as tasks on enter key press": "Yeni kartlar, Enter tuşuna basıldığında görev olarak oluşturulur",
  "New Client": "Yeni İstemci",
  "New Client Licence": "Yeni İstemci Lisansı",
  "New Credit Card": "Yeni Kredi Kartı",
  "New Label": "Yeni Etiket",
  "New Label Text": "Yeni Etiket Metni",
  "New Licence": "Yeni Lisans",
  "New Since Last Week": "Geçen Haftadan Beri Eklenen Yeniler",
  "New Sub-Card": "Yeni Alt Kart",
  "New Tab": "Yeni Sekme",
  "New Template": "Yeni Şablon",
  "New User Licence": "Yeni Kullanıcı Lisansı",
  "Next": "Sonraki",
  "Next Invoice Amount: {{nextAmount}}": "Sonraki Fatura Tutarı: {{nextAmount}}",
  "Next Invoice Date: {{date}}": "Sonraki Fatura Tarihi: {{date}}",
  "Next Payment": "Sonraki Ödeme",
  "Next Payment Attempt": "Sonraki Ödeme Denemesi",
  "Next Payment: {{{date}}}": "Sonraki Ödeme: {{{date}}}",
  "Next Week": "Gelecek Hafta",
  "No": "Hayır",
  "No action available": "Kullanılabilir eylem yok",
  "No Active Meetings found. Click below to go to a Workspace": "Etkin Toplantı bulunamadı. Bir Çalışma Alanına gitmek için aşağıyı tıklatın",
  "No Activities found": "Etkinlik bulunamadı",
  "No Archived items to show": "Gösterilecek Arşivlenmiş öğe yok",
  "No Assignment": "Atama Yok",
  "No boards found for this group": "Bu grup için pano bulunamadı",
  "No Boards found.": "Pano bulunamadı.",
  "No boards yet, please create one first": "Henüz pano yok, lütfen ilk önce bir pano oluşturun",
  "No clients found": "İstemci bulunamadı",
  "No Colour": "Renk Yok",
  "No Date": "Tarih Yok",
  "No files found": "Dosya bulunamadı",
  "No folders found": "Klasör bulunamadı",
  "No Group": "Grup Yok",
  "No invoices to display": "Görüntülenecek fatura yok",
  "No items were selected": "Öğe seçilmedi",
  "No Label": "Etiket Yok",
  "No label": "Etiket yok",
  "No labels defined": "Etiket tanımlanmadı",
  "No licences available. Functionality will be limited for new users.": "Kullanılabilir lisans yok. Yeni kullanıcılara sunulan işlevsellik sınırlı olacak.",
  "No licences found": "Lisans bulunamadı",
  "No licences to show": "Gösterilecek lisans yok",
  "No organisations found": "Kuruluş bulunamadı",
  "No pinned boards": "Sabitlenmiş pano yok",
  "No Pinned Boards found.": "Sabitlenmiş Pano bulunamadı.",
  "No Recent Boards found.": "Son Pano bulunamadı.",
  "No user trials found": "Kullanıcı denemesi bulunamadı",
  "No users found": "Kullanıcı bulunamadı",
  "No users to show": "Gösterilecek kullanıcı yok",
  "None": "Yok",
  "North America": "Kuzey Amerika",
  "Not Licensed": "Lisanslı Değil",
  "Not Supported": "Desteklenmiyor",
  "Note that file security is managed by {{provider}}, not by Kudos Boards": "Dosya güvenliğinin Kudos Boards değil {{provider}} tarafından yönetildiğini unutmayın",
  "Nothing to show": "Gösterilecek şey yok",
  "Number of Attempts": "Deneme Sayısı",
  "Number of cards": "Kart sayısı",
  "Number of Expired Licences": "Süresi Dolmuş Lisans Sayısı",
  "Number of Users": "Kullanıcı Sayısı",
  "Number of Valid Licences": "Geçerli Lisans Sayısı",
  "oAuth Client ID": "oAuth İstemci Kimliği",
  "OAuth Client ID": "OAuth İstemci Kimliği",
  "OAuth Client Secret": "OAuth İstemci Parolası",
  "oAuth Client Secret": "oAuth İstemci Parolası",
  "ok": "tamam",
  "OK": "Tamam",
  "Only Entries": "Yalnızca Girdiler",
  "Only the members of this board will be able to see and access this board.": "Yalnızca bu panonun üyeleri panoyu görüp panoya erişebilecek.",
  "Only Todos": "Yalnızca Yapılacak İşler",
  "Open": "Aç",
  "Open Board Options": "Pano Seçeneklerini Aç",
  "Open Boards in:": "Panoları Şurada Aç:",
  "Open in Boards": "Panolarda Aç",
  "Open Licence": "Lisansı Aç",
  "Open this board": "Bu panoyu aç",
  "Opt in below to receive tips and tricks from the Kudos Boards team to make the most of your premium preview.": "Kudos Boards ekibinden premium önizlemenizden en iyi şekilde yararlanmanızı sağlayacak ipuçları ve püf noktaları almak için aşağıda katılmayı seçin.",
  "Order": "Sırala",
  "Order Summary": "Sipariş Özeti",
  "Order via ISW Partner": "ISW Üzerinden Sipariş Et",
  "Org Administration": "Kuruluş Yönetimi",
  "Organisation": "Kuruluş",
  "Organisation Name": "Kuruluş Adı",
  "Organisations": "Kuruluşlar",
  "Organise any project productively using the classic Todo, Doing, Done methodology": "Geleneksel Yapılacak İş, Yapılıyor, Bitti yöntemini kullanarak dilediğiniz projeyi üretken bir şekilde düzenleyin",
  "Our Terms & Conditions have changed": "Hüküm ve Koşullarımız değişti",
  "Overdue": "Süresi Dolan",
  "owner": "sahip",
  "Owner": "Sahip",
  "Owners": "Sahipler",
  "Page Not Found": "Sayfa Bulunamadı",
  "Paid": "Ödendi",
  "Paste link or drop file to upload": "Karşıya yüklemek için bağlantıyı yapıştırın veya dosyayı bırakın",
  "Payment Method": "Ödeme Yöntemi",
  "Period": "Nokta",
  "Person": "Kişi",
  "Pin Board": "Panoyu Sabitle",
  "Pinned": "Sabitlendi",
  "Pinned Boards": "Sabitlenen Panolar",
  "Pinned boards": "Sabitlenen panolar",
  "Plan and collaborate on tasks on a weekly basis": "Haftalık olarak görevleri planlayın ve görevler üzerinde işbirliği yapın",
  "Please approve the Kudos Boards app to allow it to be added as a tab.": "Kudos Boards uygulamasının sekme olarak eklenebilmesi için lütfen uygulamayı onaylayın.",
  "Please approve the Kudos Boards app to use advanced features.": "Gelişmiş özellikleri kullanabilmek için lütfen Kudos Boards uygulamasını onaylayın.",
  "Please contact your Administrator": "Lütfen Yöneticinize başvurun",
  "Please contact your IBM Connections Admin to purchase a licence.": "Lisans satın almak için lütfen IBM Connections Yöneticinize başvurun.",
  "Please ensure you login with the same Office 365 user account as you are using in Microsoft Teams": "Lütfen Microsoft Teams için kullandığınız Office 365 kullanıcı hesabıyla oturum açtığınızdan emin olun",
  "Please enter a board name": "Lütfen bir pano adı girin",
  "Please enter a valid email address": "Lütfen geçerli bir e-posta adresi girin",
  "Please enter a valid URL": "Lütfen geçerli bir URL girin",
  "Please enter the number of users in your Connections Cloud Organisation": "Lütfen Connections Cloud Kuruluşunuzdaki kullanıcıların sayısını girin",
  "Please enter the number of users you wish to name under this licence": "Lütfen bu lisans kapsamında belirtmek istediğiniz kullanıcıların sayısını girin",
  "Please read our Terms & Conditions": "Lütfen Hüküm ve Koşullarımızı okuyun",
  "Please reload the page and try again, if this issue persists please let us know": "Sayfayı yeniden yükleyip tekrar deneyin, bu sorun devam ederse lütfen bizi bilgilendirin",
  "Please review your licences here": "Lütfen lisanslarınızı burada gözden geçirin",
  "Please see the <a href='{{url}}'>new board</a>": "Lütfen <a href='{{url}}'>yeni panoya</a> göz atın",
  "Please sign in": "Lütfen oturum açın",
  "Please start a trial to use Boards in your {{provider}} organisation": "{{provider}} kuruluşunuzda Panoları kullanmak için lütfen bir deneme başlatın",
  "Position": "Konum",
  "Post": "Gönder",
  "Premium": "Premium",
  "Premium Preview Status": "Premium Önizleme Durumu",
  "Preview": "Önizleme",
  "Preview available": "Önizleme mevcut",
  "Previous": "Önceki",
  "Pricing": "Fiyatlandırma",
  "primary": "birincil",
  "Primary": "Birincil",
  "Print": "Yazdır",
  "Private (me only)": "Özel (yalnızca ben)",
  "Product Information": "Ürün Bilgileri",
  "Product Version": "Ürün Sürümü",
  "Provider": "Sağlayıcı:",
  "Provider not supported": "Sağlayıcı desteklenmiyor",
  "Public": "Genel",
  "Public Access": "Genel Erişim",
  "Public Activities": "Genel Etkinlikler",
  "Public Boards": "Genel Panolar",
  "Public Templates": "Genel Şablonlar",
  "Quarterly": "Üç Ayda Bir",
  "Questions": "Sorular",
  "Quick Edit": "Hızlı Düzenleme",
  "Radial": "Radyal",
  "RE-CENTER": "YENİDEN ORTALA",
  "Reactivate Licence": "Lisansı Yeniden Etkinleştir",
  "reader": "okuyucu",
  "Reader": "Okuyucu",
  "Recent": "Yeni",
  "Recent boards": "Son panolar",
  "Recent Boards": "Son Panolar",
  "Recurring Amount Due: {{recurring}}": "Ödenmesi Gereken Yinelenen Tutar: {{recurring}}",
  "Redeeming Invitation...": "Davet Kullanılıyor...",
  "Redirecting to Connections Cloud...": "Connections Cloud'a yönlendiriliyor...",
  "Redirecting to Watson Workspace...": "Watson Workspace'e yönlendiriliyor...",
  "Refresh": "Yenile",
  "Region": "Bölge",
  "Reload": "Yeniden Yükle",
  "Remaining ({{num}})": "Kalan ({{num}})",
  "Remove Admin": "Yöneticiyi Kaldır",
  "Remove Client": "İstemciyi Kaldır",
  "Remove Invite": "Daveti Kaldır",
  "Remove Licence": "Lisansı Kaldır",
  "Replace": "Değiştir",
  "Resend Invite": "Daveti Yeniden Gönder",
  "Reset": "Sıfırla",
  "Restore": "Geri Yükle",
  "Restore Card": "Kartı Geri Yükle",
  "Restore items": "Öğeleri geri yükle",
  "Restore List": "Listeyi Geri Yükle",
  "Restore mode": "Modu geri yükle",
  "Reverse": "Ters",
  "Revoke All": "Tümünü İptal Et",
  "Revoke Licence": "Lisansı İptal Et",
  "Role": "Rol",
  "Roles": "Roller",
  "Rows": "Satırlar",
  "Sales": "Satış",
  "Save": "Kaydet",
  "Save card for future purchases": "Gelecekteki satın alma işlemleri için kartı kaydedin",
  "Save Changes": "Değişiklikleri Kaydet",
  "Save link": "Bağlantıyı kaydet",
  "Scroll To": "Şuraya Kaydır:",
  "Search": "Ara",
  "Search All Templates": "Tüm Şablonlarda Ara",
  "Search this view": "Bu görünümde arama yap",
  "Search...": "Ara...",
  "Select a Board": "Pano Seç",
  "Select board": "Pano seç",
  "Select Board": "Pano Seç",
  "Select Board Label": "Pano Etiketi Seç",
  "Select Card Colours": "Kart Renkleri Seç",
  "Select Colour": "Renk Seç",
  "Select Colours": "Renkleri Seç",
  "Select Destination Board": "Hedef Pano Seç",
  "Select destination folder": "Hedef klasör seç",
  "Select File": "Dosya Seç",
  "Select Folder": "Klasör Seç",
  "Select items for delete": "Silinecek öğeleri seçin",
  "Select items for restore": "Geri yüklenecek öğeleri seçin",
  "Select List or Card": "Liste veya Kart Seç",
  "Select the boards below that you would like to transfer membership over to your primary ({{toName}}) account": "Üyeliği birincil ({{toName}}) hesabınıza aktarmak istediğiniz panoları aşağıdan seçin",
  "Selected Activity": "Seçili Etkinlik",
  "Send an email notifying each member that the Activity has been migrated to a Board.": "Etkinliğin bir Panoya geçirildiğini her üyeye bildiren bir e-posta gönderin.",
  "Send Invitation": "Davet Gönder",
  "Send Notification Email to Members": "Üyelere Bildirim E-postası Gönder",
  "Sending invitations": "Davetiyeler gönderiliyor",
  "Set as primary account": "Birincil hesap olarak ayarla",
  "Set Dates": "Tarihleri Ayarla",
  "Set enter key press action to create a task when creating new cards in a list.": "Bir listede yeni kart oluştururken görev oluşturmak için Enter tuşuna basma eylemi ayarlayın.",
  "Setup Subscription": "Aboneliği Ayarla",
  "Share with": "Paylaşılacak kişi",
  "Shared by me": "Paylaştıklarım",
  "Shared with me": "Benimle paylaşılanlar",
  "Show": "Göster",
  "Show all ancestors": "Tüm kökenleri göster",
  "Show all boards for this team": "Bu ekibe ait tüm panoları göster",
  "Show Board Menu": "Pano Menüsünü Göster",
  "Show Filter Options": "Süzgeç Seçeneklerini Göster",
  "Show Less": "Daha Az Göster",
  "Show Licences for your organisation": "Kuruluşunuza ait Lisansları görüntüleyin",
  "Show More": "Daha Fazla Göster",
  "Show on Card": "Kartta Göster",
  "Show previous comments": "Önceki yorumları göster",
  "Show previous links & attachments": "Önceki bağlantıları ve ekleri göster",
  "Show Sub-cards": "Alt kartları göster",
  "Sign In": "Oturum Aç",
  "Sign in with": "Oturum açma kimliği",
  "SIGN IN WITH:": "OTURUM AÇMA KİMLİĞİ:",
  "Sign Out": "Oturumu Kapat",
  "Sign Out of Kudos Boards": "Kudos Boards Oturumunu Kapat",
  "Signing in...": "Oturum açılıyor...",
  "Signing out...": "Oturum kapatılıyor...",
  "Smartcloud": "Smartcloud",
  "Something went wrong.": "Bir sorun oluştu.",
  "Source Board/Template": "Kaynak Pano/Şablon",
  "Source Template": "Kaynak Şablon",
  "Specific Board": "Belirli Şablon",
  "Start a Trial": "Deneme Başlat",
  "Start a trial or purchase a subscription to start creating boards": "Pano oluşturmaya başlamak için bir deneme başlatın veya bir abonelik satın alın",
  "Start Boards Premium Preview": "Boards Premium Önizlemesini Başlat",
  "Start Date": "Başlangıç Tarihi",
  "Start Free Trial": "Ücretsiz Deneme Başlat",
  "Start my trial": "Denememi başlat",
  "Start Now": "Şimdi Başlat",
  "Start page updated": "Başlangıç sayfası güncelleştirildi",
  "Start Page:": "Başlangıç Sayfası:",
  "Starting Balance": "Başlangıç Bakiyesi",
  "Starting View": "Başlangıç Görünümü",
  "Status": "Durum",
  "Step": "Adım",
  "Sub Cards": "Alt Kartlar",
  "Sub Tasks": "Alt Görevler",
  "Submit": "Gönder",
  "Subscription": "Abonelik",
  "Subscription expired.": "Abonelik süresi doldu.",
  "Subtotal": "Alt Toplam",
  "Summary": "Özet",
  "Support for browsers is currently limited.  This browser is not yet supported. <br>Please use one of the following browsers:": "Tarayıcı desteği şu anda sınırlıdır. Bu tarayıcı henüz desteklenmemektedir. <br>Lütfen şu tarayıcılardan birini kullanın:",
  "Tab Content": "Etiket İçeriği",
  "Tab Name": "Sekme Adı",
  "Tags": "Etiketler",
  "Tags (optional)": "Etiketler (isteğe bağlı)",
  "Take away meaningful and collaborative notes from any meeting!": "Her toplantıda anlamlı ve işbirliğine dayalı notlar elde edin!",
  "Task": "Görev",
  "Team Boards": "Ekip Panoları",
  "Team Name": "Ekip Adı",
  "Team Name is used as a method to log in to certain authentication providers. e.g. Auth0": "Ekip Adı, Auth0 gibi belirli kimlik doğrulama sağlayıcılarında oturum açma yöntemi olarak kullanılır",
  "Template": "Şablonu",
  "Templates": "Şablonlar",
  "Templates tagged with": "Şablon etiketi",
  "Text": "Metin",
  "Text Mode": "Metin Modu",
  "That can't be pasted there.": "Bu, oraya yapıştırılamaz.",
  "The board has been deleted": "Pano silindi",
  "The files below cannot be uploaded to Kudos Boards as they are larger than the limit of {{limit}}": "Aşağıdaki dosyalar, {{limit}} sınırının üzerinde olduklarından Kudos Boards'a yüklenemez",
  "The following links have already been added to this card:": "Aşağıdaki bağlantılar bu karta zaten eklendi:",
  "The invite was resent to": "Davet şuraya yeniden gönderildi:",
  "The selected board(s) were successfully transferred": "Seçili panolar başarıyla aktarıldı",
  "The selected items have been deleted": "Seçili öğeler silindi",
  "The selected items have been restored": "Seçili öğeler geri yüklendi",
  "There was an error when uploading the file. Server response: ": "Dosya yüklenirken bir hata oluştu. Sunucu yanıtı: ",
  "This Activity has been migrated to Kudos Boards": "Bu Etkinlik, Kudos Boards'a geçirildi",
  "This billing cycle affords a {{discount}}% discount": "Bu faturalama döngüsünde %{{discount}} indirim sunuluyor",
  "This Board": "Bu Pano",
  "This Board is available with AUTHOR access to everyone across all organisations.": "Bu Pano, tüm kuruluşlardaki herkes tarafından YAZAR erişimiyle kullanılabilir.",
  "This Board is available with EDITOR access to everyone across all organisations.": "Bu Pano, tüm kuruluşlardaki herkes tarafından DÜZENLEYİCİ erişimiyle kullanılabilir.",
  "This Board is in one or more Groups": "Bu Pano, bir veya daha fazla Gruba dahil",
  "This Board is read-only to everyone across all organisations.": "Bu Pano, tüm kuruluşlardaki herkes tarafından salt okunabilir",
  "This Board will be visible to everyone in your organisation. <br>Non-members can create new content and edit their own content.": "Bu Pano, kuruluşunuzdaki herkese görünür olacak. <br>Üye olmayan kişiler, yeni içerik oluşturabilir ve kendi içeriklerini düzenleyebilir.",
  "This Board will be visible to everyone in your organisation. <br>Non-members can only view the board's contents.": "Bu Pano, kuruluşunuzdaki herkese görünür olacak. <br>Üye olmayan kişiler, yalnızca panonun içeriklerini görüntüleyebilir.",
  "This Board will be visible to everyone in your organisation. <br>Please note: This access level allows non-members to edit <b>all</b> board content.": "Bu Pano, kuruluşunuzdaki herkese görünür olacak. <br>Lütfen unutmayın: Bu erişim düzeyi, üye olmayan kişilerin <b>tüm</b> pano içeriklerini düzenleyebilmesine olanak sağlar.",
  "This card will be restored with its parent": "Bu kart, üst öğesiyle geri yüklenecek",
  "This Community": "Bu Topluluk",
  "This feature is coming soon!": "Bu özellik yakında kullanıma sunulacak!",
  "This feature is currently not supported by the IBM Connections Cloud API": "Bu özellik, şu anda IBM Connections Cloud API'si tarafından desteklenmiyor",
  "This field is required": "Bu alan zorunludur",
  "This invoice has been closed. Payment will not be automatically attempted again. Contact support for more information": "Bu fatura kapatıldı. Ödeme işlemi otomatik olarak yeniden denenmeyecek. Daha fazla bilgi için destek birimiyle iletişim kurun",
  "This is a Free trial of Kudos Boards and will expire in {{numDays}} day(s).": "Bu Ücretsiz bir Kudos Boards denemesi ve {{numDays}} gün içinde sona erecek.",
  "This is a read-only preview of this Activity. Import to Boards for full functionality": "Bu Etkinliğin salt okunur önizlemesidir. Tam işlevsellik için Boards'a alın",
  "This licence grants access to a set number of users as they use the app. You may view the user-licences already assigned.": "Bu lisans, uygulamayı kullanan belirli sayıda kullanıcıya erişim izni sağlar. Zaten atanmış olan kullanıcı lisanslarını görüntüleyebilirsiniz.",
  "This licence has been cancelled.": "Bu lisans iptal edildi.",
  "This licence only grants access to a selected group of named users. Access will not be granted to users not named by the Org Admins. You can view and edit the named users from the Admin settings.": "Bu lisans, yalnızca seçili bir grup adlandırılmış kullanıcıya erişim izni sağlar. Kuruluş Yöneticileri tarafından adlandırılmamış kullanıcılara erişim izni verilmez. Adlandırılmış kullanıcıları Yönetici ayarlarından görüntüleyebilir ve düzenleyebilirsiniz.",
  "This option is only available when paying by credit card": "Bu seçenek yalnızca kredi kartıyla ödeme yaparken kullanılabilir",
  "This option is only editable if paying by credit card": "Bu seçenek yalnızca kredi kartıyla ödeme yaparken düzenlenebilir",
  "This team account is already linked": "Bu ekip hesabı zaten bağlantılı",
  "This will go to your provider for an administrator to approve access to Kudos Boards": "Bu, bir yöneticinin Kudos Boards erişimini onaylaması için sağlayıcınıza gönderilecek",
  "This will permanently delete the board and all its data, are you sure?": "Bu işlem, panoyu ve tüm verilerini kalıcı olarak silecek. Bunu istediğinizden emin misiniz?",
  "This will remove this data permanently from the board, are you sure?": "Bu işlem, bu verileri panodan kalıcı olarak kaldıracak. Bunu istediğinizden emin misiniz?",
  "Thursday": "Perşembe",
  "Tile Colours": "Döşeme Renkleri",
  "Timeline": "Zaman Tüneli",
  "Timeline View": "Zaman Tüneli Görünümü",
  "Title": "Başlık",
  "to go to Connections Cloud, then access Kudos Boards via the link in the 'Apps' menu.": "Connections Cloud'a gidip 'Uygulamalar' menüsündeki bağlantıyı kullanarak Kudos Boards'a erişin.",
  "To interact with this card the parent will need to be restored": "Bu kartla etkileşimli çalışmak için üst öğenin geri yüklenmesi gerekir",
  "To unselect this card you will need to unselect its parent": "Bu kartın seçimini kaldırmak için üst öğesinin seçimini kaldırmanız gerekir",
  "to view this content": "bu içeriği görüntülemek için",
  "Today": "Bugün",
  "Todo": "Yapılacak İşler",
  "Todos": "Yapılacak İşler",
  "Todos by Date": "Tarihe Göre Yapılacak İşler",
  "Todos by Due Date": "Son Tarihe Göre Yapılacak İşler",
  "Toggle Completion": "Tamamlamayı Aç/Kapat",
  "Toggle Editor": "Düzenleyiciyi Aç/Kapat",
  "Toggle Sidebar": "Kenar Çubuğunu Aç/Kapat",
  "Tomorrow": "Yarın",
  "Total": "Toplam",
  "Transfer Board Membership": "Pano Üyeliğini Aktar",
  "Transfer Membership": "Üyeliği Aktar",
  "TRIAL": "DENEME",
  "Trial": "Deneme",
  "Trial End Date: {{trialEnd}}": "Deneme Bitiş Tarihi: {{trialEnd}}",
  "Trial expired": "Deneme süresi doldu",
  "Trial expired.": "Deneme süresi doldu.",
  "Trial extended {{extensions}} time(s)": "Deneme {{extensions}} kez uzatıldı",
  "Try again": "Yeniden deneyin",
  "Tuesday": "Salı",
  "Type": "Tip",
  "Type to filter archive": "Arşivi süzmek için yazın",
  "Type to filter list": "Listeyi süzmek için yazın",
  "Type to filter members": "Üyeleri süzmek için yazın",
  "Type to search": "Aramak için yazın",
  "Unassigned": "Atanmamış",
  "Undo": "Geri Al",
  "UNDO": "GERİ AL",
  "Unit price: {{unitPrice}} per user": "Birim fiyat: kullanıcı başına {{unitPrice}}",
  "Unknown Connections Cloud organisation. Redirecting...": "Bilinmeyen Connections Cloud kuruluşu. Yeniden yönlendiriliyor...",
  "Unknown Team": "Bilinmeyen Ekip",
  "Unlimited": "Sınırsız",
  "Unlink account": "Hesap bağlantısını kaldır",
  "Unlink Board": "Pano Bağlantısını Kaldır",
  "Unlink {{fromName}} Account": "{{fromName}} Hesabının Bağlantısını Kaldır",
  "Unlock Kudos Boards Premium Preview": "Kudos Boards Premium Önizlemesinin Kilidini Aç",
  "Unpaid": "Ödenmemiş",
  "Unpin Board": "Panoyu Serbest Bırak",
  "Unscheduled cards": "Zamanlanmamış kartlar",
  "Update": "Güncelleştir",
  "Updated": "Güncelleştirildi",
  "Updated Since Last Accessed": "Son Erişimden Beri Güncelleştirildi",
  "Updated {{ date }}": "Güncelleştirme: {{ date }}",
  "Updating...": "Güncelleştiriliyor...",
  "Upload": "Karşıya Yükle",
  "Upload file from computer": "Bilgisayarınızdan dosyayı karşıya yükleyin",
  "Upload to Kudos Boards": "Kudos Boards'a Yükle",
  "Upload Users": "Kullanıcı Yükle",
  "Upload Users from CSV": "CSV'den Kullanıcı Yükle",
  "uploaded successfully": "başarıyla karşıya yüklendi",
  "Uploading file:": "Dosya yükleniyor:",
  "URL": "URL",
  "URL of Connections header frame (optional)": "Connections üstbilgi çerçevesinin URL'si (isteğe bağlı)",
  "Use another file service": "Başka bir dosya hizmeti kullanın",
  "Use current account": "Geçerli hesabı kullan",
  "Use Email": "E-posta Kullan",
  "Use the Kudos Boards File Attachment Service for attaching files to cards": "Kartlara dosya eklemek için Kudos Boards Dosya Ekleme Hizmetini kullanın",
  "Use {{provider}} instead": "Bunun yerine {{provider}} sağlayıcısını kullanın",
  "Used": "Kullanılan",
  "User": "Kullanıcı",
  "User Emails": "Kullanıcı E-postaları",
  "User ExternalID": "Kullanıcı Dış Kimliği",
  "User Licences": "Kullanıcı Lisansları",
  "User Options": "Kullanıcı Seçenekleri",
  "User Trials": "Kullanıcı Denemeleri",
  "User upload success!": "Kullanıcı karşıya yükleme işlemi başarılı!",
  "Username": "Kullanıcı adı",
  "Users": "Kullanıcılar",
  "Users may need to be added to the destination board to maintain access to their assigned todos.": "Kullanıcıların atanmış yapılacak işlerine erişmeye devam edebilmeleri için hedef panoya eklenmeleri gerekebilir.",
  "Users: {{num}}": "Kullanıcı sayısı: {{num}}",
  "Vertical": "Dikey",
  "View": "Görünüm",
  "View and Accept ↗": "Görüntüle ve Kabul Et ↗",
  "View Details": "Ayrıntıları Görüntüle",
  "View licences": "Lisansları Görüntüle",
  "View subscriptions": "Abonelikleri görüntüle",
  "View Subscriptions": "Abonelikleri Görüntüle",
  "Want to know more?": "Daha fazla bilgi edinmek ister misiniz?",
  "Warning: you are not authorised to add members in this board": "Uyarı: Bu panoya üye ekleme yetkiniz yok",
  "We found one board linked your {{fromName}} user account. Once you unlink the account you may no longer have access to this board.": "{{fromName}} kullanıcı hesabınızla bağlantılı bir pano bulduk. Hesabın bağlantısını kaldırırsanız bu panoya artık erişemeyebilirsiniz.",
  "We found {{count}} boards linked to your {{fromName}} user account. Once you unlink the account you may no longer have access to these boards.": "{{fromName}} kullanıcı hesabınızla bağlantılı {{count}} pano bulduk. Hesabın bağlantısını kaldırırsanız bu panolara artık erişemeyebilirsiniz.",
  "We recommended you change the widget title from the actions menu above": "Yukarıdaki eylem menüsünden pencere aracı başlığını değiştirmenizi öneririz",
  "Wednesday": "Çarşamba",
  "Weekdays": "Hafta İçi Günler",
  "Welcome": "Hoş Geldiniz",
  "Welcome to Kudos Boards": "Kudos Boards'a Hoş Geldiniz",
  "When you unlock Kudos Boards Premium View, your current Activities will immediately be available in Board, Timeline and MindMap view.": "Kudos Boards Premium Görünümünün kilidini açtığınızda mevcut Etkinlikleriniz anında Pano, Zaman Tüneli ve MindMap görünümlerinde kullanılabilir hale gelecek.",
  "Widget Settings": "Pencere Aracı Ayarları",
  "yearly": "yıllık",
  "Yearly": "Yıllık",
  "Yes": "Evet",
  "Yes Please": "Evet Lütfen",
  "You are in DELETE mode, select items to delete": "SİL modundasınız, silinecek öğeleri seçin",
  "You are in restore mode, select items to restore": "Geri yükleme modundasınız, geri yüklenecek öğeleri seçin",
  "You are not a direct member of this board. Please consider leaving any Groups that may be members of this board.": "Bu panonun doğrudan üyesi değilsiniz. Lütfen bu panonun üyesi olabilecek tüm Gruplardan ayrılın.",
  "You are not allowed to leave this Board. Please consider archiving board.": "Bu panodan ayrılma izniniz yok. Panoyu arşivlemeyi düşünebilirsiniz.",
  "You are not authorised to access this resource": "Bu kaynağa erişme yetkiniz yok",
  "You are not licensed to access this resource.": "Bu kaynağa erişim lisansınız yok.",
  "You are the only owner of this board. Please consider adding other owners or archiving this board instead.": "Bu panonun tek sahibisiniz. Başka sahipler eklemeyi veya bu panoyu arşivlemeyi düşünebilirsiniz.",
  "You can enhance your workflow by unlocking Kudos Boards Premium Preview. In addition to your Activities view, you’ll also be able to work in the Boards, Timeline and Mind Map views!": "Kudos Boards Premium Önizlemesinin kilidini açarak iş akışınızı iyileştirebilirsiniz. Böylece, Etkinlikler görünümünüzün yanı sıra Panolar, Zaman Tüneli ve Mind Map görünümlerinde de çalışabilirsiniz!",
  "You have READ ONLY access to this Board": "Bu Panoya SALT OKUNUR erişiminiz var",
  "You have {{remaining}} day(s) remaining in your premium preview.": "Premium önizlemenizin bitmesine {{remaining}} gün kaldı.",
  "Your account's email address and other admin emails for your org ({{emails}}) are already included": "Hesabınızın e-posta adresi ve kuruluş ({{emails}}) için diğer yönetici e-postaları zaten dahil edildi",
  "Your api key for kudos boards is shown below": "Kudos Boards için API anahtarınız aşağıda gösterilmektedir",
  "Your changes have been saved": "Yaptığınız değişiklikler kaydedildi",
  "Your initial premium preview with {{orgName}} has expired. Click extend if you would like to continue access for an additional 30 days": "{{orgName}} ile ilk premium önizlemenizin süresi doldu. Erişimi 30 gün daha sürdürmek için Uzat seçeneğini tıklatın",
  "Your premium preview expires today.": "Premium önizlemenizin süresi bugün doluyor.",
  "Your premium preview has expired, Let your administrator know you'd like to continue using Kudos Boards Premium view.": "Premium önizlemenizin süresi doldu. Kudos Boards Premium görünümünü kullanmaya devam etmek istiyorsanız yöneticinizi bilgilendirin.",
  "Your session with {{provider}} has expired. Redirecting...": "{{provider}} oturumunuzun süresi doldu. Yeniden yönlendiriliyor...",
  "Your session with {{provider}} has expired. Some functionality (ie notifications, groups, files) will be restricted until you login again.": "{{provider}} oturumunuzun süresi doldu. Yeniden oturum açana kadar bazı işlevler (yani bildirimler, gruplar, dosyalar) kısıtlanacak.",
  "{{count}} more card(s) this way": "bu yolla {{count}} kart daha",
  "{{num}} users": "{{num}} kullanıcı",
  "{{quantity}} x subscriptions to '{{plan.name}}' ({{planPrice}} / {{plan.interval}})": "'{{plan.name}}' için {{quantity}} x abonelik ({{planPrice}} / {{plan.interval}})",
  "{{remaining}} days of trial remaining": "denemede {{remaining}} gün kaldı",
  "{{remaining}} days remaining in your premium preview.": "Premium önizlemenizde {{remaining}} gün kaldı.",
  "{{userTrialCount}} user(s) have started a trial of Kudos Boards Premium": "{{userTrialCount}} kullanıcı Kudos Boards Premium denemesine başladı"
}