{
  "": "",
  "'{{userName}}' will not be able to view the message because they cannot access this Board": "「{{userName}}」無法存取此公佈欄，因此無法檢視訊息",
  "(Copy Of) ": "（副本） ",
  "A problem occurred when creating invite": "建立邀請時發生問題",
  "A problem occurred when deleting node": "刪除節點時發生問題",
  "A problem occurred when getting a node": "取得節點時發生問題",
  "A problem occurred when redeeming invite": "兌換邀請時發生問題",
  "A problem occurred when removing invite": "移除邀請時發生問題",
  "A problem occurred when removing member": "移除成員時發生問題",
  "A problem occurred when saving invite": "儲存邀請時發生問題",
  "A problem occurred when saving member": "儲存成員時發生問題",
  "A problem occurred when saving node": "儲存節點時發生問題",
  "A problem occurred when updating invite": "更新邀請時發生問題",
  "A user with that email address already exists": "已存在相同電子郵件位址的使用者",
  "A user with that email address already exists as a member of this board": "此公佈欄的成員中已有相同電子郵件位址的使用者",
  "Accessed in the Last Month": "上個月存取過",
  "Accessed since": "在此之後存取過：",
  "Account Balance: {{credit}}": "帳戶餘額：{{credit}}",
  "Account Unlinked": "帳戶已解除鏈結",
  "Actions": "動作",
  "Active": "作用中",
  "Active Boards": "作用中公佈欄",
  "Active Workspace Meetings": "作用中工作區會議",
  "Activity": "活動",
  "Activity data is loading...": "正在載入活動資料...",
  "Activity Migration": "活動移轉",
  "Activity Name": "活動名稱",
  "Add": "新增",
  "Add a Card": "新增卡片",
  "Add a Comment": "新增評論",
  "Add a Description": "新增說明",
  "Add a List": "新增清單",
  "Add a list": "新增清單",
  "Add a Tag": "新增標籤",
  "Add an attachment or link": "新增附件或鏈結",
  "Add another": "新增另一個",
  "Add Attachment": "新增附件",
  "Add Bookmark": "新增書籤",
  "Add Client": "新增用戶端",
  "Add Custom Field": "新增自訂欄位",
  "Add file": "新增檔案",
  "Add individuals or groups as members, or invite by email": "將個人或群組新增為成員，或透過電子郵件邀請",
  "Add Label": "新增標籤",
  "Add label '{{filter}}'": "新增標籤「{{filter}}」",
  "Add Licence": "新增授權",
  "Add Member": "新增成員",
  "Add members": "新增成員",
  "Add Organisation": "新增組織",
  "Add people to your board or invite by email": "將人員新增到您的公佈欄中，或透過電子郵件邀請",
  "Add User": "新增使用者",
  "Admin approval failed": "管理員核准失敗",
  "Admin Users": "管理員使用者",
  "Administrator approval required.": "需要管理員核准。",
  "Administrators": "管理者",
  "Advanced": "進階",
  "Agenda": "議程",
  "All": "全部",
  "All Activities": "所有活動",
  "All Boards": "所有公佈欄",
  "All cards are scheduled.": "所有卡片都已排程。",
  "All Templates": "所有範本",
  "Allow Invite by Email": "允許透過電子郵件邀請",
  "Already linked": "已鏈結",
  "Amount": "金額",
  "Amount Due": "應付金額",
  "Amount Due Now: {{due}}": "目前應付金額：{{due}}",
  "Amount Paid": "已付金額",
  "An account of this type already linked": "已鏈結一個此類型的帳戶",
  "An invitation for the specified email address already exists on this board": "此公佈欄中已存在指定電子郵件位址的邀請",
  "and is already a member of this board": "且已是此公佈欄的成員",
  "Apply Template": "套用範本",
  "Approve": "核准",
  "Approve Advanced Features": "核准進階功能",
  "Archive": "保存",
  "Archive Card": "保存卡片",
  "Archive Cards in List": "保存清單中的卡片",
  "Archive List": "保存清單",
  "Archived": "已保存",
  "Archived Boards": "已保存的公佈欄",
  "Archived Templates": "已保存的範本",
  "Are you sure you want to cancel this licence? This will take effect at the end of the current period.": "確定要取消此授權嗎？此動作會在現行期間結束時生效。",
  "Are you sure you want to delete this licence? CAUTION: This will delete any associated credit card information": "確定要刪除此授權嗎？注意：這會刪除所有相關聯的信用卡資訊",
  "Are you sure you want to reactivate this licence?": "確定要重新啟動此授權嗎？",
  "Are you sure you want to unlink your {{provider}} account?": "確定要解除鏈結您的 {{provider}} 帳戶嗎？",
  "Are you sure you wish to leave '{{boardName}}'? This action cannot be undone by you.": "確定要離開「{{boardName}}」嗎？此動作無法由您復原。",
  "Are you sure?": "確定要新增嗎？",
  "Are You Sure?": "您確定嗎？",
  "Are you sure? This will reinstate the previous billing schedule": "這會恢復先前的計費排程，您確定嗎？",
  "Are you sure? This will take effect at the end of the current billing cycle": "這會在目前的計費週期結束時生效，您確定嗎？",
  "Asia Pacific": "亞太地區",
  "Assign Users": "指派使用者",
  "Assigned": "已指派",
  "Assigned to": "指派給",
  "Assigned To Me": "指派給我",
  "Assigned Users that will be added to the Destination Board": "將新增至目的地公佈欄中的已指派使用者",
  "Assignees": "受託人",
  "Assignments": "指派",
  "Attach": "附加",
  "Attachments": "附件",
  "Auth0 url": "Auth0 URL",
  "Authentication Clients": "認證用戶端",
  "Author": "作者",
  "author": "作者",
  "awaiting acceptance": "等待接受中",
  "Back": "上一步",
  "Back to Boards": "回到公佈欄",
  "Back to Colour Selection": "回到顏色選項",
  "Bad Request": "不當的要求",
  "Best viewed in fullscreen": "全螢幕檢視效果最佳",
  "Billing Cycle": "計費週期",
  "Billing period: {{interval}}": "收帳期間：{{interval}}",
  "Blank": "空白",
  "Board": "公佈欄",
  "Board Archive": "公佈欄保存",
  "Board Labels": "公佈欄標籤",
  "Board Members": "公佈欄成員",
  "Board Name": "公佈欄名稱",
  "Boards": "公佈欄",
  "Boards linked directly to this user": "公佈欄已直接鏈結到此使用者",
  "Boards linked through group membership": "公佈欄已透過群組成員資格鏈結",
  "Boards premium preview": "公佈欄高級預覽",
  "Bookmarks": "書籤",
  "Buy Licence": "購買授權",
  "Buy Online": "線上購買",
  "by": "依據",
  "Cancel": "取消",
  "Cancel Licence": "取消授權",
  "Cancelled": "已取消",
  "Cannot Leave Board": "無法離開公佈欄",
  "Card Name": "卡片名稱",
  "Card Number": "卡號",
  "Cards": "卡片",
  "Central Europe": "中歐",
  "Choose a board": "選擇公佈欄",
  "Choose a Template": "選擇範本",
  "Classic": "標準",
  "Clear Search": "清除搜尋",
  "Clear Selected": "清除選取項目",
  "Clear Selected Filters": "清除選取的過濾器",
  "Click for details": "按一下以取得詳細資料",
  "Click for more information about approving advanced features": "按一下以獲得有關核准進階功能的更多資訊",
  "Click here": "請按一下這裡",
  "Click here for details": "按一下這裡以取得詳細資料",
  "Click here for details.": "按一下這裡以取得詳細資料。",
  "Click here to buy a licence online or get a quote": "按一下此處線上購買授權或取得報價",
  "Click here to start a 30 day free trial for your organisation. Contact support for trials with more users.": "按一下此處讓您的組織開始免費試用 30 天。若需要讓更多使用者試用，請聯絡支援中心。",
  "Click to see more details": "按一下以查看更多詳細資料",
  "Client": "用戶端",
  "Clients": "用戶端",
  "Close": "關閉",
  "Close Activity After Import": "匯入後關閉活動",
  "Close Board Menu": "關閉公佈欄功能表",
  "Close the activity after the import has completed successfully. You can still access it through 'Trash'": "匯入順利完成後關閉活動，之後您仍可透過「垃圾桶」來存取活動",
  "Closed": "已關閉",
  "Collaborate on projects involving different departments": "在多部門參與的專案上協同合作",
  "Collapse": "收合",
  "Colour": "顏色",
  "Colour Labels": "顏色標籤",
  "Colour-Tags": "顏色標籤",
  "Colours": "顏色",
  "Column View": "直欄視圖",
  "Comments": "評論",
  "Community Activities": "社群活動",
  "Community Templates": "社群範本",
  "Complete Todos": "完成的待辦事項",
  "Completed": "已完成",
  "Configuration": "配置",
  "Confirm": "確認",
  "Confirmation Required": "需要確認",
  "Connections Cloud session expired. Click here to validate.": "Connections Cloud 階段作業已過期，按一下此處以驗證。",
  "Connections On-Premise": "Connections 內部部署",
  "Connections URL": "Connections URL",
  "Contact Email": "Contact Email",
  "Contact Name": "Contact Name",
  "Contact Support": "聯絡支援中心",
  "Contact your System Administrator for more information or email us at": "請聯絡系統管理員以獲得更多資訊，或寄送電子郵件到：",
  "Content": "內容",
  "Continue": "繼續",
  "Continue Without Transferring": "不傳送即繼續",
  "Convert into Entry": "轉換成項目",
  "Convert into Todo": "轉換成待辦事項",
  "Copy embed code": "複製內嵌代碼",
  "Copy embed code to clipboard": "將內嵌代碼複製到剪貼簿",
  "Create": "建立",
  "Create a new board": "建立新的公佈欄",
  "Create Board": "建立公佈欄",
  "Create Board from Template": "從範本建立公佈欄",
  "Create Boards for anything, manage your workflow, and streamline processes with template creation.": "為任何事項建立公佈欄、管理您的工作流程，以及利用建立範本來簡化程序。",
  "Create card": "建立卡片",
  "Create Copy": "建立副本",
  "Create Link to Board": "建立公佈欄鏈結",
  "Create Template": "建立範本",
  "Create Template from Board": "從公佈欄建立範本",
  "Create your own structure for organising projects, workflows, ideas and more!": "建立您自己的結構，以便分類專案、工作流程、想法等各項資料！",
  "Create {{numCards}} cards?": "要建立 {{numCards}} 張卡片嗎？",
  "Create {{numCards}} lists?": "要建立 {{numCards}} 份清單嗎？",
  "Created": "建立日期",
  "Created By Me": "由我建立",
  "Created {{ date }}": "已於 {{ date }} 建立",
  "Created: {{date}}": "建立時間：{{date}}",
  "Credit Card Ending in {{last4}}": "信用卡號末 4 碼為：{{last4}}",
  "Current Account:": "目前的帳戶：",
  "Currently the ability to search for groups in {{provider}} is not available until an administrator grants permissions for your organisation. ": "目前無法在 {{provider}} 中使用搜尋群組的功能，此功能需要管理員授權給您的組織。",
  "Curve": "曲線",
  "Custom Fields": "自訂欄位",
  "Customer ID": "客戶 ID",
  "CVC": "CVC",
  "Date": "日期",
  "Decisions": "決策",
  "Default templates to exclude": "要排除的預設範本",
  "Delete": "刪除",
  "Delete Board": "刪除公佈欄",
  "Delete Card": "刪除卡片",
  "Delete Comment": "刪除評論",
  "Delete File": "刪除檔案",
  "Delete items": "刪除項目",
  "Delete Label": "刪除標籤",
  "Delete Link": "刪除鏈結",
  "Delete List": "刪除清單",
  "Delete mode": "刪除模式",
  "Delete Selected Items": "刪除選取的項目",
  "Deleted": "已刪除",
  "Deleting": "刪除",
  "Departments": "部門",
  "Description": "說明",
  "Description (optional)": "說明（選用）",
  "Details": "詳細資料",
  "Direct Order via ISW": "透過 ISW 直接訂購",
  "Discount": "折扣",
  "Discount Code (optional)": "折扣代碼（選用）",
  "Discount: {{discount}}": "折扣：{{discount}}",
  "Display an existing board": "顯示現有的公佈欄",
  "Documentation": "文件",
  "Doing": "執行中",
  "Done": "完成",
  "Done ({{num}})": "已完成 ({{num}})",
  "Download": "下載",
  "Download file": "下載檔案",
  "Drop file here to save": "將檔案拖放到此處以儲存",
  "Due": "到期",
  "Due Date": "到期日",
  "Due date": "到期日",
  "Earliest Licence Expired on": "最早的授權到期日：",
  "Earliest Upcoming Expiry": "即將到來的最早到期日：",
  "Edit": "編輯",
  "Edit Board Colour Labels": "編輯公佈欄顏色標籤",
  "Edit Client": "編輯用戶端",
  "Edit Client Licence": "編輯用戶端授權",
  "Edit Colour Labels": "編輯顏色標籤",
  "Edit Comment": "編輯評論",
  "Edit Description": "編輯說明",
  "Edit Filename": "編輯檔名",
  "Edit Label": "編輯標籤",
  "Edit label": "編輯標籤",
  "Edit Licence": "編輯授權",
  "Edit Link": "編輯鏈結",
  "Edit name": "編輯名稱",
  "Edit Tile Colour Labels": "編輯磁磚顏色標籤",
  "Edit User Licence": "編輯使用者授權",
  "Edited": "已編輯",
  "Editor": "編輯者",
  "editor": "編輯者",
  "Email": "電子郵件",
  "Email Address": "電子郵件位址",
  "Email address is required": "需要電子郵件位址",
  "Email addresses to copy invoices to": "將發票複製到此電子郵件位址：",
  "Email addresses to copy quote to": "將報價複製到此電子郵件位址：",
  "Email Us": "傳送電子郵件給我們",
  "Embed code copied to clipboard": "複製到剪貼簿的內嵌代碼",
  "Empty Lists": "空白清單",
  "empty name": "空白名稱",
  "Enable Boards File Uploads": "啟用公佈欄檔案上傳",
  "Enabled": "已啟用",
  "End Date": "結束日期",
  "Ending Balance": "期末餘額",
  "Enter a title for the link (Optional)": "輸入鏈結的標題（選用）",
  "Enter an email address": "輸入電子郵件位址",
  "Enter Label": "輸入標籤",
  "Enter label name": "輸入標籤名稱",
  "Enter New Name": "輸入新名稱",
  "Enter Text": "輸入文字",
  "Entry": "文章",
  "Error": "錯誤",
  "Error creating board": "建立公佈欄時發生錯誤",
  "Error processing quote request. Please email sales@kudosbadges.com": "處理報價要求時發生錯誤，請傳送電子郵件到 sales@kudosbadges.com",
  "Error processing your request": "處理您的要求時發生錯誤",
  "Error starting trial": "開始試用時發生錯誤",
  "Error uploading file": "上傳檔案時發生錯誤",
  "Error: an unknown error occurred - cannot move": "錯誤：發生無法識別的錯誤 - 無法移動",
  "Error: you are not authorised to add content to this board": "錯誤：您沒有在此公佈欄上新增內容的權限",
  "Existing Kudos Partner (optional)": "現有的 Kudos 夥伴（選用）",
  "Existing Login Detected": "偵測到現有的登入",
  "Existing Tab": "現有的標籤",
  "Expand": "展開",
  "Expand/Collapse": "展開/收合",
  "Expand/Collapse All Lists": "展開/收合所有清單",
  "Expired": "過期",
  "Expires": "到期日",
  "Expires: {{date}}": "到期日：{{date}}",
  "Expires: {{{date}}}": "到期日：{{{date}}}",
  "Expiry": "期限",
  "Expiry Date": "到期日",
  "Explore the Template Library": "探索範本庫",
  "Extend": "延長",
  "ExternalId": "ExternalId",
  "Fields": "欄位",
  "Filter Activities to migrate": "要移轉的過濾器活動",
  "Finance": "財務情況",
  "Find a Group": "尋找群組",
  "Find a User": "尋找使用者",
  "Finding your Connections Cloud Organisation...": "正在尋找您的 Connections Cloud 組織...",
  "Free": "免費",
  "Free Trial": "免費試用",
  "Friday": "星期五",
  "From Provider": "來自提供者",
  "Functionality is currently limited.": "目前的功能有所限制。",
  "Furthest Upcoming Expiry": "最晚的即將到期日：",
  "Future": "將來",
  "General": "一般",
  "Get a Licence Quote": "取得授權報價",
  "Get a Quote": "取得報價",
  "Give users the ability to invite external users to a Board by email address": "讓使用者能透過電子郵件位址，邀請外部的使用者加入公佈欄",
  "Global Access": "廣域存取",
  "Global OAuth": "廣域 OAuth",
  "Go to licence": "移至授權",
  "Go to Today": "移至今天",
  "Goals": "目標",
  "Group": "群組",
  "Group Boards": "群組公佈欄",
  "Group By": "分組依據",
  "Group Owners: Owners of this Board.</br>Group Members: Authors of this Board": "群組擁有者：此公佈欄的擁有者</br>群組成員：此公佈欄的作者",
  "Groups": "群組",
  "Help": "說明",
  "Hide": "隱藏",
  "Hide Completed Todos": "隱藏完成的待辦事項",
  "Hide Dates": "隱藏日期",
  "Horizontal": "水平",
  "How would you like to proceed?": "您想要如何繼續？",
  "HR": "HR",
  "I accept the above Terms & Conditions": "我接受上述條款",
  "I accept the terms of service": "我接受服務條款",
  "ID": "ID",
  "If this setting is switched off, cards are created as entries on enter press.": "若此設定已關閉，按一下 ENTER 鍵時會將卡片建立為項目。",
  "Ignore Completed": "忽略完成的項目",
  "Ignore Deleted": "忽略刪除的項目",
  "Ignore Templates": "忽略範本",
  "Import": "匯入",
  "Import an Activity": "匯入活動",
  "Import an Activity Template": "匯入活動範本",
  "Import from Activities": "從活動中匯入",
  "Import From Activities": "從活動中匯入",
  "In a Group": "在群組中",
  "Include email body in description": "在說明中包含電子郵件內文",
  "Inherit": "繼承",
  "Inherit from Group": "繼承自群組",
  "Inherited from Group": "已繼承自群組",
  "Integration Env": "整合環境",
  "Internal server error": "內部伺服器錯誤",
  "Invitation sent to": "已傳送邀請至",
  "Invite": "邀請",
  "Invite by Email": "透過電子郵件邀請",
  "Invite sent on": "邀請傳送時間",
  "Invoice": "發票",
  "Invoice Details": "發票明細",
  "Invoices": "發票",
  "Invoices for": "發票品項：",
  "Is Enabled": "已啟用",
  "Is Trial": "試用版",
  "IT": "IT",
  "It is valid until {{expiry}}.": "到期日為 {{expiry}}。",
  "Items": "項目",
  "Join Workspace Meetings": "加入工作區會議",
  "Kanban": "看板",
  "Kanban View": "看板視圖",
  "Kudos Boards": "Kudos Boards",
  "Kudos Boards - Terms & Conditions": "Kudos Boards - 條款",
  "Kudos Boards API": "Kudos Boards API",
  "Kudos Boards cannot be added as a tab until an administrator approves required functionality": "除非有管理員核准所需的功能，否則無法將 Kudos Boards 新增為標籤",
  "Kudos Boards has been updated in the background. Please reload the app!": "Kudos Boards 已在背景中更新完成，請重新載入應用程式！",
  "Kudos Partner Reference Code (optional)": "Kudos 夥伴參考碼（選用）",
  "Kudos Team Name": "Kudos 團隊名稱",
  "Label deleted": "已刪除標籤",
  "Labels": "標籤",
  "Last Accessed": "前次存取：",
  "Last Licence Expired on": "前次授權到期日：",
  "Later This Month": "本月稍後",
  "Later This Week": "本週稍後",
  "Layout": "佈置",
  "Leave Board": "離開公佈欄",
  "Licence Assigned": "已指派授權",
  "Licence Details": "授權詳細資料",
  "Licence expired": "授權已過期",
  "Licence Type": "授權類型",
  "Licences": "授權",
  "Licenses": "授權",
  "Licensing": "授權中",
  "Limit": "限制",
  "Line": "線條",
  "Line Items": "行項目",
  "Lines in file:": "檔案中的行號：",
  "Link": "鏈結",
  "Link Accounts": "鏈結帳戶",
  "Link another account": "鏈結其他帳戶",
  "Link another Kudos Boards account": "鏈結其他的 Kudos Boards 帳戶",
  "Link Exists": "鏈結已存在",
  "Link to Board": "鏈結至公佈欄",
  "Link to Card, List or Board": "鏈結到卡片、清單或公佈欄",
  "Link to File": "檔案的鏈結",
  "Link to Folder": "資料夾的鏈結",
  "Link {{provider}} with the current account": "將 {{provider}} 鏈結至目前的帳戶",
  "Linked Accounts": "鏈結帳戶",
  "Linked Groups": "鏈結群組",
  "Links": "鏈結",
  "Links & Attachments": "鏈結與附件",
  "List": "清單",
  "List all Boards": "列出所有公佈欄",
  "List Name": "清單名稱",
  "List View": "清單視圖",
  "Lists": "清單：",
  "Lite": "簡式",
  "Local": "市內",
  "Logging in, please wait...": "正在登入，請稍候...",
  "Login": "登入",
  "Logout": "登出",
  "Look in": "查詢",
  "Make the most of your Kudos Boards Premium Preview": "充分利用您的 Kudos Boards 高級預覽",
  "Manage Org": "管理組織",
  "Manage Payments": "管理付款",
  "Mark Board as Complete": "將公佈欄標記為已完成",
  "Mark Board as Incomplete": "將公佈欄標記為未完成",
  "Mark Complete": "標示完成",
  "Mark Incomplete": "標記成未完成",
  "Marketing": "行銷",
  "Match All Filters": "符合所有過濾器",
  "Meeting": "會議",
  "Members": "成員",
  "Merge": "合併",
  "Microsoft Office365": "Microsoft Office365",
  "Migrate ALL ({{num}})": "全部移轉 ({{num}})",
  "Migrate Selected ({{num}})": "移轉選取的項目 ({{num}})",
  "Mind Map": "腦力激盪圖",
  "MindMap": "腦力激盪圖",
  "Mindmap": "腦力激盪圖",
  "Mindmap View": "腦力激盪圖視圖",
  "Minimum number of users for the selected licence type is {{minimumSeats}}": "所選授權類型的使用者人數下限為 {{minimumSeats}}",
  "Mirror": "鏡像",
  "Modified": "修改日期",
  "Modify": "修改",
  "Modify Licence": "修改授權",
  "Monday": "星期一",
  "monthly": "每月",
  "Monthly": "每月",
  "More": "其他",
  "Move": "移動",
  "Move and Open": "移動並開啟",
  "Move Card": "移動卡片",
  "Move List": "移動清單",
  "Move To Another Board": "移動到其他公佈欄",
  "Move to another list or parent card": "移動到其他清單或上層卡片",
  "My": "我的",
  "My Account": "我的帳號",
  "My Activities": "我的活動",
  "My Boards": "我的公佈欄",
  "My Subscriptions": "我的訂閱",
  "My Templates": "我的範本",
  "My Todos": "我的待辦事項",
  "Name": "名稱",
  "Name on Card": "卡片上的名稱",
  "Named Users": "具名使用者",
  "Named Users Licence": "具名使用者授權",
  "Never": "絕不",
  "New Board": "新增公佈欄",
  "New card created, however the search filter currently applied is preventing it from being displayed": "已建立新卡片，但目前套用的搜尋過濾器導致新卡片無法顯示",
  "New cards created as tasks on enter key press": "按一下 ENTER 鍵可將新卡片建立為作業",
  "New Client": "新增用戶端",
  "New Client Licence": "新增用戶端授權",
  "New Credit Card": "新增信用卡",
  "New Label": "新增標籤",
  "New Label Text": "新增標籤文字",
  "New Licence": "新增授權",
  "New Since Last Week": "上週以來的新項目",
  "New Sub-Card": "新增子卡片",
  "New Tab": "新增標籤",
  "New Template": "新增範本",
  "New User Licence": "新增使用者授權",
  "Next": "下一頁",
  "Next Invoice Amount: {{nextAmount}}": "下一次的發票金額：{{nextAmount}}",
  "Next Invoice Date: {{date}}": "下一次的發票日期：{{date}}",
  "Next Payment": "下一次付款",
  "Next Payment Attempt": "下一次嘗試付款",
  "Next Payment: {{{date}}}": "下一次付款：{{{date}}}",
  "Next Week": "下週",
  "No": "否",
  "No action available": "沒有可用的動作",
  "No Active Meetings found. Click below to go to a Workspace": "找不到作用中會議，請按下方以移至工作區",
  "No Activities found": "找不到活動",
  "No Archived items to show": "沒有已保存的項目可顯示",
  "No Assignment": "沒有指派",
  "No boards found for this group": "找不到此群組的公佈欄",
  "No Boards found.": "找不到公佈欄。",
  "No boards yet, please create one first": "尚未建立任何公佈欄，請先建立一個",
  "No clients found": "找不到用戶端",
  "No Colour": "沒有顏色",
  "No Date": "沒有日期",
  "No files found": "找不到檔案",
  "No folders found": "找不到資料夾",
  "No Group": "沒有群組",
  "No invoices to display": "沒有發票可顯示",
  "No items were selected": "未選取任何項目",
  "No Label": "沒有標籤",
  "No label": "沒有標籤",
  "No labels defined": "未定義任何標籤",
  "No licences available. Functionality will be limited for new users.": "沒有可用的授權，新使用者可用的功能會有所限制。",
  "No licences found": "找不到授權",
  "No licences to show": "沒有授權可顯示",
  "No organisations found": "找不到組織",
  "No pinned boards": "沒有釘選的公佈欄",
  "No Pinned Boards found.": "找不到釘選的公佈欄。",
  "No Recent Boards found.": "找不到最近的公佈欄。",
  "No user trials found": "找不到使用者試用版",
  "No users found": "找不到使用者",
  "No users to show": "沒有使用者可顯示",
  "None": "無",
  "North America": "北美",
  "Not Licensed": "未授權",
  "Not Supported": "不受支援",
  "Note that file security is managed by {{provider}}, not by Kudos Boards": "請注意，檔案安全是由 {{provider}} 管理，而非 Kudos Boards",
  "Nothing to show": "沒有可顯示的內容",
  "Number of Attempts": "嘗試次數",
  "Number of cards": "卡片數",
  "Number of Expired Licences": "過期的授權數",
  "Number of Users": "使用者數",
  "Number of Valid Licences": "有效的授權數",
  "oAuth Client ID": "OAuth 用戶端 ID",
  "OAuth Client ID": "OAuth 用戶端 ID",
  "OAuth Client Secret": "OAuth 用戶端機密",
  "oAuth Client Secret": "OAuth 用戶端機密",
  "ok": "確定",
  "OK": "確定",
  "Only Entries": "只有項目",
  "Only the members of this board will be able to see and access this board.": "只有此公佈欄的成員可以看見及存取此公佈欄。",
  "Only Todos": "只有待辦事項",
  "Open": "開啟",
  "Open Board Options": "開啟公佈欄選項",
  "Open Boards in:": "公佈欄開啟方式：",
  "Open in Boards": "在公佈欄中開啟",
  "Open Licence": "開啟授權",
  "Open this board": "開啟此公佈欄",
  "Opt in below to receive tips and tricks from the Kudos Boards team to make the most of your premium preview.": "在下方選擇接受，即可收到來自 Kudos Boards 團隊的要訣和技巧，充分運用您的高級預覽。",
  "Order": "排序",
  "Order Summary": "訂單摘要",
  "Order via ISW Partner": "透過 ISW 夥伴訂購",
  "Org Administration": "組織管理",
  "Organisation": "組織",
  "Organisation Name": "組織名稱",
  "Organisations": "組織",
  "Organise any project productively using the classic Todo, Doing, Done methodology": "使用標準的「待辦事項」、「執行中」、「完成」方法，有效率地分類任何專案",
  "Our Terms & Conditions have changed": "我們的條款已變更",
  "Overdue": "過期",
  "owner": "擁有者",
  "Owner": "擁有者",
  "Owners": "擁有者",
  "Page Not Found": "找不到頁面",
  "Paid": "已付",
  "Paste link or drop file to upload": "貼上鏈結或拖放檔案以上傳",
  "Payment Method": "付款方法",
  "Period": "句點",
  "Person": "人員",
  "Pin Board": "釘選公佈欄",
  "Pinned": "已釘選",
  "Pinned Boards": "釘選的公佈欄",
  "Pinned boards": "釘選的公佈欄",
  "Plan and collaborate on tasks on a weekly basis": "每週規劃作業並分工合作",
  "Please approve the Kudos Boards app to allow it to be added as a tab.": "請核准 Kudos Boards 應用程式，才能將其新增為標籤。",
  "Please approve the Kudos Boards app to use advanced features.": "請核准 Kudos Boards 應用程式，才能使用進階功能。",
  "Please contact your Administrator": "請聯絡管理員",
  "Please contact your IBM Connections Admin to purchase a licence.": "請聯絡您的 IBM Connections 管理員以購買授權。",
  "Please ensure you login with the same Office 365 user account as you are using in Microsoft Teams": "請確保您是用登入 Microsoft Teams 的使用者帳戶來登入 Office 365",
  "Please enter a board name": "請輸入公佈欄名稱",
  "Please enter a valid email address": "請輸入有效的電子郵件位址",
  "Please enter a valid URL": "請輸入有效的 URL",
  "Please enter the number of users in your Connections Cloud Organisation": "請在您的 Connections Cloud 組織中輸入使用者數",
  "Please enter the number of users you wish to name under this licence": "請輸入在此授權下您想要命名的使用者數",
  "Please read our Terms & Conditions": "請詳讀我們的條款",
  "Please reload the page and try again, if this issue persists please let us know": "請重新載入頁面並再試一次，如果問題仍然存在，請通知我們",
  "Please review your licences here": "請在此檢閱您的授權",
  "Please see the <a href='{{url}}'>new board</a>": "請參閱<a href='{{url}}'>新增公佈欄</a>",
  "Please sign in": "請登入",
  "Please start a trial to use Boards in your {{provider}} organisation": "請開始試用，讓您的 {{provider}} 組織可使用 Boards",
  "Position": "位置",
  "Post": "張貼",
  "Premium": "高級",
  "Premium Preview Status": "高級預覽狀態",
  "Preview": "預覽",
  "Preview available": "有預覽可用",
  "Previous": "上一頁",
  "Pricing": "價格",
  "primary": "主要的",
  "Primary": "主頁面",
  "Print": "列印",
  "Private (me only)": "專用（只有我）",
  "Product Information": "產品資訊",
  "Product Version": "產品版本",
  "Provider": "供應商",
  "Provider not supported": "不支援的提供者",
  "Public": "公用",
  "Public Access": "公用存取",
  "Public Activities": "公用活動",
  "Public Boards": "公用公佈欄",
  "Public Templates": "公用範本",
  "Quarterly": "每季",
  "Questions": "問題",
  "Quick Edit": "快速編輯",
  "Radial": "放射狀",
  "RE-CENTER": "回到中心位置",
  "Reactivate Licence": "重新啟動授權",
  "reader": "讀者",
  "Reader": "讀者",
  "Recent": "最近",
  "Recent boards": "最近的公佈欄",
  "Recent Boards": "最近的公佈欄",
  "Recurring Amount Due: {{recurring}}": "重複的應付金額：{{recurring}}",
  "Redeeming Invitation...": "正在兌換邀請...",
  "Redirecting to Connections Cloud...": "正在重新導向至 Connections Cloud...",
  "Redirecting to Watson Workspace...": "正在重新導向至 Watson Workspace...",
  "Refresh": "重新整理",
  "Region": "地區",
  "Reload": "重新載入",
  "Remaining ({{num}})": "剩餘 ({{num}})",
  "Remove Admin": "移除管理員",
  "Remove Client": "移除用戶端",
  "Remove Invite": "移除邀請",
  "Remove Licence": "移除授權",
  "Replace": "取代",
  "Resend Invite": "重送邀請",
  "Reset": "重設",
  "Restore": "還原",
  "Restore Card": "還原卡片",
  "Restore items": "還原項目",
  "Restore List": "還原清單",
  "Restore mode": "還原模式",
  "Reverse": "反轉",
  "Revoke All": "全部撤銷",
  "Revoke Licence": "撤銷授權",
  "Role": "角色",
  "Roles": "角色",
  "Rows": "列",
  "Sales": "銷售",
  "Save": "儲存",
  "Save card for future purchases": "儲存卡片以供下次購買時使用",
  "Save Changes": "儲存變更",
  "Save link": "儲存鏈結",
  "Scroll To": "捲動到",
  "Search": "搜尋",
  "Search All Templates": "搜尋所有範本",
  "Search this view": "搜尋此視圖",
  "Search...": "搜尋...",
  "Select a Board": "選取公佈欄",
  "Select board": "選取公佈欄",
  "Select Board": "選取公佈欄",
  "Select Board Label": "選取公佈欄標籤",
  "Select Card Colours": "選取卡片顏色",
  "Select Colour": "選取顏色",
  "Select Colours": "選取顏色",
  "Select Destination Board": "選取目的地公佈欄",
  "Select destination folder": "選取目的地資料夾",
  "Select File": "選取檔案",
  "Select Folder": "選取資料夾",
  "Select items for delete": "選取要刪除的項目",
  "Select items for restore": "選取要還原的項目",
  "Select List or Card": "選取清單或卡片",
  "Select the boards below that you would like to transfer membership over to your primary ({{toName}}) account": "選取下方的公佈欄，將其成員資格移轉到您的主要 ({{toName}}) 帳戶",
  "Selected Activity": "選取的活動",
  "Send an email notifying each member that the Activity has been migrated to a Board.": "傳送電子郵件以通知每位成員該活動已移轉到公佈欄。",
  "Send Invitation": "傳送邀請",
  "Send Notification Email to Members": "傳送通知電子郵件給成員",
  "Sending invitations": "正在傳送邀請",
  "Set as primary account": "設為主要帳戶",
  "Set Dates": "設定日期",
  "Set enter key press action to create a task when creating new cards in a list.": "設定 ENTER 鍵動作，以便在清單中建立新卡片時建立作業。",
  "Setup Subscription": "設定訂閱",
  "Share with": "共用對象",
  "Shared by me": "由我共用",
  "Shared with me": "與我共用",
  "Show": "顯示",
  "Show all ancestors": "顯示所有上代",
  "Show all boards for this team": "顯示此團隊的所有公佈欄",
  "Show Board Menu": "顯示公佈欄功能表",
  "Show Filter Options": "顯示過濾器選項",
  "Show Less": "顯示更少",
  "Show Licences for your organisation": "顯示您組織的授權",
  "Show More": "顯示更多",
  "Show on Card": "在卡片上顯示",
  "Show previous comments": "顯示先前的評論",
  "Show previous links & attachments": "顯示先前的鏈結與附件",
  "Show Sub-cards": "顯示子卡片",
  "Sign In": "登入",
  "Sign in with": "登入方式：",
  "SIGN IN WITH:": "登入方式：",
  "Sign Out": "登出",
  "Sign Out of Kudos Boards": "登出 Kudos Boards",
  "Signing in...": "正在登入...",
  "Signing out...": "正在登出...",
  "Smartcloud": "Smartcloud",
  "Something went wrong.": "某些項目發生錯誤。",
  "Source Board/Template": "來源公佈欄/範本",
  "Source Template": "來源範本",
  "Specific Board": "指定公佈欄",
  "Start a Trial": "開始試用",
  "Start a trial or purchase a subscription to start creating boards": "開始試用或購買訂閱以開始建立公佈欄",
  "Start Boards Premium Preview": "啟動 Boards 高級預覽",
  "Start Date": "開始日期",
  "Start Free Trial": "開始免費試用",
  "Start my trial": "開始我的試用",
  "Start Now": "立即啟動",
  "Start page updated": "起始頁已更新",
  "Start Page:": "起始頁：",
  "Starting Balance": "期初餘額",
  "Starting View": "起始視圖",
  "Status": "狀態",
  "Step": "步驟",
  "Sub Cards": "子卡片",
  "Sub Tasks": "子作業",
  "Submit": "提交",
  "Subscription": "訂閱",
  "Subscription expired.": "訂閱已過期。",
  "Subtotal": "小計",
  "Summary": "摘要",
  "Support for browsers is currently limited.  This browser is not yet supported. <br>Please use one of the following browsers:": "目前對瀏覽器的支援有所限制，尚不支援此瀏覽器。<br>請使用下列其中一種瀏覽器：",
  "Tab Content": "標籤內容",
  "Tab Name": "標籤名稱",
  "Tags": "標籤",
  "Tags (optional)": "標籤（選用）",
  "Take away meaningful and collaborative notes from any meeting!": "從每場會議收穫實用的寶貴筆記，發揮協同合作的高效率！",
  "Task": "作業",
  "Team Boards": "團隊公佈欄",
  "Team Name": "團隊名稱",
  "Team Name is used as a method to log in to certain authentication providers. e.g. Auth0": "團隊名稱是用來登入某些認證提供者（例如 Auth0）的方法",
  "Template": "範本",
  "Templates": "範本",
  "Templates tagged with": "貼有此標籤的範本：",
  "Text": "文字",
  "Text Mode": "文字模式",
  "That can't be pasted there.": "無法在此貼上該項目。",
  "The board has been deleted": "公佈欄已遭刪除",
  "The files below cannot be uploaded to Kudos Boards as they are larger than the limit of {{limit}}": "以下檔案超過 {{limit}} 的大小限制，因此無法上傳至 Kudos Boards",
  "The following links have already been added to this card:": "下列鏈結已新增到此卡片中：",
  "The invite was resent to": "邀請已重送到",
  "The selected board(s) were successfully transferred": "已順利傳送所選公佈欄",
  "The selected items have been deleted": "已刪除所選項目",
  "The selected items have been restored": "已還原所選項目",
  "There was an error when uploading the file. Server response: ": "上傳檔案時發生錯誤，伺服器回應：",
  "This Activity has been migrated to Kudos Boards": "此活動已移轉到 Kudos Boards",
  "This billing cycle affords a {{discount}}% discount": "此計費週期可享有 {{discount}}% 的折扣",
  "This Board": "此公佈欄",
  "This Board is available with AUTHOR access to everyone across all organisations.": "所有組織的所有人員都具有此公佈欄的「作者」使用權。",
  "This Board is available with EDITOR access to everyone across all organisations.": "所有組織的所有人員都具有此公佈欄的「編輯者」使用權。",
  "This Board is in one or more Groups": "此公佈欄屬於一或多個群組",
  "This Board is read-only to everyone across all organisations.": "任何組織的所有人員都只有此公佈欄的唯讀權限。",
  "This Board will be visible to everyone in your organisation. <br>Non-members can create new content and edit their own content.": "您組織中的所有人員都能看見此公佈欄。<br>非成員也可建立新內容，也可編輯自己的內容。",
  "This Board will be visible to everyone in your organisation. <br>Non-members can only view the board's contents.": "您組織中的所有人員都能看見此公佈欄。<br>非成員只能檢視公佈欄的內容。",
  "This Board will be visible to everyone in your organisation. <br>Please note: This access level allows non-members to edit <b>all</b> board content.": "您組織中的所有人員都能看見此公佈欄。<br>請注意：此存取權層級可讓非成員編輯<b>所有的</b>公佈欄內容。",
  "This card will be restored with its parent": "此卡片會與其上層卡片一起還原",
  "This Community": "此社群",
  "This feature is coming soon!": "此功能即將推出！",
  "This feature is currently not supported by the IBM Connections Cloud API": "IBM Connections Cloud API 目前不支援此功能",
  "This field is required": "這是必要欄位",
  "This invoice has been closed. Payment will not be automatically attempted again. Contact support for more information": "這張發票已關閉，系統不會再自動嘗試付款，請聯絡支援中心以獲得更多資訊",
  "This is a Free trial of Kudos Boards and will expire in {{numDays}} day(s).": "這是 Kudos Boards 的免費試用版，將會在 {{numDays}} 天後到期。",
  "This is a read-only preview of this Activity. Import to Boards for full functionality": "這是此活動的唯讀預覽，請將其匯入 Boards 以使用完整功能",
  "This licence grants access to a set number of users as they use the app. You may view the user-licences already assigned.": "此授權可讓設定數量的使用者使用該應用程式，您可以檢視已指派的使用者授權。",
  "This licence has been cancelled.": "此授權已遭取消。",
  "This licence only grants access to a selected group of named users. Access will not be granted to users not named by the Org Admins. You can view and edit the named users from the Admin settings.": "此授權只能讓選取的一群具名使用者進行存取，未經組織管理員命名的使用者將無法獲得存取權。您可以在管理員設定中檢視及編輯具名使用者。",
  "This option is only available when paying by credit card": "只有使用信用卡付款時才能使用此選項",
  "This option is only editable if paying by credit card": "只有使用信用卡付款時才能編輯此選項",
  "This team account is already linked": "此團體帳戶已鏈結",
  "This will go to your provider for an administrator to approve access to Kudos Boards": "需要提供者的管理員核准才能存取 Kudos Boards",
  "This will permanently delete the board and all its data, are you sure?": "這會永久刪除公佈欄及其所有資料，您確定嗎？",
  "This will remove this data permanently from the board, are you sure?": "這會從公佈欄中永久移除這筆資料，您確定嗎？",
  "Thursday": "星期四",
  "Tile Colours": "磁磚顏色",
  "Timeline": "時間表",
  "Timeline View": "時間表視圖",
  "Title": "標題",
  "to go to Connections Cloud, then access Kudos Boards via the link in the 'Apps' menu.": "以移至 Connections Cloud，然後透過「應用程式」功能表中的鏈結存取 Kudos Boards。",
  "To interact with this card the parent will need to be restored": "若要與此卡片互動，需要先還原其上層卡片",
  "To unselect this card you will need to unselect its parent": "若要取消選取此卡片，請先取消選取其上層卡片",
  "to view this content": "以檢視此內容",
  "Today": "今天",
  "Todo": "待辦事項",
  "Todos": "待辦事項",
  "Todos by Date": "依日期的待辦事項",
  "Todos by Due Date": "依到期日的待辦事項",
  "Toggle Completion": "切換完成",
  "Toggle Editor": "切換編輯者",
  "Toggle Sidebar": "切換側邊列",
  "Tomorrow": "明天",
  "Total": "總計",
  "Transfer Board Membership": "移轉公佈欄成員資格",
  "Transfer Membership": "移轉成員資格",
  "TRIAL": "試用",
  "Trial": "試用",
  "Trial End Date: {{trialEnd}}": "試用結束日期：{{trialEnd}}",
  "Trial expired": "試用已過期",
  "Trial expired.": "試用已過期。",
  "Trial extended {{extensions}} time(s)": "試用期已延長過 {{extensions}} 次",
  "Try again": "重試",
  "Tuesday": "星期二",
  "Type": "類型",
  "Type to filter archive": "鍵入以過濾保存",
  "Type to filter list": "鍵入以過濾清單",
  "Type to filter members": "鍵入以過濾成員",
  "Type to search": "鍵入以搜尋",
  "Unassigned": "未指定",
  "Undo": "復原",
  "UNDO": "復原",
  "Unit price: {{unitPrice}} per user": "單價：每位使用者 {{unitPrice}}",
  "Unknown Connections Cloud organisation. Redirecting...": "不明的 Connections Cloud 組織，正在重新導向...",
  "Unknown Team": "不明的團隊",
  "Unlimited": "無限制",
  "Unlink account": "解除鏈結帳戶",
  "Unlink Board": "解除鏈結公佈欄",
  "Unlink {{fromName}} Account": "解除鏈結 {{fromName}} 帳戶",
  "Unlock Kudos Boards Premium Preview": "解除鎖定 Kudos Boards 高級預覽",
  "Unpaid": "未付",
  "Unpin Board": "取消釘選公佈欄",
  "Unscheduled cards": "未排程的卡片",
  "Update": "更新",
  "Updated": "更新者",
  "Updated Since Last Accessed": "前次存取後更新過",
  "Updated {{ date }}": "已於 {{ date }} 更新",
  "Updating...": "正在更新...",
  "Upload": "上傳",
  "Upload file from computer": "從電腦上傳檔案",
  "Upload to Kudos Boards": "上傳至 Kudos Boards",
  "Upload Users": "上傳使用者",
  "Upload Users from CSV": "從 CSV 上傳使用者",
  "uploaded successfully": "上傳成功",
  "Uploading file:": "正在上傳檔案：",
  "URL": "URL",
  "URL of Connections header frame (optional)": "Connections 標頭圖文框的 URL（選用）",
  "Use another file service": "使用其他檔案服務",
  "Use current account": "使用目前的帳戶",
  "Use Email": "使用電子郵件",
  "Use the Kudos Boards File Attachment Service for attaching files to cards": "使用 Kudos Boards 檔案附加服務，將檔案附加到卡片中",
  "Use {{provider}} instead": "改用 {{provider}}",
  "Used": "已使用",
  "User": "使用者",
  "User Emails": "使用者電子郵件",
  "User ExternalID": "使用者 ExternalID",
  "User Licences": "使用者授權",
  "User Options": "使用者選項",
  "User Trials": "使用者試用",
  "User upload success!": "使用者上傳成功！",
  "Username": "使用者名稱",
  "Users": "使用者",
  "Users may need to be added to the destination board to maintain access to their assigned todos.": "使用者可能需要將使用者新增到目的地公佈欄中，才能存取受指派的待辦事項。",
  "Users: {{num}}": "使用者：{{num}}",
  "Vertical": "垂直",
  "View": "檢視",
  "View and Accept ↗": "檢視並接受 ↗",
  "View Details": "檢視詳細資料",
  "View licences": "檢視授權",
  "View subscriptions": "檢視訂閱",
  "View Subscriptions": "檢視訂閱",
  "Want to know more?": "想要深入瞭解嗎？",
  "Warning: you are not authorised to add members in this board": "警告：您沒有在此公佈欄中新增成員的授權",
  "We found one board linked your {{fromName}} user account. Once you unlink the account you may no longer have access to this board.": "我們找到有一個公佈欄鏈結到您的 {{fromName}} 使用者帳戶，若您解除鏈結該帳戶，可能就無法再存取此公佈欄。",
  "We found {{count}} boards linked to your {{fromName}} user account. Once you unlink the account you may no longer have access to these boards.": "我們找到有 {{count}} 個公佈欄鏈結到您的 {{fromName}} 使用者帳戶，若您解除鏈結該帳戶，可能就無法再存取這些公佈欄。",
  "We recommended you change the widget title from the actions menu above": "我們建議您從上方的動作功能表中，變更小組件標題",
  "Wednesday": "星期三",
  "Weekdays": "工作日",
  "Welcome": "歡迎使用",
  "Welcome to Kudos Boards": "歡迎使用 Kudos Boards",
  "When you unlock Kudos Boards Premium View, your current Activities will immediately be available in Board, Timeline and MindMap view.": "當您解除鎖定 Kudos Boards 高級視圖，就可立即在「公佈欄」、「時間表」和「腦力激盪圖」等視圖中，使用目前的活動。",
  "Widget Settings": "小組件設定",
  "yearly": "每年",
  "Yearly": "每年",
  "Yes": "是",
  "Yes Please": "好的",
  "You are in DELETE mode, select items to delete": "您正在「刪除」模式中，請選取要刪除的項目",
  "You are in restore mode, select items to restore": "您正在還原模式中，請選取要還原的項目",
  "You are not a direct member of this board. Please consider leaving any Groups that may be members of this board.": "您並非此公佈欄的直接成員，請考慮離開任何可能屬於此公佈欄成員的群組。",
  "You are not allowed to leave this Board. Please consider archiving board.": "您無法離開此公佈欄，請考慮保存公佈欄。",
  "You are not authorised to access this resource": "您無權存取此資源",
  "You are not licensed to access this resource.": "您未獲得存取此資源的授權。",
  "You are the only owner of this board. Please consider adding other owners or archiving this board instead.": "您是此公佈欄的唯一擁有者，請考慮新增其他擁有者，或改為保存此公佈欄。",
  "You can enhance your workflow by unlocking Kudos Boards Premium Preview. In addition to your Activities view, you’ll also be able to work in the Boards, Timeline and Mind Map views!": "您可以用 Kudos Boards 高級預覽來改進工作流程，除了「活動」視圖外，還可以用「公佈欄」、「時間表」和「腦力激盪圖」等視圖來工作。",
  "You have READ ONLY access to this Board": "您只有此公佈欄的唯讀存取權",
  "You have {{remaining}} day(s) remaining in your premium preview.": "您的高級預覽還剩下 {{remaining}} 天。",
  "Your account's email address and other admin emails for your org ({{emails}}) are already included": "已包含您帳戶的電子郵件位址，以及您組織中其他管理員的電子郵件 ({{emails}})",
  "Your api key for kudos boards is shown below": "您的 Kudos Boards API 金鑰如下所示",
  "Your changes have been saved": "已儲存您的變更",
  "Your initial premium preview with {{orgName}} has expired. Click extend if you would like to continue access for an additional 30 days": "您 {{orgName}} 的起始高級預覽已過期，請按一下延長以繼續存取 30 天",
  "Your premium preview expires today.": "您的高級預覽今天到期。",
  "Your premium preview has expired, Let your administrator know you'd like to continue using Kudos Boards Premium view.": "您的高級視圖已過期，請通知管理員您想要繼續使用 Kudos Boards 高級視圖。",
  "Your session with {{provider}} has expired. Redirecting...": "您的 {{provider}} 階段作業已過期，正在重新導向...",
  "Your session with {{provider}} has expired. Some functionality (ie notifications, groups, files) will be restricted until you login again.": "您的 {{provider}} 階段作業已過期，部分功能（例如通知、群組、檔案）將受到限制，直到您再次登入為止。",
  "{{count}} more card(s) this way": "還有 {{count}} 張卡片使用此方法",
  "{{num}} users": "{{num}} 位使用者",
  "{{quantity}} x subscriptions to '{{plan.name}}' ({{planPrice}} / {{plan.interval}})": "{{quantity}} x 「{{plan.name}}」的訂閱 ({{planPrice}} / {{plan.interval}})",
  "{{remaining}} days of trial remaining": "試用期還剩下 {{remaining}} 天",
  "{{remaining}} days remaining in your premium preview.": "高級預覽還剩下 {{remaining}} 天。",
  "{{userTrialCount}} user(s) have started a trial of Kudos Boards Premium": "{{userTrialCount}} 位使用者已開始試用 Kudos Boards Premium"
}