{
  "": "",
  "'{{userName}}' will not be able to view the message because they cannot access this Board": "'{{userName}}' 不能访问本版面, 因此将无法查看消息 ",
  "(Copy Of) ": "(副本) ",
  "A problem occurred when creating invite": "创建邀请时出现问题",
  "A problem occurred when deleting node": "删除节点时出错",
  "A problem occurred when getting a node": "获取节点时出错",
  "A problem occurred when redeeming invite": "兑换邀请时出现问题",
  "A problem occurred when removing invite": "移除邀请时出现问题",
  "A problem occurred when removing member": "移除成员时出错",
  "A problem occurred when saving invite": "保存邀请时出现问题",
  "A problem occurred when saving member": "保存成员时出错",
  "A problem occurred when saving node": "保存节点时出错",
  "A problem occurred when updating invite": "更新邀请时出现问题",
  "A user with that email address already exists": "已存在具有该电子邮件地址的用户",
  "A user with that email address already exists as a member of this board": "具有该电子邮件地址的用户已是该版面中的一名成员",
  "Accessed in the Last Month": "上个月访问",
  "Accessed since": "自以下日期开始访问",
  "Account Balance: {{credit}}": "账户余额: {{credit}}",
  "Account Unlinked": "账户未链接",
  "Actions": "操作",
  "Active": "活动",
  "Active Boards": "活动版面",
  "Active Workspace Meetings": "活动工作空间会议",
  "Activities": "Activities",
  "Activities Plus": "Activities 加",
  "Activities/Boards": "Activities/Boards",
  "Activities/Boards Search Results": "Activities/Boards 搜索结果",
  "Activity": "活动",
  "Activity Migration": "活动迁移",
  "Activity Name": "活动名称",
  "Activity data is loading...": "活动数据正在加载...",
  "Add": "添加",
  "Add Attachment": "添加附件",
  "Add Bookmark": "添加书签",
  "Add Client": "添加客户端",
  "Add Custom Field": "添加自定义字段",
  "Add Label": "添加标签",
  "Add Licence": "添加许可证",
  "Add Link to Activity": "添加链接到 Activity",
  "Add Member": "添加成员",
  "Add Organisation": "添加组织",
  "Add User": "添加用户",
  "Add a Card": "添加卡片",
  "Add a Comment": "添加评论",
  "Add a Description": "添加描述",
  "Add a List": "添加列表",
  "Add a Tag": "添加标签",
  "Add a list": "添加列表",
  "Add an attachment or link": "添加附件或链接",
  "Add another": "添加另一个",
  "Add file": "添加文件",
  "Add individuals or groups as members, or invite by email": "添加个人或组作为成员，或通过电子邮件邀请",
  "Add label '{{filter}}'": "添加标签 '{{filter}}'",
  "Add members": "添加成员",
  "Add people to your board or invite by email": "添加人员到您的版面",
  "Admin Users": "管理员用户",
  "Admin approval failed": "管理批准失败",
  "Administrator approval required.": "需要管理员批准。",
  "Administrators": "管理员",
  "Advanced": "高级",
  "Agenda": "议程",
  "All": "所有",
  "All Activities": "所有活动",
  "All Boards": "所有版面",
  "All Templates": "所有模板",
  "All cards are scheduled.": "所有卡都已安排。",
  "Allow Invite by Email": "允许通过电子邮件邀请",
  "Already linked": "已链接",
  "Amount": "金额",
  "Amount Due": "应缴金额",
  "Amount Due Now: {{due}}": "当前应缴金额: {{due}}",
  "Amount Paid": "已付金额",
  "An account of this type already linked": "已链接此类型帐户",
  "An invitation for the specified email address already exists on this board": "该版面上已存在指定电子邮件地址的邀请",
  "App for Internal Boards Deployment": "内部 Boards 部署的应用程序",
  "App with Notifications": "带有通知的应用程序",
  "Apply Template": "应用模板",
  "Approve": "批准",
  "Approve Advanced Features": "批准高级功能",
  "Archive": "归档",
  "Archive Card": "归档卡片",
  "Archive Cards in List": "归档列表中的卡片",
  "Archive List": "归档列表",
  "Archived": "已归档",
  "Archived Boards": "已归档版面",
  "Archived Templates": "已归档模板",
  "Are You Sure?": "您确定吗?",
  "Are you sure you want to cancel this licence? This will take effect at the end of the current period.": "是否确定取消证书? 本操作将在当期结束时生效。",
  "Are you sure you want to delete this licence? CAUTION: This will delete any associated credit card information": "是否确认删除证书? 注意: 本操作将删除关联信用卡信息。",
  "Are you sure you want to reactivate this licence?": "是否确认重新激活证书?",
  "Are you sure you want to unlink your {{provider}} account?": "确定要取消链接 {{provider}} 帐户吗？",
  "Are you sure you wish to leave '{{boardName}}'? This action cannot be undone by you.": "您确定要离开'{{boardName}}'? 本操作不能撤消。",
  "Are you sure?": "确定吗？",
  "Are you sure? This will reinstate the previous billing schedule": "确定吗？这将恢复以前的计费时间表",
  "Are you sure? This will take effect at the end of the current billing cycle": "确定吗？这将在当前计费周期结束后生效",
  "Asia Pacific": "亚太",
  "Assign Users": "分配用户",
  "Assigned": "已分配",
  "Assigned To Me": "分配给我的",
  "Assigned Users that will be added to the Destination Board": "即将被添加到目标版面的被分配用户",
  "Assigned to": "分配给",
  "Assignees": "被分配者",
  "Assignments": "任务",
  "Attach": "附加",
  "Attachments": "附件",
  "Auth0 url": "Auth0 URL",
  "Authentication Clients": "认证客户机",
  "Author": "作者",
  "Back": "后退",
  "Back to Boards": "返回 Boards",
  "Back to Colour Selection": "返回颜色选择",
  "Bad Request": "错误请求",
  "Best viewed in fullscreen": "最好全屏查看",
  "Billing Cycle": "账单周期",
  "Billing period: {{interval}}": "计费期：{{interval}}",
  "Blank": "空白",
  "Board": "版面",
  "Board Archive": "版面归档",
  "Board Labels": "版面标签",
  "Board Members": "版面成员",
  "Board Name": "版面名称",
  "Boards": "版面",
  "Boards User Data": "Boards 用户数据",
  "Boards linked directly to this user": "直接链接到该用户的版面",
  "Boards linked through group membership": "通过组成员资格链接的版面",
  "Boards premium preview": "Boards Premium Preview",
  "Bookmarks": "书签",
  "Buy Licence": "购买证书",
  "Buy Online": "在线购买",
  "CVC": "CVC",
  "Cancel": "取消",
  "Cancel Licence": "取消证书",
  "Cancelled": "已取消",
  "Cannot Leave Board": "无法离开版面",
  "Card Name": "卡片名称",
  "Card Number": "卡号",
  "Cards": "卡",
  "Central Europe": "中欧",
  "Choose a Template": "选取模板",
  "Choose a board": "选择版面",
  "Classic": "经典",
  "Clear Search": "清空搜索",
  "Clear Selected": "清除已选",
  "Clear Selected Filters": "清空已选筛选项",
  "Click for details": "单击以获取详细信息",
  "Click for more information": "点击了解更多信息",
  "Click for more information about approving advanced features": "单击以获取有关批准高级功能的更多信息",
  "Click here": "点击这里",
  "Click here for details": "单击此处以获取详细信息",
  "Click here for details.": "单击此处以获取详细信息。",
  "Click here to buy a licence online or get a quote": "点击此处在线购买证书或获取报价",
  "Click here to start a 30 day free trial for your organisation. Contact support for trials with more users.": "点击这里为您的组织开启30天免费试用版。如需为更多用户获取试用版，请联系客服。",
  "Click to see more details": "单击以查看更多详细信息",
  "Client": "客户",
  "Clients": "客户",
  "Close": "关闭",
  "Close Activity After Import": "导入后关闭活动",
  "Close Board Menu": "关闭版面菜单",
  "Close the activity after the import has completed successfully. You can still access it through 'Trash'": "成功完成导入后关闭活动。您仍然可以通过回收站查看。",
  "Closed": "已关闭",
  "Collaborate on projects involving different departments": "项目合作涉及各个部门",
  "Collapse": "折叠",
  "Colour": "颜色",
  "Colour Labels": "颜色标签",
  "Colour-Tags": "颜色标签",
  "Colours": "颜色",
  "Column View": "纵栏查看",
  "Comment": "评论",
  "Comment on": "发表评论",
  "Comments": "评论",
  "Community": "社区",
  "Community Activities": "群组活动",
  "Community Templates": "群组模板",
  "Complete Todos": "完成待办事项",
  "Completed": "已完成",
  "Configuration": "配置",
  "Confirm": "确认",
  "Confirmation Required": "需要确认",
  "Connections Cloud session expired. Click here to validate.": "Connections Cloud已超时。请点击这里激活。",
  "Connections On-Premise": "Connections On-Premise",
  "Connections URL": "Connections URL",
  "Contact Email": "联系人电子邮箱",
  "Contact Name": "联系人姓名",
  "Contact Support": "联系客服",
  "Contact your System Administrator for more information or email us at": "如需获取更多信息，请联系您的系统管理员或者发送电子邮件至",
  "Content": "内容",
  "Continue": "继续",
  "Continue Without Transferring": "继续而不转移",
  "Convert into Entry": "转换为记录条目",
  "Convert into Todo": "转换为待办事项",
  "Copy embed code": "复制嵌入代码",
  "Copy embed code to clipboard": "将嵌入代码复制到剪贴板",
  "Create": "创建",
  "Create Board": "创建版面",
  "Create Board from Template": "从模板创建版面",
  "Create Boards for anything, manage your workflow, and streamline processes with template creation.": "创建针对任何内容的版面，管理您的工作流程以及通过模板创建简化流程。",
  "Create Copy": "创建副本",
  "Create Link to Board": "创建至面板的连接",
  "Create Template": "创建模板",
  "Create Template from Board": "从版面创建模板",
  "Create a new board": "创建新版面",
  "Create card": "创建卡",
  "Create your own structure for organising projects, workflows, ideas and more!": "为组织项目、工作流程、构思等等创建自己的框架!",
  "Create {{numCards}} cards?": "创建 {{numCards}} 卡？",
  "Create {{numCards}} lists?": "创建 {{numCards}} 列表？",
  "Created": "已创建",
  "Created By Me": "由我创建的",
  "Created {{ date }}": "创建日期 {{ date }}",
  "Created: {{date}}": "创建日期：{{date}}",
  "Credit Card Ending in {{last4}}": "信用卡最后四位数{{last4}}",
  "Current Account:": "当前账号:",
  "Currently the ability to search for groups in {{provider}} is not available until an administrator grants permissions for your organisation. ": "在管理员为您的组织授予权限之前，当前无法在 {{provider}} 中搜索组。",
  "Curve": "曲线",
  "Custom Fields": "自定义字段",
  "Customer ID": "客户ID",
  "Date": "日期",
  "Decisions": "决议",
  "Default templates to exclude": "除去默认模板",
  "Delete": "删除",
  "Delete Board": "删除版面",
  "Delete Card": "删除卡片",
  "Delete Comment": "删除评论",
  "Delete File": "删除文件",
  "Delete Label": "删除标签",
  "Delete Link": "删除链接",
  "Delete List": "删除列表",
  "Delete Selected Items": "删除已选项目",
  "Delete items": "删除项目",
  "Delete mode": "删除模式",
  "Deleted": "已删除",
  "Deleting": "正在删除",
  "Departments": "部门",
  "Description": "描述",
  "Description (optional)": "描述 (选填)",
  "Details": "详情",
  "Direct Order via ISW": "直接通过ISW的订单",
  "Discount": "折扣",
  "Discount Code (optional)": "折扣码 (选填)",
  "Discount: {{discount}}": "折扣: {{discount}}",
  "Display an existing board": "显示现有版面",
  "Documentation": "文档",
  "Doing": "正在进行",
  "Don't worry you wont lose any data, all content created in Boards Premium views will still be accessible from the Activity View.": "不要担心，你不会丢失任何数据。所有在 Boards Premium 视图中创建的内容仍然可以从 Activity 视图中访问。",
  "Done": "已完成",
  "Done ({{num}})": "已完成 ({{num}})",
  "Download": "下载",
  "Download Teams App": "下载 Teams 应用程序",
  "Download file": "下载文件",
  "Drop file here to save": "拖拽文件到此处保存",
  "Due": "截止日期",
  "Due Date": "到期日期",
  "Due date": "截止日期",
  "Earliest Licence Expired on": "最早证书到期日期",
  "Earliest Upcoming Expiry": "最早批次即将到期",
  "Edit": "编辑",
  "Edit Board Colour Labels": "编辑版面颜色标签",
  "Edit Client": "编辑客户",
  "Edit Client Licence": "编辑客户证书",
  "Edit Colour Labels": "编辑颜色标签",
  "Edit Comment": "编辑评论",
  "Edit Description": "编辑描述",
  "Edit Filename": "编辑文件名",
  "Edit Label": "编辑标签",
  "Edit Licence": "编辑许可证",
  "Edit Link": "编辑链接",
  "Edit Tile Colour Labels": "编辑调色盘标签",
  "Edit Title": "编辑标题",
  "Edit User Licence": "编辑用户证书",
  "Edit label": "编辑标签",
  "Edit name": "编辑名称",
  "Edited": "已编辑",
  "Editor": "编辑者",
  "Email": "电子邮箱",
  "Email Address": "电子邮件地址",
  "Email Us": "给我们发送电子邮件",
  "Email address is required": "需要电子邮件地址",
  "Email addresses to copy invoices to": "抄送账单到电子邮箱",
  "Email addresses to copy quote to": "抄送报价副本到电子邮箱",
  "Embed code copied to clipboard": "嵌入式代码已复制到剪贴板",
  "Empty Lists": "空白列表",
  "Enable Boards File Uploads": "启用版面文件上传",
  "Enabled": "激活",
  "End Date": "结束日期",
  "Ending Balance": "期末余额",
  "Enter Label": "输入标签",
  "Enter New Name": "输入新名称",
  "Enter Text": "输入文本",
  "Enter a title for the link (Optional)": "请为链接输入名称 (选填)",
  "Enter an email address": "输入电子邮件地址",
  "Enter label name": "输入标签名称",
  "Entry": "记录条目",
  "Error": "错误",
  "Error creating board": "创建版面出错",
  "Error processing quote request. Please email sales@kudosbadges.com": "处理报价请求时出错。请发送电子邮件至sales@kudosbadges.com",
  "Error processing your request": "处理请求时出错",
  "Error starting trial": "开启试用版出错",
  "Error uploading file": "上传文件出错",
  "Error: an unknown error occurred - cannot move": "错误: 出现未知错误 – 无法移动",
  "Error: you are not authorised to add content to this board": "错误: 您无权添加内容到本版面",
  "Existing Kudos Partner (optional)": "现有Kudos 合作伙伴 (选填)",
  "Existing Login Detected": "检测到的已登陆账号",
  "Existing Tab": "现有选项卡",
  "Expand": "展开",
  "Expand/Collapse": "展开/收起",
  "Expand/Collapse All Lists": "展开/收起所有列表",
  "Expired": "已过期",
  "Expires": "已过期",
  "Expires: {{date}}": "过期日期：{{date}}",
  "Expires: {{{date}}}": "过期日期：{{{date}}}",
  "Expiry": "有效日期至",
  "Expiry Date": "过期日期",
  "Explore the Template Library": "探索模板库",
  "Extend": "延长",
  "ExternalId": "外部标识",
  "Fields": "字段",
  "Filter Activities to migrate": "过滤要迁移的活动",
  "Filters": "筛选",
  "Finance": "金融",
  "Find a Group": "查找组",
  "Find a User": "搜索用户",
  "Finding your Connections Cloud Organisation...": "正在搜索您的Connections Cloud 组织...",
  "Found {{count}} users with Boards user data.": "找到了 {{count}} 个拥有 Boards 用户数据的用户。",
  "Free": "空闲",
  "Free Trial": "免费试用",
  "Friday": "星期五",
  "From Provider": "来自提供程序",
  "Functionality is currently limited.": "目前功能受到限制。",
  "Furthest Upcoming Expiry": "最晚批次即将到期",
  "Future": "未来",
  "General": "普通",
  "Get a Licence Quote": "获取证书报价",
  "Get a Quote": "获取报价",
  "Give users the ability to invite external users to a Board by email address": "使用户能够通过电子邮件地址邀请外部用户加入 Board",
  "Global Access": "全局访问",
  "Global OAuth": "全局 OAuth",
  "Go to Today": "转到今天",
  "Go to licence": "前往证书",
  "Goals": "目标",
  "Group": "组",
  "Group Boards": "群组版面",
  "Group By": "分组依据",
  "Group Owners: Owners of this Board.</br>Group Members: Authors of this Board": "群组所有者: 版面所有者。</br>群组成员: 版面作者",
  "Groups": "群组",
  "HR": "人力资源",
  "Help": "帮助",
  "Hide": "隐藏",
  "Hide Completed Todos": "隐藏已完成待办事项",
  "Hide Dates": "隐藏日期",
  "Horizontal": "水平",
  "How would you like to proceed?": "您希望如何继续?",
  "I accept the above Terms & Conditions": "我接受上述条款和条件",
  "I accept the terms of service": "我接受服务条款",
  "ID": "号",
  "IT": "信息技术",
  "If this setting is switched off, cards are created as entries on enter press.": "如果关闭此设置，则在按 Enter 键时将卡创建作为条目。",
  "Ignore Completed": "忽略已完成",
  "Ignore Deleted": "忽略已删除",
  "Ignore Templates": "忽略模板",
  "Import": "导入",
  "Import From Activities": "从活动功能导入",
  "Import an Activity": "导入活动",
  "Import an Activity Template": "导入活动模板",
  "Import from Activities": "从活动功能导入",
  "In a Group": "在组内",
  "Include email body in description": "在描述中包括电子邮件正文",
  "Inherit": "传承",
  "Inherit from Group": "群组传承获得",
  "Inherited from Group": "从组继承",
  "Integration Env": "集成环境",
  "Internal server error": "内部服务器出错",
  "Invitation sent to": "邀请发送至",
  "Invite": "邀请",
  "Invite by Email": "通过电子邮件邀请",
  "Invite sent on": "发送邀请日期",
  "Invoice": "账单",
  "Invoice Details": "账单详情",
  "Invoices": "账单",
  "Invoices for": "账单收件人",
  "Is Enabled": "激活",
  "Is Trial": "试用",
  "It is valid until {{expiry}}.": "有效期至{{expiry}}.",
  "Items": "项",
  "Join Workspace Meetings": "参加工作空间会议",
  "Kanban": "看板",
  "Kanban View": "看板视图",
  "Kudos Boards": "Kudos Boards",
  "Kudos Boards - Terms & Conditions": "Kudos Boards - 条款和条件",
  "Kudos Boards API": "Kudos Boards API",
  "Kudos Boards cannot be added as a tab until an administrator approves required functionality": "在管理员批准所需功能之前，不能将 Kudos Boards 添加为选项卡",
  "Kudos Boards has been updated in the background. Please reload the app!": "Kudos Boards 已在后台更新。请重新加载该应用！",
  "Kudos Partner Reference Code (optional)": "Kudos 合作伙伴推荐码 (选填)",
  "Kudos Team Name": "Kudos 团队名称",
  "Label deleted": "已删除标签",
  "Labels": "标签",
  "Last Accessed": "上次访问时间",
  "Last Licence Expired on": "上次证书到期日期",
  "Later This Month": "本月后期",
  "Later This Week": "本周后期",
  "Layout": "布局",
  "Leave Board": "离开版面",
  "Licence Assigned": "已分配证书",
  "Licence Details": "证书详情",
  "Licence Type": "许可证类型",
  "Licence expired": "许可证过期",
  "Licences": "证书",
  "Licenses": "证书",
  "Licensing": "颁发证书",
  "Limit": "限制",
  "Line": "线条",
  "Line Items": "字行项目",
  "Lines in file:": "文件字行:",
  "Link": "链接",
  "Link Accounts": "关联账号",
  "Link Exists": "链接已存在",
  "Link another Kudos Boards account": "链接另一个 Kudos Boards 帐户",
  "Link another account": "链接另一个帐户",
  "Link to Board": "连接到版面",
  "Link to Card, List or Board": "链接到卡、列表或版面",
  "Link to File": "从我的文件选取",
  "Link to Folder": "链接到文件夹",
  "Link {{provider}} with the current account": "关联 {{provider}} 到当前账号",
  "Linked Accounts": "我的关联账号",
  "Linked Groups": "已关联群组",
  "Links": "链接",
  "Links & Attachments": "链接和附件",
  "List": "列表",
  "List Name": "列表名称",
  "List View": "列表查看",
  "List all Boards": "列出所有版面",
  "Lists": "列表",
  "Lite": "精简",
  "Local": "本地",
  "Logging in, please wait...": "正在登录，请稍等...",
  "Login": "登录",
  "Logout": "注销",
  "Look in": "查看",
  "Make the most of your Kudos Boards Premium Preview": "充分利用您的 Kudos Boards Premium Preview",
  "Manage Org": "管理组织",
  "Manage Payments": "管理付款",
  "Mark Activity Complete": "标记 Activity 完成",
  "Mark Board as Complete": "标记版面为完成",
  "Mark Board as Incomplete": "标记版面为未完成",
  "Mark Complete": "标记为完成",
  "Mark Incomplete": "标记为未完成",
  "Marketing": "市场",
  "Match All Filters": "匹配所有筛选项",
  "Meeting": "会议",
  "Members": "成员",
  "Merge": "合并",
  "Microsoft Office365": "Microsoft Office",
  "Migrate ALL ({{num}})": "迁移全部 ({{num}})",
  "Migrate Selected ({{num}})": "迁移选中内容 ({{num}})",
  "Migrating data for {{count}} users...": "正在迁移 {{count}} 个用户的数据……",
  "Mind Map": "思维导图",
  "MindMap": "思维导图",
  "Mindmap": "思维导图",
  "Mindmap View": "思维导图视图",
  "Minimum number of users for the selected licence type is {{minimumSeats}}": "已选证书类型的最低用户人数要求是{{minimumSeats}}",
  "Mirror": "镜像",
  "Modified": "已修改",
  "Modify": "修改",
  "Modify Licence": "修改证书",
  "Monday": "星期一",
  "Monthly": "月度",
  "More": "更多",
  "Move": "移动",
  "Move Card": "移动卡片",
  "Move List": "移动列表",
  "Move To Another Board": "移至另一个版面",
  "Move and Open": "移动并打开",
  "Move to another list or parent card": "移至其他列表或母卡",
  "My": "我的",
  "My Account": "我的帐户",
  "My Activities": "我的活动",
  "My Boards": "我的版面",
  "My Subscriptions": "我的订阅",
  "My Templates": "我的模板",
  "My Todos": "我的待办事项",
  "Name": "名称",
  "Name on Card": "持卡人姓名",
  "Named Users": "指定用户",
  "Named Users Licence": "指定用户证书",
  "Never": "从不",
  "New Board": "新版面",
  "New Client": "新客户",
  "New Client Licence": "新客户证书",
  "New Credit Card": "新添信用卡",
  "New Label": "新标签",
  "New Label Text": "新标签文本",
  "New Licence": "新许可证",
  "New Since Last Week": "自上周以来的新建内容",
  "New Sub-Card": "新子卡",
  "New Tab": "新选项卡",
  "New Template": "新模板",
  "New User Licence": "新添用户证书",
  "New card created, however the search filter currently applied is preventing it from being displayed": "已创建新卡，但是当前应用的搜索过滤器阻止其显示",
  "New cards created as tasks on enter key press": "按下 Enter 键时将新卡创建为任务",
  "Next": "下一步",
  "Next Invoice Amount: {{nextAmount}}": "下期账单金额: {{nextAmount}}",
  "Next Invoice Date: {{date}}": "下期账单日期: {{date}}",
  "Next Payment": "下期付款",
  "Next Payment Attempt": "下次扣款",
  "Next Payment: {{{date}}}": "下次付款日期: {{{date}}}",
  "Next Week": "下周",
  "No": "否",
  "No Active Meetings found. Click below to go to a Workspace": "找不到活动会议。单击下方转到工作空间 ",
  "No Activities found": "找不到活动",
  "No Archived items to show": "无归档项目可显示",
  "No Assignment": "没有分配",
  "No Boards found.": "未发现版面。",
  "No Colour": "没有颜色",
  "No Date": "无日期",
  "No Group": "没有组",
  "No Label": "无标签",
  "No Pinned Boards found.": "未发现锁定版面。",
  "No Recent Boards found.": "未发现最近访问版面。",
  "No action available": "无可用操作",
  "No boards found for this group": "找不到该组的版面",
  "No boards yet, please create one first": "还没有版面，请先创建一个",
  "No clients found": "找不到客户机",
  "No description or summary for this result": "没有此结果的描述或摘要",
  "No files found": "找不到文件",
  "No folders found": "找不到文件夹",
  "No invoices to display": "无账单可显示",
  "No items were selected": "未选择项目",
  "No label": "无标签",
  "No labels defined": "无明确标签",
  "No licences available. Functionality is currently limited": "没有可用的许可证。 此功能目前受限。",
  "No licences available. Functionality will be limited for new users.": "没有可用的许可证。新用户的功能将受到限制。",
  "No licences found": "找不到许可证",
  "No licences to show": "无证书可显示",
  "No organisations found": "找不到组织",
  "No pinned boards": "无锁定版面",
  "No results were found for that search": "找不到该搜索的结果",
  "No user trials found": "找不到用户试用",
  "No users found": "未发现用户",
  "No users to show": "无用户可显示",
  "None": "无人",
  "North America": "北美",
  "Not Licensed": "无证书",
  "Not Supported": "不支持",
  "Note that file security is managed by {{provider}}, not by Kudos Boards": "请注意，文件安全由您的云端服务商管理保护，而不是Kudos Boards",
  "Nothing to show": "无可显示项",
  "Number of Attempts": "尝试扣款次数",
  "Number of Expired Licences": "过期证书数目",
  "Number of Users": "用户数目",
  "Number of Valid Licences": "有效证书数目",
  "Number of cards": "卡片数目",
  "OAuth Client ID": "OAuth 客户ID",
  "OAuth Client Secret": "OAuth 客户密码",
  "OK": "好的",
  "Only Entries": "仅记录条目",
  "Only Todos": "仅待办事项",
  "Only the members of this board will be able to see and access this board.": "只有本版面成员能够看到和访问本版面。",
  "Open": "打开",
  "Open Board Options": "打开版面选项",
  "Open Boards in:": "在以下位置打开版面：",
  "Open Licence": "开放证书",
  "Open in Boards": "在版面中打开",
  "Open this board": "打开此版面",
  "Opt in below to receive tips and tricks from the Kudos Boards team to make the most of your premium preview.": "选择下面的选项可接收来自 Kudos Boards 团队的提示和技巧，以充分利用您的高级预览。",
  "Options": "选项",
  "Order": "顺序",
  "Order Summary": "订单一览",
  "Order via ISW Partner": "通过ISW合作伙伴的订单",
  "Org Administration": "组织管理",
  "Organisation": "我的组织中的所有人",
  "Organisation Name": "组织名称",
  "Organisations": "组织",
  "Organise any project productively using the classic Todo, Doing, Done methodology": "使用经典模式系列方法有效管理项目",
  "Our Terms & Conditions have changed": "我们的“条款和条件”已更改",
  "Overdue": "逾期",
  "Owner": "所有者",
  "Owners": "所有者",
  "Page Not Found": "无法找到该页面",
  "Paid": "已付款",
  "Paste link or drop file to upload": "粘贴链接或者拖拽文件上传",
  "Payment Method": "付款方式",
  "Period": "账期",
  "Person": "人员",
  "Pin Board": "锁定版面",
  "Pinned": "固定",
  "Pinned Boards": "锁定版面",
  "Pinned boards": "锁定版面",
  "Plan and collaborate on tasks on a weekly basis": "每周任务计划与合作安排",
  "Please approve the Kudos Boards app to allow it to be added as a tab.": "请批准 Kudos Boards 应用程序，以允许将其添加为选项卡。",
  "Please approve the Kudos Boards app to use advanced features.": "请批准 Kudos Boards 应用程序使用高级功能。",
  "Please contact your Administrator": "请联系管理员",
  "Please contact your IBM Connections Admin to purchase a licence.": "请联系您的IBM Connections 管理部门购买证书",
  "Please ensure you login with the same Office 365 user account as you are using in Microsoft Teams": "请确保您使用与 Microsoft Teams 中相同的 Office 365 用户帐户登录",
  "Please enter a board name": "请输入版面名称",
  "Please enter a valid URL": "请输入有效的URL",
  "Please enter a valid email address": "请输入有效的电子邮件地址",
  "Please enter the number of users in your Connections Cloud Organisation": "请输入您的Connections Cloud 组织中的用户 人数",
  "Please enter the number of users you wish to name under this licence": "请输入您希望在本证书上添加的指定用户人数",
  "Please read our Terms & Conditions": "请阅读我们的“条款和条件”",
  "Please reload the page and try again, if this issue persists please let us know": "请重新加载页面，并重试，如果问题仍然存在，请告知我们",
  "Please review your licences here": "请在此处查看证书",
  "Please see the <a href='{{url}}'>new board</a>": "请查看<a href='{{url}}'>新版面</a>",
  "Please sign in": "请登录",
  "Please start a trial to use Boards in your {{provider}} organisation": "请开始在您的 {{provider}} 组织中试用 Boards ",
  "Position": "位置",
  "Post": "发布",
  "Premium": "高级",
  "Premium Preview Status": "Premium Preview 状态",
  "Preview": "预览",
  "Preview available": "预览可用",
  "Previous": "上一步",
  "Pricing": "定价",
  "Primary": "主账号",
  "Print": "打印",
  "Private (me only)": "无人(仅与我共享)",
  "Product Information": "产品信息",
  "Product Version": "产品版本",
  "Provider": "服务商",
  "Provider not supported": "不支持提供程序",
  "Public": "公共",
  "Public Access": "公共访问",
  "Public Activities": "公共活动",
  "Public Boards": "公共版面",
  "Public Templates": "公共模板",
  "Quarterly": "季度",
  "Questions": "问题",
  "Quick Edit": "快速编辑",
  "RE-CENTER": "重新居中",
  "Radial": "径向",
  "Reactivate Licence": "重新激活证书",
  "Reader": "读者",
  "Recent": "最近",
  "Recent Boards": "最近使用版面",
  "Recent boards": "最近使用版面",
  "Recurring Amount Due: {{recurring}}": "定期循环应缴金额: {{recurring}}",
  "Redeeming Invitation...": "正在兑换邀请...",
  "Redirecting to Connections Cloud...": "正在转至Connections Cloud...",
  "Redirecting to Watson Workspace...": "正在转至Watson Workspace...",
  "Refresh": "刷新",
  "Region": "地区",
  "Reload": "重新加载",
  "Remaining ({{num}})": "剩余 ({{num}})",
  "Remove Admin": "除去管理员",
  "Remove Client": "除去客户端",
  "Remove Invite": "除去邀请",
  "Remove Licence": "移除证书",
  "Replace": "替换",
  "Resend Invite": "重新发送邀请",
  "Reset": "重置",
  "Restore": "恢复",
  "Restore Card": "恢复卡片",
  "Restore List": "恢复列表",
  "Restore items": "恢复项目",
  "Restore mode": "恢复模式",
  "Reverse": "倒退",
  "Revoke All": "撤销所有",
  "Revoke Licence": "撤销证书",
  "Role": "角色",
  "Roles": "角色",
  "Rows": "行数",
  "SIGN IN WITH:": "登录信息：",
  "Sales": "销售",
  "Save": "保存",
  "Save Changes": "保存更改事项",
  "Save card for future purchases": "保存卡面信息供以后付款使用",
  "Save link": "保存链接",
  "Scroll To": "滚动至",
  "Search": "搜索",
  "Search All Templates": "搜索所有模板",
  "Search this view": "搜索此视图",
  "Search...": "搜索...",
  "Select Board": "选择版面",
  "Select Board Label": "选择版面标签",
  "Select Card Colours": "选择卡片颜色",
  "Select Colour": "选择颜色",
  "Select Colours": "选择颜色",
  "Select Destination Board": "选择目标版面",
  "Select File": "选择文件",
  "Select Folder": "选择文件夹",
  "Select List or Card": "选择列表或卡片",
  "Select a Board": "选择一个面板",
  "Select board": "选择版面",
  "Select destination folder": "选择目标文件夹",
  "Select items for delete": "选择项目以删除",
  "Select items for restore": "选择项目以恢复",
  "Select the boards below that you would like to transfer membership over to your primary ({{toName}}) account": "选择以下您想将成员资格转移到您的主 ({{toName}}) 帐户的版面",
  "Selected Activity": "已选活动",
  "Send Invitation": "发送邀请",
  "Send Notification Email to Members": "发送电子邮件通知成员",
  "Send an email notifying each member that the Activity has been migrated to a Board.": "发送电子邮件将活动已经移至版面的消息通知给所有成员。",
  "Sending invitations": "正在发送邀请",
  "Set Dates": "设置日期",
  "Set as primary account": "设置为主帐户",
  "Set enter key press action to create a task when creating new cards in a list.": "在列表中创建新卡时，请设置 Enter 键按下操作以创建任务。",
  "Setup Subscription": "设置订阅",
  "Share with": "共享给",
  "Shared by me": "由我共享",
  "Shared with me": "与我共享",
  "Show": "显示",
  "Show Board Menu": "显示模板菜单",
  "Show Filter Options": "显示筛选选项",
  "Show Less": "显示较少",
  "Show Licences for your organisation": "显示您的组织的许可证",
  "Show More": "显示更多",
  "Show Sub-cards": "显示子卡片",
  "Show all ancestors": "显示所有原先项",
  "Show all boards for this team": "显示此团队的所有版面",
  "Show link on card": "在卡片上显示链接",
  "Show on Card": "在卡上显示",
  "Show previous comments": "显示之前的评论",
  "Show previous links & attachments": "显示之前的链接和附件",
  "Sign In": "登录",
  "Sign Out": "退出",
  "Sign Out of Kudos Boards": "退出Kudos Boards",
  "Sign in with": "登录信息",
  "Signing in...": "正在登录...",
  "Signing out...": "正在退出...",
  "Smartcloud": "IBM Connections Cloud",
  "Something went wrong.": "某些内容出错。",
  "Source Board/Template": "源版面/模板",
  "Source Template": "源模板",
  "Specific Board": "特定版面",
  "Start": "开始",
  "Start Boards Premium Preview": "启动 Boards Premium Preview",
  "Start Date": "起始日期",
  "Start Free Trial": "开启试用版",
  "Start Now": "立即启动",
  "Start Page:": "开始页面：",
  "Start a Trial": "开启试用",
  "Start a trial or purchase a subscription to start creating boards": "开始使用或购买订阅以开始创建版面",
  "Start my trial": "开始我的试用",
  "Start page updated": "开始页面已更新",
  "Starting Balance": "期初余额",
  "Starting View": "开始视图",
  "Status": "状态",
  "Step": "步骤",
  "Sub Cards": "子卡片",
  "Sub Tasks": "子任务",
  "Submit": "提交",
  "Subscription": "订阅",
  "Subscription expired.": "订阅过期。",
  "Subtotal": "合计",
  "Successfully migrated data for {{response}} users!": "已成功迁移 {{response}} 个用户的数据！",
  "Summary": "总结",
  "Support for browsers is currently limited.  This browser is not yet supported. <br>Please use one of the following browsers:": "目前支持的浏览器有限。不支持本浏览器。<br>请使用以下浏览器:",
  "TRIAL": "试用",
  "Tab Content": "选项卡内容",
  "Tab Name": "选项卡名称",
  "Tags": "标签",
  "Tags (optional)": "标签 (选填)",
  "Take away meaningful and collaborative notes from any meeting!": "让会议记录更有价值和合作意义!",
  "Task": "任务",
  "Team Boards": "团队版面",
  "Team Name": "团队名称",
  "Team Name is used as a method to log in to certain authentication providers. e.g. Auth0": "团队名称用作登录某些认证提供程序的方法。例如，Auth0",
  "Template": "模板",
  "Templates": "模板",
  "Templates tagged with": "标记有以下内容的模板",
  "Text": "文本",
  "Text Mode": "文本模式",
  "That can't be pasted there.": "那些内容不能粘贴在那个位置。",
  "The board has been deleted": "版面已删除",
  "The files below cannot be uploaded to Kudos Boards as they are larger than the limit of {{limit}}": "以下文件无法上传到 Kudos Boards，因为它们超过了限值 {{limit}}",
  "The following links have already been added to this card:": "以下链接已经被添加到卡片:",
  "The invite was resent to": "邀请被重新发送到",
  "The selected board(s) were successfully transferred": "所选版面已成功转移",
  "The selected items have been deleted": "已选项目已经被删除",
  "The selected items have been restored": "已选项目已经被恢复",
  "There was an error when uploading the file. Server response: ": "上传文件时出错。服务器响应: ",
  "This Activity has been migrated to Kudos Boards": "本活动已移至Kudos Boards",
  "This Board": "该版面",
  "This Board is available with AUTHOR access to everyone across all organisations.": "本版面对所有组织中的所有人开放作者访问权限。",
  "This Board is available with EDITOR access to everyone across all organisations.": "本版面对所有组织中的所有人开放编辑者访问权限。",
  "This Board is in one or more Groups": "该版面位于一个或多个组",
  "This Board is read-only to everyone across all organisations.": "本版面对所有组织中的所有人开放只读模式。",
  "This Board will be visible to everyone in your organisation. <br>Non-members can create new content and edit their own content.": "本版面将对您的组织中的所有人可见。 <br>非成员能够创建新内容及编辑其自己的内容。",
  "This Board will be visible to everyone in your organisation. <br>Non-members can only view the board's contents.": "本版面将对您的组织中的所有人可见。 <br>非成员只能查看版面内容。",
  "This Board will be visible to everyone in your organisation. <br>Please note: This access level allows non-members to edit <b>all</b> board content.": "本版面将对您的组织中的所有人可见。 <br>请注意: 本访问级别下，非成员能够编辑<b>所有</b> 版面内容。",
  "This Community": "本群组",
  "This billing cycle affords a {{discount}}% discount": "选择本账单周期享有{{discount}}% 折扣",
  "This card will be restored with its parent": "本卡片将以其母卡片恢复",
  "This feature is coming soon!": "本功能即将开放!",
  "This feature is currently not supported by the IBM Connections Cloud API": " IBM Connections Cloud应用程序界面尚不支持本功能",
  "This field is required": "此字段为必填字段",
  "This invoice has been closed. Payment will not be automatically attempted again. Contact support for more information": "本账单已关闭。不会再尝试自动扣款。如需获取更多信息请联系客服。",
  "This is a Free trial of Kudos Boards and will expire in {{numDays}} day(s).": "这是Kudos Boards的免费试用版, 将在{{numDays}}天后到期。",
  "This is a one way process and updates will not be reflected in your old Activity.": "这是一个单向过程，更新不会反映在你以前的 Activity 中。",
  "This is a read-only preview of this Activity. Import to Boards for full functionality": "这是活动的只读模式预览。导入到版面使用全部功能",
  "This licence grants access to a set number of users as they use the app. You may view the user-licences already assigned.": "本证书给使用该应用的一组用户授予访问权限。您可以查看已分配 的用户证书。",
  "This licence has been cancelled.": "本证书已被取消.",
  "This licence only grants access to a selected group of named users. Access will not be granted to users not named by the Org Admins. You can view and edit the named users from the Admin settings.": "本证书仅给部分指定客户授予访问权限。组织管理部门未指定的用户将无法获得访问权限。您可以通过管理设置来查看和编辑指定的用户。",
  "This option is only available when paying by credit card": "仅当使用信用卡付款时本选项才可使用",
  "This option is only editable if paying by credit card": "仅当使用信用卡付款时本选项才可编辑",
  "This team account is already linked": "此团队账户已链接",
  "This will go to your provider for an administrator to approve access to Kudos Boards": "这样，将转到您的提供程序，以便管理员批准对 Kudos Board 的访问",
  "This will permanently delete the board and all its data, are you sure?": "此项操作会彻底删除版面及其所有数据，您确定吗?",
  "This will remove this data permanently from the board, are you sure?": "此项操作将彻底将数据从版面上删除，您确定吗?",
  "Thursday": "星期四",
  "Tile Colours": "调色盘",
  "Timeline": "时间线",
  "Timeline View": "时间线视图",
  "Title": "标题",
  "To interact with this card the parent will need to be restored": "要在本卡片上进行操作，需要恢复其母卡片",
  "To unselect this card you will need to unselect its parent": "要取消选择本卡片，您需要取消选择其母卡片",
  "Today": "今天",
  "Todo": "待办事项",
  "Todos": "待办事项",
  "Todos by Date": "按日期划分的待办事项",
  "Todos by Due Date": "时间轴",
  "Toggle Completion": "切换完成",
  "Toggle Editor": "切换编辑者",
  "Toggle Sidebar": "切换侧栏",
  "Tomorrow": "明天",
  "Total": "总计",
  "Transfer Board Membership": "转移版面成员资格",
  "Transfer Membership": "转移成员资格",
  "Trial": "试用版",
  "Trial End Date: {{trialEnd}}": "试用版到期日期: {{trialEnd}}",
  "Trial expired": "试用版已过期",
  "Trial expired.": "试用版已过期。",
  "Trial extended {{extensions}} time(s)": "试用版延长时间：{{extensions}}",
  "Try again": "重试",
  "Tuesday": "星期二",
  "Type": "类型",
  "Type to filter archive": "筛选归档",
  "Type to filter list": "筛选列表",
  "Type to filter members": "筛选成员",
  "Type to search": "搜索文件",
  "UNDO": "撤消",
  "URL": "URL",
  "URL of Connections header frame (optional)": "连接标头框架的 URL（可选）",
  "Unassigned": "未分配",
  "Undo": "撤销",
  "Unit price: {{unitPrice}} per user": "单价: {{unitPrice}} 每人",
  "Unknown Connections Cloud organisation. Redirecting...": "未知Connections Cloud组织。正在转至...",
  "Unknown Team": "未知团队",
  "Unlimited": "无限制",
  "Unlink Board": "取消连接到版面",
  "Unlink account": "取消链接帐户",
  "Unlink {{fromName}} Account": "取消链接 {{fromName}} 帐户",
  "Unlock Kudos Boards Premium Preview": "解锁 Kudos Boards Premium Preview",
  "Unpaid": "未付款",
  "Unpin Board": "解除锁定版面",
  "Unscheduled cards": "计划外的卡",
  "Update": "更新",
  "Updated": "已更新",
  "Updated Since Last Accessed": "自上次访问以来已更新",
  "Updated {{ date }}": "更新时间：{{ date }}",
  "Updating...": "正在更新...",
  "Upload": "上传",
  "Upload Users": "上传用户",
  "Upload Users from CSV": "上传CSV用户",
  "Upload file from computer": "从电脑中上传文件",
  "Upload to Kudos Boards": "上传到 Kudos Boards",
  "Uploading file:": "正在上传文件:",
  "Use Email": "使用电子邮件",
  "Use another file service": "使用另一个文件服务",
  "Use as card theme": "用作卡片主题",
  "Use current account": "使用当前账号",
  "Use the Kudos Boards File Attachment Service for attaching files to cards": "使用 Kudos Boards 文件附件服务将文件附加到卡上",
  "Use {{provider}} instead": "使用 {{provider}} 取代",
  "Used": "已使用",
  "User": "用户",
  "User Emails": "用户电子邮箱",
  "User ExternalID": "用户外部ID",
  "User Licences": "用户证书",
  "User Options": "用户选项",
  "User Trials": "用户使用",
  "User upload success!": "上传用户成功!",
  "Username": "用户名",
  "Users": "用户",
  "Users may need to be added to the destination board to maintain access to their assigned todos.": "需要添加用户到目标版面以使其能够继续访问被分配的待办事项。",
  "Users: {{num}}": "用户：{{num}}",
  "Vertical": "垂直",
  "View": "查看",
  "View Details": "查看详情",
  "View Subscriptions": "查看订阅",
  "View and Accept ↗": "查看并接受 ↗",
  "View licences": "查看许可证",
  "View subscriptions": "查看订阅",
  "Want to know more?": "想了解更多信息？",
  "Warning: you are not authorised to add members in this board": "警告: 您无权添加成员到本版面",
  "We found one board linked your {{fromName}} user account. Once you unlink the account you may no longer have access to this board.": "我们找到一个与您的 {{fromName}} 用户帐户链接的版面。一旦取消链接该帐户，您可能再也不能访问该版面。",
  "We found {{count}} boards linked to your {{fromName}} user account. Once you unlink the account you may no longer have access to these boards.": "我们找到 {{count}} 个与您的 {{fromName}} 用户帐户链接的版面。一旦取消链接该帐户，您可能再也不能访问这些版面。",
  "We recommended you change the widget title from the actions menu above": "我们建议您从上方的操作菜单中更改窗口小部件的标题",
  "Wednesday": "星期三",
  "Weekdays": "工作日",
  "Welcome": "欢迎",
  "Welcome to Kudos Boards": "欢迎来到Kudos Boards",
  "When you unlock Kudos Boards Premium View, your current Activities will immediately be available in Board, Timeline and MindMap view.": "解锁 Kudos Boards Premium 视图后，可在版面、时间线和思维导图视图中立即看到当前活动。",
  "Widget Settings": "窗口小部件设置",
  "Yearly": "年度",
  "Yes": "是",
  "Yes Please": "是的，请",
  "You are in DELETE mode, select items to delete": "您正处于删除模式，选择项目以删除",
  "You are in restore mode, select items to restore": "您正处于恢复模式，选择项目以恢复",
  "You are not a direct member of this board. Please consider leaving any Groups that may be members of this board.": "您不是本版面的直系成员。请考虑离开可能是本版面成员的群组。",
  "You are not allowed to leave this Board. Please consider archiving board.": "您无法离开版面。请考虑归档版面。",
  "You are not authorised to access this resource": "您无权访问本资源",
  "You are not licensed to access this resource.": "您没有访问本资源的证书",
  "You are the only owner of this board. Please consider adding other owners or archiving this board instead.": "您是本版面的唯一所有者。请考虑添加其他所有者或者归档本版面。",
  "You can enhance your workflow by unlocking Kudos Boards Premium Preview. In addition to your Activities view, you’ll also be able to work in the Boards, Timeline and Mind Map views!": "您可以通过解锁 Kudos Boards Premium Preview 来增强工作流程。除了“活动”视图之外，您还可以在版面、时间线和思维导图视图中工作！",
  "You have READ ONLY access to this Board": "您对本版面访问权限为只读",
  "You have {{remaining}} day(s) remaining in your premium preview.": "高级预览还能使用 {{remaining}} 天。",
  "Your account's email address and other admin emails for your org ({{emails}}) are already included": "已包含您的帐户电子邮件地址和您的组织的其他管理员电子邮件 ({{emails}})",
  "Your api key for kudos boards is shown below": "您的 Kudos Boards 的 API 密钥如下所示",
  "Your changes have been saved": "更改事项已保存",
  "Your initial premium preview with {{orgName}} has expired. Click extend if you would like to continue access for an additional 30 days": "您的初始 {{orgName}} 高级预览已过期。如果想继续访问 30 天，请单击延长",
  "Your premium preview expires today.": "您的高级预览将于今天到期。",
  "Your premium preview has expired, Let your administrator know you'd like to continue using Kudos Boards Premium view.": "您的高级预览已过期，让管理员了解您希望继续使用 Kudos Boards Premium 视图。",
  "Your preview will last for 30 days and any data you create in these views will always be available in the Activities view.": "你的预览将持续30天，你在这些视图中创建的所有数据将始终在 Activities 视图中可用。",
  "Your session with {{provider}} has expired. Redirecting...": "您与 {{provider}} 的会话已过期，正在重定向到...",
  "Your session with {{provider}} has expired. Some functionality (ie notifications, groups, files) will be restricted until you login again.": "您与 {{provider}} 的会话已过期。在再次登录之前，某些功能（例如，通知、组、文件）将受到限制。",
  "and is already a member of this board": "且已是此版面中的一个成员",
  "author": "作者",
  "awaiting acceptance": "等待接受",
  "by": "按",
  "editor": "编辑者",
  "empty name": "无名",
  "monthly": "每月",
  "oAuth Client ID": "OAuth 客户标识",
  "oAuth Client Secret": "OAuth 客户密码",
  "of": "的",
  "ok": "确定",
  "owner": "所有者",
  "primary": "主要",
  "reader": "读者",
  "to go to Connections Cloud, then access Kudos Boards via the link in the 'Apps' menu.": "转至Connections Cloud，然后通过应用程序菜单中的链接访问Kudos Boards.",
  "to view this content": "查看此内容",
  "uploaded successfully": "上传成功",
  "yearly": "每年",
  "{{count}} more card(s) this way": "这样，可以计算出另外 {{count}} 张卡",
  "{{num}} users": "{{num}} 名用户",
  "{{quantity}} x subscriptions to '{{plan.name}}' ({{planPrice}} / {{plan.interval}})": "{{quantity}} x 订阅 '{{plan.name}}' ({{planPrice}} / {{plan.interval}})",
  "{{remaining}} days of trial remaining": "试用还剩 {{remaining}} 天",
  "{{remaining}} days remaining in your premium preview.": "高级预览还剩 {{remaining}} 天。",
  "{{userTrialCount}} user(s) have started a trial of Kudos Boards Premium": "{{userTrialCount}} 用户已开始试用 Kudos Boards Premium",
  "A Group": "一组",
  "Add Link": "添加链接",
  "Add a description": "添加描述",
  "Add a link": "添加链接",
  "Add a tag": "添加标签",
  "Admin Settings": "管理设置",
  "All Invoices": "所有发票",
  "Assign Members": "分配成员",
  "Assigned Members": "已经被分配的成员",
  "BUY ONLINE": "网上购买",
  "Bookmark": "标记",
  "By using this service you agree to the": "使用此服务，您同意",
  "Card": "卡片",
  "Card Tags": "卡片标签",
  "Choose Board": "选择版面",
  "Choose List": "选择列表",
  "Choose List/Card": "选择列表/卡片",
  "Choose a folder": "选择文件夹",
  "Click to set": "点击设置",
  "Copy Board": "复制版面",
  "Copy of": "副本",
  "Dates": "日期",
  "Disable team notifications for this board": "关闭团队通知",
  "Discuss this {{type}}": "讨论这个 {{type}}",
  "Due: {{{ date }}}": "截止日期: {{{date}}}",
  "Edit Labels": "编辑标签",
  "Enable team notifications for this board": "开启团队通知",
  "End": "结束",
  "End date": "结束日期",
  "End: {{{ date }}}": "结束 {{{date}}}",
  "Enter Board Details": "输入版面详情",
  "Everyone": "每个人",
  "FULL Please sign in": "请登录",
  "File Provider": "文件提供者",
  "First {{num}} users": "前 {{num}} 用户",
  "GET A QUOTE": "获取一个报价",
  "Group timeline by Assignment": "通过分配人分组时间线",
  "Group timeline by Colour": "通过颜色分组时间线",
  "Group timeline by List": "通过列表分组时间线",
  "Include email body": "包含电子邮件正文",
  "Invite by email": "通过邮件邀请",
  "Jump to card/today": "跳转到今天",
  "Link to file": "链接到文件",
  "Links and Attachments ({{count}})": "链接和附件 ({{count}})",
  "Loading": "加载",
  "Meetings": "会议",
  "My Files": "我的文件",
  "My Organisation": "我的组织",
  "No files/folders to show": "显示文件或文件夹的数目",
  "No folders to show": "显示文件夹的数目",
  "Open Board": "打开版面",
  "Open boards in new tab": "在新标签里打开版面",
  "PRICING": "价格",
  "Pinned Files": "锁定的文件",
  "Private": "隐私",
  "START TRIAL": "开始试用期",
  "Search Board Name": "搜索版面名字",
  "Search Boards": "搜索版面",
  "Search Templates": "搜索模板",
  "Search Users and Groups": "搜索用户和分组",
  "Select Boards": "选择版面",
  "Select Boards to show Todos from": "选择版面去显示代办事项",
  "Shared By Me": "我的分享",
  "Shared Files": "分享的文件",
  "Shared With Me": "分享给我的文件",
  "Show All": "显示全部",
  "Show more ancestors": "显示更多上级",
  "Show {{n}} more": "显示 {{n}} 更多",
  "Showing All My Todos": "显示我的所有待办事项",
  "Showing My Todos from": "显示我的待办事项",
  "Something went wrong": "某些内容出错。",
  "Something went wrong. Please try again later.": "某些内容出错。请稍后再试",
  "Sorry, we are unable to find what you requested": "不好意思，我们不能找到你想请求的内容",
  "Start date": "开始日期",
  "Start: {{{ date }}}": "开始日期 某些内容出错。",
  "Switch Profile": "简况开关",
  "Terms & Conditions": "条款和条件",
  "The licence for your organisation has expired": "你的组织的许可证已经过期",
  "The trial for your organisation has expired": "你的组织的试验期已经过期",
  "Unable to preview the file:": "不能预览文件",
  "Unknown": "未知",
  "Upload to": "上传到",
  "Upload to this board": "上传到这个版面",
  "User options": "用户选项",
  "You are not authorised to perform this action": "你没有足够的权限执行这个操作",
  "Zoom Level": "缩放比例",
  "entry": "记录条目",
  "task": "任务",
  "terms & conditions": "条款和条件",
  "{{count}} future card(s) not currently visible": "{{count}} 现在不可见的未来卡片的数量",
  "{{count}} historical card(s) not currently visible": "{{count}} 现在不可见的历史记录卡片的数量",
  "{{num}} named users": "{{num}} 命名的用户"
}
