{
  "A Group": "",
  "Activities/Boards": "",
  "Activities/Boards Search Results": "",
  "Add Link": "",
  "Add Link to Activity": "",
  "Add a description": "",
  "Add a tag": "",
  "Admin Settings": "",
  "All Invoices": "",
  "App for Internal Boards Deployment": "",
  "App with Notifications": "",
  "Assign Members": "",
  "Assigned Members": "",
  "Attach / Link": "",
  "Back to Board Tiles": "",
  "Boards User Data": "",
  "Bookmark": "",
  "By using this service you agree to the": "",
  "Card": "",
  "Card Created": "",
  "Card Tags": "",
  "Choose Board": "",
  "Choose List": "",
  "Choose List/Card": "",
  "Choose a folder": "",
  "Click to set": "",
  "Collapse All": "",
  "Comment": "",
  "Comment on": "",
  "Community": "",
  "Copy Board": "",
  "Copy of": "",
  "Created this {{ type }}": "",
  "Dates": "",
  "Disable {{groupTitle}} notifications for this board": "",
  "Does not change which users have completed the task.": "",
  "Don't worry you wont lose any data, all content created in Boards Premium views will still be accessible from the Activity View.": "",
  "Download Teams App": "",
  "Due: {{{ date }}}": "",
  "Edit Title": "",
  "Enable {{groupTitle}} notifications for this board": "",
  "End": "",
  "End date": "",
  "End: {{{ date }}}": "",
  "Enter Board Details": "",
  "Error, please try again later": "",
  "Everyone": "",
  "Expand All": "",
  "File Provider": "",
  "Filters": "",
  "First {{num}} users": "",
  "Found {{count}} users with Boards user data.": "",
  "Group timeline by Assignment": "",
  "Group timeline by Colour": "",
  "Group timeline by List": "",
  "Include email body": "",
  "Invite by email": "",
  "Jump to card/today": "",
  "Links and Attachments ({{count}})": "",
  "Loading": "",
  "Loading Boards": "",
  "Mark Activity Complete": "",
  "Mark Task Complete": "",
  "Mark Task Incomplete": "",
  "Meetings": "",
  "Migrating data for {{count}} users...": "",
  "My Files": "",
  "My Organisation": "",
  "No description or summary for this result": "",
  "No files/folders to show": "",
  "No folders to show": "",
  "No licences available. Functionality is currently limited": "",
  "No results found": "",
  "No results were found for that search": "",
  "Open Board": "",
  "Open boards in new tab": "",
  "Options": "",
  "Pinned Files": "",
  "Private": "",
  "Remove": "",
  "Search Board Name": "",
  "Search Boards": "",
  "Search Templates": "",
  "Search Users and Groups": "",
  "Select Boards": "",
  "Select boards to show todos from": "",
  "Shared Files": "",
  "Show All": "",
  "Show Details": "",
  "Show link on card": "",
  "Show more ancestors": "",
  "Show {{n}} more": "",
  "Showing All My Todos": "",
  "Showing My Todos from": "",
  "Something went wrong": "",
  "Something went wrong. Please try again later.": "",
  "Sorry, this file is {{size}} which is larger than the maximum of {{max}}": "",
  "Sorry, we are unable to find what you requested": "",
  "Start": "",
  "Start date": "",
  "Start: {{{ date }}}": "",
  "Successfully migrated data for {{response}} users!": "",
  "Switch Profile": "",
  "Task will be completed for all, you will still see which individuals completed the task.": "",
  "Terms & Conditions": "",
  "The licence for your organisation has expired": "",
  "The trial for your organisation has expired": "",
  "This is a one way process and updates will not be reflected in your old Activity.": "",
  "Unknown": "",
  "Updated this {{type}}": "",
  "Upload to": "",
  "Upload to this board": "",
  "Use as card theme": "",
  "User options": "",
  "You are not authorised to perform this action": "",
  "Your preview will last for 30 days and any data you create in these views will always be available in the Activities view.": "",
  "Zoom Level": "",
  "board": "",
  "boards": "",
  "comment": "",
  "entry": "",
  "list": "",
  "of": "",
  "task": "",
  "team": "",
  "{{count}} future card(s) not currently visible": "",
  "{{count}} historical card(s) not currently visible": "",
  "{{num}} named users": ""
}